uniqueID,StudyID_IDALL,Authors,Year,Title,Citation,Unit of analysis,Data type,data.collection,Setting Type,Time period,Time scale (years),Total treatments (including controls),Number of intercrop or rotation treatments including grain legumes (not sole legumes),Number of nonintercrop or non rotation treatments not including grain legumes (including sole-cropping controls),Total number of replicates per treatment,Number of study regions/sites,time.simpl,replicates.simp,Are the authors studying/identifying legume introduction intensification as the main source of ES change?,Are the authors studying/identifying legume introduction as the main source of wellbeing change?,What other drivers are identified as key to ES or well-being change?,Case_countries,Regional_groupings,Regional_groupings_ID,"Subnational 
 case area (specify province/region)",Continent,WorldBank National Income Group,Latitude_Decimal_Degrees_N,Longitude (Decimal Degrees) E,Is intensification defined?,Authors' intensification definition,Study design,Intensification actors,Actors.categories,Type of land use intensification described,Simplified cropping system,Intensification type: Crop Change/Addition,Intensification type: Increased Rows/Strip width,Intensification type: Increased rotations,Spatial arrangement of intercropping,Other agro-ecological innovations,Recoded other agro-ecological innovations - Primary ,Recoded other agro-ecological innovations - Secondary,Food system classification ,Non-legume main crop,Legume_category,Grain legume product: Chickpea,Grain legume product: Cowpea,Grain legume product: Groundnut,Grain legume product: Lentil,Grain legume product: Mung bean,Grain legume product: Pigeonpea,Grain legume product: Faba Bean,Grain legume product: Common Bean,Grain legume product: Soybean,Grain legume product: Pea,Grain legume product: Grain legumes (unspecified/other),Other products not target of intensification,"Mineral Fertiliser
 N–P2O5–K2O kgha?1",Synthetic fertiliser category,Water source,Suppreg_services_average_percent_transf,Suppreg_services_average,Climate_regulation,Disease_regulation,Pest_regulation,Water_regulation,Water_purification,Soil_formation,Nutrient_cycling,Primary_production,Econ_wellbeing_average_percent_transf,Econ_wellbeing_average,Profit,Financial_security,Physical_capital,Savings_labour_cost,Combined ecological-social outcome,Is the intensification (according to authors) causing changes in demand/ preferences for certain ES?,"If intensification is leading to changed demands, specify whose demand and which ES",IF Yes to changed demands: Are the changes disaggregated by different groups?,"If disaggregated by different groups, specify categorization (e.g. rich/poor, men/women, land-owners/labourers, other)","If disaggregated by groups, specify for which ES/ wellbeing aspects the results are disaggregated","If disaggregated by groups, specify the reported difference","Trade-offs mentioned between 1) different ES, 2) different wellbeing aspects, or 3) ES and wellbeing",General factors enabling adoption,General factors constraining adoption,Factors identified as enabling ecosystem services,Factors identified as constraining ecosystem services,Factors identified as enabling well being,Factors identified as constraining well being,Notes,Documentation of methods of data extraction,Secondary reference,Study spatial design (do they have enough replicates?),Study temporal design (do they collect data over multiple points in time?),Confounding variables (Were baseline characteristics of the intervention comparable with the control or were potential confounders at baseline approximately adjusted for in analysis?),Reporting,Risk of bias,Tools for assessment (Were valid and reliable tools used to assess  outcomes?),Sum.Quality
346,618,"Thomas G.A., Dalal R.C., Weston E.J., King A.J., Holmes C.J., Orange D.N., Lehane K.J.",2011,Crop rotations for sustainable grain production on a vertisol in the semi-arid subtropics,"Thomas, G. A., Dalal, R. C., Weston, E. J., King, A. J., Holmes, C. J., Orange, D. N., & Lehane, K. J. (2010). Crop Rotations for Sustainable Grain Production on a Vertisol in the Semi-Arid Subtropics. Journal of Sustainable Agriculture, 35(1), 2-26. doi:10.1080/10440046.2011.530195",Plot,Quantitative,Experiment (on farm),RC,1996-2005,10,3,2,1,3,1, 5-10, 3-4,Yes,Yes,"Soil fertility decline, climate",Australia,High Income Countries,3,"St George, Queensland",Australia,HIC,-28.5,148.75,No,NA,Experiment (on farm),Farmer-led + support by researchers,Farmer-led + researcher/extension,Rotation,Rotation,1,0,0,Rotation,"Zero tillage; Two levels of N application (0, 70)",Tillage practices,Fertilizer rates/type,Grain / Chickpea,Wheat,Chickpea,1,0,0,0,0,0,0,0,0,0,0,,"4-8-0, 74-8-0",Synthetic - below threshold,rainfed,5.57545,1.0557545,NA,NA,NA,1,NA,NA,1.111509,NA,137.6328502,2.376328502,2.376328502,NA,NA,NA,Mix-Win,NA,NA,NA,NA,NA,NA,NA,NA,NA,"Seasonal conditions; Reduction of disease by chickpeas: ""The increase in grain yield in wheat following chickpea, compared with continuous wheat, was apparently due to the combined effects of the chickpea phase in providing soil nitrogen benefit and in reducing the build-up of plant disease"";","Drought: ""Due to drought, no winter crops were grown in 2000 and 2002 and crops sown in 2003 failed to produce grain""; History of nutrification of soil: ""chickpea biomass and N2 fixation for a particular value of soil nitrate-N may decrease as rainfall decreases and potential evapotranspiration increases, which may explain the lower N2 fixation values in south-west Queensland to some extent. Peoples et al. (2001) concluded that N2 fixation by legumes in summer-dominant rainfall regions of eastern Australia was greatly influenced by large variations in %Ndfa caused by yearly fluctuations in growing season (April to October) rainfall and farmer practice which resulted in a build up of soil mineral-N prior to sowing. The net result was a lower average reliance of legumes on N2 fixation for growth and more variable relationships between N2 fixation and dry matter accumulation than in winter-dominant rainfall areas""",Grain prices favourable for crop choice,"Drought: ""Due to drought, no winter crops were grown in 2000 and 2002 and crops sown in 2003 failed to produce grain""",,Table 5,,2,2,2,2,2,2,12
203,418,"Nel A.A., Purchase J.L., Barnard A.",2003,Productivity and stability of grain yield in wheat and maize as affected by rotational cropping systems in the eastern Free State,"Nel, A. A., Purchase, J. L., & Barnard, A. (2013). Productivity and stability of grain yield in wheat and maize as affected by rotational cropping systems in the eastern Free State. South African Journal of Plant and Soil, 20(2), 81-86. doi:10.1080/02571862.2003.10634913",Field,Quantitative,Experiment (research station),E/M,1992-2001,19,5,3,2,4,1,>10, 3-4,Yes,Yes,Switch to monoculture practices,South Africa,Subsaharan Africa,1,"ARC-Small Grain Institute, Bethlehem, Eastern Free State",Africa,UMIC,-28.16493064,28.3095209,No,,Experiment (research station),Researcher-led,Researcher-led,Intercropping: Cereal-legume (wheat),Intercrop,1,0,0,Rotation,Application of fertiliser and weeding + existing farmers practices,Fertilizer rates/type,,Grain / Lupin,Wheat,Other,0,0,0,0,0,0,0,0,0,0,Lupin,0,31-21-10 for wheat.,Synthetic - below threshold,rainfed,4.444444444,1.044444444,NA,NA,NA,NA,NA,NA,1.044444444,NA,5.128205128,1.051282051,NA,1.051282051,NA,NA,Win-Win,NA,NA,NA,NA,NA,NA,NA,NA,NA,"Long-term view: ""Crop rotation as a measure against low profitability and risk should be seen as a long-term strategy and not as a measure against drought, disease or weeds for short term gain.""",Fluctuation of commodity prices.,NA,NA,"Protein content was only measured in wheat, not in maize, so that aspect of well-being is not incorporated in this row.",Tables 1&4 (yield); Table 2 (Nutrient cycling); Table 3 (income) Table5 + p84 (Protein content)  ,,2,2,2,2,2,2,12
204,418,"Nel A.A., Purchase J.L., Barnard A.",2003,Productivity and stability of grain yield in wheat and maize as affected by rotational cropping systems in the eastern Free State,"Nel, A. A., Purchase, J. L., & Barnard, A. (2013). Productivity and stability of grain yield in wheat and maize as affected by rotational cropping systems in the eastern Free State. South African Journal of Plant and Soil, 20(2), 81-86. doi:10.1080/02571862.2003.10634913",Field,Quantitative,Experiment (research station),E/M,1992-2001,19,5,3,2,4,1,>10, 3-4,Yes,Yes,Switch to monoculture practices,South Africa,Subsaharan Africa,1,"ARC-Small Grain Institute, Bethlehem, Eastern Free State",Africa,UMIC,-28.16493064,28.3095209,No,,Experiment (research station),Researcher-led,Researcher-led,Intercropping: Cereal-legume (wheat + maize),Intercrop,1,0,0,Rotation,Application of fertiliser and weeding + existing farmers practices,Fertilizer rates/type,,Grain / Dry bean,Maize-wheat,Other,0,0,0,0,0,0,0,0,0,0,Dry bean,0,31-21-10 for wheat and 65-8.4-4.5 for dry beans.,Synthetic - below threshold,rainfed,-6.111111111,0.938888889,NA,NA,NA,NA,NA,NA,0.938888889,NA,-10.25641026,0.897435897,NA,0.897435897,NA,NA,Mix-Mix,NA,NA,NA,NA,NA,NA,NA,NA,NA,"Long-term view: ""Crop rotation as a measure against low profitability and risk should be seen as a long-term strategy and not as a measure against drought, disease or weeds for short term gain.""",Fluctuation of commodity prices.,NA,NA,"Protein content was only measured in wheat, not in maize, so that aspect of well-being is not incorporated in this row.",Tables 1&4 (yield); Table 2 (Nutrient cycling); Table 3 (income) Table5 + p84 (Protein content)  ,,2,2,2,2,2,2,12
205,418,"Nel A.A., Purchase J.L., Barnard A.",2003,Productivity and stability of grain yield in wheat and maize as affected by rotational cropping systems in the eastern Free State,"Nel, A. A., Purchase, J. L., & Barnard, A. (2013). Productivity and stability of grain yield in wheat and maize as affected by rotational cropping systems in the eastern Free State. South African Journal of Plant and Soil, 20(2), 81-86. doi:10.1080/02571862.2003.10634913",Field,Quantitative,Experiment (research station),E/M,1992-2001,19,5,3,2,4,1,>10, 3-4,Yes,Yes,Switch to monoculture practices,South Africa,Subsaharan Africa,1,"ARC-Small Grain Institute, Bethlehem, Eastern Free State",Africa,UMIC,-28.162878,28.309212,No,,Experiment (research station),Researcher-led,Researcher-led,Intercropping: Cereal-legume (maize),Intercrop,1,0,0,Rotation,Application of fertiliser and weeding + existing farmers practices,Fertilizer rates/type,,Grain / Soybean,Maize,Soybean,0,0,0,0,0,0,0,0,1,0,0,0,"21-14-7 for maize and 18-13-6 for soyabeans (but only in 1999 for soyabeans, not fertiliser was used in the other years)",Synthetic - below threshold,rainfed,1.324503311,1.013245033,NA,NA,NA,NA,NA,NA,1.013245033,NA,10.86956522,1.108695652,NA,1.108695652,NA,NA,Win-Win,NA,NA,NA,NA,NA,NA,NA,NA,NA,"Long-term view: ""Crop rotation as a measure against low profitability and risk should be seen as a long-term strategy and not as a measure against drought, disease or weeds for short term gain.""",Fluctuation of commodity prices.,NA,NA,"Protein content was only measured in wheat, not in maize, so that aspect of well-being is not incorporated in this row.",Tables 1&4 (yield); Table 2 (Nutrient cycling); Table 3 (income) Table5 + p84 (Protein content)  ,,2,2,2,2,2,2,12
155,329,"Lengwati D.M., Mathews C., Dakora F.D.",2020,Rotation Benefits From N2-Fixing Grain Legumes to Cereals: From Increases in Seed Yield and Quality to Greater Household Cash-Income by a Following Maize Crop,"Lengwati, D. M., Mathews, C., & Dakora, F. D. (2020). Rotation Benefits From N2-Fixing Grain Legumes to Cereals: From Increases in Seed Yield and Quality to Greater Household Cash-Income by a Following Maize Crop. Frontiers in Sustainable Food Systems, 4. doi:10.3389/fsufs.2020.00094",Plot,Quantitative,Experiment (on farm),E/M,2011-2013,2,6,5,1,4,1, 2-4, 3-4,Yes,Yes,"Drought, soil degradation",South Africa,Subsaharan Africa,1,Mpumalanga Province,Africa,UMIC,-25.440278,30.9825,No,,Experiment (on farm),Researcher-led,Researcher-led,Rotation,Rotation,1,0,0,Rotation,Different fertiliser regimes + existing farmers practices,Fertilizer rates/type, best management practices,Grain / Groundnut,Maize,Groundnut,0,0,1,0,0,0,0,0,0,0,0,[Bambara groundnut],"0-0-0, also N0, N20, N40, and N60 (assessed for 0-0-0)",Synthetic - below threshold,rainfed,38.39285714,1.383928571,NA,NA,NA,NA,NA,NA,1.487857143,1.28,222,3.22,3.22,NA,NA,NA,Win-Mix,NA,NA,NA,NA,NA,NA,NA,resource-poor farmers,NA,"Choice of crop varieties: ""likely due to the C/N ratios of the test legume species""; Small doses of nitrogen: ""Increase in grain yield caused by exogenous N supply""","Soil quality: increase in productivity ""with increasing supplemental N suggests that N from the preceding legumes’ residues was alone inadequate at meeting the N demand of the following maize crop""","Soil quality: increase in productivity ""with increasing supplemental N suggests that N from the preceding legumes’ residues was alone inadequate at meeting the N demand of the following maize crop""","Soil quality: ""consistent increase in grain yield with increasing supplemental N suggests that N from the preceding legumes’ residues was alone inadequate at meeting the N demand of the following maize crop to produce economic yields""",,"Fig 1: yields, biomass; Fig 3: Nutrient change Fig 5 cost benefits",,2,2,2,2,2,2,12
156,329,"Lengwati D.M., Mathews C., Dakora F.D.",2020,Rotation Benefits From N2-Fixing Grain Legumes to Cereals: From Increases in Seed Yield and Quality to Greater Household Cash-Income by a Following Maize Crop,"Lengwati, D. M., Mathews, C., & Dakora, F. D. (2020). Rotation Benefits From N2-Fixing Grain Legumes to Cereals: From Increases in Seed Yield and Quality to Greater Household Cash-Income by a Following Maize Crop. Frontiers in Sustainable Food Systems, 4. doi:10.3389/fsufs.2020.00095",Plot,Quantitative,Experiment (on farm),E/M,2011-2013,2,6,5,1,4,1, 2-4, 3-4,Yes,Yes,"Drought, soil degradation",South Africa,Subsaharan Africa,1,Mpumalanga Province,Africa,UMIC,-25.440278,30.9825,No,,Experiment (on farm),Researcher-led,Researcher-led,Rotation,Rotation,1,0,0,Rotation,Different fertiliser regimes + existing farmers practices,Fertilizer rates/type, best management practices,Grain / Groundnut,Maize,Groundnut,0,0,1,0,0,0,0,0,0,0,0,[Groundnut],"0-0-0, also N0, N20, N40, and N60 (assessed for 0-0-0)",Synthetic - below threshold,rainfed,32.17142857,1.321714286,NA,NA,NA,NA,NA,NA,1.333428571,1.31,225,3.25,3.25,NA,NA,NA,Win-Mix,NA,NA,NA,NA,NA,NA,NA,resource-poor farmers,NA,"Choice of crop varieties: ""likely due to the C/N ratios of the test legume species""; Small doses of nitrogen: ""Increase in grain yield caused by exogenous N supply""","Soil quality: increase in productivity ""with increasing supplemental N suggests that N from the preceding legumes’ residues was alone inadequate at meeting the N demand of the following maize crop""","Soil quality: increase in productivity ""with increasing supplemental N suggests that N from the preceding legumes’ residues was alone inadequate at meeting the N demand of the following maize crop""","Soil quality: ""consistent increase in grain yield with increasing supplemental N suggests that N from the preceding legumes’ residues was alone inadequate at meeting the N demand of the following maize crop to produce economic yields""",,"Fig 1: yields, biomass; Fig 3: Nutrient change Fig 5 cost benefits",,2,2,2,2,2,2,12
157,329,"Lengwati D.M., Mathews C., Dakora F.D.",2020,Rotation Benefits From N2-Fixing Grain Legumes to Cereals: From Increases in Seed Yield and Quality to Greater Household Cash-Income by a Following Maize Crop,"Lengwati, D. M., Mathews, C., & Dakora, F. D. (2020). Rotation Benefits From N2-Fixing Grain Legumes to Cereals: From Increases in Seed Yield and Quality to Greater Household Cash-Income by a Following Maize Crop. Frontiers in Sustainable Food Systems, 4. doi:10.3389/fsufs.2020.00096",Plot,Quantitative,Experiment (on farm),E/M,2011-2013,2,6,5,1,4,1, 2-4, 3-4,Yes,Yes,"Drought, soil degradation",South Africa,Subsaharan Africa,1,Mpumalanga Province,Africa,UMIC,-25.440278,30.9825,No,,Experiment (on farm),Researcher-led,Researcher-led,Rotation,Rotation,1,0,0,Rotation,Different fertiliser regimes + existing farmers practices,Fertilizer rates/type, best management practices,Grain / Black gram,Maize,Mungbean/Black gram,0,0,0,0,0,0,0,0,0,0,Black gram,[Black gram],"0-0-0, also N0, N20, N40, and N60 (assessed for 0-0-0)",Synthetic - below threshold,rainfed,16.25857143,1.162585714,NA,NA,NA,NA,NA,NA,1.175171429,1.15,108,2.08,2.08,NA,NA,NA,Win-Mix,NA,NA,NA,NA,NA,NA,NA,resource-poor farmers,NA,"Choice of crop varieties: ""likely due to the C/N ratios of the test legume species""; Small doses of nitrogen: ""Increase in grain yield caused by exogenous N supply""","Soil quality: increase in productivity ""with increasing supplemental N suggests that N from the preceding legumes’ residues was alone inadequate at meeting the N demand of the following maize crop""","Soil quality: increase in productivity ""with increasing supplemental N suggests that N from the preceding legumes’ residues was alone inadequate at meeting the N demand of the following maize crop""","Soil quality: ""consistent increase in grain yield with increasing supplemental N suggests that N from the preceding legumes’ residues was alone inadequate at meeting the N demand of the following maize crop to produce economic yields""",,"Fig 1: yields, biomass; Fig 3: Nutrient change Fig 5 cost benefits",,2,2,2,2,2,2,12
158,329,"Lengwati D.M., Mathews C., Dakora F.D.",2020,Rotation Benefits From N2-Fixing Grain Legumes to Cereals: From Increases in Seed Yield and Quality to Greater Household Cash-Income by a Following Maize Crop,"Lengwati, D. M., Mathews, C., & Dakora, F. D. (2020). Rotation Benefits From N2-Fixing Grain Legumes to Cereals: From Increases in Seed Yield and Quality to Greater Household Cash-Income by a Following Maize Crop. Frontiers in Sustainable Food Systems, 4. doi:10.3389/fsufs.2020.00097",Plot,Quantitative,Experiment (on farm),E/M,2011-2013,2,6,5,1,4,1, 2-4, 3-4,Yes,Yes,"Drought, soil degradation",South Africa,Subsaharan Africa,1,Mpumalanga Province,Africa,UMIC,-25.440278,30.9825,No,,Experiment (on farm),Researcher-led,Researcher-led,Rotation,Rotation,1,0,0,Rotation,Different fertiliser regimes + existing farmers practices,Fertilizer rates/type, best management practices,Grain / Mungbean,Maize,Mungbean,0,0,0,0,1,0,0,0,0,0,0,[Green gram],"0-0-0, also N0, N20, N40, and N60 (assessed for 0-0-0)",Synthetic - below threshold,rainfed,24.27857143,1.242785714,NA,NA,NA,NA,NA,NA,1.325571429,1.16,154,2.54,2.54,NA,NA,NA,Win-Mix,NA,NA,NA,NA,NA,NA,NA,resource-poor farmers,NA,"Choice of crop varieties: ""likely due to the C/N ratios of the test legume species""; Small doses of nitrogen: ""Increase in grain yield caused by exogenous N supply""","Soil quality: increase in productivity ""with increasing supplemental N suggests that N from the preceding legumes’ residues was alone inadequate at meeting the N demand of the following maize crop""","Soil quality: increase in productivity ""with increasing supplemental N suggests that N from the preceding legumes’ residues was alone inadequate at meeting the N demand of the following maize crop""","Soil quality: ""consistent increase in grain yield with increasing supplemental N suggests that N from the preceding legumes’ residues was alone inadequate at meeting the N demand of the following maize crop to produce economic yields""",,"Fig 1: yields, biomass; Fig 3: Nutrient change Fig 5 cost benefits",,2,2,2,2,2,2,12
159,329,"Lengwati D.M., Mathews C., Dakora F.D.",2020,Rotation Benefits From N2-Fixing Grain Legumes to Cereals: From Increases in Seed Yield and Quality to Greater Household Cash-Income by a Following Maize Crop,"Lengwati, D. M., Mathews, C., & Dakora, F. D. (2020). Rotation Benefits From N2-Fixing Grain Legumes to Cereals: From Increases in Seed Yield and Quality to Greater Household Cash-Income by a Following Maize Crop. Frontiers in Sustainable Food Systems, 4. doi:10.3389/fsufs.2020.00098",Plot,Quantitative,Experiment (on farm),E/M,2011-2013,2,6,5,1,4,1, 2-4, 3-4,Yes,Yes,"Drought, soil degradation",South Africa,Subsaharan Africa,1,Mpumalanga Province,Africa,UMIC,-25.440278,30.9825,No,,Experiment (on farm),Researcher-led,Researcher-led,Rotation,Rotation,1,0,0,Rotation,Different fertiliser regimes + existing farmers practices,Fertilizer rates/type, best management practices,Grain / Cowpea,Maize,Cowpea,0,1,0,0,0,0,0,0,0,0,0,,"0-0-0, also N0, N20, N40, and N60 (assessed for 0-0-0)",Synthetic - below threshold,rainfed,14.76428571,1.147642857,NA,NA,NA,NA,NA,NA,1.065285714,1.23,154,2.54,2.54,NA,NA,NA,Win-Mix,NA,NA,NA,NA,NA,NA,NA,resource-poor farmers,NA,"Choice of crop varieties: ""likely due to the C/N ratios of the test legume species""; Small doses of nitrogen: ""Increase in grain yield caused by exogenous N supply""","Soil quality: increase in productivity ""with increasing supplemental N suggests that N from the preceding legumes’ residues was alone inadequate at meeting the N demand of the following maize crop""","Soil quality: increase in productivity ""with increasing supplemental N suggests that N from the preceding legumes’ residues was alone inadequate at meeting the N demand of the following maize crop""",,,"Fig 1: yields, biomass; Fig 3: Nutrient change Fig 5 cost benefits",,2,2,2,2,2,2,12
105,217,"Halpin N.V., Wang W., Rehbein W.E., Reeves S.H.",2015,Sugarcane productivity response to different fallow and soybean residue management practices in the Bundaberg district,"Halpin, N. V., Wang, W., Rehbein, W. E., & Reeves, S. H. (2015). Sugarcane productivity response to different fallow and soybean residue management practices in the Bundaberg district. 37th Annual Conference of the Australian Society of Sugar Cane Technologists, ASSCT 2015, 23-32.",Plot,Quantitative,Experiment (research station),RC ,2013-2014,1,6,4,2,4,1,1, 3-4,Yes,No,Climate change and global warming,Australia,High Income Countries,3,Bundaberg,Australia,HIC,-24.856815,152.352818,No,,Experiment (research station),Researcher-led,Researcher-led,Rotation,Rotation,1,0,0,Rotation,"Fertiliser + insecticide + herbicide; 4 alternative management practices (tilled, not tilled, residue sprayed with nitrification inhibitor (DMPP) prior to tillage or had a triticale ‘catch crop’ sown between the soybean and sugarcane crops)",Conservation ag (residue + tillage),,Non-Grain / Soybean,Sugarcane,Soybean,0,0,0,0,0,0,0,0,1,0,0,,13-27-60,Synthetic - below threshold,irrigation,0.404630199,1.004046302,NA,NA,NA,NA,1,NA,1.012138906,1,21.52737333,1.215273733,1.215273733,NA,NA,NA,Mix-Win,NA,NA,NA,NA,NA,NA,"Yes: sugar yield not increased by legumes, but increased profit: ""the soybean rotation didn’t significantly
 improve productivity of the subsequent cane crop compared to the bare fallow, it has to be kept inmind that the soybean crop produced a gross margin of $1015/ha (data not shown) thus increasing farm profitability""",NA,NA,Reduced tillage management techniques,Fertiliser addition (increases nitrous oxide GHG emissions),NA,NA,"""Legume break crops are a strategic component to reduce the impact of yield decline which is
 defined as the loss in the productive capacity of soils under long-term monoculture""",Table 5 & 2 = yield,,2,1,2,1,2,2,10
270,506,"Ripoche A., Autfray P., Rabary B., Randriamanantsoa R., Blanchart E., Trap J., Sauvadet M., Becquer T., Letourmy P.",2021,Increasing plant diversity promotes ecosystem functions in rainfed rice based short rotations in Malagasy highlands,"Ripoche, A., Autfray, P., Rabary, B., Randriamanantsoa, R., Blanchart, E., Trap, J., . . . Letourmy, P. (2021). Increasing plant diversity promotes ecosystem functions in rainfed rice based short rotations in Malagasy highlands. Agriculture, Ecosystems & Environment, 320. doi:10.1016/j.agee.2021.107576",Plot,Quantitative,Experiment (research station),E/M,2015-2019,4,4,3,1,4,1, 2-4, 3-4,Yes,Yes,"Increasing plant diversity has become one of the main ways to improve agroecosystem productivity
and sustainability. Plant diversity can enhance different ecosystem services including primary production, nutrient cycling, and pest, disease, and weed control. Gaba et al. (2020) showed that multifunctionality was
enhanced by increasing weed diversity thanks to a positive impact on pollination, pest control and soil fertility, and a neutral effect on productivity. The advantages of crop rotation are that it interrupts pest,
disease, and weed cycles, enables better exploration of soil resources in space and over time and favours soil biological activity. Intercropping with legumes supports pest control and weed control., enrich soil and enhance ecosystem functions.---plant diversification is
often a way to for smallholders to compensate for their lack of access to
external inputs, to be more resilient, and to increase their income.",Madagascar,Subsaharan Africa,1,Ivory Station,Africa,LIC,-19.55525,46.414953,Yes (indirectly)," ""Increasing plant diversity affects different ecological functions in
the agroecosystem, enabling the intensification of ecological processes,
which can replace external inputs such as fertilisers or pesticides (Isbell
et al., 2017; Kremen et al., 2012; Tamburini et al., 2020).""",Experiment (research station),Researcher-led,Researcher-led,Rotation (Rice after Legume),Rotation,0,0,1,NA,Existing farmers' practices,Existing farmers' practices,,Grain / Groundnut,Rice,Groundnut,0,0,1,0,0,0,0,0,0,0,0,,"No mineral fertiliser applied, only manure was applied",No synthetic,rainfed,57.48966253,1.574896625,NA,NA,1.979591837,NA,NA,NA,1.333333333,1.411764706,6.289308176,1.062893082,1.062893082,NA,NA,NA,Mix-Win,NA,NA,NA,NA,NA,NA,NA,NA,NA,"soil cover provided by the crop before rice and soil
fertility seemed to be the main factors responsible for the different degrees of weed control provided by the different rotations. Indeed,
groundnut was the crop with the lowest soil cover and biomass production, resulting in higher weed infestation in the rice (Table 4) and
groundnut crop cycle (data not shown), whereas the opposite trend was
observed in the RVC rotation (i.e., high soil cover and biomass production, leading to low weed infestation during the mixed crop and rice cycle).----The positive impact of rotation on plant-feeders nematodes could be
mainly linked to two factors: (i) the host/non-host status of the crops
grown in the rotation (Inomoto and Asmus, 2010), and (ii) the potential
allelopathic effect of legume species on plant-feeders nematodes (Farooq et al., 2011; Wang et al., 2002).----The complementarity between velvet bean and crotalaria
in terms of plant habit, expected to produce more biomass and especially green manure, was effective given the amount of N returned by residues in the RVC (rice - velvet bean + crotalaria) rotation, which was five to nine times higher than in the other rotations or rice monocropping.",NA,"The highest
profitability was observed in the case of rotation with no cash crops as in
RVC, due to the combination of (i) higher rice yields, (ii) lower weeding
costs, and (iii) lower manure costs because the rotation crops were not
fertilised. RG also scored well on profitability due to (i) a higher market
price than for rice and (ii) a high average rice yield, which led to a higher
profit.",NA,"There was no control of Rice + sorghum, Only sole rice-------------Even in short-term rotations, ecosystem functions,
yield, and profitability can be enhanced by plant diversification.
Nevertheless, different crops or crop mixtures should be included in
rotations with rice to avoid possible the drawbacks of short rotations
(Bennett et al., 2012).","Fig2_average biomass & N content, Table7_gross margin, Table4_weed biomass, Fi3_nematofauna",,2,2,2,1,2,2,11
271,506,"Ripoche A., Autfray P., Rabary B., Randriamanantsoa R., Blanchart E., Trap J., Sauvadet M., Becquer T., Letourmy P.",2021,Increasing plant diversity promotes ecosystem functions in rainfed rice based short rotations in Malagasy highlands,"Ripoche, A., Autfray, P., Rabary, B., Randriamanantsoa, R., Blanchart, E., Trap, J., . . . Letourmy, P. (2021). Increasing plant diversity promotes ecosystem functions in rainfed rice based short rotations in Malagasy highlands. Agriculture, Ecosystems & Environment, 320. doi:10.1016/j.agee.2021.107577",Plot,Quantitative,Experiment (research station),E/M,2015-2019,4,4,3,1,4,1, 2-4, 3-4,Yes,Yes,"Increasing plant diversity has become one of the main ways to improve agroecosystem productivity
and sustainability. Plant diversity can enhance different ecosystem services including primary production, nutrient cycling, and pest, disease, and weed control. Gaba et al. (2020) showed that multifunctionality was
enhanced by increasing weed diversity thanks to a positive impact on pollination, pest control and soil fertility, and a neutral effect on productivity. The advantages of crop rotation are that it interrupts pest,
disease, and weed cycles, enables better exploration of soil resources in space and over time and favours soil biological activity. Intercropping with legumes supports pest control and weed control., enrich soil and enhance ecosystem functions.---plant diversification is
often a way to for smallholders to compensate for their lack of access to
external inputs, to be more resilient, and to increase their income.",Madagascar,Subsaharan Africa,1,Ivory Station,Africa,LIC,-19.55525,46.414953,Yes (indirectly)," ""Increasing plant diversity affects different ecological functions in
the agroecosystem, enabling the intensification of ecological processes,
which can replace external inputs such as fertilisers or pesticides (Isbell
et al., 2017; Kremen et al., 2012; Tamburini et al., 2020).""",Experiment (research station),Researcher-led,Researcher-led,Rotation + intercroppping (Rice after sorghum legume intercropping),Intercrop-Rotation,1,0,1,NA,Existing farmers' practices,Existing farmers' practices,,Grain / Cowpea,Rice +Sorghum,Cowpea,0,1,0,0,0,0,0,0,0,0,0,Sorghum,"No mineral fertiliser applied, only manure was applied",No synthetic,rainfed,52.74981788,1.527498179,NA,NA,1.795918367,NA,NA,NA,1.384615385,1.401960784,-11.32075472,0.886792453,0.886792453,NA,NA,NA,Mix-Lose,NA,NA,NA,NA,NA,NA,NA,NA,NA,"soil cover provided by the crop before rice and soil
fertility seemed to be the main factors responsible for the different degrees of weed control provided by the different rotations. Indeed,
groundnut was the crop with the lowest soil cover and biomass production, resulting in higher weed infestation in the rice (Table 4) and
groundnut crop cycle (data not shown), whereas the opposite trend was
observed in the RVC rotation (i.e., high soil cover and biomass production, leading to low weed infestation during the mixed crop and rice cycle).----The positive impact of rotation on plant-feeders nematodes could be
mainly linked to two factors: (i) the host/non-host status of the crops
grown in the rotation (Inomoto and Asmus, 2010), and (ii) the potential
allelopathic effect of legume species on plant-feeders nematodes (Farooq et al., 2011; Wang et al., 2002).----The complementarity between velvet bean and crotalaria
in terms of plant habit, expected to produce more biomass and especially green manure, was effective given the amount of N returned by residues in the RVC (rice - velvet bean + crotalaria) rotation, which was five to nine times higher than in the other rotations or rice monocropping.",NA,"The highest
profitability was observed in the case of rotation with no cash crops as in
RVC, due to the combination of (i) higher rice yields, (ii) lower weeding
costs, and (iii) lower manure costs because the rotation crops were not
fertilised. RG also scored well on profitability due to (i) a higher market
price than for rice and (ii) a high average rice yield, which led to a higher
profit.",NA,"There was no control of Rice + sorghum, Only sole rice-------------Even in short-term rotations, ecosystem functions,
yield, and profitability can be enhanced by plant diversification.
Nevertheless, different crops or crop mixtures should be included in
rotations with rice to avoid possible the drawbacks of short rotations
(Bennett et al., 2012).","Fig2_average biomass & N content, Table7_gross margin, Table4_weed biomass, Fi3_nematofauna",,2,2,2,1,2,2,11
272,506,"Ripoche A., Autfray P., Rabary B., Randriamanantsoa R., Blanchart E., Trap J., Sauvadet M., Becquer T., Letourmy P.",2021,Increasing plant diversity promotes ecosystem functions in rainfed rice based short rotations in Malagasy highlands,"Ripoche, A., Autfray, P., Rabary, B., Randriamanantsoa, R., Blanchart, E., Trap, J., . . . Letourmy, P. (2021). Increasing plant diversity promotes ecosystem functions in rainfed rice based short rotations in Malagasy highlands. Agriculture, Ecosystems & Environment, 320. doi:10.1016/j.agee.2021.107578",Plot,Quantitative,Experiment (research station),E/M,2015-2019,4,4,3,1,4,1, 2-4, 3-4,Yes,Yes,"Increasing plant diversity has become one of the main ways to improve agroecosystem productivity
and sustainability. Plant diversity can enhance different ecosystem services including primary production, nutrient cycling, and pest, disease, and weed control. Gaba et al. (2020) showed that multifunctionality was
enhanced by increasing weed diversity thanks to a positive impact on pollination, pest control and soil fertility, and a neutral effect on productivity. The advantages of crop rotation are that it interrupts pest,
disease, and weed cycles, enables better exploration of soil resources in space and over time and favours soil biological activity. Intercropping with legumes supports pest control and weed control., enrich soil and enhance ecosystem functions.---plant diversification is
often a way to for smallholders to compensate for their lack of access to
external inputs, to be more resilient, and to increase their income.",Madagascar,Subsaharan Africa,1,Ivory Station,Africa,LIC,-19.55525,46.414953,Yes (indirectly)," ""Increasing plant diversity affects different ecological functions in
the agroecosystem, enabling the intensification of ecological processes,
which can replace external inputs such as fertilisers or pesticides (Isbell
et al., 2017; Kremen et al., 2012; Tamburini et al., 2020).""",Experiment (research station),Researcher-led,Researcher-led,Rotation + intercroppping (Rice after velvet bean + crotalaria intercropping),Intercrop-Rotation,1,0,1,NA,Existing farmers' practices,Existing farmers' practices,,Grain / Velvet Bean + Crotalaria,Rice,Other,0,0,0,0,0,0,0,0,0,0,Velvet Bean + Crotalaria,,"No mineral fertiliser applied, only manure was applied",No synthetic,rainfed,60.48521973,1.604852197,NA,NA,1.367346939,NA,NA,NA,1.692307692,1.754901961,14.46540881,1.144654088,1.144654088,NA,NA,NA,Mix-Win,NA,NA,NA,NA,NA,NA,NA,NA,NA,"soil cover provided by the crop before rice and soil
fertility seemed to be the main factors responsible for the different degrees of weed control provided by the different rotations. Indeed,
groundnut was the crop with the lowest soil cover and biomass production, resulting in higher weed infestation in the rice (Table 4) and
groundnut crop cycle (data not shown), whereas the opposite trend was
observed in the RVC rotation (i.e., high soil cover and biomass production, leading to low weed infestation during the mixed crop and rice cycle).----The positive impact of rotation on plant-feeders nematodes could be
mainly linked to two factors: (i) the host/non-host status of the crops
grown in the rotation (Inomoto and Asmus, 2010), and (ii) the potential
allelopathic effect of legume species on plant-feeders nematodes (Farooq et al., 2011; Wang et al., 2002).----The complementarity between velvet bean and crotalaria
in terms of plant habit, expected to produce more biomass and especially green manure, was effective given the amount of N returned by residues in the RVC (rice - velvet bean + crotalaria) rotation, which was five to nine times higher than in the other rotations or rice monocropping.",NA,"The highest
profitability was observed in the case of rotation with no cash crops as in
RVC, due to the combination of (i) higher rice yields, (ii) lower weeding
costs, and (iii) lower manure costs because the rotation crops were not
fertilised. RG also scored well on profitability due to (i) a higher market
price than for rice and (ii) a high average rice yield, which led to a higher
profit.",NA,"There was no control of Rice + sorghum, Only sole rice-------------Even in short-term rotations, ecosystem functions,
yield, and profitability can be enhanced by plant diversification.
Nevertheless, different crops or crop mixtures should be included in
rotations with rice to avoid possible the drawbacks of short rotations
(Bennett et al., 2012).","Fig2_average biomass & N content, Table7_gross margin, Table4_weed biomass, Fi3_nematofauna",,2,2,2,1,2,2,11
276,514,"Rusinamhodzi L., Corbeels M., Nyamangara J., Giller K.E.",2012,Maize-grain legume intercropping is an attractive option for ecological intensification that reduces climatic risk for smallholder farmers in central Mozambique,"Rusinamhodzi, L., Corbeels, M., Nyamangara, J., & Giller, K. E. (2012). Maize–grain legume intercropping is an attractive option for ecological intensification that reduces climatic risk for smallholder farmers in central Mozambique. Field Crops Research, 136, 12-22. doi:10.1016/j.fcr.2012.07.014",Field,Quantitative,Experiment (on farm),RC,2008-2011,3,4,3,1,16,2, 2-4, 11-100,Yes,Yes,"Soil degradation, national policy and development agencies",Mozambique,Subsaharan Africa,1,Ruaca,Africa,LIC,-18.833333,33.183333,No,"""an approach to produce more food per unit resource to achieve positive social outcomes without negative effects on the environment""",Experiment (on farm),Farmer-led + support by researchers,Farmer-led + researcher/extension,Intercroppping + Rotation (Maize–pigeonpea),Intercrop-Rotation,1,0,0,Within-row,"Different fertiliser rates, no tillage",Fertilizer rates/type,Tillage practice,Grain / Pigeonpea,Maize,Pigeonpea,0,0,0,0,0,1,0,0,0,0,0,,0:0:0 - 60:20:0,Synthetic - below threshold,rainfed,29.78723404,1.29787234,NA,NA,NA,1.29787234,NA,NA,NA,NA,-38.35227273,0.616477273,NA,NA,NA,0.616477273,Win-Mix,NA,NA,NA,NA,NA,NA,Labour needs vs increased productivity and yields of intercrops,"Market price for legumes: ""high selling price for pigeonpea was particularly attractive to farmers as it was four times that of maize""","Labour availability: ""Labour shortages often lead to severe weed pressure which is only controlled by burning the entire field before seeding of the next crop.""","Drought and associated weed infestation of main crop (maize): ""sole maize yields in Ruaca were strongly suppressed (<0.8 t ha?1) by heavy infestation with striga (S. asiatica (L.) Kuntze) that was not observed in the intercrops or the sole pigeonpea plots""; Fertiliser application: ""Pigeonpea yield responded significantly to the largest N input of 60 kg ha?1.""; Poor soil quality- ""The low N status of the soils is favourable to stimulate legume N2-fixation but deficiencies of P and K potentially limit the process.""","Soil quality- ""The low N status of the soils is favourable to stimulate legume N2-fixation but deficiencies of P and K potentially limit the process.""","Fertiliser application: ""Pigeonpea yield responded significantly to the largest N input of 60 kg ha?1.""; Market availability: ""In our study area, although maize was commonly sold, it was often sold only when the household food requirements have been achieved whilst pigeonpea could be sold immediately after harvest""","Labour for weeding: ""Weeding time was increased by 36% in intercrops although the
 increase was not related to weed intensity but to the need to take care of pigeonpea which grows slowly compared to maize as well as difficulty in navigating through the crop mixtures.""","""Our results showed that maize–legume intercropping required extra labour compared with sole crops; in Vunduzi land sizes were small and farmers were more likely to meet the labour requirements of intercropping than farmers in Ruaca. In Ruaca, farmers needed to reduce the land cultivated per season to be able to manage the intercropping systems or to hire extra labour. However, the loss in production due to reduction in land area could be compensated by the greater productivity of the intercrops.""","Supporting calc. (Yield, LER); Section 3.4 (H2O runoff); section 3.5 (Labour)  ",,2,2,2,2,2,2,12
323,583,"Snapp S.S., Blackie M.J., Gilbert R.A., Bezner-Kerr R., Kanyama-Phiri G.Y.",2010,Biodiversity can support a greener revolution in Africa,"Snapp, S. S., Blackie, M. J., Gilbert, R. A., Bezner-Kerr, R., & Kanyama-Phiri, G. Y. (2010). Biodiversity can support a greener revolution in Africa. Proc Natl Acad Sci U S A, 107(48), 20840-20845. doi:10.1073/pnas.1007199110",Plot,Quantitative + Qualitative,Experiment (on farm),RC,1998,2,6,3,3,50,2, 2-4,>100 ,Yes,Yes,,Malawi,Subsaharan Africa,1,Songani,Africa,LIC,-15.306301,35.429677,Yes,"""increases in production",Experiment (on farm) ,Farmer-led + National policy (Malawi Government Maize Productivity Task Force (MPTF)),Farmer-led + policy,Rotation,Rotation,0,0,1,Rotation,Existing farmers' practices,Existing farmers' practices,,Grain / Groundnut,Maize,Groundnut,0,0,1,0,0,1,0,0,0,0,0,Tephrosia,20-0-0,Synthetic - below threshold,rainfed,173.44173,2.7344173,NA,NA,NA,NA,NA,NA,3.4444444,2.0243902,82.111437,1.82111437,1.82111437,NA,NA,NA,Mix-Win,NA,NA,NA,NA,NA,NA,NA,Fertiliser prices; Insect-deterrent legumes; Gender:nutritional benefits of legume diversification were particularly valued by female farmers,"Access to seeds; Labour availability and wealth ""labor constraints were frequently noted by poorer households""","Choice of legume (shrubby, perform well across diverse soil types and rainfall, even at low soil fertility); Low levels of fertiliser addition: ""low productivity observed reflects soil degradation and in particular the highly N-deficient status of these soils "", ""The nitrophilic nature of the maize crop was illustrated by a consistent response to N fertilizer, which almost doubled yields""; Insect herbivory on pigeonpea: ""pigeonpea grain is highly edible with few antiquality factors, but herbivore competition was severe and contributed to the low grain yields observed""","highly degraded soils: ""degraded soils and limited access to improved seeds and superior rhizobia have often led to poor performance of annual legumes""","High fertiliser prices: ""If fertilizer prices were to double relative to grain market prices, which has occurred in recent years, then the fertilized, diversified systems tested here remained economically attractive with VCRs >3.6, whereas fertilized monoculture declined to <2.5 """,Low fertiliser prices,nutritional benefits of legume diversification were particularly valued by female farmers and labor constraints were frequently noted by poorer households,"Fig1 - nutrient cycling; Fig2 - health, food yield",,2,2,2,2,2,2,12
324,583,"Snapp S.S., Blackie M.J., Gilbert R.A., Bezner-Kerr R., Kanyama-Phiri G.Y.",2010,Biodiversity can support a greener revolution in Africa,"Snapp, S. S., Blackie, M. J., Gilbert, R. A., Bezner-Kerr, R., & Kanyama-Phiri, G. Y. (2010). Biodiversity can support a greener revolution in Africa. Proc Natl Acad Sci U S A, 107(48), 20840-20845. doi:10.1073/pnas.1007199111",Plot,Quantitative + Qualitative,Experiment (on farm),RC,1998,2,6,3,3,50,2, 2-4,>100 ,Yes,Yes,,Malawi,Subsaharan Africa,1,Songani,Africa,LIC,-15.306301,35.429677,Yes,"""increases in production",Experiment (on farm) ,Farmer-led + National policy (Malawi Government Maize Productivity Task Force (MPTF)),Farmer-led + policy,Intercropping,Intercrop,1,0,0,Row,Existing farmers' practices,Existing farmers' practices,,Grain / Pigeonpea,Maize,Pigeonpea,0,0,0,0,0,1,0,0,0,0,0,Tephrosia,20-0-0,Synthetic - below threshold,rainfed,157.65583,2.5765583,NA,NA,NA,NA,NA,NA,3.0555556,2.097561,-5.5718475,0.944281525,0.944281525,NA,NA,NA,Mix-Mix,NA,NA,NA,NA,NA,NA,NA,Fertiliser prices; Insect-deterrent legumes; Gender:nutritional benefits of legume diversification were particularly valued by female farmers,"Access to seeds; Labour availability and wealth ""labor constraints were frequently noted by poorer households""","Choice of legume (shrubby, perform well across diverse soil types and rainfall, even at low soil fertility); Low levels of fertiliser addition: ""low productivity observed reflects soil degradation and in particular the highly N-deficient status of these soils "", ""The nitrophilic nature of the maize crop was illustrated by a consistent response to N fertilizer, which almost doubled yields""; Insect herbivory on pigeonpea: ""pigeonpea grain is highly edible with few antiquality factors, but herbivore competition was severe and contributed to the low grain yields observed""","highly degraded soils: ""degraded soils and limited access to improved seeds and superior rhizobia have often led to poor performance of annual legumes""","High fertiliser prices: ""If fertilizer prices were to double relative to grain market prices, which has occurred in recent years, then the fertilized, diversified systems tested here remained economically attractive with VCRs >3.6, whereas fertilized monoculture declined to <2.5 """,Low fertiliser prices,,"Fig1 - nutrient cycling; Fig2 - health, food yield",,2,2,2,2,2,2,12
206,423,"Ngwira A.R., Aune J.B., Mkwinda S.",2012,On-farm evaluation of yield and economic benefit of short term maize legume intercropping systems under conservation agriculture in Malawi,"Ngwira, A. R., Aune, J. B., & Mkwinda, S. (2012). On-farm evaluation of yield and economic benefit of short term maize legume intercropping systems under conservation agriculture in Malawi. Field Crops Research, 132, 149-157. doi:10.1016/j.fcr.2011.12.014",Plot,Quantitative,Experiment (on farm),E/M,2008-2011,3,5,3,2,12,2, 2-4, 11-100,Yes,Yes,"Growing population and resource demands, land degradation, national policy",Malawi,Subsaharan Africa,1,"Balaka market section in Manjawira Extension Planning Area (EPA), Ntcheu district, Lilongwe Agricultural Development Division (ADD): 14?56'S, 34?53'E",Africa,LIC,-14.966667,34.733333,No,,Experiment (on farm),Farmer-led,Farmer-led,Intercropping: cereal-legume + rotation: cereal-legume,Intercrop-Rotation,1,0,0,Row,Conservation agriculture + herbicides,Conservation ag (residue + tillage),Pest management,Grain / Pigeonpea,Maize,Pigeonpea,0,0,0,0,0,1,0,0,0,0,0,Lablab; Mucuna,69:21:00,Synthetic - below threshold,rainfed,30,1.3,NA,NA,NA,NA,NA,NA,NA,1.3,-2.167164204,0.978328358,1.118443316,NA,NA,0.8382134,Mix-Mix,NA,NA,NA,NA,NA,NA,NA,"Multiple uses for legume: Although all the three legumes tested are edible and produced adequate biomass; pigeonpea appears to be of most interest to farmers. ""Pigeonpea offers attractive market for its grain and its stems are used as fuelwood in Malawi""; community awareness on the role of crop residues in reversing soil degradation,",Communal goat grazing (eat legumes); lack of developed markets for grain legumes - better markets are needed before farmers can invest in more balanced cereal-legume associations,"type of legume: ""Pigeonpea with its deep rooting could assist in breaking the widespread existing hoe pans commonly prevalent in most smallholder farmers’ fields in Malawi. Changes in soil porosity created by roots could allow water to infiltrate into the soil other than ponding on the soil surface. The leaves that fall from legumes could provide mulch and substrates for soil fauna which could also help in improving soil physical fertility in mixing soil with organic carbon forming stable aggregates ""","Water stress: ""Low yield observed for lablab may be due to its sensitive nature to water stress since both sites were hit by poor distribution at some critical stage of crop growth that might have affected its pod formation and grain filling.""",Conservation agriculture (reduced labour requirements compared with conventional tillage practices),Market prices and access (farmers could not find market to sell legume produce),"Note - 3 types of legume were experimented with (mucuna, lablab, pigeon pea), but only presented well-being outcomes for pigeon pea; organic C levels in soils of Balaka market fall below critical values adequate to maintain soil structure and support crop production","Biomass from Table 2, yield from tables 3 and 4, wellbeing from table 6",,2,2,2,2,2,2,12
207,423,"Ngwira A.R., Aune J.B., Mkwinda S.",2012,On-farm evaluation of yield and economic benefit of short term maize legume intercropping systems under conservation agriculture in Malawi,"Ngwira, A. R., Aune, J. B., & Mkwinda, S. (2012). On-farm evaluation of yield and economic benefit of short term maize legume intercropping systems under conservation agriculture in Malawi. Field Crops Research, 132, 149-157. doi:10.1016/j.fcr.2011.12.015",Plot,Quantitative,Experiment (on farm),RC,2008-2011,3,5,3,2,12,2, 2-4, 11-100,Yes,Yes,"Growing population and resource demands, land degradation, national policy",Malawi,Subsaharan Africa,1,"Ntonda section in Manjawira Extension Planning Area (EPA), Ntcheu district, Lilongwe Agricultural Development Division (ADD): 14?58'S, 34?44'E",Africa,LIC,-14.966667,34.733333,No,,Experiment (on farm),Farmer-led,Farmer-led,Intercropping: cereal-legume + rotation: cereal-legume,Intercrop-Rotation,1,0,0,Row,Conservation agriculture + herbicides,Conservation ag (residue + tillage),,Grain / Pigeonpea,Maize,Pigeonpea,0,0,0,0,0,1,0,0,0,0,0,Lablab; Mucuna,69:21:00,Synthetic - below threshold,rainfed,11.92999754,1.119299975,NA,NA,NA,NA,NA,NA,NA,1.119299975,-2.167164204,0.978328358,1.118443316,NA,NA,0.8382134,Mix-Mix,NA,NA,NA,NA,NA,NA,NA,"Multiple uses for legume: Although all the three legumes tested are edible and produced adequate biomass; pigeonpea appears to be of most interest to farmers. ""Pigeonpea offers attractive market for its grain and its stems are used as fuelwood in Malawi""; community awareness on the role of crop residues in reversing soil degradation,",Communal goat grazing (eat legumes); lack of developed markets for grain legumes - better markets are needed before farmers can invest in more balanced cereal-legume associations,"type of legume: ""Pigeonpea with its deep rooting could assist in breaking the widespread existing hoe pans commonly prevalent in most smallholder farmers’ fields in Malawi. Changes in soil porosity created by roots could allow water to infiltrate into the soil other than ponding on the soil surface. The leaves that fall from legumes could provide mulch and substrates for soil fauna which could also help in improving soil physical fertility in mixing soil with organic carbon forming stable aggregates ""","Water stress: ""Low yield observed for lablab may be due to its sensitive nature to water stress since both sites were hit by poor distribution at some critical stage of crop growth that might have affected its pod formation and grain filling.""",Conservation agriculture (reduced labour requirements compared with conventional tillage practices),Market prices and access (farmers could not find market to sell legume produce),"Note - 3 types of legume were experimented with (mucuna, lablab, pigeon pea), but only presented well-being outcomes for pigeon pea","Biomass from Table 2, yield from tables 3 and 4, wellbeing from table 6",,2,2,2,2,2,2,12
328,582,"Snapp S.S., Grabowski P., Chikowo R., Smith A., Anders E., Sirrine D., Chimonyo V., Bekunda M.",2018,"Maize yield and profitability tradeoffs with social, human and environmental performance: Is sustainable intensification feasible?","Snapp, S. S., Grabowski, P., Chikowo, R., Smith, A., Anders, E., Sirrine, D., . . . Bekunda, M. (2018). Maize yield and profitability tradeoffs with social, human and environmental performance: Is sustainable intensification feasible? Agricultural Systems, 162, 77-88. doi:10.1016/j.agsy.2018.01.012",Plot,Quantitative + Qualitative,Experiment (on farm),RC,2012-2015,3,4,2,2,6,3, 2-4, 11-100,Yes,Yes,,Malawi,Subsaharan Africa,1,"Kandeu,Malawi",Africa,LIC,-14.623311,34.597237,Yes,"""Sustainable intensification (SI) has been put forward as the pathway to address global requirements for food, fuel and fiber production, while simultaneously protecting environmental services and conserving resources"" ""Initial definitions put forward for SI focused primarily on agronomic production, profitability and protecting the environment (Baulcombe et al., 2009; Tilman et al., 2002). Recently there have been important efforts to broaden the definition of SI to include social aspects such as gender equity and human capacity (Godfray, 2015; Pretty et al., 2011; Loos et al., 2014). """,Experiment (on farm) ,Farmer-led + National policy (Malawi Government Maize Productivity Task Force (MPTF)),Farmer-led + policy,Intercropping,Intercrop,1,0,0,Row,"""The full suite of technologies evaluated in the mother trials included
 maize grown at different fertilizer rates, manure and fertilizer applied to maize, intensified soybean (Glycine max L.) production (double rows, inoculum and micro-dosing of fertilizer), and maize intercropped with pigeonpea (Cajanus cajan (L.) Millsp.), and sequenced with a DLR, pigeonpea grown with an understory grain legume species (Snapp et al., 2010; Van Vugt et al., 2016). """,Fertilizer rates/type,,Grain /  Pigeonpea ,Maize,Pigeonpea,0,0,0,0,0,1,0,0,0,0,0,,34.5:4.5:0,Synthetic - below threshold,rainfed,85.964065,1.85964065,NA,NA,NA,NA,NA,NA,1.1556586,2.5636227,71.63417883,1.716341788,3.025184165,1.0217391,NA,1.1021021,Win-Mix,Reduced demand for intercrops by women (prefered the sole maize system),Food,Yes,Men/women,Food,"women prefered the sole maize crop, and intercrop was less prefered",Yes,"Soil fertility: ""If legumes are grown for soil fertility improvement, then they may be valued by both genders. ""; Reduced fertiliser requirements: ""The amount of fertilizer required to support farming system productivity was halved through the introduction of a PP-Mz intercrop...and halved again in a DLR rotation""","Gender (females did not prefer legume systems): ""When a legume becomes a cash crop, literature provides precedents whereby there is a shift towards male production of the crop and control of generated cash (Njuki et al., 2011). This could have negative impacts, if women and children are worse off due to legume crop sales and reduced consumption of legume products. Malawi's groundnut exports have increased by 18% per year from 2004 to 2014 (Edelman and Aberman, 2015).""; Uncertain labour requirements; Potential crop-livestock conflict",Increased soil fertility,"Knowledge of residue management practices: ""Currently many farmers burn residues, while others transport legume residues to the home with the harvest, where they may be consumed by livestock or composted (Mungai et al., 2016). More research is required to document farmer perceptions and practices around residue management but other studies in Malawi have indicated little knowledge regarding long-term negative consequences of burning residues, and widespread concerns about pests associated with residue incorporation practices ""","Market price of legume: ""Similar results were observed in Kenya, where an on-farm study evaluated economic performance of legume-diversified maize systems where legume:maize price ratios were varied from 1:1 to 4:1 (Rao and Mathuva, 2000). As the price of legume grain increased relative to maize, netpresent-value returns associated with a PP-Mz intercrop increased by ~20 to 80%, compared with continuous maize. A maize-DLR rotation system with a pigeonpea-cowpea intercrop, had modest returns relative to a PP-Mz intercrop, with the exception of the highest (4:1) legume:maize price ratio where DLR performed well (Rao and Mathuva, 2000). Similarly, in our study the DLR system performed as well as the PP-Mz intercrop but only at high legume grain prices""; Legume crop traits e.g. productivity: ""The long duration of growth, indeterminant yield production, combined with soil cover from senesce of pigeonpea leaves (which drops leaves throughout the growing season), together these traits may contribute to environmental services and buffering of risk economically.""; Reduced requirements for fertiliser: ""The amount of fertilizer required to support farming system productivity was halved through the introduction of a PP-Mz intercrop""","Market price of maize - seasonal high of maize market price led to lower profitability of legume-intercropped system; Gender: ""There are complex gender effects related to the legume systems
 (dashed arrow to the left in Fig. 5). Through application of a SI indicator framework we explicitly considered women's preferences for technologies, which provided novel insights at two locations (Figs. 2 and 4). Women are primarily responsible for growing crops for nutrition in Malawi and this should be taken into consideration if human nutrition is a policy goal. Indeed, we found that women ranked PP-Mz intercrops and DLRs substantially higher than men at two of the Africa RISING sites. When a legume becomes a cash crop, literature provides precedents whereby there is a shift towards male production of the crop and control of generated cash (Njuki et al., 2011). This could have negative impacts, if women and children are worse off due to legume crop sales and reduced consumption of legume products. Malawi's groundnut exports have increased by 18% per year from 2004 to 2014 (Edelman and Aberman, 2015).""; Uncertain labour requirements : ""Initial feedback from farmers is that harvesting pigeonpea requires an extra trip to the field during a time of processing the maize harvest (dashed double-lined arrow pointing down in Fig. 5), yet overall farmer ratings of labor requirements were similar across technologies ""","REALLY GOOD STUDY- ""Many assessments of SI technologies focus on tradeoffs, and commonly find inverse relationships between productivity and environmental services (Droppelmann et al., 2017). Our assessment used the SI framework to move beyond productivity vs. environment, to consider aspects of SI such as women's ratings of technologies, and modeled food security risks. Our results are consistent with others in that diversified SI technologies did not produce the highest amount of grain yield or income (Snapp et al., 2010), but were highly associated with conservation of resources. In addition, pigeonpea diversified technologies were highly ranked by women farmers at two out of three sites, and had no out-sized risks of food insecurity""",Table 4,,2,2,2,2,2,2,12
329,582,"Snapp S.S., Grabowski P., Chikowo R., Smith A., Anders E., Sirrine D., Chimonyo V., Bekunda M.",2018,"Maize yield and profitability tradeoffs with social, human and environmental performance: Is sustainable intensification feasible?","Snapp, S. S., Grabowski, P., Chikowo, R., Smith, A., Anders, E., Sirrine, D., . . . Bekunda, M. (2018). Maize yield and profitability tradeoffs with social, human and environmental performance: Is sustainable intensification feasible? Agricultural Systems, 162, 77-88. doi:10.1016/j.agsy.2018.01.013",Plot,Quantitative + Qualitative,Experiment (on farm),RC,2012-2015,3,4,2,2,6,3, 2-4, 11-100,Yes,Yes,,Malawi,Subsaharan Africa,1,"Kandeu,Malawi",Africa,LIC,-14.623311,34.597237,Yes,"""Sustainable intensification (SI) has been put forward as the pathway to address global requirements for food, fuel and fiber production, while simultaneously protecting environmental services and conserving resources"" ""Initial definitions put forward for SI focused primarily on agronomic production, profitability and protecting the environment (Baulcombe et al., 2009; Tilman et al., 2002). Recently there have been important efforts to broaden the definition of SI to include social aspects such as gender equity and human capacity (Godfray, 2015; Pretty et al., 2011; Loos et al., 2014). """,Experiment (on farm) ,Farmer-led + National policy (Malawi Government Maize Productivity Task Force (MPTF)),Farmer-led + policy,Intercropping,Intercrop,1,1,0,Row,"""The full suite of technologies evaluated in the mother trials included
 maize grown at different fertilizer rates, manure and fertilizer applied to maize, intensified soybean (Glycine max L.) production (double rows, inoculum and micro-dosing of fertilizer), and maize intercropped with pigeonpea (Cajanus cajan (L.) Millsp.), and sequenced with a DLR, pigeonpea grown with an understory grain legume species (Snapp et al., 2010; Van Vugt et al., 2016). """,Fertilizer rates/type,,Grain / Groundnut + Soybean,Maize,Multiple,0,0,1,0,0,0,0,0,1,0,0,,17.3:2.3:0,Synthetic - below threshold,rainfed,55.079385,1.55079385,NA,NA,NA,NA,NA,NA,1.1384703,1.9631174,22.6536246,1.226536246,1.618830638,1.0217391,NA,1.039039,Win-Mix,Reduced demand for intercrops by women (prefered the sole maize system),Food,Yes,Men/women,Food,"women prefered the sole maize crop, and intercrop was less prefered",Yes,"Soil fertility: ""If legumes are grown for soil fertility improvement, then they may be valued by both genders. ""; Reduced fertiliser requirements: ""The amount of fertilizer required to support farming system productivity was halved through the introduction of a PP-Mz intercrop...and halved again in a DLR rotation""","Gender (females did not prefer legume systems): ""When a legume becomes a cash crop, literature provides precedents whereby there is a shift towards male production of the crop and control of generated cash (Njuki et al., 2011). This could have negative impacts, if women and children are worse off due to legume crop sales and reduced consumption of legume products. Malawi's groundnut exports have increased by 18% per year from 2004 to 2014 (Edelman and Aberman, 2015).""; Uncertain labour requirements; Potential crop-livestock conflict",Increased soil fertility,"Knowledge of residue management practices: ""Currently many farmers burn residues, while others transport legume residues to the home with the harvest, where they may be consumed by livestock or composted (Mungai et al., 2016). More research is required to document farmer perceptions and practices around residue management but other studies in Malawi have indicated little knowledge regarding long-term negative consequences of burning residues, and widespread concerns about pests associated with residue incorporation practices ""","Market price of legume: ""Similar results were observed in Kenya, where an on-farm study evaluated economic performance of legume-diversified maize systems where legume:maize price ratios were varied from 1:1 to 4:1 (Rao and Mathuva, 2000). As the price of legume grain increased relative to maize, netpresent-value returns associated with a PP-Mz intercrop increased by ~20 to 80%, compared with continuous maize. A maize-DLR rotation system with a pigeonpea-cowpea intercrop, had modest returns relative to a PP-Mz intercrop, with the exception of the highest (4:1) legume:maize price ratio where DLR performed well (Rao and Mathuva, 2000). Similarly, in our study the DLR system performed as well as the PP-Mz intercrop but only at high legume grain prices""; Legume crop traits e.g. productivity: ""The long duration of growth, indeterminant yield production, combined with soil cover from senesce of pigeonpea leaves (which drops leaves throughout the growing season), together these traits may contribute to environmental services and buffering of risk economically.""; Reduced requirements for fertiliser: ""The amount of fertilizer required to support farming system productivity was halved through the introduction of a PP-Mz intercrop""","Market price of maize - seasonal high of maize market price led to lower profitability of legume-intercropped system; Gender: ""There are complex gender effects related to the legume systems
 (dashed arrow to the left in Fig. 5). Through application of a SI indicator framework we explicitly considered women's preferences for technologies, which provided novel insights at two locations (Figs. 2 and 4). Women are primarily responsible for growing crops for nutrition in Malawi and this should be taken into consideration if human nutrition is a policy goal. Indeed, we found that women ranked PP-Mz intercrops and DLRs substantially higher than men at two of the Africa RISING sites. When a legume becomes a cash crop, literature provides precedents whereby there is a shift towards male production of the crop and control of generated cash (Njuki et al., 2011). This could have negative impacts, if women and children are worse off due to legume crop sales and reduced consumption of legume products. Malawi's groundnut exports have increased by 18% per year from 2004 to 2014 (Edelman and Aberman, 2015).""; Uncertain labour requirements : ""Initial feedback from farmers is that harvesting pigeonpea requires an extra trip to the field during a time of processing the maize harvest (dashed double-lined arrow pointing down in Fig. 5), yet overall farmer ratings of labor requirements were similar across technologies ""","REALLY GOOD STUDY- ""Many assessments of SI technologies focus on tradeoffs, and commonly find inverse relationships between productivity and environmental services (Droppelmann et al., 2017). Our assessment used the SI framework to move beyond productivity vs. environment, to consider aspects of SI such as women's ratings of technologies, and modeled food security risks. Our results are consistent with others in that diversified SI technologies did not produce the highest amount of grain yield or income (Snapp et al., 2010), but were highly associated with conservation of resources. In addition, pigeonpea diversified technologies were highly ranked by women farmers at two out of three sites, and had no out-sized risks of food insecurity""",Table 4,,2,2,2,2,2,2,12
332,582,"Snapp S.S., Grabowski P., Chikowo R., Smith A., Anders E., Sirrine D., Chimonyo V., Bekunda M.",2018,"Maize yield and profitability tradeoffs with social, human and environmental performance: Is sustainable intensification feasible?","Snapp, S. S., Grabowski, P., Chikowo, R., Smith, A., Anders, E., Sirrine, D., . . . Bekunda, M. (2018). Maize yield and profitability tradeoffs with social, human and environmental performance: Is sustainable intensification feasible? Agricultural Systems, 162, 77-88. doi:10.1016/j.agsy.2018.01.016",Plot,Quantitative + Qualitative,Experiment (on farm),RC,2012-2015,3,4,2,2,6,3, 2-4, 11-100,Yes,Yes,,Malawi,Subsaharan Africa,1,Golomoti,Africa,LIC,-14.428235,34.594959,Yes,"""Sustainable intensification (SI) has been put forward as the pathway to address global requirements for food, fuel and fiber production, while simultaneously protecting environmental services and conserving resources"" ""Initial definitions put forward for SI focused primarily on agronomic production, profitability and protecting the environment (Baulcombe et al., 2009; Tilman et al., 2002). Recently there have been important efforts to broaden the definition of SI to include social aspects such as gender equity and human capacity (Godfray, 2015; Pretty et al., 2011; Loos et al., 2014). """,Experiment (on farm) ,Farmer-led + National policy (Malawi Government Maize Productivity Task Force (MPTF)),Farmer-led + policy,Intercropping,Intercrop,1,0,0,Row,"""The full suite of technologies evaluated in the mother trials included  maize grown at different fertilizer rates, manure and fertilizer applied to maize, intensified soybean (Glycine max L.) production (double rows, inoculum and micro-dosing of fertilizer), and maize intercropped with pigeonpea (Cajanus cajan (L.) Millsp.), and sequenced with a DLR, pigeonpea grown with an understory grain legume species (Snapp et al., 2010; Van Vugt et al., 2016). """,Fertilizer rates/type,,Grain / Pigeonpea,Maize,Pigeonpea,0,0,0,0,0,1,0,0,0,0,0,,34.5:4.5:0,Synthetic - below threshold,rainfed,118.2644,2.182644,NA,NA,NA,NA,NA,NA,1.08854,3.276748,179.5843872,2.795843872,6.075752117,1.2096774,NA,1.1021021,Win-Win,Increased demand for intercrops by women,Food,Yes,Men/women,Food,"women ""prefer the PP-Mz intercrop, presumably for direct access to the nutritious pigeonpea grain along with maize grain at this marginal site with moderate access to markets (Table 5 and Fig. 4).""","Yes- ""In the marginal Golomoti site, by contrast, the tradeoff was little to nil in a PP-Mz intercrop""","Gender (Female farmers at two sites, Linthipe and Golomoti, preferred PP-Mz over all other technologies. Notably, a large majority of women at Golomoti prefer the PP-Mz intercrop, presumably for direct access to the nutritious pigeonpea grain along with maize grain at this marginal site with moderate access to markets); Reduced fertiliser requirements: ""The amount of fertilizer required to support farming system productivity was halved through the introduction of a PP-Mz intercrop...and halved again in a DLR rotation""",Uncertain labour requirements; potential crop-livestock conflict,Increased soil fertility,"Knowledge of residue management practices: ""Currently many farmers burn residues, while others transport legume residues to the home with the harvest, where they may be consumed by livestock or composted (Mungai et al., 2016). More research is required to document farmer perceptions and practices around residue management but other studies in Malawi have indicated little knowledge regarding long-term negative consequences of burning residues, and widespread concerns about pests associated with residue incorporation practices ""","Market price of legume: ""Similar results were observed in Kenya, where an on-farm study evaluated economic performance of legume-diversified maize systems where legume:maize price ratios were varied from 1:1 to 4:1 (Rao and Mathuva, 2000). As the price of legume grain increased relative to maize, netpresent-value returns associated with a PP-Mz intercrop increased by ~20 to 80%, compared with continuous maize. A maize-DLR rotation system with a pigeonpea-cowpea intercrop, had modest returns relative to a PP-Mz intercrop, with the exception of the highest (4:1) legume:maize price ratio where DLR performed well (Rao and Mathuva, 2000). Similarly, in our study the DLR system performed as well as the PP-Mz intercrop but only at high legume grain prices""; Legume crop traits e.g. productivity: ""The long duration of growth, indeterminant yield production, combined with soil cover from senesce of pigeonpea leaves (which drops leaves throughout the growing season), together these traits may contribute to environmental services and buffering of risk economically.""; Reduced requirements for fertiliser: ""The amount of fertilizer required to support farming system productivity was halved through the introduction of a PP-Mz intercrop""","Market price of maize - seasonal high of maize market price led to lower profitability of legume-intercropped system; Gender: ""There are complex gender effects related to the legume systems
 (dashed arrow to the left in Fig. 5). Through application of a SI indicator framework we explicitly considered women's preferences for technologies, which provided novel insights at two locations (Figs. 2 and 4). Women are primarily responsible for growing crops for nutrition in Malawi and this should be taken into consideration if human nutrition is a policy goal. Indeed, we found that women ranked PP-Mz intercrops and DLRs substantially higher than men at two of the Africa RISING sites. When a legume becomes a cash crop, literature provides precedents whereby there is a shift towards male production of the crop and control of generated cash (Njuki et al., 2011). This could have negative impacts, if women and children are worse off due to legume crop sales and reduced consumption of legume products. Malawi's groundnut exports have increased by 18% per year from 2004 to 2014 (Edelman and Aberman, 2015).""; Labour requirements : ""Initial feedback from farmers is that harvesting pigeonpea requires an extra trip to the field during a time of processing the maize harvest (dashed double-lined arrow pointing down in Fig. 5), yet overall farmer ratings of labor requirements were similar across technologies ""","REALLY GOOD STUDY- ""Many assessments of SI technologies focus on tradeoffs, and commonly find inverse relationships between productivity and environmental services (Droppelmann et al., 2017). Our assessment used the SI framework to move beyond productivity vs. environment, to consider aspects of SI such as women's ratings of technologies, and modeled food security risks. Our results are consistent with others in that diversified SI technologies did not produce the highest amount of grain yield or income (Snapp et al., 2010), but were highly associated with conservation of resources. In addition, pigeonpea diversified technologies were highly ranked by women farmers at two out of three sites, and had no out-sized risks of food insecurity""",Table 5,,2,2,2,2,2,2,12
333,582,"Snapp S.S., Grabowski P., Chikowo R., Smith A., Anders E., Sirrine D., Chimonyo V., Bekunda M.",2018,"Maize yield and profitability tradeoffs with social, human and environmental performance: Is sustainable intensification feasible?","Snapp, S. S., Grabowski, P., Chikowo, R., Smith, A., Anders, E., Sirrine, D., . . . Bekunda, M. (2018). Maize yield and profitability tradeoffs with social, human and environmental performance: Is sustainable intensification feasible? Agricultural Systems, 162, 77-88. doi:10.1016/j.agsy.2018.01.017",Plot,Quantitative + Qualitative,Experiment (on farm),RC,2012-2015,3,4,2,2,6,3, 2-4, 11-100,Yes,Yes,,Malawi,Subsaharan Africa,1,Golomoti,Africa,LIC,-14.428235,34.594959,Yes,"""Sustainable intensification (SI) has been put forward as the pathway to address global requirements for food, fuel and fiber production, while simultaneously protecting environmental services and conserving resources"" ""Initial definitions put forward for SI focused primarily on agronomic production, profitability and protecting the environment (Baulcombe et al., 2009; Tilman et al., 2002). Recently there have been important efforts to broaden the definition of SI to include social aspects such as gender equity and human capacity (Godfray, 2015; Pretty et al., 2011; Loos et al., 2014). """,Experiment (on farm) ,Farmer-led + National policy (Malawi Government Maize Productivity Task Force (MPTF)),Farmer-led + policy,Intercropping,Intercrop,1,1,0,Row,"""The full suite of technologies evaluated in the mother trials included  maize grown at different fertilizer rates, manure and fertilizer applied to maize, intensified soybean (Glycine max L.) production (double rows, inoculum and micro-dosing of fertilizer), and maize intercropped with pigeonpea (Cajanus cajan (L.) Millsp.), and sequenced with a DLR, pigeonpea grown with an understory grain legume species (Snapp et al., 2010; Van Vugt et al., 2016). """,Fertilizer rates/type,,Grain / Groundnut + Pigeonpea + Soybean,Maize,Multiple,0,0,1,0,0,1,0,0,1,0,0,,17.3:2.3:0,Synthetic - below threshold,rainfed,60.159855,1.60159855,NA,NA,NA,NA,NA,NA,1.0843932,2.1188039,166.1107588,2.661107588,5.734606363,1.2096774,NA,1.039039,Win-Win,Increased demand for intercrops by women,Food,Yes,Men/women,Food,"women ""prefer the PP-Mz intercrop, presumably for direct access to the nutritious pigeonpea grain along with maize grain at this marginal site with moderate access to markets (Table 5 and Fig. 4).""",Yes,"Gender (Female farmers at two sites, Linthipe and Golomoti, preferred PP-Mz over all other technologies. Notably, a large majority of women at Golomoti prefer the PP-Mz intercrop, presumably for direct access to the nutritious pigeonpea grain along with maize grain at this marginal site with moderate access to markets); Reduced fertiliser requirements: ""The amount of fertilizer required to support farming system productivity was halved through the introduction of a PP-Mz intercrop...and halved again in a DLR rotation""",Uncertain labour requirements; potential crop-livestock conflict,Increased soil fertility,"Knowledge of residue management practices: ""Currently many farmers burn residues, while others transport legume residues to the home with the harvest, where they may be consumed by livestock or composted (Mungai et al., 2016). More research is required to document farmer perceptions and practices around residue management but other studies in Malawi have indicated little knowledge regarding long-term negative consequences of burning residues, and widespread concerns about pests associated with residue incorporation practices ""","Market price of legume: ""Similar results were observed in Kenya, where an on-farm study evaluated economic performance of legume-diversified maize systems where legume:maize price ratios were varied from 1:1 to 4:1 (Rao and Mathuva, 2000). As the price of legume grain increased relative to maize, netpresent-value returns associated with a PP-Mz intercrop increased by ~20 to 80%, compared with continuous maize. A maize-DLR rotation system with a pigeonpea-cowpea intercrop, had modest returns relative to a PP-Mz intercrop, with the exception of the highest (4:1) legume:maize price ratio where DLR performed well (Rao and Mathuva, 2000). Similarly, in our study the DLR system performed as well as the PP-Mz intercrop but only at high legume grain prices""; Legume crop traits e.g. productivity: ""The long duration of growth, indeterminant yield production, combined with soil cover from senesce of pigeonpea leaves (which drops leaves throughout the growing season), together these traits may contribute to environmental services and buffering of risk economically.""; Reduced requirements for fertiliser: ""The amount of fertilizer required to support farming system productivity was halved through the introduction of a PP-Mz intercrop""","Market price of maize - seasonal high of maize market price led to lower profitability of legume-intercropped system; Gender: ""There are complex gender effects related to the legume systems
 (dashed arrow to the left in Fig. 5). Through application of a SI indicator framework we explicitly considered women's preferences for technologies, which provided novel insights at two locations (Figs. 2 and 4). Women are primarily responsible for growing crops for nutrition in Malawi and this should be taken into consideration if human nutrition is a policy goal. Indeed, we found that women ranked PP-Mz intercrops and DLRs substantially higher than men at two of the Africa RISING sites. When a legume becomes a cash crop, literature provides precedents whereby there is a shift towards male production of the crop and control of generated cash (Njuki et al., 2011). This could have negative impacts, if women and children are worse off due to legume crop sales and reduced consumption of legume products. Malawi's groundnut exports have increased by 18% per year from 2004 to 2014 (Edelman and Aberman, 2015).""; Labour requirements : ""Initial feedback from farmers is that harvesting pigeonpea requires an extra trip to the field during a time of processing the maize harvest (dashed double-lined arrow pointing down in Fig. 5), yet overall farmer ratings of labor requirements were similar across technologies ""","REALLY GOOD STUDY- ""Many assessments of SI technologies focus on tradeoffs, and commonly find inverse relationships between productivity and environmental services (Droppelmann et al., 2017). Our assessment used the SI framework to move beyond productivity vs. environment, to consider aspects of SI such as women's ratings of technologies, and modeled food security risks. Our results are consistent with others in that diversified SI technologies did not produce the highest amount of grain yield or income (Snapp et al., 2010), but were highly associated with conservation of resources. In addition, pigeonpea diversified technologies were highly ranked by women farmers at two out of three sites, and had no out-sized risks of food insecurity""",Table 5,,2,2,2,2,2,2,12
330,582,"Snapp S.S., Grabowski P., Chikowo R., Smith A., Anders E., Sirrine D., Chimonyo V., Bekunda M.",2018,"Maize yield and profitability tradeoffs with social, human and environmental performance: Is sustainable intensification feasible?","Snapp, S. S., Grabowski, P., Chikowo, R., Smith, A., Anders, E., Sirrine, D., . . . Bekunda, M. (2018). Maize yield and profitability tradeoffs with social, human and environmental performance: Is sustainable intensification feasible? Agricultural Systems, 162, 77-88. doi:10.1016/j.agsy.2018.01.014",Plot,Quantitative + Qualitative,Experiment (on farm),RC,2012-2015,3,4,2,2,6,3, 2-4, 11-100,Yes,Yes,,Malawi,Subsaharan Africa,1,"Linthipe,Malawi",Africa,LIC,-14.205708,34.09632,Yes,"""Sustainable intensification (SI) has been put forward as the pathway to address global requirements for food, fuel and fiber production, while simultaneously protecting environmental services and conserving resources"" ""Initial definitions put forward for SI focused primarily on agronomic production, profitability and protecting the environment (Baulcombe et al., 2009; Tilman et al., 2002). Recently there have been important efforts to broaden the definition of SI to include social aspects such as gender equity and human capacity (Godfray, 2015; Pretty et al., 2011; Loos et al., 2014). """,Experiment (on farm) ,Farmer-led + National policy (Malawi Government Maize Productivity Task Force (MPTF)),Farmer-led + policy,Intercropping,Intercrop,1,0,0,Row,"""The full suite of technologies evaluated in the mother trials included  maize grown at different fertilizer rates, manure and fertilizer applied to maize, intensified soybean (Glycine max L.) production (double rows, inoculum and micro-dosing of fertilizer), and maize intercropped with pigeonpea (Cajanus cajan (L.) Millsp.), and sequenced with a DLR, pigeonpea grown with an understory grain legume species (Snapp et al., 2010; Van Vugt et al., 2016). """,Fertilizer rates/type,,Grain / Pigeonpea ,Maize,Pigeonpea,0,0,0,0,0,1,0,0,0,0,0,,34.5:4.5:0,Synthetic - below threshold,rainfed,56.276985,1.56276985,NA,NA,NA,NA,NA,NA,1.1094273,2.0161124,64.28686687,1.642868669,2.762192306,1.0643116,NA,1.1021021,Win-Win,Increased demand for intercrops by women,Food,Yes,Men/women,Food,"women ""prefer the PP-Mz intercrop, presumably for direct access to the nutritious pigeonpea grain along with maize grain at this marginal site with moderate access to markets (Table 5 and Fig. 4).""","Yes- ""potential competition with maize, illustrated here by the high potential site – Linthipe - where maize yield was suppressed in a PP-Mz intercrop (Fig. 2). There is a maize yield penalty, although overall yield (combined maize and legume grain) is often maintained.""","Gender (Female farmers at two sites, Linthipe and Golomoti, preferred PP-Mz over all other technologies. Notably, a large majority of women at Golomoti prefer the PP-Mz intercrop, presumably for direct access to the nutritious pigeonpea grain along with maize grain at this marginal site with moderate access to markets); Reduced fertiliser requirements: ""The amount of fertilizer required to support farming system productivity was halved through the introduction of a PP-Mz intercrop...and halved again in a DLR rotation""",Uncertain labour requirements; potential crop-livestock conflict,Increased soil fertility,"Knowledge of residue management practices: ""Currently many farmers burn residues, while others transport legume residues to the home with the harvest, where they may be consumed by livestock or composted (Mungai et al., 2016). More research is required to document farmer perceptions and practices around residue management but other studies in Malawi have indicated little knowledge regarding long-term negative consequences of burning residues, and widespread concerns about pests associated with residue incorporation practices ""","Market price of legume: ""Similar results were observed in Kenya, where an on-farm study evaluated economic performance of legume-diversified maize systems where legume:maize price ratios were varied from 1:1 to 4:1 (Rao and Mathuva, 2000). As the price of legume grain increased relative to maize, netpresent-value returns associated with a PP-Mz intercrop increased by ~20 to 80%, compared with continuous maize. A maize-DLR rotation system with a pigeonpea-cowpea intercrop, had modest returns relative to a PP-Mz intercrop, with the exception of the highest (4:1) legume:maize price ratio where DLR performed well (Rao and Mathuva, 2000). Similarly, in our study the DLR system performed as well as the PP-Mz intercrop but only at high legume grain prices""; Legume crop traits e.g. productivity: ""The long duration of growth, indeterminant yield production, combined with soil cover from senesce of pigeonpea leaves (which drops leaves throughout the growing season), together these traits may contribute to environmental services and buffering of risk economically.""; Reduced requirements for fertiliser: ""The amount of fertilizer required to support farming system productivity was halved through the introduction of a PP-Mz intercrop""","Market price of maize - seasonal high of maize market price led to lower profitability of legume-intercropped system; Gender: ""There are complex gender effects related to the legume systems
 (dashed arrow to the left in Fig. 5). Through application of a SI indicator framework we explicitly considered women's preferences for technologies, which provided novel insights at two locations (Figs. 2 and 4). Women are primarily responsible for growing crops for nutrition in Malawi and this should be taken into consideration if human nutrition is a policy goal. Indeed, we found that women ranked PP-Mz intercrops and DLRs substantially higher than men at two of the Africa RISING sites. When a legume becomes a cash crop, literature provides precedents whereby there is a shift towards male production of the crop and control of generated cash (Njuki et al., 2011). This could have negative impacts, if women and children are worse off due to legume crop sales and reduced consumption of legume products. Malawi's groundnut exports have increased by 18% per year from 2004 to 2014 (Edelman and Aberman, 2015).""; Labour requirements : ""Initial feedback from farmers is that harvesting pigeonpea requires an extra trip to the field during a time of processing the maize harvest (dashed double-lined arrow pointing down in Fig. 5), yet overall farmer ratings of labor requirements were similar across technologies ""","REALLY GOOD STUDY- ""Many assessments of SI technologies focus on tradeoffs, and commonly find inverse relationships between productivity and environmental services (Droppelmann et al., 2017). Our assessment used the SI framework to move beyond productivity vs. environment, to consider aspects of SI such as women's ratings of technologies, and modeled food security risks. Our results are consistent with others in that diversified SI technologies did not produce the highest amount of grain yield or income (Snapp et al., 2010), but were highly associated with conservation of resources. In addition, pigeonpea diversified technologies were highly ranked by women farmers at two out of three sites, and had no out-sized risks of food insecurity""",Table 3,,2,2,2,2,2,2,12
331,582,"Snapp S.S., Grabowski P., Chikowo R., Smith A., Anders E., Sirrine D., Chimonyo V., Bekunda M.",2018,"Maize yield and profitability tradeoffs with social, human and environmental performance: Is sustainable intensification feasible?","Snapp, S. S., Grabowski, P., Chikowo, R., Smith, A., Anders, E., Sirrine, D., . . . Bekunda, M. (2018). Maize yield and profitability tradeoffs with social, human and environmental performance: Is sustainable intensification feasible? Agricultural Systems, 162, 77-88. doi:10.1016/j.agsy.2018.01.015",Plot,Quantitative + Qualitative,Experiment (on farm),RC,2012-2015,3,4,2,2,6,3, 2-4, 11-100,Yes,Yes,,Malawi,Subsaharan Africa,1,"Linthipe,Malawi",Africa,LIC,-14.205708,34.09632,Yes,"""Sustainable intensification (SI) has been put forward as the pathway to address global requirements for food, fuel and fiber production, while simultaneously protecting environmental services and conserving resources"" ""Initial definitions put forward for SI focused primarily on agronomic production, profitability and protecting the environment (Baulcombe et al., 2009; Tilman et al., 2002). Recently there have been important efforts to broaden the definition of SI to include social aspects such as gender equity and human capacity (Godfray, 2015; Pretty et al., 2011; Loos et al., 2014). """,Experiment (on farm) ,Farmer-led + National policy (Malawi Government Maize Productivity Task Force (MPTF)),Farmer-led + policy,Intercropping,Intercrop,1,1,0,Row,"""The full suite of technologies evaluated in the mother trials included  maize grown at different fertilizer rates, manure and fertilizer applied to maize, intensified soybean (Glycine max L.) production (double rows, inoculum and micro-dosing of fertilizer), and maize intercropped with pigeonpea (Cajanus cajan (L.) Millsp.), and sequenced with a DLR, pigeonpea grown with an understory grain legume species (Snapp et al., 2010; Van Vugt et al., 2016). """,Fertilizer rates/type,,Grain / Groundnut + Pigeonpea + Soybean,Maize,Multiple,0,0,1,0,0,1,0,0,1,0,0,,17.3:2.3:0,Synthetic - below threshold,rainfed,39.814945,1.39814945,NA,NA,NA,NA,NA,NA,1.0700004,1.7262985,37.42901513,1.374290151,2.019519854,1.0643116,NA,1.039039,Win-Win,Increased demand for intercrops by women,Food,Yes,Men/women,Food,"women ""prefer the PP-Mz intercrop, presumably for direct access to the nutritious pigeonpea grain along with maize grain at this marginal site with moderate access to markets (Table 5 and Fig. 4).""",Yes,"Gender (Female farmers at two sites, Linthipe and Golomoti, preferred PP-Mz over all other technologies. Notably, a large majority of women at Golomoti prefer the PP-Mz intercrop, presumably for direct access to the nutritious pigeonpea grain along with maize grain at this marginal site with moderate access to markets); Reduced fertiliser requirements: ""The amount of fertilizer required to support farming system productivity was halved through the introduction of a PP-Mz intercrop...and halved again in a DLR rotation""",Uncertain labour requirements; potential crop-livestock conflict,Increased soil fertility,"Knowledge of residue management practices: ""Currently many farmers burn residues, while others transport legume residues to the home with the harvest, where they may be consumed by livestock or composted (Mungai et al., 2016). More research is required to document farmer perceptions and practices around residue management but other studies in Malawi have indicated little knowledge regarding long-term negative consequences of burning residues, and widespread concerns about pests associated with residue incorporation practices ""","Market price of legume: ""Similar results were observed in Kenya, where an on-farm study evaluated economic performance of legume-diversified maize systems where legume:maize price ratios were varied from 1:1 to 4:1 (Rao and Mathuva, 2000). As the price of legume grain increased relative to maize, netpresent-value returns associated with a PP-Mz intercrop increased by ~20 to 80%, compared with continuous maize. A maize-DLR rotation system with a pigeonpea-cowpea intercrop, had modest returns relative to a PP-Mz intercrop, with the exception of the highest (4:1) legume:maize price ratio where DLR performed well (Rao and Mathuva, 2000). Similarly, in our study the DLR system performed as well as the PP-Mz intercrop but only at high legume grain prices""; Legume crop traits e.g. productivity: ""The long duration of growth, indeterminant yield production, combined with soil cover from senesce of pigeonpea leaves (which drops leaves throughout the growing season), together these traits may contribute to environmental services and buffering of risk economically.""; Reduced requirements for fertiliser: ""The amount of fertilizer required to support farming system productivity was halved through the introduction of a PP-Mz intercrop""","Market price of maize - seasonal high of maize market price led to lower profitability of legume-intercropped system; Gender: ""There are complex gender effects related to the legume systems
 (dashed arrow to the left in Fig. 5). Through application of a SI indicator framework we explicitly considered women's preferences for technologies, which provided novel insights at two locations (Figs. 2 and 4). Women are primarily responsible for growing crops for nutrition in Malawi and this should be taken into consideration if human nutrition is a policy goal. Indeed, we found that women ranked PP-Mz intercrops and DLRs substantially higher than men at two of the Africa RISING sites. When a legume becomes a cash crop, literature provides precedents whereby there is a shift towards male production of the crop and control of generated cash (Njuki et al., 2011). This could have negative impacts, if women and children are worse off due to legume crop sales and reduced consumption of legume products. Malawi's groundnut exports have increased by 18% per year from 2004 to 2014 (Edelman and Aberman, 2015).""; Labour requirements : ""Initial feedback from farmers is that harvesting pigeonpea requires an extra trip to the field during a time of processing the maize harvest (dashed double-lined arrow pointing down in Fig. 5), yet overall farmer ratings of labor requirements were similar across technologies ""","REALLY GOOD STUDY- ""Many assessments of SI technologies focus on tradeoffs, and commonly find inverse relationships between productivity and environmental services (Droppelmann et al., 2017). Our assessment used the SI framework to move beyond productivity vs. environment, to consider aspects of SI such as women's ratings of technologies, and modeled food security risks. Our results are consistent with others in that diversified SI technologies did not produce the highest amount of grain yield or income (Snapp et al., 2010), but were highly associated with conservation of resources. In addition, pigeonpea diversified technologies were highly ranked by women farmers at two out of three sites, and had no out-sized risks of food insecurity""",Table 3,,2,2,2,2,2,2,12
320,583,"Snapp S.S., Blackie M.J., Gilbert R.A., Bezner-Kerr R., Kanyama-Phiri G.Y.",2010,Biodiversity can support a greener revolution in Africa,"Snapp, S. S., Blackie, M. J., Gilbert, R. A., Bezner-Kerr, R., & Kanyama-Phiri, G. Y. (2010). Biodiversity can support a greener revolution in Africa. Proc Natl Acad Sci U S A, 107(48), 20840-20845. doi:10.1073/pnas.1007199107",Plot,Quantitative + Qualitative,Experiment (on farm),RC,1998,2,5,3,2,1000,2, 2-4,>100 ,Yes,Yes,,Malawi,Subsaharan Africa,1,Malawi (countrywide),Africa,LIC,-13.5,33.9,Yes,"""increases in production",Experiment (on farm) ,Farmer-led + National policy (Malawi Government Maize Productivity Task Force (MPTF)),Farmer-led + policy,Rotation,Rotation,0,0,1,Rotation,Existing farmers' practices,Existing farmers' practices,,Grain / Groundnut,Maize,Groundnut,0,0,1,0,0,0,0,0,0,0,Mucuna,,20-0-0,Synthetic - below threshold,rainfed,0,1,NA,NA,NA,NA,NA,NA,NA,1,43.4316354,1.434316354,1.434316354,NA,NA,NA,Mix-Mix,NA,NA,NA,NA,NA,NA,NA,Fertiliser prices; Insect-deterrent legumes; Gender:nutritional benefits of legume diversification were particularly valued by female farmers,"Access to seeds; Labour availability and wealth ""labor constraints were frequently noted by poorer households""","Choice of legume (shrubby, perform well across diverse soil types and rainfall, even at low soil fertility); Low levels of fertiliser addition: ""low productivity observed reflects soil degradation and in particular the highly N-deficient status of these soils "", ""The nitrophilic nature of the maize crop was illustrated by a consistent response to N fertilizer, which almost doubled yields""; Insect herbivory on pigeonpea: ""pigeonpea grain is highly edible with few antiquality factors, but herbivore competition was severe and contributed to the low grain yields observed""","highly degraded soils: ""degraded soils and limited access to improved seeds and superior rhizobia have often led to poor performance of annual legumes""","High fertiliser prices: ""If fertilizer prices were to double relative to grain market prices, which has occurred in recent years, then the fertilized, diversified systems tested here remained economically attractive with VCRs >3.6, whereas fertilized monoculture declined to <2.5 """,Low fertiliser prices,"nutritional benefits of legume diversification were particularly valued by female farmers and labor constraints were frequently noted by poorer households; ""fertilizer efficiency could be substantially enhanced through diversification with SP legumes: from 24 to 31 kg grain kg N?1 in monoculture maize to 38–67 kg grain kg N?1 in SP rotation. This gain in efficiency occurred across >1,000 farms, with diverse soil types (soil C by agroecozone ranged from 0.7% to 1.8%) and variable climate (annual rainfall of 660–1,060 mm).""","Fig1 - nutrient cycling; Fig2 - health, food yield",,2,2,2,2,2,2,12
321,583,"Snapp S.S., Blackie M.J., Gilbert R.A., Bezner-Kerr R., Kanyama-Phiri G.Y.",2010,Biodiversity can support a greener revolution in Africa,"Snapp, S. S., Blackie, M. J., Gilbert, R. A., Bezner-Kerr, R., & Kanyama-Phiri, G. Y. (2010). Biodiversity can support a greener revolution in Africa. Proc Natl Acad Sci U S A, 107(48), 20840-20845. doi:10.1073/pnas.1007199108",Plot,Quantitative + Qualitative,Experiment (on farm),RC,1998,2,5,3,2,1000,2, 2-4,>100 ,Yes,Yes,,Malawi,Subsaharan Africa,1,Malawi (countrywide),Africa,LIC,-13.5,33.9,Yes,"""increases in production",Experiment (on farm) ,Farmer-led + National policy (Malawi Government Maize Productivity Task Force (MPTF)),Farmer-led + policy,Intercropping,Intercrop,1,0,0,Row,Existing farmers' practices,Existing farmers' practices,,Grain / Pigeonpea,Maize,Pigeonpea,0,0,0,0,0,1,0,0,0,0,Mucuna,,20-0-0,Synthetic - below threshold,rainfed,50,1.5,NA,NA,NA,NA,NA,NA,NA,1.5,-48.5254692,0.514745308,0.514745308,NA,NA,NA,Mix-Mix,NA,NA,NA,NA,NA,NA,NA,Fertiliser prices; Insect-deterrent legumes; Gender:nutritional benefits of legume diversification were particularly valued by female farmers,"Access to seeds; Labour availability and wealth ""labor constraints were frequently noted by poorer households""","Choice of legume (shrubby, perform well across diverse soil types and rainfall, even at low soil fertility); Low levels of fertiliser addition: ""low productivity observed reflects soil degradation and in particular the highly N-deficient status of these soils "", ""The nitrophilic nature of the maize crop was illustrated by a consistent response to N fertilizer, which almost doubled yields""; Insect herbivory on pigeonpea: ""pigeonpea grain is highly edible with few antiquality factors, but herbivore competition was severe and contributed to the low grain yields observed""","highly degraded soils: ""degraded soils and limited access to improved seeds and superior rhizobia have often led to poor performance of annual legumes""","High fertiliser prices: ""If fertilizer prices were to double relative to grain market prices, which has occurred in recent years, then the fertilized, diversified systems tested here remained economically attractive with VCRs >3.6, whereas fertilized monoculture declined to <2.5 """,Low fertiliser prices,nutritional benefits of legume diversification were particularly valued by female farmers and labor constraints were frequently noted by poorer households,"Fig1 - nutrient cycling; Fig2 - health, food yield",,2,2,2,2,2,2,12
322,583,"Snapp S.S., Blackie M.J., Gilbert R.A., Bezner-Kerr R., Kanyama-Phiri G.Y.",2010,Biodiversity can support a greener revolution in Africa,"Snapp, S. S., Blackie, M. J., Gilbert, R. A., Bezner-Kerr, R., & Kanyama-Phiri, G. Y. (2010). Biodiversity can support a greener revolution in Africa. Proc Natl Acad Sci U S A, 107(48), 20840-20845. doi:10.1073/pnas.1007199109",Plot,Quantitative + Qualitative,Experiment (on farm),RC,1998,2,5,3,2,1000,2, 2-4,>100 ,Yes,Yes,,Malawi,Subsaharan Africa,1,Malawi (countrywide),Africa,LIC,-13.5,33.9,Yes,"""increases in production",Experiment (on farm) ,Farmer-led + National policy (Malawi Government Maize Productivity Task Force (MPTF)),Farmer-led + policy,Rotation,Rotation,0,0,1,Rotation,Existing farmers' practices,Existing farmers' practices,,Grain / Mucuna,Maize,Other,0,0,0,0,0,0,0,0,0,0,Mucuna,,35-0-0,Synthetic - below threshold,rainfed,25,1.25,NA,NA,NA,NA,NA,NA,NA,1.25,0,1,1,NA,NA,NA,Mix-Mix,NA,NA,NA,NA,NA,NA,NA,Fertiliser prices; Insect-deterrent legumes; Gender:nutritional benefits of legume diversification were particularly valued by female farmers,"Access to seeds; Labour availability and wealth ""labor constraints were frequently noted by poorer households""","Choice of legume (shrubby, perform well across diverse soil types and rainfall, even at low soil fertility); Low levels of fertiliser addition: ""low productivity observed reflects soil degradation and in particular the highly N-deficient status of these soils "", ""The nitrophilic nature of the maize crop was illustrated by a consistent response to N fertilizer, which almost doubled yields""; Insect herbivory on pigeonpea: ""pigeonpea grain is highly edible with few antiquality factors, but herbivore competition was severe and contributed to the low grain yields observed""","highly degraded soils: ""degraded soils and limited access to improved seeds and superior rhizobia have often led to poor performance of annual legumes""","High fertiliser prices: ""If fertilizer prices were to double relative to grain market prices, which has occurred in recent years, then the fertilized, diversified systems tested here remained economically attractive with VCRs >3.6, whereas fertilized monoculture declined to <2.5 """,Low fertiliser prices,nutritional benefits of legume diversification were particularly valued by female farmers and labor constraints were frequently noted by poorer households,"Fig1 - nutrient cycling; Fig2 - health, food yield",,2,2,2,2,2,2,12
215,422,"Ngwira A.R., Thierfelder C., Lambert D.M.",2013,"Conservation agriculture systems for Malawian smallholder farmers: Long-term effects on crop productivity, profitability and soil quality","Ngwira, A. R., Thierfelder, C., & Lambert, D. M. (2012). Conservation agriculture systems for Malawian smallholder farmers: long-term effects on crop productivity, profitability and soil quality. Renewable Agriculture and Food Systems, 28(4), 350-363. doi:10.1017/s1742170512000257",Field,Quantitative,Participatory Action Research,RC,2005-2011,6,3,1,2,6,2, 5-10, 11-100,Yes,Yes,Poverty,Malawi,Subsaharan Africa,1,Zidyana,Africa,LIC,-12.84342021,34.18786266,No,,Experiment (on farm),Farmer-led,Farmer-led,Intercropping: cereal-legume + rotation: cereal-legume,Intercrop-Rotation,1,0,0,Row,Conservation agriculture + herbicides,Tillage practices,Pest management,Grain / Cowpea,Maize,Cowpea,0,1,0,0,0,0,0,0,0,0,0,,69:21:00,Synthetic - below threshold,rainfed,0.554509925,1.005545099,NA,NA,NA,1.00811908,NA,0.755926521,NA,1.252589697,-15.38036476,0.846196352,0.930487943,NA,NA,0.761904762,Mix-Lose,NA,NA,NA,NA,NA,NA,NA,NA,Farmers are hesitant to grow more legumes if there are no readily available markets for the sale of produce,"Conservation agriculture (combination of differences in tillage and land preparation methods, residue management, cropping systems and weed control strategies): ""Mulch cover improved water infiltration even after the first season, especially under drier or moisture-limited conditions, thereby improving the effect on soil water balance""","Pest infestation and rainfall variability with dry spells caused grain yields lower than the potential: ""inadequate number of sprays against insect pests such as aphids (Aphis gossypii) and elegant grasshoppers (Dichromorpha elegans) as well as dry spells causing flower abortion""",NA,Dry spells (rainfall variability),"biodiversity: Differences between treatments in the faunal groups of earthworm and termites were only observed in Zidyana (Table 5). At Lemu, spatial variability of these faunal groups was too large to detect any significant difference between treatments. In Zidyana, the earthworm population was highest (48earthwormsm?2) in CAM, followed by CAML (40earthwormsm?2) and lowest (9earthwormsm?2) in CPM treatment. At both sites centipede populations were higher in the top 30cm of soil of CAM than CPM, whereas the rest of the faunal populations did not show significant difference between treatments.",Figure 5+Table 1 (Yield); Table 6 (H2O infoltration); Table 4 (Soil organic C); Figure 6 (Biomass); Table 5 (Biodiversity); Table 3 (Income) ,,2,2,2,2,2,2,12
325,583,"Snapp S.S., Blackie M.J., Gilbert R.A., Bezner-Kerr R., Kanyama-Phiri G.Y.",2010,Biodiversity can support a greener revolution in Africa,"Snapp, S. S., Blackie, M. J., Gilbert, R. A., Bezner-Kerr, R., & Kanyama-Phiri, G. Y. (2010). Biodiversity can support a greener revolution in Africa. Proc Natl Acad Sci U S A, 107(48), 20840-20845. doi:10.1073/pnas.1007199112",Plot,Quantitative + Qualitative,Experiment (on farm),RC,1998,2,6,3,3,90,2, 2-4,>100 ,Yes,Yes,,Malawi,Subsaharan Africa,1,Ekwendeni,Africa,LIC,-11.359399,33.884173,Yes,"""increases in production",Experiment (on farm) ,Farmer-led + National policy (Malawi Government Maize Productivity Task Force (MPTF)),Farmer-led + policy,Rotation,Rotation,0,0,1,Rotation,Existing farmers' practices,Existing farmers' practices,,Grain / Groundnut + Pigeonpea,Maize,Multiple,0,0,1,0,0,1,0,0,0,0,0,,20-0-0,Synthetic - below threshold,rainfed,0,1,NA,NA,NA,NA,NA,NA,NA,1,185.0241546,2.850241546,2.850241546,NA,NA,NA,Mix-Win,NA,NA,NA,NA,NA,NA,NA,Fertiliser prices; Insect-deterrent legumes; Gender:nutritional benefits of legume diversification were particularly valued by female farmers,"Access to seeds; Labour availability and wealth ""labor constraints were frequently noted by poorer households""","Choice of legume (shrubby, perform well across diverse soil types and rainfall, even at low soil fertility); Low levels of fertiliser addition: ""low productivity observed reflects soil degradation and in particular the highly N-deficient status of these soils "", ""The nitrophilic nature of the maize crop was illustrated by a consistent response to N fertilizer, which almost doubled yields""; Insect herbivory on pigeonpea: ""pigeonpea grain is highly edible with few antiquality factors, but herbivore competition was severe and contributed to the low grain yields observed""","highly degraded soils: ""degraded soils and limited access to improved seeds and superior rhizobia have often led to poor performance of annual legumes""","High fertiliser prices: ""If fertilizer prices were to double relative to grain market prices, which has occurred in recent years, then the fertilized, diversified systems tested here remained economically attractive with VCRs >3.6, whereas fertilized monoculture declined to <2.5 """,Low fertiliser prices,,"Fig1 - nutrient cycling; Fig2 - health, food yield",,2,2,2,2,2,2,12
326,583,"Snapp S.S., Blackie M.J., Gilbert R.A., Bezner-Kerr R., Kanyama-Phiri G.Y.",2010,Biodiversity can support a greener revolution in Africa,"Snapp, S. S., Blackie, M. J., Gilbert, R. A., Bezner-Kerr, R., & Kanyama-Phiri, G. Y. (2010). Biodiversity can support a greener revolution in Africa. Proc Natl Acad Sci U S A, 107(48), 20840-20845. doi:10.1073/pnas.1007199113",Plot,Quantitative + Qualitative,Experiment (on farm),RC,1998,2,6,3,3,90,2, 2-4,>100 ,Yes,Yes,,Malawi,Subsaharan Africa,1,Ekwendeni,Africa,LIC,-11.359399,33.884173,Yes,"""increases in production",Experiment (on farm) ,Farmer-led + National policy (Malawi Government Maize Productivity Task Force (MPTF)),Farmer-led + policy,Intercropping,Intercrop,1,0,0,Row,Existing farmers' practices,Existing farmers' practices,,Grain / Pigeonpea,Maize,Pigeonpea,0,0,0,0,0,1,0,0,0,0,0,,20-0-0,Synthetic - below threshold,rainfed,50,1.5,NA,NA,NA,NA,NA,NA,NA,1.5,61.8357488,1.618357488,1.618357488,NA,NA,NA,Win-Mix,NA,NA,NA,NA,NA,NA,NA,Fertiliser prices; Insect-deterrent legumes; Gender:nutritional benefits of legume diversification were particularly valued by female farmers,"Access to seeds; Labour availability and wealth ""labor constraints were frequently noted by poorer households""","Choice of legume (shrubby, perform well across diverse soil types and rainfall, even at low soil fertility); Low levels of fertiliser addition: ""low productivity observed reflects soil degradation and in particular the highly N-deficient status of these soils "", ""The nitrophilic nature of the maize crop was illustrated by a consistent response to N fertilizer, which almost doubled yields""; Insect herbivory on pigeonpea: ""pigeonpea grain is highly edible with few antiquality factors, but herbivore competition was severe and contributed to the low grain yields observed""","highly degraded soils: ""degraded soils and limited access to improved seeds and superior rhizobia have often led to poor performance of annual legumes""","High fertiliser prices: ""If fertilizer prices were to double relative to grain market prices, which has occurred in recent years, then the fertilized, diversified systems tested here remained economically attractive with VCRs >3.6, whereas fertilized monoculture declined to <2.5 """,Low fertiliser prices,,"Fig1 - nutrient cycling; Fig2 - health, food yield",,2,2,2,2,2,2,12
327,583,"Snapp S.S., Blackie M.J., Gilbert R.A., Bezner-Kerr R., Kanyama-Phiri G.Y.",2010,Biodiversity can support a greener revolution in Africa,"Snapp, S. S., Blackie, M. J., Gilbert, R. A., Bezner-Kerr, R., & Kanyama-Phiri, G. Y. (2010). Biodiversity can support a greener revolution in Africa. Proc Natl Acad Sci U S A, 107(48), 20840-20845. doi:10.1073/pnas.1007199114",Plot,Quantitative + Qualitative,Experiment (on farm),RC,1998,2,6,3,3,90,2, 2-4,>100 ,Yes,Yes,,Malawi,Subsaharan Africa,1,Ekwendeni,Africa,LIC,-11.359399,33.884173,Yes,"""increases in production",Experiment (on farm) ,Farmer-led + National policy (Malawi Government Maize Productivity Task Force (MPTF)),Farmer-led + policy,Rotation,Rotation,0,0,1,Rotation,Existing farmers' practices,Existing farmers' practices,,Grain / Groundnut,Maize,Groundnut,0,0,1,0,0,0,0,0,0,0,0,,20-0-0,Synthetic - below threshold,rainfed,0,1,NA,NA,NA,NA,NA,NA,NA,1,132.3671498,2.323671498,2.323671498,NA,NA,NA,Mix-Mix,NA,NA,NA,NA,NA,NA,NA,Fertiliser prices; Insect-deterrent legumes; Gender:nutritional benefits of legume diversification were particularly valued by female farmers,"Access to seeds; Labour availability and wealth ""labor constraints were frequently noted by poorer households""","Choice of legume (shrubby, perform well across diverse soil types and rainfall, even at low soil fertility); Low levels of fertiliser addition: ""low productivity observed reflects soil degradation and in particular the highly N-deficient status of these soils "", ""The nitrophilic nature of the maize crop was illustrated by a consistent response to N fertilizer, which almost doubled yields""; Insect herbivory on pigeonpea: ""pigeonpea grain is highly edible with few antiquality factors, but herbivore competition was severe and contributed to the low grain yields observed""","highly degraded soils: ""degraded soils and limited access to improved seeds and superior rhizobia have often led to poor performance of annual legumes""","High fertiliser prices: ""If fertilizer prices were to double relative to grain market prices, which has occurred in recent years, then the fertilized, diversified systems tested here remained economically attractive with VCRs >3.6, whereas fertilized monoculture declined to <2.5 """,Low fertiliser prices,,"Fig1 - nutrient cycling; Fig2 - health, food yield",,2,2,2,2,2,2,12
113,251,"Islami T., Guritno B., Utomo W.H.",2011,"Performance of cassava (Manihot esculenta Crantz) based cropping systems and associated soil quality changes in the degraded tropical uplands of East Java, Indonesia","Islami, T., Guritno, B., & Utomo, W. H. (2011). Performance of cassava (Manihot esculenta Crantz) based cropping systems and associated soil quality changes in the degraded tropical uplands of East Java, Indonesia. Journal of Tropical Agriculture, 49, 31-39.",Plot,Quantitative,Experiment (on farm),RC,2006-2009,4,14,6,8,4,1, 2-4, 3-4,Yes,Yes,Land degradation,Indonesia,South-east Asia,4,"Wringinrejo, South Blitar, East Java, Indonesia",Asia,LMIC,-8.083333,112.033333,No,,Experiment (on farm),Farmer-led + support by researchers,Farmer-led + researcher/extension,Intercropping: Cereal-legume,Intercrop,1,0,0,Row,Fertiliser; manure vs no manure,Fertilizer rates/type,,Non-Grain /  Groundnut,Cassava,Groundnut,0,0,1,0,0,0,0,0,0,0,0,,14-6-9,Synthetic - below threshold,irrigation,23.79290667,1.237929067,NA,NA,NA,1.0581255,NA,1.051495,1.6041667,NA,203.75,3.0375,3.0375,NA,NA,NA,Mix-Mix,NA,NA,NA,NA,NA,NA,NA,NA,NA,Organic fertiliser (manure): increased soil fertility and crop productivity,NA,NA,"High costs of seeds: ""The high cost for growing leguminous intercrops may be due to the high price of seeds and the additional costs involved in pest control""",NA,"See SuppCalc sheet- Tables 1, 2, 3",,2,2,2,2,2,2,12
114,251,"Islami T., Guritno B., Utomo W.H.",2011,"Performance of cassava (Manihot esculenta Crantz) based cropping systems and associated soil quality changes in the degraded tropical uplands of East Java, Indonesia","Islami, T., Guritno, B., & Utomo, W. H. (2011). Performance of cassava (Manihot esculenta Crantz) based cropping systems and associated soil quality changes in the degraded tropical uplands of East Java, Indonesia. Journal of Tropical Agriculture, 49, 31-39.",Plot,Quantitative,Experiment (on farm),RC,2006-2009,4,14,6,8,4,1, 2-4, 3-4,Yes,Yes,Land degradation,Indonesia,South-east Asia,4,"Wringinrejo, South Blitar, East Java, Indonesia",Asia,LMIC,-8.083333,112.033333,No,,Experiment (on farm),Farmer-led + support by researchers,Farmer-led + researcher/extension,Intercropping: Cereal-legume,Intercrop,1,0,0,Row,Fertiliser; manure vs no manure,Fertilizer rates/type,,Non-Grain / Soybean,Cassava,Soybean,0,0,0,0,0,0,0,0,1,0,0,,14-6-9,Synthetic - below threshold,irrigation,3.566923333,1.035669233,NA,NA,NA,0.9614512,NA,1.0830565,1.0625,NA,27.5,1.275,1.275,NA,NA,NA,Mix-Mix,NA,NA,NA,NA,NA,NA,NA,NA,NA,Organic fertiliser (manure): increased soil fertility and crop productivity,NA,NA,"High costs of seeds: ""The high cost for growing leguminous intercrops may be due to the high price of seeds and the additional costs involved in pest control""",NA,"See SuppCalc sheet- Tables 1, 2, 3",,2,2,2,2,2,2,12
115,251,"Islami T., Guritno B., Utomo W.H.",2011,"Performance of cassava (Manihot esculenta Crantz) based cropping systems and associated soil quality changes in the degraded tropical uplands of East Java, Indonesia","Islami, T., Guritno, B., & Utomo, W. H. (2011). Performance of cassava (Manihot esculenta Crantz) based cropping systems and associated soil quality changes in the degraded tropical uplands of East Java, Indonesia. Journal of Tropical Agriculture, 49, 31-39.",Plot,Quantitative,Experiment (on farm),RC,2006-2009,4,14,6,8,4,1, 2-4, 3-4,Yes,Yes,Land degradation,Indonesia,South-east Asia,4,"Wringinrejo, South Blitar, East Java, Indonesia",Asia,LMIC,-8.083333,112.033333,No,,Experiment (on farm),Farmer-led + support by researchers,Farmer-led + researcher/extension,Intercropping: Cereal-legume,Intercrop,1,0,0,Row,Fertiliser; manure vs no manure,Fertilizer rates/type,,Non-Grain / Mungbean,Cassava,Mungbean,0,0,0,0,1,0,0,0,0,0,0,,14-6-9,Synthetic - below threshold,irrigation,7.40704,1.0740704,NA,NA,NA,0.9665911,NA,1.0472868,1.2083333,NA,-32.5,0.675,0.675,NA,NA,NA,Mix-Mix,NA,NA,NA,NA,NA,NA,NA,NA,NA,Organic fertiliser (manure): increased soil fertility and crop productivity,NA,NA,"High costs of seeds: ""The high cost for growing leguminous intercrops may be due to the high price of seeds and the additional costs involved in pest control""",NA,"See SuppCalc sheet- Tables 1, 2, 3",,2,2,2,2,2,2,12
116,251,"Islami T., Guritno B., Utomo W.H.",2011,"Performance of cassava (Manihot esculenta Crantz) based cropping systems and associated soil quality changes in the degraded tropical uplands of East Java, Indonesia","Islami, T., Guritno, B., & Utomo, W. H. (2011). Performance of cassava (Manihot esculenta Crantz) based cropping systems and associated soil quality changes in the degraded tropical uplands of East Java, Indonesia. Journal of Tropical Agriculture, 49, 31-39.",Plot,Quantitative,Experiment (on farm),RC,2006-2009,4,14,6,8,4,1, 2-4, 3-4,Yes,Yes,Land degradation,Indonesia,South-east Asia,4,"Wringinrejo, South Blitar, East Java, Indonesia",Asia,LMIC,-8.083333,112.033333,No,,Experiment (on farm),Farmer-led + support by researchers,Farmer-led + researcher/extension,Intercropping: Cereal-legume,Intercrop,1,0,0,Row,Fertiliser; manure vs no manure,Fertilizer rates/type,,Non-Grain /  Cowpea,Cassava,Cowpea,0,1,0,0,0,0,0,0,0,0,0,,14-6-9,Synthetic - below threshold,irrigation,20.79522333,1.207952233,NA,NA,NA,1.1030234,NA,1,1.5208333,NA,-58.75,0.4125,0.4125,NA,NA,NA,Mix-Mix,NA,NA,NA,NA,NA,NA,NA,NA,NA,Organic fertiliser (manure): increased soil fertility and crop productivity,NA,NA,"High costs of seeds: ""The high cost for growing leguminous intercrops may be due to the high price of seeds and the additional costs involved in pest control""",NA,"See SuppCalc sheet- Tables 1, 2, 3",,2,2,2,2,2,2,12
357,647,"Wade M.K., Sanchez P.A.",1984,Productive potential of an annual intercropping scheme in the Amazon,"Wade, M. K., & Sanchez, P. A. (1984). Productive potential of an annual intercropping scheme in the Amazon. Field Crops Research, 9(C), 253-263. doi:10.1016/0378-4290(84)90030-3",Plot,Quantitative,Experiment (research station),E/M,1974,1,16,12,4,3,1,1, 3-4,Yes,Yes,,Peru,Latin America,6,Yurimaguas Experiment Station,South America,UMIC,-5.935857,-76.123391,No,NA,Experiment (research station),Researcher-led,Researcher-led,Intercropping,Intercrop,1,1,0,Row,Increasing fertiliser,Fertilizer rates/type,,Grain + Non-Grain / Cowpea +Soybean,Corn-Cassava,Multiple,0,1,0,0,0,0,0,0,1,0,0,,0-50-50 to 120-50-50,Synthetic - below threshold,rainfed,50,1.5,NA,NA,1.5,NA,NA,NA,NA,NA,28.7509239,1.287509239,1.287509239,NA,NA,NA,Mix-Win,NA,NA,NA,NA,NA,NA,NA,"Weeds: ""reduced risk, reduced weed
 pressures and less susceptibility to soil erosion were noted. For the intercropping
 systems, only two weedings per year were required to satisfactorily
 control weeds. The monocultures needed two to four weedings per crop""",NA,NA,NA,Prices of grain and labour,"Market availability (corn and rice are the only commodities that presently have a reliable market in the
 Yurimaguas area.)",,See SuppCalc Sheet - control is Corn + Cassava,,2,1,2,2,2,2,11
358,647,"Wade M.K., Sanchez P.A.",1984,Productive potential of an annual intercropping scheme in the Amazon,"Wade, M. K., & Sanchez, P. A. (1984). Productive potential of an annual intercropping scheme in the Amazon. Field Crops Research, 9(C), 253-263. doi:10.1016/0378-4290(84)90030-4",Plot,Quantitative,Experiment (research station),E/M,1975,1,16,12,4,3,1,1, 3-4,Yes,Yes,,Peru,Latin America,6,Yurimaguas Experiment Station,South America,UMIC,-5.935857,-76.123391,No,NA,Experiment (research station),Researcher-led,Researcher-led,Intercropping,Intercrop,1,1,0,Row,Increasing fertiliser,Fertilizer rates/type,,Grain + Non-Grain / Cowpea + Groundnut,Corn-Rice-Cassava,Multiple,0,1,1,0,0,0,0,0,0,0,0,,0-50-50 to 120-50-50,Synthetic - below threshold,rainfed,50,1.5,NA,NA,1.5,NA,NA,NA,NA,NA,78.07768468,1.780776847,1.780776847,NA,NA,NA,Mix-Win,NA,NA,NA,NA,NA,NA,NA,"Weeds: ""reduced risk, reduced weed
 pressures and less susceptibility to soil erosion were noted. For the intercropping
 systems, only two weedings per year were required to satisfactorily
 control weeds. The monocultures needed two to four weedings per crop""",NA,NA,NA,Prices of grain and labour,"Market availability (corn and rice are the only commodities that presently have a reliable market in the
 Yurimaguas area.)",,See SuppCalc Sheet - control is Corn + Cassava,,2,1,2,2,2,2,11
260,496,"Rao M.R., Mathuva M.N.",2000,Legumes for improving maize yields and income in semi-arid Kenya,"Rao, M. R., & Mathuva, M. N. (2000). Legumes for improving maize yields and income in semi-arid Kenya. Agriculture, Ecosystems & Environment, 78(2), 123-137. doi:10.1016/s0167-8809(99)00125-5",Plot,Quantitative,Experiment (research station),E/M,1989-1996,7,6,5,1,3,1, 5-10, 3-4,Yes,Yes,"High population density, nutrient depletion, no rotations, legumes improve soilfertility, biomass, and profit",Kenya,Subsaharan Africa,1,International Centre for Research in Agroforestry (ICRAF) at Machakos,Africa,LMIC,-1.55,37.233333,No,,Experiment (research station),Researcher-led,Researcher-led,Rotation+ Intercropping (legume+cereal),Intercrop-Rotation,1,0,1,Row,Existing farmers' practices,Existing farmers' practices,,Grain / Cowpea,Maize,Cowpea,0,1,0,0,0,0,0,0,0,0,0,0,No fertiliser used,No synthetic,rainfed,60.27627734,1.602762773,NA,NA,NA,NA,NA,NA,1.602762773,NA,15.9676952,1.159676952,1.3150804,NA,NA,1.004273504,Win-Win,YES,"Legumes rotation and intercropping is more profitable for farmers, in
terms of returns to land and labour",NA,NA,NA,NA,NA,"Grain legumes usually command two to four
times the price of maize and are marketed easily
in most tropical countries, including Kenya. As maize is more sensitive to drought than grain
legumes, which occurs frequently in the semi-arid
tropics, systems involving grain legumes are likely
to be less risky and more attractive to farmers than
continuous cultivation of maize",NA,NA,Pests affecting legumes,"Grain legumes usually command two to four
times the price of maize and are marketed easily
in most tropical countries, including Kenya.",NA,"The study leads to the conclusion that cropping systems
based on grain legumes are more profitable, in
terms of returns to land and labour, than continuous
cropping of cereals with or without green manuring
and hedgerow intercropping in semi-arid tropics. The
choice between cowpea and pigeonpea is a matter of
farmers’ preference for home consumption, market
prices and long-term rotational needs to avoid pests
and diseases. See Supporting Calculations Tab","Supporting calculation. Table 2-Maize grain yield (t ha?1), Table3-grain yields of legumes, Table7.Costs&net benefits, Table6.inorganic nitrogen ",,2,2,2,2,2,2,12
261,496,"Rao M.R., Mathuva M.N.",2000,Legumes for improving maize yields and income in semi-arid Kenya,"Rao, M. R., & Mathuva, M. N. (2000). Legumes for improving maize yields and income in semi-arid Kenya. Agriculture, Ecosystems & Environment, 78(2), 123-137. doi:10.1016/s0167-8809(99)00125-6",Plot,Quantitative,Experiment (research station),E/M,1989-1996,7,6,5,1,3,1, 5-10, 3-4,Yes,Yes,"High population density, nutrient depletion, no rotations, legumes improve soilfertility, biomass, and profit",Kenya,Subsaharan Africa,1,International Centre for Research in Agroforestry (ICRAF) at Machakos,Africa,LMIC,-1.55,37.233333,No,,Experiment (research station),Researcher-led,Researcher-led,Rotation + Intercropping (legume+legume),Intercrop-Rotation,1,0,1,Row,Existing farmers' practices,Existing farmers' practices,,Grain / Cowpea + Pigeonpea,Maize,Multiple,0,1,0,0,0,1,0,0,0,0,0,0,No fertiliser used,No synthetic,rainfed,-2.520077541,0.974799225,NA,NA,NA,NA,NA,NA,0.974799225,NA,31.72895842,1.317289584,1.485006519,NA,NA,1.14957265,Mix-Win,YES,"Legumes rotation and intercropping is more profitable for farmers, in
terms of returns to land and labour",NA,NA,NA,NA,NA,"Grain legumes usually command two to four
times the price of maize and are marketed easily
in most tropical countries, including Kenya. As maize is more sensitive to drought than grain
legumes, which occurs frequently in the semi-arid
tropics, systems involving grain legumes are likely
to be less risky and more attractive to farmers than
continuous cultivation of maize. Pigeonpea is more profitable because
they required less labour for cultivation",NA,Weather- Optimum rainfall,Pests affecting legumes,"Grain legumes usually command two to four
times the price of maize and are marketed easily
in most tropical countries, including Kenya.",NA,"The study leads to the conclusion that cropping systems
based on grain legumes are more profitable, in
terms of returns to land and labour, than continuous
cropping of cereals with or without green manuring
and hedgerow intercropping in semi-arid tropics. The
choice between cowpea and pigeonpea is a matter of
farmers’ preference for home consumption, market
prices and long-term rotational needs to avoid pests
and diseases. See Supporting Calculations Tab","Table 2-Maize grain yield (t ha?1), Table3-grain yields of legumes, Table7.Costs&net benefits, Table6.inorganic nitrogen ",,2,2,2,2,2,2,12
262,496,"Rao M.R., Mathuva M.N.",2000,Legumes for improving maize yields and income in semi-arid Kenya,"Rao, M. R., & Mathuva, M. N. (2000). Legumes for improving maize yields and income in semi-arid Kenya. Agriculture, Ecosystems & Environment, 78(2), 123-137. doi:10.1016/s0167-8809(99)00125-7",Plot,Quantitative,Experiment (research station),E/M,1989-1996,7,6,5,1,3,1, 5-10, 3-4,Yes,Yes,"High population density, nutrient depletion, no rotations, legumes improve soilfertility, biomass, and profit",Kenya,Subsaharan Africa,1,International Centre for Research in Agroforestry (ICRAF) at Machakos,Africa,LMIC,-1.55,37.233333,No,,Experiment (research station),Researcher-led,Researcher-led,Intercropping (Cereal-legume),Intercrop,1,0,0,Row,Existing farmers' practices,Existing farmers' practices,,Grain / Pigeonpea,Maize,Pigeonpea,0,0,0,0,0,1,0,0,0,0,0,0,No fertiliser used,No synthetic,rainfed,50.21686237,1.502168624,NA,NA,NA,NA,NA,NA,1.502168624,NA,40.51861509,1.405186151,1.494132986,NA,NA,1.316239316,Mix-Win,YES,"Legumes rotation and intercropping is more profitable for farmers, in
terms of returns to land and labour",NA,NA,NA,NA,NA,"Grain legumes usually command two to four
times the price of maize and are marketed easily
in most tropical countries, including Kenya. As maize is more sensitive to drought than grain
legumes, which occurs frequently in the semi-arid
tropics, systems involving grain legumes are likely
to be less risky and more attractive to farmers than
continuous cultivation of maize. Pigeonpea is more profitable because
they required less labour for cultivation",NA,NA,Pests affecting legumes,"Grain legumes usually command two to four
times the price of maize and are marketed easily
in most tropical countries, including Kenya.",NA,"The study leads to the conclusion that cropping systems
based on grain legumes are more profitable, in
terms of returns to land and labour, than continuous
cropping of cereals with or without green manuring
and hedgerow intercropping in semi-arid tropics. The
choice between cowpea and pigeonpea is a matter of
farmers’ preference for home consumption, market
prices and long-term rotational needs to avoid pests
and diseases. See Supporting Calculations Tab","Table 2-Maize grain yield (t ha?1), Table3-grain yields of legumes, Table7.Costs&net benefits, Table6.inorganic nitrogen ",,2,2,2,2,2,2,12
93,199,"Gitari H.I., Gachene C.K.K., Karanja N.N., Kamau S., Nyawade S., Sharma K., Schulte-Geldermann E.",2018,Optimizing yield and economic returns of rain-fed potato (Solanum tuberosum L.) through water conservation under potato-legume intercropping systems,"Gitari, H. I., Gachene, C. K. K., Karanja, N. N., Kamau, S., Nyawade, S., Sharma, K., & Schulte-Geldermann, E. (2018). Optimizing yield and economic returns of rain-fed potato (Solanum tuberosum L.) through water conservation under potato-legume intercropping systems. Agricultural Water Management, 208, 59-66. doi:10.1016/j.agwat.2018.06.005",Plot,Quantitative,Experiment (research station),E/M,2014-2016,3,4,3,1,4,1, 2-4, 3-4,Yes,Yes,Weather fluctuation,Kenya,Subsaharan Africa,1,"Upper Kabete Campus, University of Nairobi, Nairobi",Africa,LMIC,-1.252234405,36.72876471,No,,Experiment (research station),Researcher-led,Researcher-led,Intercropping: Cereal-legume,Intercrop,1,0,0,Row,"Pesticide to control potato blight and aphids on legumes; fertiliser, weeding, staking for beans and ridging for potatoes",Weed/pest management,Fertilizer rates/type,Non-Grain / Dolichos,Potato,Other,0,0,0,0,0,0,0,0,0,0,Dolichos (lablab bean),Dolichos (lablab bean),88-34-34,Synthetic - below threshold,rainfed,25.61,1.2561,NA,NA,NA,1.2561,NA,NA,NA,NA,23.52,1.2352,1.2352,NA,NA,NA,Win-Mix,NA,NA,NA,NA,NA,NA,"Yes: cultivation cost (material assets - cost of inputs ie seed, fertilizer, fungicides, pesticides + labour) vs income gain (""highest cost of
 production was incurred under potato-legume intercropping systems ranging from US$ 1550 ha?1 in PG to US$ 1600 ha?1 in PD, compared
 to US$ 1450 ha?1 in PS. Nevertheless, these potato-legume intercropping
 systems were the most profitable with net income of US$ 9174,
 8496, 7884 ha?1 for PD, PB and PG, respectively compared to PS (US$
 7436 ha?1). This resulted in higher benefit: cost ratios"")","Smallholder farmers reliant on rain-fed agriculture, especially women- dolichos also has high socio-economic value to many African communities",NA,"Rainfall fluctuation (below average, highly concentrated into one rain event: legumes use available soil water more effectively than cereals due to higher groundcover which helps intercept rainfall)",NA,High market price of legumes over potato; Gender: dolichos also has high socio-economic value to many African communities as consumed by lactating mothers,NA,NA,NA,,2,2,2,2,2,2,12
94,199,"Gitari H.I., Gachene C.K.K., Karanja N.N., Kamau S., Nyawade S., Sharma K., Schulte-Geldermann E.",2018,Optimizing yield and economic returns of rain-fed potato (Solanum tuberosum L.) through water conservation under potato-legume intercropping systems,"Gitari, H. I., Gachene, C. K. K., Karanja, N. N., Kamau, S., Nyawade, S., Sharma, K., & Schulte-Geldermann, E. (2018). Optimizing yield and economic returns of rain-fed potato (Solanum tuberosum L.) through water conservation under potato-legume intercropping systems. Agricultural Water Management, 208, 59-66. doi:10.1016/j.agwat.2018.06.005",Plot,Quantitative,Experiment (research station),E/M,2014-2016,3,4,3,1,4,1, 2-4, 3-4,Yes,Yes,Weather fluctuation,Kenya,Subsaharan Africa,1,"Upper Kabete Campus, University of Nairobi, Nairobi",Africa,LMIC,-1.252234405,36.72876471,No,,Experiment (research station),Researcher-led,Researcher-led,Intercropping: Cereal-legume,Intercrop,1,0,0,Row,"Pesticide to control potato blight and aphids on legumes; fertiliser, weeding, staking for beans and ridging for potatoes",Weed/pest management,Fertilizer rates/type,Non-Grain / Pea,Potato,Pea,0,0,0,0,0,0,0,0,0,1,0,,88-34-34,Synthetic - below threshold,rainfed,9.96,1.0996,NA,NA,NA,1.0996,NA,NA,NA,NA,6.14,1.0614,1.0614,NA,NA,NA,Win-Mix,NA,NA,NA,NA,NA,NA,"Yes: cultivation cost (material assets - cost of inputs ie seed, fertilizer, fungicides, pesticides + labour) vs income gain (""highest cost of
 production was incurred under potato-legume intercropping systems ranging from US$ 1550 ha?1 in PG to US$ 1600 ha?1 in PD, compared
 to US$ 1450 ha?1 in PS. Nevertheless, these potato-legume intercropping
 systems were the most profitable with net income of US$ 9174,
 8496, 7884 ha?1 for PD, PB and PG, respectively compared to PS (US$
 7436 ha?1). This resulted in higher benefit: cost ratios"")",Smallholder farmers reliant on rain-fed agriculture,NA,"Rainfall fluctuation (below average, highly concentrated into one rain event: legumes use available soil water more effectively than cereals due to higher groundcover which helps intercept rainfall)",NA,High market price of legumes over potato,NA,NA,NA,,2,2,2,2,2,2,12
95,199,"Gitari H.I., Gachene C.K.K., Karanja N.N., Kamau S., Nyawade S., Sharma K., Schulte-Geldermann E.",2018,Optimizing yield and economic returns of rain-fed potato (Solanum tuberosum L.) through water conservation under potato-legume intercropping systems,"Gitari, H. I., Gachene, C. K. K., Karanja, N. N., Kamau, S., Nyawade, S., Sharma, K., & Schulte-Geldermann, E. (2018). Optimizing yield and economic returns of rain-fed potato (Solanum tuberosum L.) through water conservation under potato-legume intercropping systems. Agricultural Water Management, 208, 59-66. doi:10.1016/j.agwat.2018.06.005",Plot,Quantitative,Experiment (research station),E/M,2014-2016,3,4,3,1,4,1, 2-4, 3-4,Yes,Yes,Weather fluctuation,Kenya,Subsaharan Africa,1,"Upper Kabete Campus, University of Nairobi, Nairobi",Africa,LMIC,-1.252234405,36.72876471,No,,Experiment (research station),Researcher-led,Researcher-led,Intercropping: Cereal-legume,Intercrop,1,0,0,Row,"Pesticide to control potato blight and aphids on legumes; fertiliser, weeding, staking for beans and ridging for potatoes",Weed/pest management,Fertilizer rates/type,Non-Grain / Common bean,Potato,Common bean,0,0,0,0,0,0,0,1,0,0,0,,88-34-34,Synthetic - below threshold,rainfed,7.55,1.0755,NA,NA,NA,1.0755,NA,NA,NA,NA,15.17,1.1517,1.1517,NA,NA,NA,Win-Mix,NA,NA,NA,NA,NA,NA,"Yes: cultivation cost (material assets - cost of inputs ie seed, fertilizer, fungicides, pesticides + labour) vs income gain (""highest cost of
 production was incurred under potato-legume intercropping systems ranging from US$ 1550 ha?1 in PG to US$ 1600 ha?1 in PD, compared
 to US$ 1450 ha?1 in PS. Nevertheless, these potato-legume intercropping
 systems were the most profitable with net income of US$ 9174,
 8496, 7884 ha?1 for PD, PB and PG, respectively compared to PS (US$
 7436 ha?1). This resulted in higher benefit: cost ratios"")",Smallholder farmers reliant on rain-fed agriculture,NA,"Rainfall fluctuation (below average, highly concentrated into one rain event: legumes use available soil water more effectively than cereals due to higher groundcover which helps intercept rainfall)",NA,High market price of legumes over potato,NA,NA,NA,,2,2,2,2,2,2,12
238,436,"Onduru D.D., Du Preezb C.C.",2007,Ecological and agro-economic study of small farms in sub-Saharan Africa,"Onduru, D. D., & Preez, C. C. (2007). Ecological and agro-economic study of small farms in sub-Saharan Africa. Agronomy for Sustainable Development, 27(3), 197-208. doi:10.1051/agro:2007003",Plot,Quantitative,Experiment (on farm),RC,2002,1,5,1,5,30,1,1, 11-100,Yes,Yes,"Land degradation, rising population and poverty",Kenya,Subsaharan Africa,1,"Mbeere District, Eastern
 Kenya",Africa,LMIC,-0.5,37.5,No,,Experiment (on farm),Farmer-led,Farmer-led,Intercropping: Cereal-legume,Intercrop,1,0,0,Row,Existing farmers' practices,Existing farmers' practices,,Grain / Common bean,Maize,Common bean,0,0,0,0,0,0,0,1,0,0,0,,0,No synthetic,rainfed,80.625,1.80625,NA,NA,NA,NA,NA,NA,1.80625,NA,3.0434783,1.030434783,1.030434783,NA,NA,NA,Win-Mix,NA,NA,NA,NA,NA,NA,NA,NA,NA,NA,NA,NA,NA,NA,Table 6,,1,1,2,2,2,2,10
175,744,"Midega, C.A.O., Salifu, D., Bruce, T.J., Pittchar, J., Pickett, J.A., Khan, Z.R.,",2014,Cumulative effects and economic benefits of intercropping maize with food legumes on Striga hermonthica infestation.,"Midega, C. A. O., Salifu, D., Bruce, T. J., Pittchar, J., Pickett, J. A., & Khan, Z. R. (2014). Cumulative effects and economic benefits of intercropping maize with food legumes on Striga hermonthica infestation. Field Crops Research, 155, 144-152. doi:10.1016/j.fcr.2013.09.013",Plot,Quantitative,Experiment (research station),E/M,2005-2012,8,7,6,1,4,1, 5-10, 3-4,Yes,Yes,"Need to control the weed Striga hermonthica, need to respond to demographic pressures",Kenya,Subsaharan Africa,1,"International Centre ofInsect Physiology and Ecology (icipe), Thomas Odhiambo Cam-pus, Mbita Point",Africa,LMIC,-0.430619,34.206908,No,NA,Experiment (research station),Researcher-led,Researcher-led,Intercropping:maize-legume,Intercrop,1,0,0,NA,Existing farmers' practices,Existing farmers' practices,,Grain / Crotalaria,Maize,Other,0,0,0,0,0,0,0,0,0,0,Crotalaria,,"60kg/ha N , 60kg/ha P",Synthetic - below threshold,rainfed,28.49,1.2849,NA,NA,1.2849,NA,NA,NA,NA,NA,331.25745,4.3125745,8.3388,NA,NA,0.286349,Win-Mix,NA,NA,NA,NA,NA,NA,NA,"Legumes support Weed control, increased yield (especially Desmodium)",NA,"crotalaria, groundnut, greengram and desmodium having greater suppressive effects on striga emer-gence than cowpea and beans. Legumes also pro-vide ground cover and a shading effect, which results in a markedreduction in soil temperature, with studies (e.g. Carson, 1989)reporting a positive relationship between soil temperature undercereal-legume intercrop and emerged striga density. General improvements in soil fertility andmoisture retention with these intercrops",NA,"crotalaria, groundnut, greengram and desmodium having greater suppressive effects on striga emer-gence than cowpea and beans. Legumes also pro-vide ground cover and a shading effect, which results in a markedreduction in soil temperature, with studies (e.g. Carson, 1989)reporting a positive relationship between soil temperature undercereal-legume intercrop and emerged striga density. PLER was generallyhigher with the intercrops than with the maize monocrop, con-firming superiority of intercropping in enhancing land productivityover maize monocrop. Desmodium can also be sold as source of protein for dairy cattle.","food legumes required higher seasonal purchase of seeds and planting, in addition to other opera-tions such as weeding, harvesting and threshing that kept the total variable costs high. Fluctuations on maize grain yield affect revenues.",See tab of supporting calculations,"table 6_labor costs_net benefits, table 4_grain yield, table 5_partial land equivalent ratio, table 2_striga weed counts",,2,2,2,1,2,2,11
176,744,"Midega, C.A.O., Salifu, D., Bruce, T.J., Pittchar, J., Pickett, J.A., Khan, Z.R.,",2014,Cumulative effects and economic benefits of intercropping maize with food legumes on Striga hermonthica infestation.,"Midega, C. A. O., Salifu, D., Bruce, T. J., Pittchar, J., Pickett, J. A., & Khan, Z. R. (2014). Cumulative effects and economic benefits of intercropping maize with food legumes on Striga hermonthica infestation. Field Crops Research, 155, 144-152. doi:10.1016/j.fcr.2013.09.014",Plot,Quantitative,Experiment (research station),E/M,2005-2012,8,7,6,1,4,1, 5-10, 3-4,Yes,Yes,"Need to control the weed Striga hermonthica, need to respond to demographic pressures",Kenya,Subsaharan Africa,1,"International Centre ofInsect Physiology and Ecology (icipe), Thomas Odhiambo Cam-pus, Mbita Point",Africa,LMIC,-0.430619,34.206908,No,NA,Experiment (research station),Researcher-led,Researcher-led,Intercropping:maize-legume,Intercrop,1,0,0,NA,Existing farmers' practices,Existing farmers' practices,,Grain / Mungbean,Maize,Mungbean,0,0,0,0,1,0,0,0,0,0,0,,"60kg/ha N , 60kg/ha P",Synthetic - below threshold,rainfed,21.29,1.2129,NA,NA,1.2129,NA,NA,NA,NA,NA,390.07205,4.9007205,9.3405,NA,NA,0.460941,Win-Mix,NA,NA,NA,NA,NA,NA,NA,"Legumes support Weed control, increased yield (especially Desmodium)",NA,"crotalaria, groundnut, greengram and desmodium having greater suppressive effects on striga emer-gence than cowpea and beans. Legumes also pro-vide ground cover and a shading effect, which results in a markedreduction in soil temperature, with studies (e.g. Carson, 1989)reporting a positive relationship between soil temperature undercereal-legume intercrop and emerged striga density. General improvements in soil fertility andmoisture retention with these intercrops",NA,"crotalaria, groundnut, greengram and desmodium having greater suppressive effects on striga emer-gence than cowpea and beans. Legumes also pro-vide ground cover and a shading effect, which results in a markedreduction in soil temperature, with studies (e.g. Carson, 1989)reporting a positive relationship between soil temperature undercereal-legume intercrop and emerged striga density. PLER was generallyhigher with the intercrops than with the maize monocrop, con-firming superiority of intercropping in enhancing land productivityover maize monocrop. Desmodium can also be sold as source of protein for dairy cattle.","food legumes required higher seasonal purchase of seeds and planting, in addition to other opera-tions such as weeding, harvesting and threshing that kept the total variable costs high. Fluctuations on maize grain yield affect revenues.",See tab of supporting calculations,"table 6_labor costs_net benefits, table 4_grain yield, table 5_partial land equivalent ratio, table 2_striga weed counts",,2,2,2,1,2,2,11
177,744,"Midega, C.A.O., Salifu, D., Bruce, T.J., Pittchar, J., Pickett, J.A., Khan, Z.R., ",2014,Cumulative effects and economic benefits of intercropping maize with food legumes on Striga hermonthica infestation.,"Midega, C. A. O., Salifu, D., Bruce, T. J., Pittchar, J., Pickett, J. A., & Khan, Z. R. (2014). Cumulative effects and economic benefits of intercropping maize with food legumes on Striga hermonthica infestation. Field Crops Research, 155, 144-152. doi:10.1016/j.fcr.2013.09.012",Plot,Quantitative,Experiment (research station),E/M,2005-2012,8,7,6,1,4,1, 5-10, 3-4,Yes,Yes,"Need to control the weed Striga hermonthica, need to respond to demographic pressures",Kenya,Subsaharan Africa,1,"International Centre ofInsect Physiology and Ecology (icipe), Thomas Odhiambo Cam-pus, Mbita Point",Africa,LMIC,-0.430619,34.206908,No,NA,Experiment (research station),Researcher-led,Researcher-led,Intercropping:maize-legume,Intercrop,1,0,0,NA,Existing farmers' practices,Existing farmers' practices,,Grain / Cowpea,Maize,Cowpea,0,1,0,0,0,0,0,0,0,0,0,,"60kg/ha N ,  60kg/ha P",Synthetic - below threshold,rainfed,7.96,1.0796,NA,NA,1.0796,NA,NA,NA,NA,NA,164.2677414,2.642677414,4.971943135,NA,NA,0.313411693,Win-Mix,NA,NA,NA,NA,NA,NA,NA,"Legumes support Weed control, increased yield (especially Desmodium)",NA,"crotalaria, groundnut, greengram and desmodium having greater suppressive effects on striga emer-gence than cowpea and beans. Legumes also pro-vide ground cover and a shading effect, which results in a markedreduction in soil temperature, with studies (e.g. Carson, 1989)reporting a positive relationship between soil temperature undercereal-legume intercrop and emerged striga density. General improvements in soil fertility andmoisture retention with these intercrops",NA,"crotalaria, groundnut, greengram and desmodium having greater suppressive effects on striga emer-gence than cowpea and beans. Legumes also pro-vide ground cover and a shading effect, which results in a markedreduction in soil temperature, with studies (e.g. Carson, 1989)reporting a positive relationship between soil temperature undercereal-legume intercrop and emerged striga density. PLER was generallyhigher with the intercrops than with the maize monocrop, con-firming superiority of intercropping in enhancing land productivityover maize monocrop. Desmodium can also be sold as source of protein for dairy cattle.","food legumes required higher seasonal purchase of seeds and planting, in addition to other opera-tions such as weeding, harvesting and threshing that kept the total variable costs high. Fluctuations on maize grain yield affect revenues.",See tab of supporting calculations,"table 6_labor costs_net benefits, table 4_grain yield, table 5_partial land equivalent ratio, table 2_striga weed counts",,2,2,2,1,2,2,11
178,744,"Midega, C.A.O., Salifu, D., Bruce, T.J., Pittchar, J., Pickett, J.A., Khan, Z.R., ",2014,Cumulative effects and economic benefits of intercropping maize with food legumes on Striga hermonthica infestation.,"Midega, C. A. O., Salifu, D., Bruce, T. J., Pittchar, J., Pickett, J. A., & Khan, Z. R. (2014). Cumulative effects and economic benefits of intercropping maize with food legumes on Striga hermonthica infestation. Field Crops Research, 155, 144-152. doi:10.1016/j.fcr.2013.09.015",Plot,Quantitative,Experiment (research station),E/M,2005-2012,8,7,6,1,4,1, 5-10, 3-4,Yes,Yes,"Need to control the weed Striga hermonthica, need to respond to demographic pressures",Kenya,Subsaharan Africa,1,"International Centre ofInsect Physiology and Ecology (icipe), Thomas Odhiambo Cam-pus, Mbita Point",Africa,LMIC,-0.430619,34.206908,No,NA,Experiment (research station),Researcher-led,Researcher-led,Intercropping:maize-legume,Intercrop,1,0,0,NA,Existing farmers' practices,Existing farmers' practices,,Grain / Common bean,Maize,Common bean,0,0,0,0,0,0,0,1,0,0,0,,"60kg/ha N ,  60kg/ha P",Synthetic - below threshold,rainfed,8.03,1.0803,NA,NA,1.0803,NA,NA,NA,NA,NA,150.9493434,2.509493434,4.782687346,NA,NA,0.236299523,Win-Mix,NA,NA,NA,NA,NA,NA,NA,"Legumes support Weed control, increased yield (especially Desmodium)",NA,"crotalaria, groundnut, greengram and desmodium having greater suppressive effects on striga emer-gence than cowpea and beans. Legumes also pro-vide ground cover and a shading effect, which results in a markedreduction in soil temperature, with studies (e.g. Carson, 1989)reporting a positive relationship between soil temperature undercereal-legume intercrop and emerged striga density. General improvements in soil fertility andmoisture retention with these intercrops",NA,"crotalaria, groundnut, greengram and desmodium having greater suppressive effects on striga emer-gence than cowpea and beans. Legumes also pro-vide ground cover and a shading effect, which results in a markedreduction in soil temperature, with studies (e.g. Carson, 1989)reporting a positive relationship between soil temperature undercereal-legume intercrop and emerged striga density. PLER was generallyhigher with the intercrops than with the maize monocrop, con-firming superiority of intercropping in enhancing land productivityover maize monocrop. Desmodium can also be sold as source of protein for dairy cattle.","food legumes required higher seasonal purchase of seeds and planting, in addition to other opera-tions such as weeding, harvesting and threshing that kept the total variable costs high. Fluctuations on maize grain yield affect revenues.",See tab of supporting calculations,"table 6_labor costs_net benefits, table 4_grain yield, table 5_partial land equivalent ratio, table 2_striga weed counts",,2,2,2,1,2,2,11
179,744,"Midega, C.A.O., Salifu, D., Bruce, T.J., Pittchar, J., Pickett, J.A., Khan, Z.R., ",2014,Cumulative effects and economic benefits of intercropping maize with food legumes on Striga hermonthica infestation.,"Midega, C. A. O., Salifu, D., Bruce, T. J., Pittchar, J., Pickett, J. A., & Khan, Z. R. (2014). Cumulative effects and economic benefits of intercropping maize with food legumes on Striga hermonthica infestation. Field Crops Research, 155, 144-152. doi:10.1016/j.fcr.2013.09.016",Plot,Quantitative,Experiment (research station),E/M,2005-2012,8,7,6,1,4,1, 5-10, 3-4,Yes,Yes,"Need to control the weed Striga hermonthica, need to respond to demographic pressures",Kenya,Subsaharan Africa,1,"International Centre ofInsect Physiology and Ecology (icipe), Thomas Odhiambo Cam-pus, Mbita Point",Africa,LMIC,-0.430619,34.206908,No,NA,Experiment (research station),Researcher-led,Researcher-led,Intercropping:maize-legume,Intercrop,1,0,0,NA,Existing farmers' practices,Existing farmers' practices,,Grain / Groundnut,Maize,Groundnut,0,0,1,0,0,0,0,0,0,0,0,,"60kg/ha N ,  60kg/ha P",Synthetic - below threshold,rainfed,18.77,1.1877,NA,NA,1.1877,NA,NA,NA,NA,NA,194.0026266,2.940026266,5.534791362,NA,NA,0.34526117,Win-Mix,NA,NA,NA,NA,NA,NA,NA,"Legumes support Weed control, increased yield (especially Desmodium)",NA,"crotalaria, groundnut, greengram and desmodium having greater suppressive effects on striga emer-gence than cowpea and beans. Legumes also pro-vide ground cover and a shading effect, which results in a markedreduction in soil temperature, with studies (e.g. Carson, 1989)reporting a positive relationship between soil temperature undercereal-legume intercrop and emerged striga density. General improvements in soil fertility andmoisture retention with these intercrops",NA,"crotalaria, groundnut, greengram and desmodium having greater suppressive effects on striga emer-gence than cowpea and beans. Legumes also pro-vide ground cover and a shading effect, which results in a markedreduction in soil temperature, with studies (e.g. Carson, 1989)reporting a positive relationship between soil temperature undercereal-legume intercrop and emerged striga density. PLER was generallyhigher with the intercrops than with the maize monocrop, con-firming superiority of intercropping in enhancing land productivityover maize monocrop. Desmodium can also be sold as source of protein for dairy cattle.","food legumes required higher seasonal purchase of seeds and planting, in addition to other opera-tions such as weeding, harvesting and threshing that kept the total variable costs high. Fluctuations on maize grain yield affect revenues.",See tab of supporting calculations,"table 6_labor costs_net benefits, table 4_grain yield, table 5_partial land equivalent ratio, table 2_striga weed counts",,2,2,2,1,2,2,11
239,441,"Oyeogbe A., Otoadese J., Ehanire B.",2021,"Diversification of maize-based intercropping systems in tropical rainforest agroecosystem of Nigeria: Productivity, profitability and soil fertility","Oyeogbe, A., Otoadese, J., & Ehanire, B. (2021). Diversification of maize-based intercropping systems in tropical rainforest agroecosystem of Nigeria: Productivity, profitability and soil fertility. Future of Food: Journal on Food, Agriculture and Society, 9(1), 1-7. doi:10.17170/kobra-202011192213",Plot,Quantitative,Experiment (on farm),E/M ,2017-2018,1,4,2,2,4,1,1, 3-4,Yes,Yes,"weather variability such as drought, flood, and pests and disease outbreaks (armyworm infestations",Nigeria,Subsaharan Africa,1,tropical rainforest,Africa,LMIC,6.316619592,5.577270124,No,,Experiment (on farm),Farmer-led,Farmer-led,Intercropping: Cereal-legume,Intercrop,1,0,0,Row,Existing farmers' practices,Existing farmers' practices,,Grain / Cowpea,Maize,Cowpea,0,1,0,0,0,0,0,0,0,0,0,,1.680787037,Synthetic - below threshold,rainfed,51.785715,1.51785715,NA,NA,NA,NA,NA,NA,1.2857143,1.75,58.3024063,1.583024063,1.583024063,NA,NA,NA,Win-Win,NA,NA,NA,NA,NA,NA,NA,NA,NA,"type of legume: ""Increased availability of N and P under the maize/ cowpea system is a function of biological N fixation by cowpea""",NA,NA,NA,NA,"Table 2. grain yields; Table 4. Soil nutrients (N, OC), Table 3 economics; Figure 1. System productivity",,2,1,2,1,2,2,10
240,441,"Oyeogbe A., Otoadese J., Ehanire B.",2021,"Diversification of maize-based intercropping systems in tropical rainforest agroecosystem of Nigeria: Productivity, profitability and soil fertility","Oyeogbe, A., Otoadese, J., & Ehanire, B. (2021). Diversification of maize-based intercropping systems in tropical rainforest agroecosystem of Nigeria: Productivity, profitability and soil fertility. Future of Food: Journal on Food, Agriculture and Society, 9(1), 1-7. doi:10.17170/kobra-202011192214",Plot,Quantitative,Experiment (on farm),E/M ,2017-2018,1,4,2,2,4,1,1, 3-4,Yes,Yes,"weather variability such as drought, flood, and pests and disease outbreaks (armyworm infestations",Nigeria,Subsaharan Africa,1,tropical rainforest,Africa,LMIC,6.316619592,5.577270124,No,,Experiment (on farm),Farmer-led,Farmer-led,Intercropping: Cereal-legume,Intercrop,1,0,0,Row,Existing farmers' practices,Existing farmers' practices,,Grain / Groundnut,Maize,Groundnut,0,0,1,0,0,0,0,0,0,0,0,,1.680787037,Synthetic - below threshold,rainfed,12.5,1.125,NA,NA,NA,NA,NA,NA,1,1.25,25.4639052,1.254639052,1.254639052,NA,NA,NA,Win-Win,NA,NA,NA,NA,NA,NA,NA,NA,NA,NA,NA,NA,NA,NA,"Table 2. grain yields; Table 4. Soil nutrients (N, OC), Table 3 economics; Figure 1. System productivity",,2,1,2,1,2,2,10
360,666,"Workayehu T., Wortmann C.S.",2011,Maize-bean intercrop weed suppression and profitability in Southern Ethiopia,"Workayehu, T., & Wortmann, C. S. (2011). Maize-Bean Intercrop Weed Suppression and Profitability in Southern Ethiopia. Agronomy Journal, 103(4), 1058-1063. doi:10.2134/agronj2010.0493",Plot,Quantitative,Experiment (research station),RC,1996-2000,5,12,6,6,4,1, 5-10, 3-4,Yes,Yes,"Population growth, declining land availability for food production, poverty, urban expansion",Ethiopia,Subsaharan Africa,1,Awassa,Africa,LIC,7.083333,38.5,No,NA,Experiment (research station),Researcher-led,Researcher-led,Intercropping,Intercrop,1,1,0,Row,Weeding frequency,Weed/pest management,,Grain / Common bean,Maize,Common bean,0,0,0,0,0,0,0,1,0,0,0,,46-0-0,Synthetic - below threshold,rainfed,0,1,NA,NA,1,NA,NA,NA,NA,NA,10.4110539,1.104110539,1.104110539,NA,NA,NA,Mix-Win,NA,NA,NA,NA,NA,NA,NA,NA,Weeds and associated labour requirements,"Weeding frequency (increased maize and bean yield); Planting density (intercropping did not affect weed growth but that weed growth was affected by crop plant density); soil water deficits: ""Maize was less competitive
 than bean in 1999 when soil water defi cits were perceived
 to be severe based on little rainfall in late July and August.""","Low rainfall/soil water - Weed biomass was much greater in 1999, a year with relatively poor crop performance due to below-average rainfall, enabling weed growth in bare soil patches: ""Weed growth was greatest in a year with soil
 water defi cit stress during the maize reproductive stage and low
 maize yield, compared with the other years, indicating less weed
 suppression by maize under such stress conditions""","Time of planting: ""providing a bean harvest early enough to contribute to
 food security by partially resolving food shortages of May to July""","Labour requirements to weed legumes (more weeds in beans than in maize, maize suppresses weeds",,See SuppCalc Sheet,,2,2,2,2,2,2,12
7,9,"Adjei-Nsiah S., Kuyper T.W., Leeuwis C., Abekoe M.K., Giller K.E.",2007,Evaluating sustainable and profitable cropping sequences with cassava and four legume crops: Effects on soil fertility and maize yields in the forest/savannah transitional agro-ecological zone of Ghana,"Adjei-Nsiah, S., Kuyper, T. W., Leeuwis, C., Abekoe, M. K., & Giller, K. E. (2007). Evaluating sustainable and profitable cropping sequences with cassava and four legume crops: Effects on soil fertility and maize yields in the forest/savannah transitional agro-ecological zone of Ghana. Field Crops Research, 103(2), 87-97. doi:10.1016/j.fcr.2007.05.001",Community,Quantitative,Experiment (on farm),E/M,2003-2004,2,6,2,4,1,1, 2-4, 1-2,No,No,,Ghana,Subsaharan Africa,1,Wenchi district,Africa,LMIC,7.7,-2.083333,No,,Experiment (on farm),Farmer-led + researcher-led,Farmer-led + researcher/extension,Rotation,Rotation,1,0,0,Sole,Existing farmers' practices,Existing farmers' practices,,Grain / Cowpea + Pigeonpea,Maize,Multiple,0,1,0,0,0,1,0,0,0,0,0,Cassava,60-60-0 or 0-0-0,Synthetic - below threshold,rainfed,65.55780333,1.655578033,NA,NA,1.21,NA,NA,NA,1.5882353,2.1684988,176,2.76,2.76,NA,NA,NA,Win-Win,NA,NA,NA,natives/migrants; males/females,"food; manufactured capital (access to external inputs like insecticides and herbicides: ""most female farmers feel that since the cultivation of cowpea involves the use of external inputs such as insecticides and herbicides, they cannot raise the financial capital required to purchase these inputs""; food security: higher impact for landless vs those with tenure, migrants prefer short-duration crop rotations like cowpea which have ready market and quick return on investment",NA,NA,"food security (women prefer pigeonpea/maize rotations due to the role pigeonpea plays in food security); tenure (migrant and landless farmers are more likely to adopt legume rotation instead of non-lgeume rotation- When there is no readily available market, farmers have to leave the crop in the field until the time that buyers come to buy, a situation which is not conducive for farmers who rent land)","access to finance (cultivation of cowpea involves use of external inputs such as insecticides and herbicides, farmers cannot raise the financial capital required to purchase these inputs); access to labour (Pigeonpea and cassava are also preferred by women because of their relatively lower labour demand)",soil quality/fertiliser use (too much N from fertiliser in sole cropped maize led to more weeds; no need for fertiliser in legume production),NA,market prices (food value) and costs of inputs (fertiliser costs reduce return on investment for maize solecrop); market availability (ready cowpea market); knowledge of benefits,NA,NA,NA,,0,0,2,2,2,2,8
37,64,"Belay D., Schulthess F., Omwega C.",2009,The profitability of maize-haricot bean intercropping techniques to control maize stem borers under low pest densities in Ethiopia,"Belay, D., Schulthess, F., & Omwega, C. (2009). The profitability of maize-haricot bean intercropping techniques to control maize stem borers under low pest densities in Ethiopia. Phytoparasitica, 37(1), 43-50. doi:10.1007/s12600-008-0002-7",Plot,Quantitative,Experiment (on farm),RC,2004,1,5,4,1,NA,3,1, 3-4,Yes,No,,Ethiopia,Subsaharan Africa,1,Melkassa,Africa,LIC,8.4,39.183333,No,,Experiment (on farm),Farmer-led,Farmer-led,Intercropping: Cereal-legume,Intercrop,1,0,0,Row,Existing farmers' practices,Existing farmers' practices,,Grain / Common bean,Maize,Common bean,0,0,0,0,0,0,0,1,0,0,0,,0 - 85kg N/ha,Synthetic - below threshold,rainfed,32.35294,1.3235294,NA,NA,1.3235294,NA,NA,NA,NA,NA,0,1,1,NA,NA,NA,Mix-Mix,NA,NA,NA,NA,NA,NA,NA,NA,NA,NA,"low pest densities (""benefits of mixed cropping decreased with a decrease of pest infestations."")",NA,NA,"""farmers in
 the Central Rift Valley of Ethiopia can obtain an
 economic advantage by intercropping haricot bean
 with maize at the ratio of 1:1 to 2:1, as indicated by
 higher LER and overall farm income, instead of
 monocropping of both maize and haricot bean.""",NA,,0,1,2,2,2,2,9
38,64,"Belay D., Schulthess F., Omwega C.",2009,The profitability of maize-haricot bean intercropping techniques to control maize stem borers under low pest densities in Ethiopia,"Belay, D., Schulthess, F., & Omwega, C. (2009). The profitability of maize-haricot bean intercropping techniques to control maize stem borers under low pest densities in Ethiopia. Phytoparasitica, 37(1), 43-50. doi:10.1007/s12600-008-0002-7",Plot,Quantitative,Experiment (on farm),RC,2005,1,5,4,1,NA,3,1, 3-4,Yes,No,,Ethiopia,Subsaharan Africa,1,Melkassa,Africa,LIC,8.4,39.183333,No,,Experiment (on farm),Farmer-led,Farmer-led,Intercropping: Cereal-legume,Intercrop,1,0,0,Row,Existing farmers' practices,Existing farmers' practices,,Grain / Common bean,Maize,Common bean,0,0,0,0,0,0,0,1,0,0,0,,0 - 85kg N/ha,Synthetic - below threshold,rainfed,75,1.75,NA,NA,1.75,NA,NA,NA,NA,NA,15,1.15,1.15,NA,NA,NA,Win-Win,NA,NA,NA,NA,NA,NA,NA,NA,NA,NA,"low pest densities (""benefits of mixed cropping decreased with a decrease of pest infestations."")",NA,NA,"""farmers in
 the Central Rift Valley of Ethiopia can obtain an
 economic advantage by intercropping haricot bean
 with maize at the ratio of 1:1 to 2:1, as indicated by
 higher LER and overall farm income, instead of
 monocropping of both maize and haricot bean.""",NA,,0,1,2,2,2,2,9
39,64,"Belay D., Schulthess F., Omwega C.",2009,The profitability of maize-haricot bean intercropping techniques to control maize stem borers under low pest densities in Ethiopia,"Belay, D., Schulthess, F., & Omwega, C. (2009). The profitability of maize-haricot bean intercropping techniques to control maize stem borers under low pest densities in Ethiopia. Phytoparasitica, 37(1), 43-50. doi:10.1007/s12600-008-0002-7",Plot,Quantitative,Experiment (on farm),RC,2005,1,5,4,1,NA,3,1, 3-4,Yes,No,,Ethiopia,Subsaharan Africa,1,Mieso,Africa,LIC,9.333333,41.183333,No,,Experiment (on farm),Farmer-led,Farmer-led,Intercropping: Cereal-legume,Intercrop,1,0,0,Row,Existing farmers' practices,Existing farmers' practices,,Grain / Common bean,Maize,Common bean,0,0,0,0,0,0,0,1,0,0,0,,0 - 85kg N/ha,Synthetic - below threshold,rainfed,-55.70175,0.4429825,NA,NA,0.4429825,NA,NA,NA,NA,NA,5,1.05,1.05,NA,NA,NA,Mix-Win,NA,NA,NA,NA,NA,NA,NA,NA,NA,NA,"low pest densities (""benefits of mixed cropping decreased with a decrease of pest infestations."")",NA,NA,"""farmers in
 the Central Rift Valley of Ethiopia can obtain an
 economic advantage by intercropping haricot bean
 with maize at the ratio of 1:1 to 2:1, as indicated by
 higher LER and overall farm income, instead of
 monocropping of both maize and haricot bean.""",NA,,0,1,2,2,2,2,9
191,406,"Naab J.B., Mahama G.Y., Yahaya I., Prasad P.V.V.",2017,"Conservation agriculture improves soil quality, crop yield, and incomes of smallholder farmers in north western Ghana","Naab, J. B., Mahama, G. Y., Yahaya, I., & Prasad, P. V. V. (2017). Conservation Agriculture Improves Soil Quality, Crop Yield, and Incomes of Smallholder Farmers in North Western Ghana. Front Plant Sci, 8, 996. doi:10.3389/fpls.2017.00996",Farm,Quantitative,Experiment (on farm),RC,2010-2014,4,2,1,1,3,1, 2-4, 3-4,Yes,Yes,"Traditional agricultural practices, low soil fertility, frequent dry spells, drought and unsustainable management practices.",Ghana,Subsaharan Africa,1,"Nyoli, West Ghana",Africa,LMIC,9.75,-2.5,Yes,"""improve farm productivity, profits, and food security""",Experiment (on farm),Farmer-led + support by researchers,Farmer-led + researcher/extension,Rotation,Rotation,1,0,0,Rotation,Conservation agriculture vs Tillage (existing farmers practices),Tillage practices,,Grain / Soybean,Maize,Soybean,0,0,0,0,0,0,0,0,1,0,0,,64-16-31,Synthetic - below threshold,rainfed,8.176525061,1.081765251,NA,NA,NA,NA,NA,1.003530501,1.16,NA,56.49844893,1.564984489,2.419783006,NA,NA,0.710185972,Win-Mix,NA,NA,NA,NA,NA,NA,Yes: higher inputs + labour costs for legumes but higher returns to labour (higher benefit-cost),NA,NA,Conservation agriculture (reduced tillage + residue retention): improved soil moisture due to mulching; Early control of weeds with herbicide,"Low soil fertility: ""low amounts of crop residue production may be due to the low fertility status of the soils in this area coupled with inadequate fertilizer application.""; Harvesting practices: ""lack of significant influence of crop rotation on maize yield may be due to the removal of whole soybean plants from the field for threshing elsewhere and not returning the residue. A legume only adds significant nitrogen to the soil for the benefit of the following crop if the entire biomass (stems, leaves, roots) is incorporated into the soil.""; Tillage",Conservation agriculture (reduced tillage + residue retention): improved soil moisture due to mulching,Tillage,,Figure 4: Yield; Tables: 1 = impact on EC; T2 = Nutrient cycling & Function/process; T4 = Income & cost,,2,2,2,2,2,2,12
46,776,"Bitew, Y., Alemayehu, G., Adego, E., & Assefa, A. (2019, Dec). ",2019,"Boosting land use efficiency, profitability and productivity of finger millet by intercropping with grain legumes","Bitew, Y., Alemayehu, G., Adego, E., & Assefa, A. (2019). Boosting land use efficiency, profitability and productivity of finger millet by intercropping with grain legumes. Cogent Food & Agriculture, 5(1), 22. doi:10.1080/23311932.2019.1702826",Plot,Quantitative,Experiment (on farm),RC,2017-2018,3,16,12,4,3,2, 2-4, 5-10,yes,yes,Planting ratio,Ethiopia,Subsaharan Africa,1,South Achefere and Mecha districts,Africa,LIC,11.340569,36.934292,Yes,"""Sustainable intensification of agriculture is a means of reducing the demand for increased land resources. [...] . Indeed, several authors described
intercropping as an eco-functional intensification practice which has been widely used to boost
crop productivity, increase the land utilization ratio (Laurent et al., 2015), provide a balanced diet,
reduce labor peaks, minimize crop failure due to adverse effects of biotic and abiotic factors,
protect soil against erosion, improve the use of limited resources, increase stability of yield and
provide higher returns (Getachew et al., 2008; Tsubo, Walker, & Ogindo, 2005). """,Experiment (on farm),Farmer-led,Farmer-led,Intercropping millet-legume,Intercrop,1,1,0,Row/Mixed,"also studying the relationships between yield of finger millet and planting ratios in row and mixed finger millet-legume
additive design intercropping. ",Varied spacing/timing,,Grain / Common bean,Finger Millet,Common bean,0,0,0,0,0,0,0,1,0,0,0,0,46-46-0 (finger millet) 18-46-0 (legumes),Synthetic - below threshold,rainfed,22.091688,1.22091688,NA,NA,NA,NA,NA,NA,NA,1.22091688,23.10123953,1.231012395,1.231012395,NA,NA,NA,Win-Win,NA,NA,NA,NA,NA,NA,NA,NA,A treatment is considered a worthy investment by the farmer if the MRR is higher than the minimal acceptable rate of return of 100%,"All LER values obtained from scenario 1, 2 and 3 were
above one indicating that an advantage of intercropping over sole cropping",,"it could be concluded
that FM+HB RI at 100:50 planting ratio offers much opportunity to smallholder farmers for increasing
productivity of finger millet, land use efficiency and profitability and hence it would be a viable option
for increasing household food security",NA,"Specifically, it could be concluded that FM+HB RI at 100:50 planting ratio offers much opportunity to smallholder farmers for increasing
productivity of finger millet, land use efficiency and profitability and hence it would be a viable option for increasing household food security.",Sup calculation,,2,2,2,2,2,2,12
47,776,"Bitew, Y., Alemayehu, G., Adego, E., & Assefa, A. (2019, Dec). ",2019,"Boosting land use efficiency, profitability and productivity of finger millet by intercropping with grain legumes","Bitew, Y., Alemayehu, G., Adego, E., & Assefa, A. (2019). Boosting land use efficiency, profitability and productivity of finger millet by intercropping with grain legumes. Cogent Food & Agriculture, 5(1), 22. doi:10.1080/23311932.2019.1702826",Plot,Quantitative,Experiment (on farm),RC,2017-2018,3,16,12,4,3,2, 2-4, 5-10,yes,yes,Planting ratio,Ethiopia,Subsaharan Africa,1,South Achefere and Mecha districts,Africa,LIC,11.340569,36.934292,Yes,"""Sustainable intensification of agriculture is a means of reducing the demand for increased land resources. [...] . Indeed, several authors described
intercropping as an eco-functional intensification practice which has been widely used to boost
crop productivity, increase the land utilization ratio (Laurent et al., 2015), provide a balanced diet,
reduce labor peaks, minimize crop failure due to adverse effects of biotic and abiotic factors,
protect soil against erosion, improve the use of limited resources, increase stability of yield and
provide higher returns (Getachew et al., 2008; Tsubo, Walker, & Ogindo, 2005). """,Experiment (on farm),Farmer-led,Farmer-led,Intercropping millet-legume,Intercrop,1,1,0,Row/Mixed,"also studying the relationships between yield of finger millet and planting ratios in row and mixed finger millet-legume
additive design intercropping. ",Varied spacing/timing,,Grain / Lupin,Finger Millet,Other,0,0,0,0,0,0,0,0,0,0,Lupin,0,46-46-0 (finger millet) 18-46-0 (legumes),Synthetic - below threshold,rainfed,1.0322337,1.010322337,NA,NA,NA,NA,NA,NA,NA,1.010322337,35.35989806,1.353598981,1.353598981,NA,NA,NA,Win-Win,NA,NA,NA,NA,NA,NA,NA,NA,A treatment is considered a worthy investment by the farmer if the MRR is higher than the minimal acceptable rate of return of 100%,"All LER values obtained from scenario 1, 2 and 3 were
above one indicating that an advantage of intercropping over sole cropping",,"it could be concluded
that FM+HB RI at 100:50 planting ratio offers much opportunity to smallholder farmers for increasing
productivity of finger millet, land use efficiency and profitability and hence it would be a viable option
for increasing household food security",NA,"Specifically, it could be concluded that FM+HB RI at 100:50 planting ratio offers much opportunity to smallholder farmers for increasing
productivity of finger millet, land use efficiency and profitability and hence it would be a viable option for increasing household food security.",Sup calculation,,2,2,2,2,2,2,12
304,731,"Shivaramu HS, Shivashankar K. ",1992,PERFORMANCE OF SUNFLOWER (HELIANTHUS-ANNUUS) AND SOYBEAN (GLYCINE-MAX) IN INTERCROPPING WITH DIFFERENT PLANT-POPULATIONS AND PLANTING PATTERNS,"Shivaramu, H. S., & Shivashankar, K. (1992). PERFORMANCE OF SUNFLOWER (HELIANTHUS-ANNUUS) AND SOYBEAN (GLYCINE-MAX) IN INTERCROPPING WITH DIFFERENT PLANT-POPULATIONS AND PLANTING PATTERNS. Indian Journal of Agronomy, 37(2), 231-236.",Plot,Quantitative,Experiment (research station),E/M,1988-1989,2,14,12,2,3,1, 2-4, 3-4,Yes (but also studying different population levels (planting density) & planting patterns(geometry)),Yes (but also studying different population levels & planting patterns),Need for higher poroductivity and returns,India,South Asia,2,Bangalore,Asia,LMIC,12.979119,77.5913,No,NA,Experiment (research station),Researcher-led,Researcher-led,Intercropping:sunflower-soybean,Intercrop,1,0,0,NA,different population levels (planting density) & planting patterns(geometry)),Varied spacing/timing,,Grain / Soybean,Sunflower,Soybean,0,0,0,0,0,0,0,0,1,0,0,0,NA,Unknown,rainfed,31.35830665,1.313583067,NA,NA,NA,NA,NA,NA,NA,1.313583067,44.86727386,1.448672739,1.448672739,NA,NA,NA,Win-Win,NA,NA,NA,NA,NA,NA,NA,"intercropping generated higher mean income, better LERm higher productivity",NA,NA,NA,"intercropping generated higher mean income, better LERm higher productivity",NA,,"table 1_yields sunflower, table 2 yields soybean, table3_biomass, gross income, LER Shivaramu1992_",,2,2,1,1,2,2,10
273,510,"Ruangsanka S., Sanfan S., Chaiwong U.",2021,"Does intercropping of baby corn (Zea mays l.) with pulse legumes improve soil fertility, crop productivity and profitability?","Ruangsanka, S., Sanfan, S., & Chaiwong, U. (2021). Does Intercropping of Baby Corn (Zea mays L.) with Pulse Legumes Improve Soil Fertility, Crop Productivity and Profitability? Journal of Agricultural Sciences, 16(1), 19-27. doi:10.4038/jas.v16i1.9180",Plot,Quantitative,Experiment (research station),E/M,2018-2019,1,4,3,1,3,1,1, 3-4,Yes,Yes,Legume intercropping useful for increased fertility - nitrogen fixing - green manure - increased income by adding legumes,Thailand,South-east Asia,4,Sorghum Research Centre (Suwan Farm),Asia,UMIC,14.642869,101.315256,No,NA,Experiment (research station),Researcher-led,Researcher-led,Intercropping (Cereal grain-legume),Intercrop,1,0,0,Row,Existing farmers' practices,Existing farmers' practices,,Grain / Mungbean,Corn,Mungbean,0,0,0,0,1,0,0,0,0,0,0,,15-15-15 600kg/ha,Synthetic - above threshold,irrigation,-6.6,0.934,NA,NA,NA,NA,NA,NA,0.934,NA,-3.326583138,0.966734169,0.966734169,NA,NA,NA,Lose-Lose,NA,NA,NA,NA,NA,NA,NA,NA,NA,NA,"Reductions in
growth and productivity of baby corn were not
surprising as pulse legumes acted as weeds that
competed with baby corn for water, nutrients and
solar radiation (Silva et al., 2015).",NA,"legume
crops reduced income from baby corn and the
incomes from legume crops could not reimburse
for crop loss. Reduction in income was the
highest in baby corn with crawling cowpea
(-1581.18 USD ha-1) followed by baby corn with
soybean (-1298.38 USD ha-1), whereas baby corn
with mungbean was the lowest (-254.62 USD
ha-1).---However, the information obtained from the
experiment did not support the assumption of
the study. Intercropping of baby corn with pulse
legumes reduced growth and yield of baby corn.
The additional incomes from all pulse legumes
did not exceed the values of crop losses for
all treatment combinations of intercropping.
Therefore, intercropping of baby corn with
pulse legumes is not recommended.",,"Table 2 corn + legume yields, Table3_total nitrogen, Table4_total income",,2,1,2,2,2,1,10
274,510,"Ruangsanka S., Sanfan S., Chaiwong U.",2021,"Does intercropping of baby corn (Zea mays l.) with pulse legumes improve soil fertility, crop productivity and profitability?","Ruangsanka, S., Sanfan, S., & Chaiwong, U. (2021). Does Intercropping of Baby Corn (Zea mays L.) with Pulse Legumes Improve Soil Fertility, Crop Productivity and Profitability? Journal of Agricultural Sciences, 16(1), 19-27. doi:10.4038/jas.v16i1.9181",Plot,Quantitative,Experiment (research station),E/M,2018-2019,1,4,3,1,3,1,1, 3-4,Yes,Yes,Legume intercropping useful for increased fertility - nitrogen fixing - green manure - increased income by adding legumes,Thailand,South-east Asia,4,Sorghum Research Centre (Suwan Farm),Asia,UMIC,14.642869,101.315256,No,NA,Experiment (research station),Researcher-led,Researcher-led,Intercropping (Cereal grain-legume),Intercrop,1,0,0,Row,Existing farmers' practices,Existing farmers' practices,,Grain / Soybean,Corn,Soybean,0,0,0,0,0,0,0,0,1,0,0,,15-15-15 600kg/ha,Synthetic - above threshold,irrigation,102.8571429,2.028571429,NA,NA,NA,NA,NA,NA,2.028571429,NA,-16.9631962,0.830368038,0.830368038,NA,NA,NA,Win-Lose,NA,NA,NA,NA,NA,NA,NA,NA,NA,NA,"Reductions in
growth and productivity of baby corn were not
surprising as pulse legumes acted as weeds that
competed with baby corn for water, nutrients and
solar radiation (Silva et al., 2015).",NA,"legume
crops reduced income from baby corn and the
incomes from legume crops could not reimburse
for crop loss. Reduction in income was the
highest in baby corn with crawling cowpea
(-1581.18 USD ha-1) followed by baby corn with
soybean (-1298.38 USD ha-1), whereas baby corn
with mungbean was the lowest (-254.62 USD
ha-1).---However, the information obtained from the
experiment did not support the assumption of
the study. Intercropping of baby corn with pulse
legumes reduced growth and yield of baby corn.
The additional incomes from all pulse legumes
did not exceed the values of crop losses for
all treatment combinations of intercropping.
Therefore, intercropping of baby corn with
pulse legumes is not recommended.",,"Table 2 corn + legume yields, Table3_total nitrogen, Table4_total income",,2,1,2,2,2,1,10
275,510,"Ruangsanka S., Sanfan S., Chaiwong U.",2021,"Does intercropping of baby corn (Zea mays l.) with pulse legumes improve soil fertility, crop productivity and profitability?","Ruangsanka, S., Sanfan, S., & Chaiwong, U. (2021). Does Intercropping of Baby Corn (Zea mays L.) with Pulse Legumes Improve Soil Fertility, Crop Productivity and Profitability? Journal of Agricultural Sciences, 16(1), 19-27. doi:10.4038/jas.v16i1.9182",Plot,Quantitative,Experiment (research station),E/M,2018-2019,1,4,3,1,3,1,1, 3-4,Yes,Yes,Legume intercropping useful for increased fertility - nitrogen fixing - green manure - increased income by adding legumes,Thailand,South-east Asia,4,Sorghum Research Centre (Suwan Farm),Asia,UMIC,14.642869,101.315256,No,NA,Experiment (research station),Researcher-led,Researcher-led,Intercropping (Cereal grain-legume),Intercrop,1,0,0,Row,Existing farmers' practices,Existing farmers' practices,,Grain / Cowpea,Corn,Cowpea,0,1,0,0,0,0,0,0,0,0,0,,15-15-15 600kg/ha,Synthetic - above threshold,irrigation,195.7142857,2.957142857,NA,NA,NA,NA,NA,NA,2.957142857,NA,-20.65794803,0.79342052,0.79342052,NA,NA,NA,Win-Lose,NA,NA,NA,NA,NA,NA,NA,NA,NA,NA,"Reductions in
growth and productivity of baby corn were not
surprising as pulse legumes acted as weeds that
competed with baby corn for water, nutrients and
solar radiation (Silva et al., 2015).",NA,"legume
crops reduced income from baby corn and the
incomes from legume crops could not reimburse
for crop loss. Reduction in income was the
highest in baby corn with crawling cowpea
(-1581.18 USD ha-1) followed by baby corn with
soybean (-1298.38 USD ha-1), whereas baby corn
with mungbean was the lowest (-254.62 USD
ha-1).---However, the information obtained from the
experiment did not support the assumption of
the study. Intercropping of baby corn with pulse
legumes reduced growth and yield of baby corn.
The additional incomes from all pulse legumes
did not exceed the values of crop losses for
all treatment combinations of intercropping.
Therefore, intercropping of baby corn with
pulse legumes is not recommended.",,"Table 2 corn + legume yields, Table3_total nitrogen, Table4_total income",,2,1,2,2,2,1,10
182,742,"Mohan, H.M., Chittapur, B.M., Hiremath, S.M",2013,EVALUATION OF RICEBEAN AND FRENCHBEAN AS INTERCROPS WITH MAIZE UNDER DIFFERENT ROW PROPORTIONS IN THE PENINSULAR REGION,"Mohan, H. M., Chittapur, B. M., & Hiremath, S. M. (2013). EVALUATION OF RICEBEAN AND FRENCHBEAN AS INTERCROPS WITH MAIZE UNDER DIFFERENT ROW PROPORTIONS IN THE PENINSULAR REGION. Legume Research, 36(4), 338-343. ",Plot,Quantitative,Experiment (research station),E/M,2022,1,11,6,5,3,1,1, 3-4,Not exclusively (also studying impact of differen row spacing and plants density ratio) ,Not exclusively (also studying impact of differen row spacing and plants density ratio) ,"Food security,nutritional security, nutirtional security, need to find another legume because soybean has been affected by rust disease.",India,South Asia,2,"Main Agricultural Research Station, Dharwad, Karnataka",Asia,LMIC,15.463467,75.045458,No,NA,Experiment (research station),Researcher-led,Researcher-led,Intercropping:maize-legume,Intercrop,1,1,0,NA,also studying impact of differen row spacing and plants density ratio),Varied spacing/timing,,Grain / Rice bean,Maize,Ricebean,0,0,0,0,0,0,0,0,0,0,Rice bean (Vigna umbellate),0,75-75-37.5,Synthetic - below threshold,rainfed,11.4398148,1.114398148,NA,NA,NA,NA,NA,NA,1.241269841,0.987526455,26.01382873,1.260138287,1.371451509,1.148825065,NA,NA,Win-Win,NA,NA,NA,NA,NA,NA,"study revealed the possibility of
intercropping of non-conventional legumes namely
ricebean and frenchbean in 1:2 row proportions with
maize, while maize + frenchbean assured more
income due higher market price of frenchbean,
ricebean produced comparable maize equivalent
yield as that of recommended maize + soybean
system. However, protein yield was the highest with
the latter intercropping","Frenchbean as row intercrop in maize grown
in 1:2 row proportion in the Northern transitional
zone of Karnataka produced higher maize equivalent
yield (8068 kg ha-1) and assured more income (Rs.
29 054/- ha-1) while, intercropped ricebean was
comparable to maize + soybean in productivity.
Maize + soybean had higher protein output (851 kg
ha-1) than other systems.",NA,"All the intercropping systems
assured better utilization of natural resources viz.,
land, light nutrients and water besides maintained
better available soil nitrogen status after crop harvest.",NA,NA,NA,,"Table 3_ yield, LER, BC ratio, protein yield, N uptake",,2,1,2,2,2,2,11
183,742,"Mohan, H.M., Chittapur, B.M., Hiremath, S.M",2013,EVALUATION OF RICEBEAN AND FRENCHBEAN AS INTERCROPS WITH MAIZE UNDER DIFFERENT ROW PROPORTIONS IN THE PENINSULAR REGION,"Mohan, H. M., Chittapur, B. M., & Hiremath, S. M. (2013). EVALUATION OF RICEBEAN AND FRENCHBEAN AS INTERCROPS WITH MAIZE UNDER DIFFERENT ROW PROPORTIONS IN THE PENINSULAR REGION. Legume Research, 36(4), 338-343. ",Plot,Quantitative,Experiment (research station),E/M,2022,1,11,9,2,3,1,1, 3-4,Not exclusively (also studying impact of differen row spacing and plants density ratio) ,Not exclusively (also studying impact of differen row spacing and plants density ratio) ,"Food security,nutritional security, nutirtional security, need to find another legume because soybean has been affected by rust disease.",India,South Asia,2,"Main Agricultural Research Station, Dharwad, Karnataka",Asia,LMIC,15.463467,75.045458,No,NA,Experiment (research station),Researcher-led,Researcher-led,Intercropping:maize-legume,Intercrop,1,1,0,NA,also studying impact of differen row spacing and plants density ratio),Varied spacing/timing,,Grain / Common bean,Maize,Common bean,0,0,0,0,0,0,0,1,0,0,0,0,75-75-37.5,Synthetic - below threshold,rainfed,10.87278845,1.108727884,NA,NA,NA,NA,NA,NA,1.231746032,0.985709737,51.74742718,1.517474272,1.750353243,1.2845953,NA,NA,Win-Win,NA,NA,NA,NA,NA,NA,"study revealed the possibility of
intercropping of non-conventional legumes namely
ricebean and frenchbean in 1:2 row proportions with
maize, while maize + frenchbean assured more
income due higher market price of frenchbean,
ricebean produced comparable maize equivalent
yield as that of recommended maize + soybean
system. However, protein yield was the highest with
the latter intercropping","Frenchbean as row intercrop in maize grown
in 1:2 row proportion in the Northern transitional
zone of Karnataka produced higher maize equivalent
yield (8068 kg ha-1) and assured more income (Rs.
29 054/- ha-1) while, intercropped ricebean was
comparable to maize + soybean in productivity.
Maize + soybean had higher protein output (851 kg
ha-1) than other systems.",NA,"All the intercropping systems
assured better utilization of natural resources viz.,
land, light nutrients and water besides maintained
better available soil nitrogen status after crop harvest.",NA,NA,NA,,"Table 3_ yield, LER, BC ratio, protein yield, N uptake",,2,1,2,2,2,2,11
184,742,"Mohan, H.M., Chittapur, B.M., Hiremath, S.M",2013,EVALUATION OF RICEBEAN AND FRENCHBEAN AS INTERCROPS WITH MAIZE UNDER DIFFERENT ROW PROPORTIONS IN THE PENINSULAR REGION,"Mohan, H. M., Chittapur, B. M., & Hiremath, S. M. (2013). EVALUATION OF RICEBEAN AND FRENCHBEAN AS INTERCROPS WITH MAIZE UNDER DIFFERENT ROW PROPORTIONS IN THE PENINSULAR REGION. Legume Research, 36(4), 338-343. ",Plot,Quantitative,Experiment (research station),E/M,2022,1,11,9,2,3,1,1, 3-4,Not exclusively (also studying impact of differen row spacing and plants density ratio) ,Not exclusively (also studying impact of differen row spacing and plants density ratio) ,"Food security,nutritional security, nutirtional security, need to find another legume because soybean has been affected by rust disease.",India,South Asia,2,"Main Agricultural Research Station, Dharwad, Karnataka",Asia,LMIC,15.463467,75.045458,No,NA,Experiment (research station),Researcher-led,Researcher-led,Intercropping:maize-legume,Intercrop,1,1,0,NA,also studying impact of differen row spacing and plants density ratio),Varied spacing/timing,,Grain / Soybean,Maize,Soybean,0,0,0,0,0,0,0,0,1,0,0,0,75-75-37.5,Synthetic - below threshold,rainfed,25.18472043,1.251847204,NA,NA,NA,NA,NA,NA,1.511111111,0.992583297,21.80809399,1.21808094,1.35,1.08616188,NA,NA,Win-Win,NA,NA,NA,NA,NA,NA,"study revealed the possibility of
intercropping of non-conventional legumes namely
ricebean and frenchbean in 1:2 row proportions with
maize, while maize + frenchbean assured more
income due higher market price of frenchbean,
ricebean produced comparable maize equivalent
yield as that of recommended maize + soybean
system. However, protein yield was the highest with
the latter intercropping","Frenchbean as row intercrop in maize grown
in 1:2 row proportion in the Northern transitional
zone of Karnataka produced higher maize equivalent
yield (8068 kg ha-1) and assured more income (Rs.
29 054/- ha-1) while, intercropped ricebean was
comparable to maize + soybean in productivity.
Maize + soybean had higher protein output (851 kg
ha-1) than other systems.",NA,"All the intercropping systems
assured better utilization of natural resources viz.,
land, light nutrients and water besides maintained
better available soil nitrogen status after crop harvest.",NA,NA,NA,,"Table 3_ yield, LER, BC ratio, protein yield, N uptake",,2,1,2,2,2,2,11
168,366,"Manjunath B.L., Paramesh V., Mahajan G.R., Reddy K.V., Das B., Singh N.P.",2018,"A five years study on the selection of rice based cropping systems in Goa, for west coast region of India","Manjunath, B. L., Paramesh, V., Mahajan, G. R., Reddy, K. V., Das, B., & Singh, N. P. (2018). A five years study on the selection of rice based cropping systems in Goa, for west coast region of India. Journal of Environmental Biology, 39(3), 393-399. doi:10.22438/jeb/39/3/MRN-593",Plot,Quantitative,Experiment (research station),E/M,2010-2015,5,5,2,3,1,1, 5-10, 1-2,Yes,Yes,,India,South Asia,2,"ICAR- Central Coastal Agricultural Research Institute, Goa",Asia,LMIC,15.498594,73.916948,No,,Experiment (research station),Researcher-led,Researcher-led,Rotation,Rotation,1,0,0,Rotation,Existing farmers' practices,Existing farmers' practices,,Grain / Cowpea,Rice,Cowpea,0,1,0,0,0,0,0,0,0,0,0,Brinjal. Sweetcorn,0-0-0 (organic - manure),No synthetic,irrigation,9.425679833,1.094256798,0.970238095,NA,NA,NA,NA,NA,1.0352397,1.2772926,59.8185242,1.598185242,1.598185242,NA,NA,NA,Mix-Mix,NA,NA,NA,NA,NA,NA,Yes: higher material/physical capital needed to produce legumes which have higher yields and income gains,"Crop choice: short duration, tolerant to terminal water stress, better yielding, disease and pest resistant having a quick ground cover with high local market demand. Crop should have good acceptance by local farmers for capacity to adjust to existing cropping system.",NA,"Crop choice: short duration, tolerant to terminal water stress, better yielding, disease and pest resistant having a quick ground cover with high local market demand; Access to irrigation during dry season",Access to inputs,Local market demand + higher market prices for legumes compared with rice,Access to inputs,"""improved utilization of labour, reduced unemployment and provided a source of livelihood (Thamrongwarangkul, 2001; Van ., 2003)""",NA,,1,2,2,2,2,2,11
169,366,"Manjunath B.L., Paramesh V., Mahajan G.R., Reddy K.V., Das B., Singh N.P.",2018,"A five years study on the selection of rice based cropping systems in Goa, for west coast region of India","Manjunath, B. L., Paramesh, V., Mahajan, G. R., Reddy, K. V., Das, B., & Singh, N. P. (2018). A five years study on the selection of rice based cropping systems in Goa, for west coast region of India. Journal of Environmental Biology, 39(3), 393-399. doi:10.22438/jeb/39/3/MRN-593",Plot,Quantitative,Experiment (research station),E/M,2010-2015,5,5,2,3,1,1, 5-10, 1-2,Yes,Yes,,India,South Asia,2,"ICAR- Central Coastal Agricultural Research Institute, Goa",Asia,LMIC,15.498594,73.916948,No,,Experiment (research station),Researcher-led,Researcher-led,Rotation,Rotation,1,0,0,Rotation,Existing farmers' practices,Existing farmers' practices,,Grain / Groundnut,Rice,Groundnut,0,0,1,0,0,0,0,0,0,0,0,Brinjal. Sweetcorn,0-0-0 (organic - manure),No synthetic,irrigation,26.96612533,1.269661253,0.96031746,NA,NA,NA,NA,NA,0.938186,1.9104803,21.3319637,1.213319637,1.213319637,NA,NA,NA,Mix-Mix,NA,NA,NA,NA,NA,NA,Yes: higher material/physical capital needed to produce legumes which have higher yields and income gains,"Crop choice: short duration, tolerant to terminal water stress, better yielding, disease and pest resistant having a quick ground cover with high local market demand. Crop should have good acceptance by local farmers for capacity to adjust to existing cropping system.",NA,"Crop choice: short duration, tolerant to terminal water stress, better yielding, disease and pest resistant having a quick ground cover with high local market demand; Access to irrigation during dry season",Access to inputs,Local market demand + higher market prices for legumes compared with rice,Access to inputs,"""improved utilization of labour, reduced unemployment and provided a source of livelihood (Thamrongwarangkul, 2001; Van ., 2003)""",NA,,1,2,2,2,2,2,11
170,367,"Manjunath M.G., Salakinkop S.R., Somanagouda G.",2018,Productivity and profitability of soybean based millets intercropping systems,"Manjunath, M. G., Salakinkop, S. R., & Somanagouda, G. (2018). Productivity and profitability of soybean based millets intercropping systems. Research on Crops, 19(1), 43-47. doi:10.5958/2348-7542.2018.00006.2",Plot,Quantitative,Experiment (research station),E/M,2016,1,10,7,3,3,1,1, 3-4,Yes,Yes,"Intercropping reduces crop failure, is barrier for pests, improve soil fertility and make farmers self-sufficient",India,South Asia,2,"Agricultural Research Station, Bailhongal, Belagavi district, Karnataka",Asia,LMIC,15.826447,74.786961,No,,Experiment (research station),Researcher-led,Researcher-led,Intercropping: Cereal-legume,Intercrop,1,1,0,Row,Existing farmers' practices,Existing farmers' practices,,Grain / Soybean,Millet (foxtail),Soybean,0,0,0,0,0,0,0,0,1,0,0,,NA,Unknown,rainfed,-6.94073,0.9305927,NA,NA,NA,NA,NA,NA,NA,0.9305927,119.3680249,2.193680249,2.193680249,NA,NA,NA,Mix-Win,NA,NA,NA,NA,NA,NA,NA,NA,NA,"Crop choice: ""efficient utilization of available resources viz., space, nutrients and light compared to other intercropping systems""",Planting pattern: lower dry matter production and leaf area in less dense planting (4:2 legume/cereal vs 2:1),"Market prices, crop combination: ""higher market prices coupled with better utilization of resources""",Planting pattern: slight economic benefit of denser planting (4:2 legume/cereal vs 2:1),See supporting alculations tab,"Table 4. Production and profitability of soybean and millets in intercropping systems, Table 1. Growth attributes of soybean and millets in intercropping systems, Table 2. Total dry matter production in soybean and millets in intercropping systems (g plant -1)",,2,1,2,1,2,2,10
171,367,"Manjunath M.G., Salakinkop S.R., Somanagouda G.",2018,Productivity and profitability of soybean based millets intercropping systems,"Manjunath, M. G., Salakinkop, S. R., & Somanagouda, G. (2018). Productivity and profitability of soybean based millets intercropping systems. Research on Crops, 19(1), 43-47. doi:10.5958/2348-7542.2018.00006.3",Plot,Quantitative,Experiment (research station),E/M,2016,1,10,7,3,3,1,1, 3-4,Yes,Yes,"Intercropping reduces crop failure, is barrier for pests, improve soil fertility and make farmers self-sufficient",India,South Asia,2,"Agricultural Research Station, Bailhongal, Belagavi district, Karnataka",Asia,LMIC,15.826447,74.786961,No,,Experiment (research station),Researcher-led,Researcher-led,Intercropping: Cereal-legume,Intercrop,1,1,0,Row,Existing farmers' practices,Existing farmers' practices,,Grain / Soybean,Millet (finger),Soybean,0,0,0,0,0,0,0,0,1,0,0,,NA,Unknown,rainfed,-17.4346,0.825654,NA,NA,NA,NA,NA,NA,NA,0.825654,117.0420393,2.170420393,2.170420393,NA,NA,NA,Mix-Win,NA,NA,NA,NA,NA,NA,NA,NA,NA,"Crop choice: ""efficient utilization of available resources viz., space, nutrients and light compared to other intercropping systems""",Planting pattern: lower dry matter production and leaf area in less dense planting (4:2 legume/cereal vs 2:1),"Market prices, crop combination: ""higher market prices coupled with better utilization of resources""",Planting pattern: slight economic benefit of denser planting (4:2 legume/cereal vs 2:1),See supporting alculations tab,"Table 4. Production and profitability of soybean and millets in intercropping systems, Table 1. Growth attributes of soybean and millets in intercropping systems, Table 2. Total dry matter production in soybean and millets in intercropping systems (g plant -1)",,2,1,2,1,2,2,10
172,367,"Manjunath M.G., Salakinkop S.R., Somanagouda G.",2018,Productivity and profitability of soybean based millets intercropping systems,"Manjunath, M. G., Salakinkop, S. R., & Somanagouda, G. (2018). Productivity and profitability of soybean based millets intercropping systems. Research on Crops, 19(1), 43-47. doi:10.5958/2348-7542.2018.00006.4",Plot,Quantitative,Experiment (research station),E/M,2016,1,10,7,3,3,1,1, 3-4,Yes,Yes,"Intercropping reduces crop failure, is barrier for pests, improve soil fertility and make farmers self-sufficient",India,South Asia,2,"Agricultural Research Station, Bailhongal, Belagavi district, Karnataka",Asia,LMIC,15.826447,74.786961,No,,Experiment (research station),Researcher-led,Researcher-led,Intercropping: Cereal-legume,Intercrop,1,1,0,Row,Existing farmers' practices,Existing farmers' practices,,Grain / Soybean,Millet (little),Soybean,0,0,0,0,0,0,0,0,1,0,0,,NA,Unknown,rainfed,-22.06727,0.7793273,NA,NA,NA,NA,NA,NA,NA,0.7793273,161.6705962,2.616705962,2.616705962,NA,NA,NA,Mix-Win,NA,NA,NA,NA,NA,NA,NA,NA,NA,"Crop choice: ""efficient utilization of available resources viz., space, nutrients and light compared to other intercropping systems""",Planting pattern: lower dry matter production and leaf area in less dense planting (4:2 legume/cereal vs 2:1),"Market prices, crop combination: ""higher market prices coupled with better utilization of resources""",Planting pattern: slight economic benefit of denser planting (4:2 legume/cereal vs 2:1),See supporting alculations tab,"Table 4. Production and profitability of soybean and millets in intercropping systems, Table 1. Growth attributes of soybean and millets in intercropping systems, Table 2. Total dry matter production in soybean and millets in intercropping systems (g plant -1)",,2,1,2,1,2,2,10
335,589,"Soriano J.B., Wani S.P., Rao A.N., Hanumanthappa A.K., Gowda J.A.C., Rathore A.",2017,On-farm evaluation of dry-seeded rice cultivars and cropping systems in the semi-arid region of India,"Soriano, J. B., Wani, S. P., Rao, A. N., Hanumanthappa, A. K., Gowda, J. A. C., & Rathore, A. (2017). On-farm evaluation of dry-seeded rice cultivars and cropping systems in the semi-arid region of India. Philippine Journal of Science, 146(3), 223-235.",Field,Quantitative,Experiment (on farm),RC,2013-2014,2,4,2,2,5,1, 2-4, 5-10,Yes,Yes,,India,South Asia,2,Raichur Taluka,Asia,LMIC,16.166667,77.2,No,NA,Experiment (on farm),Farmer-led,Farmer-led,Rotation,Rotation,1,0,0,Rotation,Different rice cultivars,Seed improvement,,Grain / Chickpea,Rice,Chickpea,1,0,0,0,0,0,0,0,0,0,0,Mustard,120-60-40,Synthetic - below threshold,irrigation,21.5474,1.215474,NA,NA,NA,NA,NA,NA,NA,1.215474,33.843085,1.33843085,1.33843085,NA,NA,NA,Win-Mix,NA,NA,NA,NA,NA,NA,NA,"Profit; Availability of machinery for sowing: ""Commercially available machines for direct sowing of rice and dryland crops may propel farmers to adopt DDSR system during the rainy season and grow dryland crops after rice.""",Machinery,"Irrigation water availability: ""Stable canal water supply and rainfall during the later part of rainy season, which resulted to sufficient residual soil moisture""; Choice of crop- rice cultivar and legume: ""Yield and above-ground biomass was significantly affected by rice cultivar and dryland crop during both years ""; sowing time (early sowing to avoid heat stress and soil moisture deficiency)",NA,NA,Labour availability (intercropping more labour-intensive to plant + harvest than sole cropping),,See SuppCalc Sheet,,2,2,2,2,2,2,12
336,589,"Soriano J.B., Wani S.P., Rao A.N., Hanumanthappa A.K., Gowda J.A.C., Rathore A.",2017,On-farm evaluation of dry-seeded rice cultivars and cropping systems in the semi-arid region of India,"Soriano, J. B., Wani, S. P., Rao, A. N., Hanumanthappa, A. K., Gowda, J. A. C., & Rathore, A. (2017). On-farm evaluation of dry-seeded rice cultivars and cropping systems in the semi-arid region of India. Philippine Journal of Science, 146(3), 223-235.",Field,Quantitative,Experiment (on farm),RC,2013-2014,2,4,2,2,5,1, 2-4, 5-10,Yes,Yes,,India,South Asia,2,Raichur Taluka,Asia,LMIC,16.166667,77.25,No,NA,Experiment (on farm),Farmer-led,Farmer-led,Rotation,Rotation,1,0,0,Rotation,Different rice cultivars,Seed improvement,,Grain / Mungbean,Rice,Mungbean,0,0,0,0,1,0,0,0,0,0,0,Mustard,120-60-40,Synthetic - below threshold,irrigation,9.8939,1.098939,NA,NA,NA,NA,NA,NA,NA,1.098939,26.795213,1.26795213,1.26795213,NA,NA,NA,Win-Mix,NA,NA,NA,NA,NA,NA,NA,"Profit; Availability of machinery for sowing: ""Commercially available machines for direct sowing of rice and dryland crops may propel farmers to adopt DDSR system during the rainy season and grow dryland crops after rice.""",Machinery,"Irrigation water availability: ""Stable canal water supply and rainfall during the later part of rainy season, which resulted to sufficient residual soil moisture""; Choice of crop- rice cultivar and legume: ""Yield and above-ground biomass was significantly affected by rice cultivar and dryland crop during both years ""; sowing time (early sowing to avoid heat stress and soil moisture deficiency)",NA,NA,Labour availability (intercropping more labour-intensive to plant + harvest than sole cropping),,See SuppCalc Sheet,,2,2,2,2,2,2,12
192,737,"Nageswara Rao N, Meinke H, Craufurd PQ, et al.",2015,Strategic double cropping on Vertisols: A viable rainfed cropping option in the Indian SAT to increase productivity and reduce risk,"Nageswara Rao, V., Meinke, H., Craufurd, P. Q., Parsons, D., Kropff, M. J., Anten, N. P. R., . . . Rego, T. J. (2015). Strategic double cropping on Vertisols: A viable rainfed cropping option in the Indian SAT to increase productivity and reduce risk. European Journal of Agronomy, 62, 26-37. doi:10.1016/j.eja.2014.09.003",Plot,Quantitative,Experiment (research station),E/M,1983-1997,15,5,4,1,NA,1,>10,Unknown,Not exclusively (also studying impact of different rates of N application) ,Not exclusively (also studying impact of different rates of N application) ,"The sta-tus of rainfed agriculture in India is precarious, with productivitybeing hampered by low cropping intensity which results from risk-averse crop management decisions associated with high incidenceof poverty among small-holder farmers.  legumes provide N inputs, grain and fodder, increase rpoductivity of subsequent crops in rotation systems. ",India,South Asia,2,"ICRISAT Centre, Patancheru",Asia,LMIC,17.5,78.2,No,NA,Experiment (research station),Researcher-led,Researcher-led,Rotation: sorghum-legume,Rotation,0,0,1,NA,"application of different rates of Nitrogen (0,40,80,120)",Fertilizer rates/type,,Grain / Mungbean,Sorghum,Mungbean,0,0,0,0,1,0,0,0,0,0,0,0,"0,40,80,120 (N) + 20kg P ha-1",Synthetic - below threshold,rainfed,116.5503723,2.165503723,NA,NA,NA,NA,NA,NA,2.165503723,NA,404.9511871,5.049511871,5.049511871,NA,NA,NA,Win-Win,NA,NA,NA,NA,NA,NA,"Risk analysis indicates double cropping systems at different rates ofN provide options for decision makers based on their willingnessfor risk, to minimise the economic risks or to maximize systemproductivity compared to traditional fallow systems.",residual N from the legumecrop in the system played a key role in enhancing the productiv-ity of sorghum in the rainy and post-rainy seasons in these doublecropped systems.,NA,"Increased productivity on crops with legumes. In the semi-aridregions of India, post-rainy season crops often suffer from waterand nutrient limitations under receding soil moisture conditions inseveral seasons as seen from this long-term experiment. Intensifieddouble cropping systems had greater annual yields, mainly due toadditional yields coming either from the sorghum or mung beangrown during the rainy season which resulted in a better utilizationof available water and nutrients.",NA,NA,NA,Application of Nitrogen might have influenced yields (confounding variable),"Fig1_grain yield average 15 years, table4_gross profit, Fig2 uptake of Nitrogen",,2,2,2,1,1,2,10
193,737,"Nageswara Rao N, Meinke H, Craufurd PQ, et al.",2015,Strategic double cropping on Vertisols: A viable rainfed cropping option in the Indian SAT to increase productivity and reduce risk,"Nageswara Rao, V., Meinke, H., Craufurd, P. Q., Parsons, D., Kropff, M. J., Anten, N. P. R., . . . Rego, T. J. (2015). Strategic double cropping on Vertisols: A viable rainfed cropping option in the Indian SAT to increase productivity and reduce risk. European Journal of Agronomy, 62, 26-37. doi:10.1016/j.eja.2014.09.004",Plot,Quantitative,Experiment (research station),E/M,1983-1997,15,5,4,1,NA,1,>10,Unknown,Not exclusively (also studying impact of different rates of N application) ,Not exclusively (also studying impact of different rates of N application) ,"The sta-tus of rainfed agriculture in India is precarious, with productivitybeing hampered by low cropping intensity which results from risk-averse crop management decisions associated with high incidenceof poverty among small-holder farmers.  legumes provide N inputs, grain and fodder, increase rpoductivity of subsequent crops in rotation systems. ",India,South Asia,2,"ICRISAT Centre, Patancheru",Asia,LMIC,17.5,78.2,No,NA,Experiment (research station),Researcher-led,Researcher-led,Rotation: sorghum-legume,Rotation,0,0,1,NA,"application of different rates of Nitrogen (0,40,80,120)",Fertilizer rates/type,,Grain / Chickpea,Sorghum,Chickpea,1,0,0,0,0,0,0,0,0,0,0,0,"0,40,80,120 (N) + 20kg P ha-1",Synthetic - below threshold,rainfed,115.8328184,2.158328184,NA,NA,NA,NA,NA,NA,2.158328184,NA,419.9235581,5.199235581,5.199235581,NA,NA,NA,Win-Win,NA,NA,NA,NA,NA,NA,"Risk analysis indicates double cropping systems at different rates ofN provide options for decision makers based on their willingnessfor risk, to minimise the economic risks or to maximize systemproductivity compared to traditional fallow systems.",residual N from the legumecrop in the system played a key role in enhancing the productiv-ity of sorghum in the rainy and post-rainy seasons in these doublecropped systems.,NA,"Increased productivity on crops with legumes. In the semi-aridregions of India, post-rainy season crops often suffer from waterand nutrient limitations under receding soil moisture conditions inseveral seasons as seen from this long-term experiment. Intensifieddouble cropping systems had greater annual yields, mainly due toadditional yields coming either from the sorghum or mung beangrown during the rainy season which resulted in a better utilizationof available water and nutrients.",NA,NA,NA,Application of Nitrogen might have influenced yields (confounding variable),"Fig1_grain yield average 15 years, table4_gross profit, Fig2 uptake of Nitrogen",,2,2,2,1,1,2,10
194,407,"Nageswara Rao V., Meinke H., Craufurd P.Q., Parsons D., Kropff M.J., Anten N.P.R., Wani S.P., Rego T.J.",2015,Strategic double cropping on Vertisols: A viable rainfed cropping option in the Indian SAT to increase productivity and reduce risk,"Nageswara Rao, V., Meinke, H., Craufurd, P. Q., Parsons, D., Kropff, M. J., Anten, N. P. R., . . . Rego, T. J. (2015). Strategic double cropping on Vertisols: A viable rainfed cropping option in the Indian SAT to increase productivity and reduce risk. European Journal of Agronomy, 62, 26-37. doi:10.1016/j.eja.2014.09.003",Plot,Quantitative,Experiment (research station),E/M,1983-1997,15,5,4,1,4,1,>10, 3-4,Yes,Yes,"Weather, poverty: ""The status of rainfed agriculture in India is precarious, with productivity being hampered by low cropping intensity which results from riskaverse crop management decisions associated with high incidence of poverty among small-holder farmers. Variability in the onset and distribution of monsoonal rains in
 June-July is a key risk for crop production, limiting opportunities for crop intensification on Vertisols""",India,South Asia,2,Patancheru ICRISAT Centre,Asia,LMIC,17.51127948,78.27522609,Yes,"""crop intensification options through sequential double cropping and N application can lead to improved productivity of Vertisols""",Experiment (research station),Researcher-led,Researcher-led,Intercropping: Cereal-legume,Intercrop,1,0,0,Rotation,Different fertiliser regimes + existing farmers practices,Fertilizer rates/type, best management practices,Grain / Mungbean,Sorghum,Mungbean,0,0,0,0,1,0,0,0,0,0,0,,0-20-0 to 120-20-0,Synthetic - below threshold,rainfed,139.725261,2.39725261,NA,NA,NA,NA,NA,NA,2.39725261,NA,149.9521085,2.499521085,2.499521085,NA,NA,NA,Win-Win,NA,NA,NA,NA,NA,NA,NA,"""Farmers’ decisions to adopt an alternative cropping system
 depend not only on improvements in mean productivity but also on their understanding of the fluctuations in profits and risks associated with the new strategy.""",Low rainfall,"High rainfall (legume cover reduces runoff and N loss compared with fallow); number of legume rotations: ""Intensified double cropping systems had greater annual yields, mainly due to additional yields coming either from the sorghum or mung bean grown during the rainy season which resulted in a better utilization of available water and nutrients.""","High soil N/fertiliser use: ""Overall our results show that the double cropping systems resulted in higher sorghum and total system yields but this advantage declined with increasing level of N fertilizer""; Cropping System × Nitrogen interactions were associated with: very low yields in the FS–FS (fallow-sorghum) system without N application in 1984; a severe effect of leaf spot (Helminthosporium sorghicola Lefebvre & Sherwin) on post-rainy sorghum in 1987; and water stress resulting in lower yield of sorghum for the 120 kg N ha?1 treatment compared to the 80 kg N ha?1 treatment in 1992","Fertiliser use: ""these double cropping systems are on average more profitable and less risky than their traditional fallow counterparts. With increased N, intensified double cropping systems gave higher gross profit margins in the range of 54% to 63%, which is an indication of higher potential for economic viability and maximize efficiency of investment in these systems. By contrast, traditional systems without N application made losses in 5 to 7 out of 15 years,""",Low rainfall,"""traditional system of rainy season fallowing is financially very risky, particularly when combined with low fertilizer application.""",Yield (fig 1/2/3) income (Table 4) N uptake (Figure 7) ,,2,2,1,2,2,2,11
195,407,"Nageswara Rao V., Meinke H., Craufurd P.Q., Parsons D., Kropff M.J., Anten N.P.R., Wani S.P., Rego T.J.",2015,Strategic double cropping on Vertisols: A viable rainfed cropping option in the Indian SAT to increase productivity and reduce risk,"Nageswara Rao, V., Meinke, H., Craufurd, P. Q., Parsons, D., Kropff, M. J., Anten, N. P. R., . . . Rego, T. J. (2015). Strategic double cropping on Vertisols: A viable rainfed cropping option in the Indian SAT to increase productivity and reduce risk. European Journal of Agronomy, 62, 26-37. doi:10.1016/j.eja.2014.09.003",Plot,Quantitative,Experiment (research station),E/M,1983-1997,15,5,4,1,4,1,>10, 3-4,Yes,Yes,"Weather, poverty: ""The status of rainfed agriculture in India is precarious, with productivity being hampered by low cropping intensity which results from riskaverse crop management decisions associated with high incidence of poverty among small-holder farmers. Variability in the onset and distribution of monsoonal rains in
 June-July is a key risk for crop production, limiting opportunities for crop intensification on Vertisols""",India,South Asia,2,Patancheru ICRISAT Centre,Asia,LMIC,17.51127948,78.27522609,Yes,"""crop intensification options through sequential double cropping and N application can lead to improved productivity of Vertisols""",Experiment (research station),Researcher-led,Researcher-led,Intercropping: Cereal-legume,Intercrop,1,0,0,Rotation,Different fertiliser regimes + existing farmers practices,Fertilizer rates/type, best management practices,Grain / Chickpea,Sorghum,Chickpea,1,0,0,0,0,0,0,0,0,0,0,,0-20-0 to 120-20-0,Synthetic - below threshold,rainfed,21.36446156,1.213644616,NA,NA,NA,NA,NA,NA,1.213644616,NA,37.11862405,1.37118624,1.37118624,NA,NA,NA,Mix-Mix,NA,NA,NA,NA,NA,NA,NA,"""Farmers’ decisions to adopt an alternative cropping system
 depend not only on improvements in mean productivity but also on their understanding of the fluctuations in profits and risks associated with the new strategy.""",Low rainfall,"High rainfall (legume cover reduces runoff and N loss compared with fallow); number of legume rotations: ""Intensified double cropping systems had greater annual yields, mainly due to additional yields coming either from the sorghum or mung bean grown during the rainy season which resulted in a better utilization of available water and nutrients.""","High soil N/fertiliser use: ""Overall our results show that the double cropping systems resulted in higher sorghum and total system yields but this advantage declined with increasing level of N fertilizer""; Cropping System × Nitrogen interactions were associated with: very low yields in the FS–FS (fallow-sorghum) system without N application in 1984; a severe effect of leaf spot (Helminthosporium sorghicola Lefebvre & Sherwin) on post-rainy sorghum in 1987; and water stress resulting in lower yield of sorghum for the 120 kg N ha?1 treatment compared to the 80 kg N ha?1 treatment in 1992","Fertiliser use: ""these double cropping systems are on average more profitable and less risky than their traditional fallow counterparts. With increased N, intensified double cropping systems gave higher gross profit margins in the range of 54% to 63%, which is an indication of higher potential for economic viability and maximize efficiency of investment in these systems. By contrast, traditional systems without N application made losses in 5 to 7 out of 15 years,""","Low rainfall; Fallow rotation: ""the double crop systems exhibited FDSD by having consistently higher profits at all probabilities compared to the three traditional systems [that included a fallow rotation]""","""traditional system of rainy season fallowing is financially very risky, particularly when combined with low fertilizer application.""",Yield (fig 1/2/3) income (Table 4) N uptake (Figure 7) ,,2,2,1,2,2,2,11
196,407,"Nageswara Rao V., Meinke H., Craufurd P.Q., Parsons D., Kropff M.J., Anten N.P.R., Wani S.P., Rego T.J.",2015,Strategic double cropping on Vertisols: A viable rainfed cropping option in the Indian SAT to increase productivity and reduce risk,"Nageswara Rao, V., Meinke, H., Craufurd, P. Q., Parsons, D., Kropff, M. J., Anten, N. P. R., . . . Rego, T. J. (2015). Strategic double cropping on Vertisols: A viable rainfed cropping option in the Indian SAT to increase productivity and reduce risk. European Journal of Agronomy, 62, 26-37. doi:10.1016/j.eja.2014.09.003",Plot,Quantitative,Experiment (research station),E/M,1983-1997,15,5,4,1,4,1,>10, 3-4,Yes,Yes,"Weather, poverty: ""The status of rainfed agriculture in India is precarious, with productivity being hampered by low cropping intensity which results from riskaverse crop management decisions associated with high incidence of poverty among small-holder farmers. Variability in the onset and distribution of monsoonal rains in
 June-July is a key risk for crop production, limiting opportunities for crop intensification on Vertisols""",India,South Asia,2,Patancheru ICRISAT Centre,Asia,LMIC,17.51127948,78.27522609,Yes,"""crop intensification options through sequential double cropping and N application can lead to improved productivity of Vertisols""",Experiment (research station),Researcher-led,Researcher-led,Rotation - double crop,Rotation,1,0,1,Rotation,Different fertiliser regimes + existing farmers practices,Fertilizer rates/type, best management practices,Grain / Chickpea,Sorghum,Chickpea,1,0,0,0,0,0,0,0,0,0,0,,0-20-0 to 120-20-0,Synthetic - below threshold,rainfed,97.15539353,1.971553935,NA,NA,NA,NA,NA,NA,1.971553935,NA,122.4496181,2.224496181,2.224496181,NA,NA,NA,Win-Win,NA,NA,NA,NA,NA,NA,NA,"""Farmers’ decisions to adopt an alternative cropping system
 depend not only on improvements in mean productivity but also on their understanding of the fluctuations in profits and risks associated with the new strategy.""",Low rainfall,"High rainfall (legume cover reduces runoff and N loss compared with fallow); number of legume rotations: ""Intensified double cropping systems had greater annual yields, mainly due to additional yields coming either from the sorghum or mung bean grown during the rainy season which resulted in a better utilization of available water and nutrients.""","High soil N/fertiliser use: ""Overall our results show that the double cropping systems resulted in higher sorghum and total system yields but this advantage declined with increasing level of N fertilizer""; Cropping System × Nitrogen interactions were associated with: very low yields in the FS–FS (fallow-sorghum) system without N application in 1984; a severe effect of leaf spot (Helminthosporium sorghicola Lefebvre & Sherwin) on post-rainy sorghum in 1987; and water stress resulting in lower yield of sorghum for the 120 kg N ha?1 treatment compared to the 80 kg N ha?1 treatment in 1992","Fertiliser use: ""these double cropping systems are on average more profitable and less risky than their traditional fallow counterparts. With increased N, intensified double cropping systems gave higher gross profit margins in the range of 54% to 63%, which is an indication of higher potential for economic viability and maximize efficiency of investment in these systems. By contrast, traditional systems without N application made losses in 5 to 7 out of 15 years,""",Low rainfall,"""traditional system of rainy season fallowing is financially very risky, particularly when combined with low fertilizer application.""",Yield (fig 1/2/3) income (Table 4) N uptake (Figure 7) ,,2,2,1,2,2,2,11
201,412,"Narkhede W.N., Deshmukh M.S., Bhale V.M., Gill M.S., Gadade G.D., More S.S.",2011,Diversification of cropping systems under assured irrigated conditions in central plateau zone of Maharashtra,"Narkhede, W. N., Deshmukh, M. S., Bhale, V. M., Gill, M. S., Gadade, G. D., & More, S. S. (2011). Diversification of cropping systems under assured irrigated conditions in central plateau zone of Maharashtra. Indian Journal of Agronomy, 56(2), 104-108.",Plot,Quantitative,Experiment (research station),E/M,2005-2007,3,2,1,1,3,1, 2-4, 3-4,Yes,Yes,,India,South Asia,2,"Marathwada Krishi Vidyapeeth, Parbhani",Asia,LMIC,19.266667,76.783333,No,,Experiment (research station),Researcher-led,Researcher-led,Rotation,Rotation,1,0,0,Rotation,Existing farmers' practices,Existing farmers' practices,,Grain / Cowpea,Maize-wheat,Cowpea,0,1,0,0,0,0,0,0,0,0,0,,100-50-50,Synthetic - below threshold,irrigation,9.76361791,1.097636179,NA,NA,NA,NA,NA,NA,1.097636179,NA,11.29201112,1.112920111,1.016102395,NA,NA,1.209737828,Win-Mix,NA,NA,NA,NA,NA,NA,NA,NA,NA,NA,NA,NA,NA,NA,Table 1 (yield/incom); soil N (Table 4); Labour req. (Table 2),,2,2,2,2,2,2,12
29,782,"Baishya, L. K., Jamir, T., Walling, N., & Rajkhowa, D. J. (2021, Nov). ",2021,"Evaluation of Maize (Zea mays L.) plus Legume Intercropping System for Productivity, Profitability, Energy Budgeting and Soil Health in Hill Terraces of Eastern Himalayan Region","Baishya, L. K., Jamir, T., Walling, N., & Rajkhowa, D. J. (2021). Evaluation of Maize (Zea mays L.) plus Legume Intercropping System for Productivity, Profitability, Energy Budgeting and Soil Health in Hill Terraces of Eastern Himalayan Region. Legume Research, 44(11), 1343-1347. doi:10.18805/lr-4190",Plot,Quantitative,Experiment (research station),E/M,2014-2016,3,10,6,4,3,1, 2-4, 3-4,"Not exclusively (also asessing influence of densities 1:1 ,4:4)","Not exclusively (also asessing influence of densities 1:1 ,4:4)","With shrinkage of resources like arable land, irrigation water
and energy, there is a dire need to design and develop new
methods and techniques of crop production to meet the
increasing demand for food, feed and forage through
effective utilization of available agricultural input resources. Intercropping offers the possibility of yield advantage relative to sole
cropping through yield stability and improved yield",India,South Asia,2,"Research farm (Langol) of ICAR Research complex for North Eastern Hill Region (NEHR), Manipur Centre, Lamphelpat",Asia,LMIC,20.466667,84.233333,No,NA,Experiment (research station),Researcher-led,Researcher-led,Intercropping: Maize-legume,Intercrop,1,0,0,Row,"Also asessing influence of densities 1:1 ,4:4)",Varied spacing/timing,,Grain / Groundnut,Maize,Groundnut,0,0,1,0,0,0,0,0,0,0,0,0,80-60-40 (to sole and intercropped maize)-no additional nutrients to intercropped legumes,Synthetic - below threshold,rainfed,33.32984841,1.333298484,NA,NA,NA,NA,NA,NA,1.333298484,NA,2.837916912,1.028379169,1.24600467,1.036253776,0.802879061,NA,Win-Mix,NA,NA,NA,NA,NA,NA,NA,"Intercropping has an advantage in both soil fertility and crop yields,  particularly for maize which is the staple food crop for
smallholder farmers, besides its other advantage.",NA,NA,NA,NA,NA,,"Table 1_evaluation of diversified maize based cropping system, Table 2_ soil fertility status, Table 3_economics",,2,2,1,2,2,2,11
30,782,"Baishya, L. K., Jamir, T., Walling, N., & Rajkhowa, D. J. (2021, Nov). ",2021,"Evaluation of Maize (Zea mays L.) plus Legume Intercropping System for Productivity, Profitability, Energy Budgeting and Soil Health in Hill Terraces of Eastern Himalayan Region","Baishya, L. K., Jamir, T., Walling, N., & Rajkhowa, D. J. (2021). Evaluation of Maize (Zea mays L.) plus Legume Intercropping System for Productivity, Profitability, Energy Budgeting and Soil Health in Hill Terraces of Eastern Himalayan Region. Legume Research, 44(11), 1343-1347. doi:10.18805/lr-4191",Plot,Quantitative,Experiment (research station),E/M,2014-2016,3,10,6,4,3,1, 2-4, 3-4,"Not exclusively (also asessing influence of densities 1:1 ,4:4)","Not exclusively (also asessing influence of densities 1:1 ,4:4)","With shrinkage of resources like arable land, irrigation water
and energy, there is a dire need to design and develop new
methods and techniques of crop production to meet the
increasing demand for food, feed and forage through
effective utilization of available agricultural input resources. Intercropping offers the possibility of yield advantage relative to sole
cropping through yield stability and improved yield",India,South Asia,2,"Research farm (Langol) of ICAR Research complex for North Eastern Hill Region (NEHR), Manipur Centre, Lamphelpat",Asia,LMIC,20.466667,84.233333,No,NA,Experiment (research station),Researcher-led,Researcher-led,Intercropping: Maize-legume,Intercrop,1,0,0,Row,"Also asessing influence of densities 1:1 ,4:4)",Varied spacing/timing,,Grain / Soybean,Maize,Soybean,0,0,0,0,0,0,0,0,1,0,0,0,80-60-40 (to sole and intercropped maize)-no additional nutrients to intercropped legumes,Synthetic - below threshold,rainfed,53.10245687,1.531024569,NA,NA,NA,NA,NA,NA,1.531024569,NA,4.694692678,1.046946927,1.147166566,1.069486405,0.924187809,NA,Win-Mix,NA,NA,NA,NA,NA,NA,NA,"Intercropping has an advantage in both soil fertility and crop yields,  particularly for maize which is the staple food crop for
smallholder farmers, besides its other advantage.",NA,NA,NA,NA,NA,,"Table 1_evaluation of diversified maize based cropping systemTable 2_ soil fertility status, Table 3_economics",,2,2,1,2,2,2,11
31,782,"Baishya, L. K., Jamir, T., Walling, N., & Rajkhowa, D. J. (2021, Nov). ",2021,"Evaluation of Maize (Zea mays L.) plus Legume Intercropping System for Productivity, Profitability, Energy Budgeting and Soil Health in Hill Terraces of Eastern Himalayan Region","Baishya, L. K., Jamir, T., Walling, N., & Rajkhowa, D. J. (2021). Evaluation of Maize (Zea mays L.) plus Legume Intercropping System for Productivity, Profitability, Energy Budgeting and Soil Health in Hill Terraces of Eastern Himalayan Region. Legume Research, 44(11), 1343-1347. doi:10.18805/lr-4192",Plot,Quantitative,Experiment (research station),E/M,2014-2016,3,10,6,4,3,1, 2-4, 3-4,"Not exclusively (also asessing influence of densities 1:1 ,4:4)","Not exclusively (also asessing influence of densities 1:1 ,4:4)","With shrinkage of resources like arable land, irrigation water
and energy, there is a dire need to design and develop new
methods and techniques of crop production to meet the
increasing demand for food, feed and forage through
effective utilization of available agricultural input resources. Intercropping offers the possibility of yield advantage relative to sole
cropping through yield stability and improved yield",India,South Asia,2,"Research farm (Langol) of ICAR Research complex for North Eastern Hill Region (NEHR), Manipur Centre, Lamphelpat",Asia,LMIC,20.466667,84.233333,No,NA,Experiment (research station),Researcher-led,Researcher-led,Intercropping: Maize-legume,Intercrop,1,0,0,Row,"Also asessing influence of densities 1:1 ,4:4)",Varied spacing/timing,,Grain / Cowpea,Maize,Cowpea,0,1,0,0,0,0,0,0,0,0,0,0,80-60-40 (to sole and intercropped maize)-no additional nutrients to intercropped legumes,Synthetic - below threshold,rainfed,66.66231051,1.666623105,NA,NA,NA,NA,NA,NA,1.666623105,NA,3.810188728,1.038101887,1.113875645,1.058912387,0.94151763,NA,Win-Mix,NA,NA,NA,NA,NA,NA,NA,"Intercropping has an advantage in both soil fertility and crop yields,  particularly for maize which is the staple food crop for
smallholder farmers, besides its other advantage.",NA,NA,NA,NA,NA,,"Table 1_evaluation of diversified maize based cropping systemTable 2_ soil fertility status, Table 3_economics",,2,2,1,2,2,2,11
33,779,"Bastia, D. K., Behera, S. K., & Panda, M. R. (2021, Dec). ",2021,"Impacts of soil fertility management on productivity and economics of rice and fodder intercropping systems under rainfed conditions in Odisha, India","Bastia, D. K., Behera, S. K., & Panda, M. R. (2021). Impacts of soil fertility management on productivity and economics of rice and fodder intercropping systems under rainfed conditions in Odisha, India. Journal of Integrative Agriculture, 20(12), 3114-3126. doi:10.1016/s2095-3119(20)63591-2",Plot,Quantitative,Experiment (research station),E/M,2015-2017,3,9,6,3,3,1, 2-4, 3-4,"Not exclusively (also asessing influence of different fertilizing treatments: N1, application of farm yard manure (FYM) at 5 t ha–1; N2, application of inorganic fertilizer (RDF of rice, 60:30:30 kg ha–1 of N:P2O5:K2O); N3, application of both FYM at 5 t ha–1 and 50% inorganic fertilizer (RDF))","Not exclusively (also asessing influence of different fertilizing treatments: N1, application of farm yard manure (FYM) at 5 t ha–1; N2, application of inorganic fertilizer (RDF of rice, 60:30:30 kg ha–1 of N:P2O5:K2O); N3, application of both FYM at 5 t ha–1 and 50% inorganic fertilizer (RDF))","Intercropping cereals with fodder legume crops like cowpea
and ricebean is a practice in the semi-arid tropics of India to
reduce the fragility and uncertainty of agricultural production
systems under rainfed upland situations. These systems
produce a considerable amount of biomass that can be
incorporated into the soil, transferring nutrients from the
crops to soil and enriching the organic carbon content. --Maize and other forage legumes such as sesbania,
cowpea, pigeonpea, ricebean, and mungbean are important
short-duration crops which provide more economic return
to growers than long-duration crops",India,South Asia,2,"Research Farm of All India Coordinated Research Project for Dryland
Agriculture (AICRPDA), Phulbani  in North Eastern Ghat Zone of Odisha",Asia,LMIC,20.466667,84.233333,No,NA,Experiment (research station),Researcher-led,Researcher-led,Intercropping rice-legume,Intercrop,1,0,0,Row,"also asessing influence of different fertilizing treatments: N1, application of farm yard manure (FYM) at 5 t ha–1; N2, application of inorganic fertilizer (RDF of rice, 60:30:30 kg ha–1 of N:P2O5:K2O); N3, application of both FYM at 5 t ha–1 and 50% inorganic fertilizer (RDF))",Fertilizer rates/type,,Grain / Cowpea,Rice,Cowpea,0,1,0,0,0,0,0,0,0,0,0,0,"N1, application of farm yard manure (FYM) at 5 t ha–1; N2, application of inorganic fertilizer (RDF of rice, 60:30:30 kg ha–1 of N:P2O5:K2O); N3, application of both FYM at 5 t ha–1 and 50% inorganic fertilizer (RDF).",Synthetic - below threshold,rainfed,2.490331719,1.024903317,1.088050314,NA,NA,0.935691318,NA,NA,1.050968319,NA,-10.05307223,0.899469278,0.850551459,0.948387097,NA,NA,Mix-Mix,NA,NA,NA,NA,NA,NA,NA,"The leguminous fodders as intercrops with cereal crops have
special significances because of high herbage protein for
animal feeding and partial independence from concentrate
for their nitrogen needs.",NA,"The
leaf area of the rice crop in intercropping systems were found
to be significantly higher than that in monocropping system
because rice plants were getting more nitrogen from soil
due to nitrogen fixation of leguminous fodder crops. --- Rice yield
was higher in monocropping system than in rice and fodder
intercropping system when price was taken as a factor, but
when energy was taken as a factor rice yield of intercropping
system was higher than that of monocropping system. ","Rice yield
was higher in monocropping system than in rice and fodder
intercropping system when price was taken as a factor, but
when energy was taken as a factor rice yield of intercropping
system was higher than that of monocropping system.","Rice yield
was higher in monocropping system than in rice and fodder
intercropping system when price was taken as a factor, but
when energy was taken as a factor rice yield of intercropping
system was higher than that of monocropping system.","Rice yield
was higher in monocropping system than in rice and fodder
intercropping system when price was taken as a factor, but
when energy was taken as a factor rice yield of intercropping
system was higher than that of monocropping system.",,"Table 8_Rainwater use efficiency (RWUE), land equivalent ratio (LER), energy use efficiency (EUE), and economics as influenced by different cropping systems and different nutrient management practices1)",,2,2,2,2,2,2,12
34,779,"Bastia, D. K., Behera, S. K., & Panda, M. R. (2021, Dec). ",2021,"Impacts of soil fertility management on productivity and economics of rice and fodder intercropping systems under rainfed conditions in Odisha, India","Bastia, D. K., Behera, S. K., & Panda, M. R. (2021). Impacts of soil fertility management on productivity and economics of rice and fodder intercropping systems under rainfed conditions in Odisha, India. Journal of Integrative Agriculture, 20(12), 3114-3126. doi:10.1016/s2095-3119(20)63591-2",Plot,Quantitative,Experiment (research station),E/M,2015-2017,3,9,6,3,3,1, 2-4, 3-4,"Not exclusively (also asessing influence of different fertilizing treatments: N1, application of farm yard manure (FYM) at 5 t ha–1; N2, application of inorganic fertilizer (RDF of rice, 60:30:30 kg ha–1 of N:P2O5:K2O); N3, application of both FYM at 5 t ha–1 and 50% inorganic fertilizer (RDF))","Not exclusively (also asessing influence of different fertilizing treatments: N1, application of farm yard manure (FYM) at 5 t ha–1; N2, application of inorganic fertilizer (RDF of rice, 60:30:30 kg ha–1 of N:P2O5:K2O); N3, application of both FYM at 5 t ha–1 and 50% inorganic fertilizer (RDF))","Intercropping cereals with fodder legume crops like cowpea
and ricebean is a practice in the semi-arid tropics of India to
reduce the fragility and uncertainty of agricultural production
systems under rainfed upland situations. These systems
produce a considerable amount of biomass that can be
incorporated into the soil, transferring nutrients from the
crops to soil and enriching the organic carbon content. --Maize and other forage legumes such as sesbania,
cowpea, pigeonpea, ricebean, and mungbean are important
short-duration crops which provide more economic return
to growers than long-duration crops",India,South Asia,2,"Research Farm of All India Coordinated Research Project for Dryland
Agriculture (AICRPDA), Phulbani  in North Eastern Ghat Zone of Odisha",Asia,LMIC,20.466667,84.233333,No,NA,Experiment (research station),Researcher-led,Researcher-led,Intercropping rice-legume,Intercrop,1,0,0,Row,"also asessing influence of different fertilizing treatments: N1, application of farm yard manure (FYM) at 5 t ha–1; N2, application of inorganic fertilizer (RDF of rice, 60:30:30 kg ha–1 of N:P2O5:K2O); N3, application of both FYM at 5 t ha–1 and 50% inorganic fertilizer (RDF))",Fertilizer rates/type,,Grain / Ricebean,Rice,Ricebean,0,0,0,0,0,0,0,0,0,0,Ricebean,0,"N1, application of farm yard manure (FYM) at 5 t ha–1; N2, application of inorganic fertilizer (RDF of rice, 60:30:30 kg ha–1 of N:P2O5:K2O); N3, application of both FYM at 5 t ha–1 and 50% inorganic fertilizer (RDF).",Synthetic - below threshold,rainfed,0.789526163,1.007895262,1.06918239,NA,NA,0.919614148,NA,NA,1.034889247,NA,-12.9236463,0.870763537,0.806043203,0.935483871,NA,NA,Mix-Mix,NA,NA,NA,NA,NA,NA,NA,"The leguminous fodders as intercrops with cereal crops have
special significances because of high herbage protein for
animal feeding and partial independence from concentrate
for their nitrogen needs.",NA,"The
leaf area of the rice crop in intercropping systems were found
to be significantly higher than that in monocropping system
because rice plants were getting more nitrogen from soil
due to nitrogen fixation of leguminous fodder crops. --- Rice yield
was higher in monocropping system than in rice and fodder
intercropping system when price was taken as a factor, but
when energy was taken as a factor rice yield of intercropping
system was higher than that of monocropping system. ","Rice yield
was higher in monocropping system than in rice and fodder
intercropping system when price was taken as a factor, but
when energy was taken as a factor rice yield of intercropping
system was higher than that of monocropping system.","Rice yield
was higher in monocropping system than in rice and fodder
intercropping system when price was taken as a factor, but
when energy was taken as a factor rice yield of intercropping
system was higher than that of monocropping system.","Rice yield
was higher in monocropping system than in rice and fodder
intercropping system when price was taken as a factor, but
when energy was taken as a factor rice yield of intercropping
system was higher than that of monocropping system.",,"Table 8_Rainwater use efficiency (RWUE), land equivalent ratio (LER), energy use efficiency (EUE), and economics as influenced by different cropping systems and different nutrient management practices1)",,2,2,2,2,2,2,12
180,388,"Mishra M.M., Mohanty M., Gulati J.M.L., Nanda S.S.",2013,"Evaluation of various rice (Oryza sativa) based crop sequences for enhanced productivity, profitability and energy efficiency in eastern plateau and hills zone of India","Mishra, M. M., Mohanty, M., Gulati, J. M. L., & Nanda, S. S. (2013). Evaluation of various rice (Oryza sativa) based crop sequences for enhanced productivity, profitability and energy efficiency in eastern plateau and hills zone of India. Indian Journal of Agricultural Sciences, 83(12), 1279-1284.",Plot,Quantitative,Experiment (on farm),E/M,2004-2008,4,10,4,6,5,1, 2-4, 5-10,Yes,Yes,"Over-exploitation of agriculture, soil and land degradation",India,South Asia,2,"Regional Research Station, Chiplima, Sambalpur",Asia,LMIC,21.374772,83.893241,No,,Experiment (on farm),Researcher-led,Researcher-led,Rotation,Rotation,1,0,0,Rotation,Existing farmers' practices,Existing farmers' practices,,Grain + Non-Grain / Mungbean,Rice-groundnut,Mungbean,0,0,0,0,1,0,0,0,0,0,0,,"80-40-40, 20-40-40, 20-40-40",Synthetic - below threshold,rainfed,2.738712065,1.027387121,NA,NA,NA,NA,NA,NA,1.027387121,NA,2.917921938,1.029179219,1.218380993,NA,0.839977446,NA,Win-Mix,NA,NA,NA,NA,NA,NA,NA,NA,NA,NA,NA,NA,NA,,"Tables 1 (yiels, income) T2 (NUE, LUE), T4 (EUE) ",,2,2,2,2,2,2,12
181,388,"Mishra M.M., Mohanty M., Gulati J.M.L., Nanda S.S.",2013,"Evaluation of various rice (Oryza sativa) based crop sequences for enhanced productivity, profitability and energy efficiency in eastern plateau and hills zone of India","Mishra, M. M., Mohanty, M., Gulati, J. M. L., & Nanda, S. S. (2013). Evaluation of various rice (Oryza sativa) based crop sequences for enhanced productivity, profitability and energy efficiency in eastern plateau and hills zone of India. Indian Journal of Agricultural Sciences, 83(12), 1279-1284.",Plot,Quantitative,Experiment (on farm),E/M,2004-2008,4,10,4,6,5,1, 2-4, 5-10,Yes,Yes,,India,South Asia,2,"Regional Research Station, Chiplima, Sambalpur",Asia,LMIC,21.374772,83.893241,No,,Experiment (on farm),Researcher-led,Researcher-led,Rotation,Rotation,1,0,0,Rotation,Existing farmers' practices,Existing farmers' practices,,Grain + Non-Grain / Cowpea,Rice-groundnut,Cowpea,0,1,0,0,0,0,0,0,0,0,0,,"80-40-40, 20-40-40, 25-50-50",Synthetic - below threshold,rainfed,-8.58623242,0.914137676,NA,NA,NA,NA,NA,NA,0.914137676,NA,-9.697978847,0.903020212,1.013088633,NA,0.79295179,NA,Mix-Mix,NA,NA,NA,NA,NA,NA,NA,NA,NA,NA,NA,NA,NA,,"Tables 1 (yiels, income) T2 (NUE, LUE), T4 (EUE) ",,2,2,2,2,2,2,12
254,477,"Pradhan A., Chan C., Roul P.K., Halbrendt J., Sipes B.",2018,Potential of conservation agriculture (CA) for climate change adaptation and food security under rainfed uplands of India: A transdisciplinary approach,"Pradhan, A., Chan, C., Roul, P. K., Halbrendt, J., & Sipes, B. (2018). Potential of conservation agriculture (CA) for climate change adaptation and food security under rainfed uplands of India: A transdisciplinary approach. Agricultural Systems, 163, 27-35. doi:10.1016/j.agsy.2017.01.002",Village,Quantitative + survey,Experiment (on farm),RC,2011-2014,3,5,2,3,46,2, 2-4, 11-100,No (also including minimum tillage and introduction of mustard as cover crop),No (also including minimum tillage and introduction of mustard as cover crop),"unpredictable patterns of rainfall, food insecurity, adherence to traditional farm practices, poverty, soil degradation",India,South Asia,2,Talachampei & Tentuli villages (Keonjhar district In odisha State),Asia,LMIC,21.639709,85.565213,Yes,"""ability to simultaneously increase yield, diversify crop production and improve soil quality, to meet future household income and nutritional needs amidst climate variability""",Experiment (on farm),Farmer-led,Farmer-led,Intercropping-cereal-legume,Intercrop,1,0,0,Row,Conventional tilling + reduced tilling + Mustard,Tillage practices,,Grain / Cowpea,Maize,Cowpea,0,1,0,0,0,0,0,0,0,0,0,Mustard as cover crop,"Maize 80:40:40, Cowpea 20:40:20, Mustard 40:20:20",Synthetic - below threshold,rainfed,33.19587629,1.331958763,NA,NA,NA,NA,NA,1.331958763,NA,NA,35.76494428,1.357649443,1.357649443,NA,NA,NA,Win-Win,YES,Farmers' preference changed from conventional tillage+maize+cowpea to reduced tillage+maize+cowpea. Farmers now prioritise improved quality of soil over profit. Yield was still important.,NO,NA,NA,NA,NA,Higher value of cowpea in the market,Adherence to traditional practices (conventional tilling and not cultivar maize),"Reduced tillage, diversified cropping system through maize + cowpea coupled with residue retention of mustard helps in optimizing resource use efficiency and maximize productivity of traditional smallholder farming systems",NA,"Increased profitability of CA intensification combined with the fact that Cowpea has higher value in the market, therefore cowpea was preferred by farmers. Government programs have subsequently
 provided input support for scaling up to other farmers in the area, like fertilizer subsidy program, soil health card which support the affordability of fertilizers as well as their balanced application in an integrated manner",NA,All Conservation agriculture treatments (CA) showed increased productivity over farmers practice. This might be sue to higher productivity of improved cultivar along with optimum plant population due to line sowing and recommended dose of fertiliser application in CA treatments,"Fig 1-MEY Kgha-1: Fig 3-effect of treatments on soil quality, Table 5-budget analysis, Table 4 labor (ha-1)",,2,2,2,2,2,2,12
71,128,"Das R., Dhara P.K., Mandal A.R., Ray S.K.D.",2014,Agri-silvi-fruit-vegetable based agro-production system - Suitable models for sustainable land use and conservation in red-laterite and semi-arid tracks,"Das, R., Dhara, P. K., Mandal, A. R., & Ray, S. K. D. (2014). Agri-silvi-fruit-vegetable based agro-production system - Suitable models for sustainable land use and conservation in red-laterite and semi-arid tracks. Ecology, Environment and Conservation, 20, S7-S13.",Plot,Quantitative,Experiment (on farm),E/M,2011-2013,3,7,1,6,1,1, 2-4, 1-2,Yes,Yes,"Extreme weather (monsoons), land degradation",India,South Asia,2,"Regional Research Station (Red & Laterite Zone), Bidhan Chandra Krishi Viswavidyalaya, Jhargram, West Bengal",Asia,LMIC,22.45677695,87.0103222,No,,Experiment (on farm),Farmer-led,Farmer-led,Intercropping: Vegetable-legume,Intercrop,1,0,0,Row,Existing farmers' practices,Existing farmers' practices,,Non-Grain / Pigeonpea,Gamhar + Mango,Pigeonpea,0,0,0,0,0,1,0,0,0,0,0,,No synthetic,No synthetic,rainfed,131.30699,2.3130699,NA,NA,NA,NA,NA,NA,2.8404255,1.7857143,332.1428571,4.321428571,4.321428571,NA,NA,NA,Win-Win,NA,NA,NA,NA,NA,NA,NA,NA,NA,NA,NA,NA,NA,"""immediate need for development of agriculture in rainfed areas together with trees like gamhar, fruit crops like mango, different crops like pulses, oilseed crops and vegetable crops like okra and bottle gourd for attaining maximum and sustainable gross monetary returns under erosion prone areas of West Bengal, India for marginal and resource-poor farmers""",NA,,0,2,2,1,2,2,9
72,128,"Das R., Dhara P.K., Mandal A.R., Ray S.K.D.",2014,Agri-silvi-fruit-vegetable based agro-production system - Suitable models for sustainable land use and conservation in red-laterite and semi-arid tracks,"Das, R., Dhara, P. K., Mandal, A. R., & Ray, S. K. D. (2014). Agri-silvi-fruit-vegetable based agro-production system - Suitable models for sustainable land use and conservation in red-laterite and semi-arid tracks. Ecology, Environment and Conservation, 20, S7-S13.",Plot,Quantitative,Experiment (on farm),E/M,2011-2013,3,7,1,6,1,1, 2-4, 1-2,Yes,Yes,"Extreme weather (monsoons), land degradation",India,South Asia,2,"Regional Research Station (Red & Laterite Zone), Bidhan Chandra Krishi Viswavidyalaya, Jhargram, West Bengal",Asia,LMIC,22.45677695,87.0103222,No,,Experiment (on farm),Farmer-led,Farmer-led,Intercropping: Vegetable-legume,Intercrop,1,0,0,Row,Existing farmers' practices,Existing farmers' practices,,Non-Grain / Groundnut,Gamhar + Mango,Groundnut,0,0,1,0,0,0,0,0,0,0,0,Mustard,No synthetic,No synthetic,rainfed,100.151975,2.00151975,NA,NA,NA,NA,NA,NA,2.5744681,1.4285714,422.7678571,5.227678571,5.227678571,NA,NA,NA,Win-Win,NA,NA,NA,NA,NA,NA,NA,NA,NA,NA,NA,NA,NA,"""immediate need for development of agriculture in rainfed areas together with trees like gamhar, fruit crops like mango, different crops like pulses, oilseed crops and vegetable crops like okra and bottle gourd for attaining maximum and sustainable gross monetary returns under erosion prone areas of West Bengal, India for marginal and resource-poor farmers""",NA,,0,2,0,1,2,2,7
297,540,Sharma K.C.,2018,Inter/mixed cropping of lentil (Lens culinaris) in late-sown wheat (Triticum aestivum) for higher productivity and profitability of wheat in vertisols of central india,"Sharma, K. C. (2018). Inter/mixed cropping of lentil (Lens culinaris) in late-sown wheat (Triticum aestivum) for higher productivity and profitability of wheat in vertisols of central india. Indian Journal of Agronomy, 63(1), 32-38.",Plot,Quantitative,Experiment (research station),E/M,2012-2014,2,10,8,2,3,1, 2-4, 3-4,Yes,Yes,,India,South Asia,2,"Research Farm of ICAR-Indian Agricultural Research Institute, Regional Station, Indore, Madhya Pradesh",Asia,LMIC,22.616667,75.833333,No,NA,Experiment (research station),Researcher-led,Researcher-led,Intercropping,Intercrop,1,0,0,Mixed,Different intercrop spacings,Varied spacing/timing,,Grain / Lentil,Wheat,Lentil,0,0,0,1,0,0,0,0,0,0,0,,120:26.4:33.2,Synthetic - below threshold,irrigation,1.83486,1.0183486,NA,NA,NA,NA,NA,NA,1.0366972,1,-4.02859,0.9597141,0.9597141,NA,NA,NA,Mix-Mix,NA,NA,NA,NA,NA,NA,NA,NA,NA,Intercrop spatial arrangement,,"Market prices: :Different treatments had different yield potential of
 component crops and economic values, and therefore for
 better comparison, the yields of wheat and lentil were converted
 into wheat-equivalent yield (WEY) on the basis of
 prevalent market prices",,,See SuppCalc sheet (Table 4),,2,2,2,2,2,2,12
298,540,Sharma K.C.,2018,Inter/mixed cropping of lentil (Lens culinaris) in late-sown wheat (Triticum aestivum) for higher productivity and profitability of wheat in vertisols of central india,"Sharma, K. C. (2018). Inter/mixed cropping of lentil (Lens culinaris) in late-sown wheat (Triticum aestivum) for higher productivity and profitability of wheat in vertisols of central india. Indian Journal of Agronomy, 63(1), 32-38.",Plot,Quantitative,Experiment (research station),E/M,2012-2014,2,10,8,2,3,1, 2-4, 3-4,Yes,Yes,,India,South Asia,2,"Research Farm of ICAR-Indian Agricultural Research Institute, Regional Station, Indore, Madhya Pradesh",Asia,LMIC,22.616667,75.833333,No,NA,Experiment (research station),Researcher-led,Researcher-led,Intercropping,Intercrop,1,0,0,Row,Different intercrop spacings,Varied spacing/timing,,Grain / Lentil,Wheat,Lentil,0,0,0,1,0,0,0,0,0,0,0,,120:26.4:33.2,Synthetic - below threshold,irrigation,1.47445,1.0147445,NA,NA,NA,NA,NA,NA,1.029489,1,-8.67446,0.9132554,0.9132554,NA,NA,NA,Mix-Mix,NA,NA,NA,NA,NA,NA,NA,NA,NA,Intercrop spatial arrangement,,"Market prices: :Different treatments had different yield potential of
  component crops and economic values, and therefore for
  better comparison, the yields of wheat and lentil were converted
  into wheat-equivalent yield (WEY) on the basis of
  prevalent market prices",,,See SuppCalc sheet (Table 4),,2,2,2,2,2,2,12
13,18,"Alam M.M., Ladha J.K., Faisal M.W., Sharma S., Saha A., Noor S., Rahman M.A.",2015,Improvement of cereal-based cropping systems following the principles of conservation agriculture under changing agricultural scenarios in Bangladesh,"Alam, M. M., Ladha, J. K., Faisal, M. W., Sharma, S., Saha, A., Noor, S., & Rahman, M. A. (2015). Improvement of cereal-based cropping systems following the principles of conservation agriculture under changing agricultural scenarios in Bangladesh. Field Crops Research, 175, 1-15. doi:10.1016/j.fcr.2014.12.015",Plot,Quantitative,Experiment (research station),E/M,2009-2012,3,4,1,3,10,1, 2-4, 5-10,Yes,Yes,"Population increase, demand for food, land scarcity: ""Need for diversification and increased cereal production and farmers’ income in the face of increasing scarcity of labor, water, and energy and soil degradation""",Bangladesh,South Asia,2,Gazipur,Asia,LMIC,23.983611,90.402778,No,,Experiment (research station),Researcher-led,Researcher-led,Rotation,Rotation,1,0,1,Rotation,Conservation agriculture (reduced tillage),Tillage practices,,Grain / Mungbean,Rice,Mungbean,0,0,0,0,1,0,0,0,0,0,0,"Potato, Maize (mungbean was only planted in 2011-2012. For 2009-2010 and 2010-2011 the crop rotation was potato-maize-rice)",117–32–127,Synthetic - below threshold,irrigation,185,2.85,NA,NA,NA,2.85,NA,NA,NA,NA,45.7,1.457,1.457,NA,NA,NA,Win-Mix,NA,NA,NA,NA,NA,NA,NA,NA,uncertain rainfall,NA,NA,rainfall fluctuation- legumes shorter-duration crop can be squeezed in between extreme rainfall events,NA,mungbean was only planted in 2011-2012. For 2009-2010 and 2010-2011 the crop rotation was potato-maize-rice (see Table 2).,Compared scenario 4 with scenario 1,,2,2,2,2,2,2,12
32,56,"Banjara T.R., Bohra J.S., Kumar S., Singh T., Shori A., Prajapat K.",2021,Sustainable alternative crop rotations to the irrigated rice-wheat cropping system of Indo-Gangetic plains of India,"Banjara, T. R., Bohra, J. S., Kumar, S., Singh, T., Shori, A., & Prajapat, K. (2021). Sustainable alternative crop rotations to the irrigated rice-wheat cropping system of Indo-Gangetic plains of India. Archives of Agronomy and Soil Science. doi:10.1080/03650340.2021.1912324",Plot,Quantitative (household surveys),Experiment (research station),RC,2016-2018,2,10,2,8,1,1, 2-4, 1-2,Yes,Yes,Environmental degradation,India,South Asia,2,"Agricultural Research Farm, Institute of Agricultural Sciences, Banaras Hindu University, Varanasi",Asia,LMIC,25.264155,82.993523,No,,Experiment (research station),Researcher-led,Researcher-led,Rotation,Rotation,1,0,0,Rotation,Existing farmers' practices,Existing farmers' practices,,Grain / Mungbean,Rice,Mungbean,0,0,0,0,1,0,0,0,0,0,0,"Wheat, Potato, Cowpea (fodder), mustard, potato",48-21-38,Synthetic - below threshold,irrigation,3.163703333,1.031637033,NA,NA,NA,1.0123273,NA,1,1.0825838,NA,80.2556818,1.802556818,1.802556818,NA,NA,NA,Mix-Win,NA,NA,NA,NA,NA,NA,Yes (high cultivation cost due to more laborers vs high gross/net returns),Variable weather,NA,irrigation; soil quality (improvement in soil available N due to the inclusion of legume crops in sequences),rainfall fluctuation,NA,NA,,NA,,0,2,2,2,2,2,10
341,609,"Telkar S.G., Singh A.K.",2018,"Productivity, profitability and soil biochemical properties in maize (Zea mays) and soybean (Glycine max) intercropping as influenced by population proportion of component crops","Telkar, S. G., & Singh, A. K. (2018). Productivity, profitability and soil biochemical properties in maize (Zea mays) and soybean (Glycine max) intercropping as influenced by population proportion of component crops. Indian Journal of Agricultural Sciences, 88(3), 458-462.",Plot,Quantitative,Experiment (research station),E/M ,2016,1,8,6,2,3,1,1, 3-4,Yes,Yes,,India,South Asia,2,"experimental farm of College of Post Graduate Studies, CAU, Umiam, Meghalaya",Asia,LMIC,25.68185812,91.91192532,No,NA,Experiment (research station),Researcher-led,Researcher-led,Intercropping,Intercrop,1,1,0,Row,Different intercrop spacings,Varied spacing/timing,,Grain / Soybean,Maize,Soybean,0,0,0,0,0,0,0,0,1,0,0,,80-60-40,Synthetic - below threshold,rainfed,7.757155,1.07757155,NA,NA,NA,NA,NA,NA,1.153497,1.0016461,19.381839,1.19381839,1.19381839,NA,NA,NA,Mix-Mix,NA,NA,NA,NA,NA,NA,NA,NA,NA,Spatial arrangement of intercrops: 1:1R,NA,"Market price of legume - high compared with cereal: ""minimum support price""","Cost of cultivation: ""result of additional input and laborer’s requirement for intercrop soybean in addition to maize crop accompanied with much higher costs of legume seeds than maize seeds""",,See SuppCalc Sheet (Tables 2 and 3),,2,1,2,1,2,2,10
317,574,"Singh S.P., Lal S.S.",2013,Evaluation of different cropping systems for their productivity and sustainability in Madhya Pradesh,"Singh, S. P., & Lal, S. S. (2013). Evaluation of different cropping systems for their productivity and sustainability in Madhya Pradesh. Potato Journal, 40(2), 149-154.",Plot,Quantitative,Experiment (research station),E/M,2007-2010,3,9,1,8,4,1, 2-4, 3-4,Yes,Yes,,India,South Asia,2,"Central Potato Research Station, Gwalior",Asia,LMIC,26.276232,78.220705,No,NA,Experiment (research station),Researcher-led,Researcher-led,Rotation,Rotation,1,0,0,Rotation,Existing farmers' practices,Existing farmers' practices,,Non-Grain / Mungbean,Potato,Mungbean,0,0,0,0,1,0,0,0,0,0,0,"Pearl millet, wheat, mustard, sesame","150:26.2:83.3 (Potato); 20,26.2,:16.7 kg (greengram)",Synthetic - below threshold,irrigation,113.9393958,2.139393958,NA,NA,NA,NA,NA,NA,1.116883117,3.1619048,23.5902299,1.235902299,1.235902299,NA,NA,NA,Win-Win,NA,NA,NA,NA,NA,NA,NA,NA,NA,NA,NA,NA,NA,,Tables 1-3 (compare potato/greengram with potato/fallow),,2,2,2,2,2,2,12
306,560,"Singh A., Tanwar S.P.S., Meghwal P.R., Saxena A., Kumar M.",2018,Assessing productivity and profitability of a rejuvenated ber (Ziziphus mauritiana) based agri-horti system under arid rainfed conditions,"Singh, A., Tanwar, S. P. S., Meghwal, P. R., Saxena, A., & Kumar, M. (2018). Assessing productivity and profitability of a rejuvenated ber (Ziziphus mauritiana) based agri-horti system under arid rainfed conditions. Indian Journal of Agricultural Sciences, 88(4), 573-578.",Plot,Quantitative,Experiment (research station),E/M,2011-2015,4,6,2,4,3,1, 2-4, 3-4,Yes,Yes,"climate change, land degradation, degeneration of biodiversity and over exploitation of natural resources",India,South Asia,2,"Central
 Research Farm, Central Arid Zone Research Institute Jodhpur",Asia,LMIC,26.3,73.066667,No,NA,Experiment (research station),Researcher-led,Researcher-led,Intercropping,Intercrop,1,0,0,Row,Existing farmers' practices; Ber tree rejuvenation,Existing farmers' practices,,Non-Grain / Mungbean,Ber (Jujube fruit tree) (Ziziphus maurtitiajna),Mungbean,0,0,0,0,1,0,0,0,0,0,0,Pearl millet; Senna,0-0-0,No synthetic,rainfed,2.14271,1.0214271,NA,NA,NA,NA,NA,NA,1.0214271,NA,48.1695063,1.481695063,1.481695063,NA,NA,NA,Win-Win,NA,NA,NA,NA,NA,NA,NA,NA,Higher cost of cultivation of legume intercrops compared with castor-only system,"Timely, well-distributed rainfall: ""cropping season of 2013 received timely and well distributed rainfall hence favoured the crop growth and yield.""; Choice of legume and its growth season: ""biological feasibility of green gram with ber is more compatible as cropping duration of green gram is short and completed its cropping season (July to early October) before fruit setting of ber. This supported green gram has less competition for space, moisture, light, pollinating insect and nutrient from the ber compared to pearl millet and senna.""","Interannual rainfall variability - ""The weather over the years varied. During 2012, the onset of monsoon delayed as far as 6th August and hence adversely affected yield of intercrops""; insufficient rainfall: ""During 2014, occurrence and frequency of rainfall was optimum but total amount was insufficient for timely crop sowing""; Tree spacing: ""The total system productivity in 6 m × 12 m spacing was less 50.47% during first year followed by 30.3, 34.6 and 40% during subsequent years, respectively, compared to 6 m × 6 m spacing. Hence the appropriate strategy should be to introduce intercrops at recommended spacing of ber, no matter if sub optimal yields of intercrops are achieved""",,Higher cost of cultivation of legume intercrops compared with castor-only system,,See SuppCalc sheet ; Senna not included as not grown for grain - grown for leaves and laxative properties,,2,2,2,2,2,2,12
151,309,"Kumar M., Kumar R., Rangnamei K.L., Das A., Meena K.L., Rajkhowa D.J.",2019,Crop diversification for enhancing the productivity for food and nutritional security under the Eastern Himalayas,"Kumar, M., Kumar, R., Rangnamei, K. L., Das, A., Meena, K. L., & Rajkhowa, D. J. (2019). Crop diversification for enhancing the productivity for food and nutritional security under the Eastern Himalayas. Indian Journal of Agricultural Sciences, 89(7), 1157-1161.",Field,Quantitative,Experiment (on farm),RC,2013-2015,2,5,1,4,20,5, 2-4,>100 ,Yes,Yes,Poverty,India,South Asia,2,Nagaland (5 villages),Asia,LMIC,26.475,94.8,No,,Experiment (on farm),Farmer-led,Farmer-led,Rotation,Rotation,1,0,0,Rotation,Existing farmers' practices,Existing farmers' practices,,Grain / Pea,Rice,Pea,0,0,0,0,0,0,0,0,0,1,0,"Toria, tomato, cabbage",NA,Unknown,rainfed,108.5115865,2.085115865,1.336898396,NA,NA,NA,NA,NA,NA,2.833333333,523.2226264,6.232226264,11.42862191,NA,NA,1.035830619,Win-Mix,NA,NA,NA,NA,NA,NA,"Yes: ""double cropping required more input, which is responsible for consumption of more energy""",NA,NA,Access to training/knowledge about new cropping practices (extension),NA,Market prices (Increase in system net returns was mainly due to the higher market price of vegetables included in rice–based system compared with rice-fallow),NA,,"Tables: 2: yield, land & H2O use; 3: profit, nutrition, climate; 4: Energy  ",,2,2,2,1,2,2,11
15,784,"Ansari, M. H., Verma, B. K., Ansari, M. A., Mishra, D., Srivastava, A. K., Khan, N., & Saquib, M. (2015, Mar).  [Article]. Indian Journal of Agricultural Sciences, 85(3), 100-104. <Go to ISI>://WOS:000351480400015",2015,"Impact of cropping pattern on growth, yield attributes and system productivity of citronella (Citronella winterianus) - pulses intercropping system in Central India","Ansari, M. H., Verma, B. K., Ansari, M. A., Mishra, D., Srivastava, A. K., Khan, N., & Saquib, M. (2015). Impact of cropping pattern on growth, yield attributes and system productivity of citronella (Citronella winterianus) - pulses intercropping system in Central India. Indian Journal of Agricultural Sciences, 85(3), 100-104. ",Plot,Quantitative,Experiment (research station),E/M,2010-2012,2,5,3,2,4,1, 2-4, 3-4,"Not exclusively (also asessing influence of densities 1:1 ,2:1, 2:2)","Not exclusively (also asessing influence of densities 1:1 ,2:1, 2:2)","Increase in demand of Citronella, Pigeonpea being the second most important pulse crop of India",India,South Asia,2,"Chandra Shekhar Azad University of Agriculture and Technology, Kanpur, UP
",Asia,LMIC,26.490144,80.301111,No,NA,Experiment (research station),Researcher-led,Researcher-led,Intercropping: Citronella-Legume,Intercrop,1,0,0,Row,"also asessing influence of densities 1:1 ,2:1, 2:2",Varied spacing/timing,,Non-Grain / Pigeonpea,Citronella winterianus,Pigeonpea,0,0,0,0,0,1,0,0,0,0,0,0,150-80-40,Synthetic - below threshold,irrigation,6.780675995,1.06780676,NA,NA,NA,NA,NA,1.052380952,1.083232568,NA,-10.93787537,0.890621246,0.740289678,1.040952814,NA,NA,Mix-Mix,NA,NA,NA,NA,NA,NA,NA,"citronella sole cropping followed by
pigeonpea + citronella intercropping system (2:1) can be
practiced to achieve better high yield as well as profitability
than other cropping system in sandy loam soils of north and
central India.","Sole crops provided higher yields compared to the intercrops. The
citronella sole cropping system gave significantly the highest
citronella equivalent oil yield, net returns and B: C ratio
followed by citronella + pigeonpea (2:1) and citronella +
pigeonpea (2:2) intercropping system than other cropping
systems (Fig 2).",NA,NA,NA,NA,,"Table 6 Effect of cropping system, Ansari_2015_Table 1_soil fertility",,2,2,2,1,2,2,11
89,195,"Ghosh P.K., Hazra K.K., Venkatesh M.S., Praharaj C.S., Kumar N., Nath C.P., Singh U., Singh S.S.",2020,Grain legume inclusion in cereal-cereal rotation increased base crop productivity in the long run,"Ghosh, P. K., Hazra, K. K., Venkatesh, M. S., Praharaj, C. S., Kumar, N., Nath, C. P., . . . Singh, S. S. (2020). Grain legume inclusion in cereal-cereal rotation increased base crop productivity in the long run. Experimental Agriculture, 56(1), 142-158. doi:10.1017/s0014479719000243",Plot,Quantitative,Experiment (research station),E/M,2004-2013,10,4,3,1,3,1, 5-10, 3-4,Yes,Yes,Soil degradation,India,South Asia,2,"ICAR Indian Institute of Pulses Research (ICAR-IIPR), Kanpur, India - Indo-Gangetic plain - lowland experiment",Asia,LMIC,26.50277497,80.27264631,No,,Experiment (research station),Researcher-led,Researcher-led,Rotation,Rotation,1,0,0,Rotation,"Reduced fertiliser (none, organic or recommended rate)",Fertilizer rates/type,,Grain / Mungbean,Rice-Wheat,Mungbean,0,0,0,0,1,0,0,0,0,0,0,,"120–60–40, 20-60-40",Synthetic - below threshold,irrigation,18.20427333,1.182042733,NA,NA,NA,1.3267327,NA,NA,1.1493955,1.07,142.8571429,2.428571429,2.428571429,NA,NA,NA,Win-Win,NA,NA,NA,NA,NA,NA,Yes: soil available phosphorus (nutrients) declines with increasing rice grain yield (but not legume grain yield),NA,NA,History of management (long-term use of legumes increased soil productivity and nutrients),NA,"High market price of pulse crops (chickpea, pigeon pea, and mung bean) over cereals (rice, wheat, and maize)",NA,"""Higher productivity of base crop in grain legume inclusive rotations was attributed to the increased availability of nutrients (N and P in
 particular) and higher SOC""",Figure 5 - yield; water productivity in text page 9; Table 3- plant height; Table 4 - nutrients; Figure 6-costs,,2,2,2,2,2,2,12
90,195,"Ghosh P.K., Hazra K.K., Venkatesh M.S., Praharaj C.S., Kumar N., Nath C.P., Singh U., Singh S.S.",2020,Grain legume inclusion in cereal-cereal rotation increased base crop productivity in the long run,"Ghosh, P. K., Hazra, K. K., Venkatesh, M. S., Praharaj, C. S., Kumar, N., Nath, C. P., . . . Singh, S. S. (2020). Grain legume inclusion in cereal-cereal rotation increased base crop productivity in the long run. Experimental Agriculture, 56(1), 142-158. doi:10.1017/s0014479719000243",Plot,Quantitative,Experiment (research station),E/M,2004-2013,10,4,3,1,3,1, 5-10, 3-4,Yes,Yes,Soil degradation,India,South Asia,2,"ICAR Indian Institute of Pulses Research (ICAR-IIPR), Kanpur, India - Indo-Gangetic plain - upland experiment",Asia,LMIC,26.50277497,80.27264631,No,,Experiment (research station),Researcher-led,Researcher-led,Rotation,Rotation,1,0,0,Rotation,"Reduced fertiliser (none, organic or recommended rate)",Fertilizer rates/type,,Grain / Mungbean,Maize-Wheat,Mungbean,0,0,0,0,1,0,0,0,0,0,0,,"120–60–40, 20-60-40",Synthetic - below threshold,irrigation,13.65772,1.1365772,NA,NA,NA,1.1459459,NA,NA,1.1637857,1.1,70.83333333,1.708333333,2.416666667,1,NA,NA,Win-Mix,NA,NA,NA,NA,NA,NA,No,NA,NA,History of management (long-term use of legumes increased soil productivity and nutrients),NA,"High market price of pulse crops (chickpea, pigeon pea, and mung bean) over cereals (rice, wheat, and maize)",NA,"""Higher productivity of base crop in grain legume inclusive rotations was attributed to the increased availability of nutrients (N and P in
 particular) and higher SOC""",Figure 5 - yield; water productivity in text page 9; Table 3- plant height; Table 4 - nutrients; Figure 6-costs,,2,2,2,2,2,2,12
91,195,"Ghosh P.K., Hazra K.K., Venkatesh M.S., Praharaj C.S., Kumar N., Nath C.P., Singh U., Singh S.S.",2020,Grain legume inclusion in cereal-cereal rotation increased base crop productivity in the long run,"Ghosh, P. K., Hazra, K. K., Venkatesh, M. S., Praharaj, C. S., Kumar, N., Nath, C. P., . . . Singh, S. S. (2020). Grain legume inclusion in cereal-cereal rotation increased base crop productivity in the long run. Experimental Agriculture, 56(1), 142-158. doi:10.1017/s0014479719000243",Plot,Quantitative,Experiment (research station),E/M,2004-2013,10,4,3,1,3,1, 5-10, 3-4,Yes,Yes,Soil degradation,India,South Asia,2,"ICAR Indian Institute of Pulses Research (ICAR-IIPR), Kanpur, India - Indo-Gangetic plain - lowland experiment",Asia,LMIC,26.50277497,80.27264631,No,,Experiment (research station),Researcher-led,Researcher-led,Rotation,Rotation,1,0,0,Rotation,"Reduced fertiliser (none, organic or recommended rate)",Fertilizer rates/type,,Grain / Chickpea,Rice-Wheat,Chickpea,1,0,0,0,0,0,0,0,0,0,0,,"120–60–40, 20-60-40",Synthetic - below threshold,irrigation,11.48854905,1.114885491,NA,NA,NA,1.287128713,NA,NA,1.029360967,1.028166792,66.66666667,1.666666667,1.666666667,NA,NA,NA,Win-Win,NA,NA,NA,NA,NA,NA,Yes: soil available phosphorus (nutrients) declines with increasing rice grain yield (but not legume grain yield),NA,NA,History of management (long-term use of legumes increased soil productivity and nutrients),NA,"High market price of pulse crops (chickpea, pigeon pea, and mung bean) over cereals (rice, wheat, and maize)",NA,"""Higher productivity of base crop in grain legume inclusive rotations was attributed to the increased availability of nutrients (N and P in
 particular) and higher SOC""",Figure 5 - yield; water productivity in text page 9; Table 3- plant height; Table 4 - nutrients; Figure 6-costs,,2,2,2,2,2,2,12
92,195,"Ghosh P.K., Hazra K.K., Venkatesh M.S., Praharaj C.S., Kumar N., Nath C.P., Singh U., Singh S.S.",2020,Grain legume inclusion in cereal-cereal rotation increased base crop productivity in the long run,"Ghosh, P. K., Hazra, K. K., Venkatesh, M. S., Praharaj, C. S., Kumar, N., Nath, C. P., . . . Singh, S. S. (2020). Grain legume inclusion in cereal-cereal rotation increased base crop productivity in the long run. Experimental Agriculture, 56(1), 142-158. doi:10.1017/s0014479719000243",Plot,Quantitative,Experiment (research station),E/M,2004-2013,10,4,3,1,3,1, 5-10, 3-4,Yes,Yes,Soil degradation,India,South Asia,2,"ICAR Indian Institute of Pulses Research (ICAR-IIPR), Kanpur, India - Indo-Gangetic plain - upland experiment",Asia,LMIC,26.50277497,80.27264631,No,,Experiment (research station),Researcher-led,Researcher-led,Rotation,Rotation,1,0,0,Rotation,"Reduced fertiliser (none, organic or recommended rate)",Fertilizer rates/type,,Grain / Chickpea,Maize-Wheat,Chickpea,1,0,0,0,0,0,0,0,0,0,0,,"120–60–40, 20-60-40",Synthetic - below threshold,irrigation,17.50259978,1.175025998,NA,NA,NA,1.437837838,NA,NA,1.049697494,1.037542662,16.66666667,1.166666667,1.333333333,1,NA,NA,Win-Mix,NA,NA,NA,NA,NA,NA,No,NA,NA,History of management (long-term use of legumes increased soil productivity and nutrients),NA,"High market price of pulse crops (chickpea, pigeon pea, and mung bean) over cereals (rice, wheat, and maize)",NA,"""Higher productivity of base crop in grain legume inclusive rotations was attributed to the increased availability of nutrients (N and P in
 particular) and higher SOC""",Figure 5 - yield; water productivity in text page 9; Table 3- plant height; Table 4 - nutrients; Figure 6-costs,,2,2,2,2,2,2,12
126,259,"Jat R.S., Choudhary R.L., Singh H.V., Meena M.K., Singh V.V., Rai P.K.",2021,"Sustainability, productivity, profitability and soil health with conservation agriculture based sustainable intensification of oilseed brassica production system","Jat, R. S., Choudhary, R. L., Singh, H. V., Meena, M. K., Singh, V. V., & Rai, P. K. (2021). Sustainability, productivity, profitability and soil health with conservation agriculture based sustainable intensification of oilseed brassica production system. Scientific Reports, 11(1). doi:10.1038/s41598-021-92801-z",Plot,Quantitative,Experiment (on farm),E/M,2016–2019,3,6,2,4,3,1, 2-4, 3-4,No,No,"Extreme weather (drought), climate change, nutritional security",India,South Asia,2,Bharatpur,Asia,LMIC,27.21551032,77.50299474,No,"""Sustainable intensification of crops and cropping systems, as one of the principles of conservation agriculture, hold a lot of potential to withstand climatic anomaly, price fluctuation, balanced food supply, natural resource degradation, and fertilizer and pesticide dependence. Conservation agriculture-based system intensification in the vulnerable semi-arid tropics provides opportunities to conserve and utilize the fatiguing natural resources more efficiently, increase resilience to anomalous climatic events, and to increase productivity and farmers’ profitability while minimizing production cost and energy use""",Experiment (on farm),Farmer-led + support by researchers,Farmer-led + researcher/extension,Intercropping: Vegetable-legume,Intercrop,1,0,0,Rotation,Conservation agriculture (reduced tillage + residue management),Conservation ag (residue + tillage),,Non-Grain / Clusterbean,Indian mustard (Brassica),Other,0,0,0,0,0,0,0,0,0,0,Clusterbean,Clusterbean,80-40-40,Synthetic - below threshold,irrigation,12.89398,1.1289398,NA,NA,NA,NA,NA,NA,1.1289398,NA,37.6452363,1.376452363,1.376452363,NA,NA,NA,Win-Win,NA,NA,NA,NA,NA,NA,NA,NA,NA,Conservation tillage,NA,Tillage practices,NA,NA,NA,,2,2,2,2,2,2,12
127,259,"Jat R.S., Choudhary R.L., Singh H.V., Meena M.K., Singh V.V., Rai P.K.",2021,"Sustainability, productivity, profitability and soil health with conservation agriculture based sustainable intensification of oilseed brassica production system","Jat, R. S., Choudhary, R. L., Singh, H. V., Meena, M. K., Singh, V. V., & Rai, P. K. (2021). Sustainability, productivity, profitability and soil health with conservation agriculture based sustainable intensification of oilseed brassica production system. Scientific Reports, 11(1). doi:10.1038/s41598-021-92801-z",Plot,Quantitative,Experiment (on farm),E/M,2016–2019,3,6,2,4,3,1, 2-4, 3-4,No,No,"Extreme weather (drought), climate change, nutritional security",India,South Asia,2,Bharatpur,Asia,LMIC,27.21551032,77.50299474,No,"""Sustainable intensification of crops and cropping systems, as one of the principles of conservation agriculture, hold a lot of potential to withstand climatic anomaly, price fluctuation, balanced food supply, natural resource degradation, and fertilizer and pesticide dependence. Conservation agriculture-based system intensification in the vulnerable semi-arid tropics provides opportunities to conserve and utilize the fatiguing natural resources more efficiently, increase resilience to anomalous climatic events, and to increase productivity and farmers’ profitability while minimizing production cost and energy use""",Experiment (on farm),Farmer-led + support by researchers,Farmer-led + researcher/extension,Intercropping: Vegetable-legume,Intercrop,1,0,0,Rotation,Conservation agriculture (reduced tillage + residue management),Conservation ag (residue + tillage),,Non-Grain / Mungbean,Indian mustard (Brassica),Mungbean,0,0,0,0,1,0,0,0,0,0,0,,80-40-40,Synthetic - below threshold,irrigation,7.73639,1.0773639,NA,NA,NA,NA,NA,NA,1.0773639,NA,43.609605,1.43609605,1.43609605,NA,NA,NA,Win-Win,NA,NA,NA,NA,NA,NA,NA,NA,NA,Tillage practices,NA,Tillage practices,NA,NA,NA,,2,2,2,2,2,2,12
248,461,"Paudel B., Chan C., Halbrendt J., Crow S.E., Radovich T.J.K., Norton G.",2016,Bioeconomic optimization of conservation agriculture production systems (CAPS) for smallholder tribal farmers in the hill region of Nepal,"Paudel, B., Chan, C., Halbrendt, J., Crow, S. E., Radovich, T. J. K., & Norton, G. (2016). Bioeconomic optimization of conservation agriculture production systems (CAPS) for smallholder tribal farmers in the hill region of Nepal. Journal of Soil and Water Conservation, 71(2), 103-117. doi:10.2489/jswc.71.2.103",Village,Quantitative + Simulation,Experiment (on farm),RC,2011-2013,3,4,3,1,25,3, 2-4, 11-100,No,No,"poverty, food insecurity",Nepal,South Asia,2,Hyakrang village (hill region),Asia,LMIC,27.788351,84.870625,Yes,"""increase the value of output per area by increasing frequency of cultivation or by increasing inputs""",Experiment (on farm),Farmer-led,Farmer-led,Intercropping: Cereal-legume,Intercrop,1,0,0,Row,Conservation agriculture (strip tillage),Tillage practices,,Grain / Cowpea + Black Gram,Maize,Multiple,0,1,0,0,0,0,0,0,0,0,Black gram,,NA,Unknown,rainfed,11.4537,1.114537,NA,NA,NA,NA,NA,1.114537,NA,NA,19.40586118,1.194058612,NA,NA,1.045675,1.342442224,Win-Win,NA,NA,NA,NA,NA,NA,NA,NA,NA,Conservation agriculture (minimum (strip) tillage)- reduced soil loss,Conservation agriculture (minimum (strip) tillage)- reduced legume yield,NA,Conservation agriculture (minimum (strip) tillage)- increased labour,"The experiment was laid out in a randomized block design with four treatments: 1. Full tillage maize followed by millet sole crop (traditional)
 2. Full tillage maize/legume sole crop (CAPS1)
 3. Full tillage maize/millet + legume intercrop (CAPS2)
 4. Strip tillage maize/millet + legume intercrop (CAPS3)
 Cowpea (2011) and black gram (2012 to
 2014) were the legume crops grown in the on-farm trial.","Values for intercrop are CAPS1; Table 2: crop yields, Table 3: labour, input costs, Table 8: soil formation/loss",,2,2,1,1,2,2,10
251,461,"Paudel B., Chan C., Halbrendt J., Crow S.E., Radovich T.J.K., Norton G.",2016,Bioeconomic optimization of conservation agriculture production systems (CAPS) for smallholder tribal farmers in the hill region of Nepal,"Paudel, B., Chan, C., Halbrendt, J., Crow, S. E., Radovich, T. J. K., & Norton, G. (2016). Bioeconomic optimization of conservation agriculture production systems (CAPS) for smallholder tribal farmers in the hill region of Nepal. Journal of Soil and Water Conservation, 71(2), 103-117. doi:10.2489/jswc.71.2.106",Village,Quantitative + Simulation,Experiment (on farm),RC,2011-2013,3,4,3,1,25,3, 2-4, 11-100,No,No,"poverty, food insecurity",Nepal,South Asia,2,Hyakrang village (hill region),Asia,LMIC,27.788351,84.870625,Yes,"""increase the value of output per area by increasing frequency of cultivation or by increasing inputs""",Experiment (on farm),Farmer-led,Farmer-led,Intercropping: Cereal-legume,Intercrop,1,0,0,Row,Conservation agriculture (strip tillage),Tillage practices,,Grain / Cowpea + Black Gram,Maize-Millet,Multiple,0,1,0,0,0,0,0,0,0,0,Black gram,Millet,NA,Unknown,rainfed,50.2384,1.502384,NA,NA,NA,NA,NA,1.502384,NA,NA,-13.01331549,0.869866845,NA,NA,1.022838,0.71689569,Win-Mix,NA,NA,NA,NA,NA,NA,NA,NA,NA,Conservation agriculture (minimum (strip) tillage)- reduced soil loss,Conservation agriculture (minimum (strip) tillage)- reduced legume yield,NA,Conservation agriculture (minimum (strip) tillage)- increased labour,"The experiment was laid out in a randomized block design with four treatments: 1. Full tillage maize followed by millet sole crop (traditional)
 2. Full tillage maize/legume sole crop (CAPS1)
 3. Full tillage maize/millet + legume intercrop (CAPS2)
 4. Strip tillage maize/millet + legume intercrop (CAPS3)
 Cowpea (2011) and black gram (2012 to
 2014) were the legume crops grown in the on-farm trial.","Values for intercrop are CAPS1; Table 2: crop yields, Table 3: labour, input costs, Table 8: soil formation/loss",,2,2,1,1,2,2,10
58,105,"Choudhary V.K., Kumar P.S.",2016,"Productivity, Water Use and Energy Profitability of Staggered Maize–Legume Intercropping in the Eastern Himalayan Region of India","Choudhary, V. K., & Kumar, P. S. (2016). Productivity, Water Use and Energy Profitability of Staggered Maize–Legume Intercropping in the Eastern Himalayan Region of India. Proceedings of the National Academy of Sciences India Section B - Biological Sciences, 86(3), 547-557. doi:10.1007/s40011-014-0476-7",Plot,Quantitative,Experiment (research station),E/M,2010-2011,2,9,8,1,3,1, 2-4, 3-4,Yes,Yes,,India,South Asia,2,"Research Farm of ICAR Research Complex for NEH Region, Basar, Arunachal Pradesh",Asia,LMIC,27.980252,94.691135,No,"""increasing the crop yield and farm productivity""",Experiment (research station),Researcher-led,Researcher-led,Intercropping: Cereal-legume,Intercrop,1,1,0,Row,"Existing farmers' practices, including mulch",Existing farmers' practices,,Grain / Soybean,Maize,Soybean,0,0,0,0,0,0,0,0,1,0,0,,NA,Unknown,rainfed,90.56647,1.9056647,0.9878,NA,NA,2.8235294,NA,NA,NA,NA,40.48,1.4048,1.4048,NA,NA,NA,Mix-Mix,NA,NA,NA,NA,NA,NA,Yes: (1) row proportions: higher water use with increasing rows but lower energy input and higher energy use efficiency; (2) water use vs monetary benefit: increase in monetary benefit with water use to threshold then decrease (quadratic function),NA,NA,"Rainfall (higher rain in one year led to increased yield); Intercropping design - higher intercrop row density = higher yield, energy efficiency + soil moisture: ""Energy parameters were significantly (p\0.05) influenced by solitary and intercrops of legumes with their respective row proportions.""",NA,"Labour ""Suitable technologies that are accessible to resource-poor farmers must be affordable in terms of labour, land, energy and capital investments """,Intercropping design - higher intercrop row density = higher water use,,NA,,2,2,2,1,2,2,11
59,105,"Choudhary V.K., Kumar P.S.",2016,"Productivity, Water Use and Energy Profitability of Staggered Maize–Legume Intercropping in the Eastern Himalayan Region of India","Choudhary, V. K., & Kumar, P. S. (2016). Productivity, Water Use and Energy Profitability of Staggered Maize–Legume Intercropping in the Eastern Himalayan Region of India. Proceedings of the National Academy of Sciences India Section B - Biological Sciences, 86(3), 547-557. doi:10.1007/s40011-014-0476-7",Plot,Quantitative,Experiment (research station),E/M,2010-2011,2,9,8,1,3,1, 2-4, 3-4,Yes,Yes,,India,South Asia,2,"Research Farm of ICAR Research Complex for NEH Region, Basar, Arunachal Pradesh",Asia,LMIC,27.980252,94.691135,No,"""increasing the crop yield and farm productivity""",Experiment (research station),Researcher-led,Researcher-led,Intercropping: Cereal-legume,Intercrop,1,1,0,Row,"Existing farmers' practices, including mulch",Existing farmers' practices,,Grain / Groundnut,Maize,Groundnut,0,0,1,0,0,0,0,0,0,0,0,,NA,Unknown,rainfed,107.64575,2.0764575,0.932,NA,NA,3.220915,NA,NA,NA,NA,58.3,1.583,1.583,NA,NA,NA,Mix-Mix,NA,NA,NA,NA,NA,NA,Yes: (1) row proportions: higher water use with increasing rows but lower energy input and higher energy use efficiency; (2) water use vs monetary benefit: increase in monetary benefit with water use to threshold then decrease (quadratic function),NA,NA,"Market prices (higher for groundnut); Rainfall (higher rain in one year led to increased yield); Intercropping design - higher intercrop row density = higher yield, energy efficiency + soil moisture: ""Energy parameters were significantly (p\0.05) influenced by solitary and intercrops of legumes with their respective row proportions.""",,"Labour ""Suitable technologies that are accessible to resource-poor farmers must be affordable in terms of labour, land, energy and capital investments """,Intercropping design - higher intercrop row density = higher water use,,NA,,2,2,2,1,2,2,11
60,106,"Choudhary V.K., Kumar P.S.",2013,"Crop and water productivity, profitability and energy consumption pattern of a maize-based crop sequence in the North Eastern Himalayan Region, India","Choudhary, V. K., & Kumar, P. S. (2013). Crop and water productivity, profitability and energy consumption pattern of a maize-based crop sequence in the North Eastern Himalayan Region, India. Archives of Agronomy and Soil Science, 59(5), 653-669. doi:10.1080/03650340.2012.665992",Plot,Quantitative,Experiment (research station),E/M,2008-2011,3,5,3,2,3,1, 2-4, 3-4,Yes,Yes,"Extreme weather (drought), water scarcity",India,South Asia,2,"Research Farm of ICAR Research Complex for NEH Region, Basar, Arunachal Pradesh",Asia,LMIC,27.980252,94.691135,No,"""Crop intensification was measured by calculating land utilisation efficiency by dividing the total duration of respective cropping systems by the numbers of days in a year (365 days), expressed in percentage.""",Experiment (research station),Researcher-led,Researcher-led,Rotation,Rotation,1,0,0,Rotation,"Existing farmers' practices, including mulch",Existing farmers' practices,,Grain / Pea,Maize,Pea,0,0,0,0,0,0,0,0,0,1,0,,80-60-40 (Maize); 20-60-30 (pea),Synthetic - below threshold,rainfed,29.7691552,1.297691552,1.408573104,NA,NA,1.18681,NA,NA,NA,NA,87.3669269,1.873669269,1.873669269,NA,NA,NA,Win-Mix,NA,NA,NA,NA,NA,NA,Yes (energy input highe but balanced by higher energy use efficiency of maize-legumes compared with maize-fallow),NA,NA,"Soil moisture content: ""growth of sequential crops depended solely on the moisture availability in the soil post rainy season""; mulch ""Crop yield was 18–35% higher under straw mulch than in the no-mulch condition""; Non-renewable energy sources (machinery, fuel)",NA,Renewable energy sources,Access to renewable energy,,NA,,2,2,2,2,2,2,12
61,106,"Choudhary V.K., Kumar P.S.",2013,"Crop and water productivity, profitability and energy consumption pattern of a maize-based crop sequence in the North Eastern Himalayan Region, India","Choudhary, V. K., & Kumar, P. S. (2013). Crop and water productivity, profitability and energy consumption pattern of a maize-based crop sequence in the North Eastern Himalayan Region, India. Archives of Agronomy and Soil Science, 59(5), 653-669. doi:10.1080/03650340.2012.665992",Plot,Quantitative,Experiment (research station),E/M,2008-2011,3,5,3,2,3,1, 2-4, 3-4,Yes,Yes,"Extreme weather (drought), water scarcity",India,South Asia,2,"Research Farm of ICAR Research Complex for NEH Region, Basar, Arunachal Pradesh",Asia,LMIC,27.980252,94.691135,No,"""Crop intensification was measured by calculating land utilisation efficiency by dividing the total duration of respective cropping systems by the numbers of days in a year (365 days), expressed in percentage.""",Experiment (research station),Researcher-led,Researcher-led,Rotation,Rotation,1,0,0,Rotation,"Existing farmers' practices, including mulch",Existing farmers' practices,,Grain / Common bean,Maize,Common bean,0,0,0,0,0,0,0,1,0,0,0,,80-60-40 (Maize); 50-60-30 (bean),Synthetic - below threshold,rainfed,35.2255,1.352255,1.46,NA,NA,1.24451,NA,NA,NA,NA,149.9645138,2.499645138,2.499645138,NA,NA,NA,Win-Mix,NA,NA,NA,NA,NA,NA,Yes (energy input highe but balanced by higher energy use efficiency of maize-legumes compared with maize-fallow),NA,NA,"Soil moisture content: ""growth of sequential crops depended solely on the moisture availability in the soil post rainy season""; mulch ""Crop yield was 18–35% higher under straw mulch than in the no-mulch condition""; Non-renewable energy sources (machinery, fuel)",NA,Renewable energy sources,Access to renewable energy,,NA,,2,2,2,2,2,2,12
62,106,"Choudhary V.K., Kumar P.S.",2013,"Crop and water productivity, profitability and energy consumption pattern of a maize-based crop sequence in the North Eastern Himalayan Region, India","Choudhary, V. K., & Kumar, P. S. (2013). Crop and water productivity, profitability and energy consumption pattern of a maize-based crop sequence in the North Eastern Himalayan Region, India. Archives of Agronomy and Soil Science, 59(5), 653-669. doi:10.1080/03650340.2012.665992",Plot,Quantitative,Experiment (research station),E/M,2008-2011,3,5,3,2,3,1, 2-4, 3-4,Yes,Yes,"Extreme weather (drought), water scarcity",India,South Asia,2,"Research Farm of ICAR Research Complex for NEH Region, Basar, Arunachal Pradesh",Asia,LMIC,27.980252,94.691135,No,"""Crop intensification was measured by calculating land utilisation efficiency by dividing the total duration of respective cropping systems by the numbers of days in a year (365 days), expressed in percentage.""",Experiment (research station),Researcher-led,Researcher-led,Rotation,Rotation,1,0,0,Rotation,"Existing farmers' practices, including mulch",Existing farmers' practices,,Grain / Groundnut,Maize,Groundnut,0,0,1,0,0,0,0,0,0,0,0,,80-60-40 (Maize); 20-60-30 (groundnut),Synthetic - below threshold,rainfed,30.758,1.30758,1.28,NA,NA,1.33516,NA,NA,NA,NA,92.1575586,1.921575586,1.921575586,NA,NA,NA,Win-Mix,NA,NA,NA,NA,NA,NA,Yes (energy input highe but balanced by higher energy use efficiency of maize-legumes compared with maize-fallow),NA,NA,"Soil moisture content: ""growth of sequential crops depended solely on the moisture availability in the soil post rainy season""; mulch ""Crop yield was 18–35% higher under straw mulch than in the no-mulch condition""; Non-renewable energy sources (machinery, fuel)",NA,Renewable energy sources,Access to renewable energy,,NA,,2,2,2,2,2,2,12
63,107,"Choudhary V.K., Kumar P.S., Sarkar S.K., Yadav J.S.",2013,"Production potential, economic analysis and energy auditing for maize (Zea mays)-vegetable based cropping systems in Eastern Himalayan Region, Arunachal Pradesh","Choudhary, V. K., Kumar, P. S., Sarkar, S. K., & Yadav, J. S. (2013). Production potential, economic analysis and energy auditing for maize (Zea mays)-vegetable based cropping systems in Eastern Himalayan Region, Arunachal Pradesh. Indian Journal of Agricultural Sciences, 83(1), 110-115.",Plot,Quantitative,Experiment (research station),E/M,2010-2011,2,8,2,6,3,1, 2-4, 3-4,Yes,Yes,,India,South Asia,2,"Research Farm of ICAR Research Complex for NEH Region, Basar, Arunachal Pradesh",Asia,LMIC,27.980252,94.691135,No,,Experiment (research station),Researcher-led,Researcher-led,Rotation,Rotation,1,0,0,Rotation,Existing farmers' practices,Existing farmers' practices,,Grain / Common bean,Maize,Common bean,0,0,0,0,0,0,0,1,0,0,0,,80-60-40 (Maize); 25-60-40 (bean),Synthetic - below threshold,rainfed,81.910275,1.81910275,1.81910275,NA,NA,NA,NA,NA,NA,NA,81.6,1.816,1.816,NA,NA,NA,Win-Mix,NA,NA,NA,NA,NA,NA,Yes (energy input highe but balanced by higher energy use efficiency of maize-legumes compared with maize-fallow),NA,NA,"Non-renewable energy sources (machinery, fuel)",NA,Renewable energy sources,Access to renewable energy,,NA,,2,2,2,2,2,2,12
64,107,"Choudhary V.K., Kumar P.S., Sarkar S.K., Yadav J.S.",2013,"Production potential, economic analysis and energy auditing for maize (Zea mays)-vegetable based cropping systems in Eastern Himalayan Region, Arunachal Pradesh","Choudhary, V. K., Kumar, P. S., Sarkar, S. K., & Yadav, J. S. (2013). Production potential, economic analysis and energy auditing for maize (Zea mays)-vegetable based cropping systems in Eastern Himalayan Region, Arunachal Pradesh. Indian Journal of Agricultural Sciences, 83(1), 110-115.",Plot,Quantitative,Experiment (research station),E/M,2010-2011,2,8,2,6,3,1, 2-4, 3-4,Yes,Yes,,India,South Asia,2,"Research Farm of ICAR Research Complex for NEH Region, Basar, Arunachal Pradesh",Asia,LMIC,27.980252,94.691135,No,,Experiment (research station),Researcher-led,Researcher-led,Rotation,Rotation,1,0,0,Rotation,Existing farmers' practices,Existing farmers' practices,,Grain / Pea,Maize,Pea,0,0,0,0,0,0,0,0,0,1,0,,80-60-40 (Maize); 20-60-40 (pea),Synthetic - below threshold,rainfed,-13.4587554,0.865412446,0.865412446,NA,NA,NA,NA,NA,NA,NA,69.9,1.699,1.699,NA,NA,NA,Mix-Mix,NA,NA,NA,NA,NA,NA,Yes (energy input highe but balanced by higher energy use efficiency of maize-legumes compared with maize-fallow),NA,NA,"Non-renewable energy sources (machinery, fuel)",NA,Renewable energy sources,Access to renewable energy,,NA,,2,2,2,2,2,2,12
250,461,"Paudel B., Chan C., Halbrendt J., Crow S.E., Radovich T.J.K., Norton G.",2016,Bioeconomic optimization of conservation agriculture production systems (CAPS) for smallholder tribal farmers in the hill region of Nepal,"Paudel, B., Chan, C., Halbrendt, J., Crow, S. E., Radovich, T. J. K., & Norton, G. (2016). Bioeconomic optimization of conservation agriculture production systems (CAPS) for smallholder tribal farmers in the hill region of Nepal. Journal of Soil and Water Conservation, 71(2), 103-117. doi:10.2489/jswc.71.2.105",Village,Quantitative + Simulation,Experiment (on farm),RC,2011-2013,3,4,3,1,25,3, 2-4, 11-100,No,No,"poverty, food insecurity",Nepal,South Asia,2,Thumka village (hill region),Asia,LMIC,28.008822,83.399987,Yes,"""increase the value of output per area by increasing frequency of cultivation or by increasing inputs""",Experiment (on farm),Farmer-led,Farmer-led,Intercropping: Cereal-legume,Intercrop,1,0,0,Row,Conservation agriculture (strip tillage),Tillage practices,,Grain / Cowpea + Black Gram,Maize,Multiple,0,1,0,0,0,0,0,0,0,0,Black gram,,NA,Unknown,rainfed,11.4094,1.114094,NA,NA,NA,NA,NA,1.114094,NA,NA,8.953421138,1.089534211,NA,NA,0.920354,1.258714423,Win-Mix,NA,NA,NA,NA,NA,NA,NA,NA,NA,Conservation agriculture (minimum (strip) tillage)- reduced soil loss,Conservation agriculture (minimum (strip) tillage)- reduced legume yield,NA,Conservation agriculture (minimum (strip) tillage)- increased labour,"The experiment was laid out in a randomized block design with four treatments: 1. Full tillage maize followed by millet sole crop (traditional)
 2. Full tillage maize/legume sole crop (CAPS1) 3. Full tillage maize/millet + legume intercrop (CAPS2)
 4. Strip tillage maize/millet + legume intercrop (CAPS3)
 Cowpea (2011) and black gram (2012 to
 2014) were the legume crops grown in the on-farm trial.","Values for intercrop are CAPS1; Table 2: crop yields, Table 3: labour, input costs, Table 8: soil formation/loss",,2,2,1,1,2,2,10
253,461,"Paudel B., Chan C., Halbrendt J., Crow S.E., Radovich T.J.K., Norton G.",2016,Bioeconomic optimization of conservation agriculture production systems (CAPS) for smallholder tribal farmers in the hill region of Nepal,"Paudel, B., Chan, C., Halbrendt, J., Crow, S. E., Radovich, T. J. K., & Norton, G. (2016). Bioeconomic optimization of conservation agriculture production systems (CAPS) for smallholder tribal farmers in the hill region of Nepal. Journal of Soil and Water Conservation, 71(2), 103-117. doi:10.2489/jswc.71.2.108",Village,Quantitative + Simulation,Experiment (on farm),RC,2011-2013,3,4,3,1,25,3, 2-4, 11-100,No,No,"poverty, food insecurity",Nepal,South Asia,2,Thumka village (hill region),Asia,LMIC,28.008822,83.399987,Yes,"""increase the value of output per area by increasing frequency of cultivation or by increasing inputs""",Experiment (on farm),Farmer-led,Farmer-led,Intercropping: Cereal-legume,Intercrop,1,0,0,Row,Conservation agriculture (strip tillage),Tillage practices,,Grain / Cowpea + Black Gram,Maize-Millet,Multiple,0,1,0,0,0,0,0,0,0,0,Black gram,Millet,NA,Unknown,rainfed,50.261,1.50261,NA,NA,NA,NA,NA,1.50261,NA,NA,-13.09104835,0.869089516,NA,NA,0.911668,0.826511033,Win-Lose,NA,NA,NA,NA,NA,NA,NA,NA,NA,Conservation agriculture (minimum (strip) tillage)- reduced soil loss,Conservation agriculture (minimum (strip) tillage)- reduced legume yield,NA,Conservation agriculture (minimum (strip) tillage)- increased labour,"The experiment was laid out in a randomized block design with four treatments: 1. Full tillage maize followed by millet sole crop (traditional)
 2. Full tillage maize/legume sole crop (CAPS1) 3. Full tillage maize/millet + legume intercrop (CAPS2)
 4. Strip tillage maize/millet + legume intercrop (CAPS3)
 Cowpea (2011) and black gram (2012 to
 2014) were the legume crops grown in the on-farm trial.","Values for intercrop are CAPS1; Table 2: crop yields, Table 3: labour, input costs, Table 8: soil formation/loss",,2,2,1,1,2,2,10
292,539,"Sharma A.R., Behera U.K.",2009,Recycling of legume residues for nitrogen economy and higher productivity in maize (Zea mays)-wheat (Triticum aestivum) cropping system,"Sharma, A., Sharma, J. J., Rana, M. C., & Sood, S. (2006). Evaluation of Phaseolus vulgaris as intercrop with vegetables for enhancing productivity system and profitability under high hill dry temperate conditions of north-western Himalayas. Indian Journal of Agricultural Sciences, 76(1), 29-32.",Plot,Quantitative,Experiment (research station),E/M,2002–2004,2,6,5,1,4,1, 2-4, 3-4,Yes,Yes,,India,South Asia,2,"Indian Agricultural Research Institute, New Delhi",Asia,LMIC,28.066667,77.016667,No,NA,Experiment (research station),Researcher-led,Researcher-led,Intercropping,Intercrop,1,0,0,Row,Different fertiliser rates; crop residues incorporated,Fertilizer rates/type,best management practices,Grain / Black gram,Maize-wheat,Mungbean/Black gram,0,0,0,0,0,0,0,0,0,0,Black gram,Black gram,0:26.2:33.3 - 120:26.2:33.3,Synthetic - below threshold,irrigation,94,1.94,NA,NA,NA,NA,NA,NA,1.94,NA,-4.2735,0.957265,0.957265,NA,NA,NA,Win-Mix,NA,NA,NA,NA,NA,NA,NA,NA,"Low availability of legume varieties and low market prices: ""Poor returns from
  grain legumes due to their low productivity on
  account of non-suitability of varieties and nonremunerative
  prices have been the major factors,
  discouraging cultivation of pulses in India by the
  farmers. This has resulted in no increase in area and
  productivity of pulses in India during the last 3
  decades""","Incorporation of legume residues: ""Incorporation of residues of different legumes in
  intercropping and sole cropping systems added
  variable amounts of N (Table 3), which led to a
  significant influence on the productivity of following
  wheat""","Fertiliser rates - effect of legume on N uptake decreased with increasing fertiliser rates- ""the N contribution from
  legume residues was maximum under no N""",NA,Market prices of legumes (low),,See SuppCalc sheet,,2,2,2,2,2,2,12
293,539,"Sharma A.R., Behera U.K.",2009,Recycling of legume residues for nitrogen economy and higher productivity in maize (Zea mays)-wheat (Triticum aestivum) cropping system,"Sharma, A., Sharma, J. J., Rana, M. C., & Sood, S. (2006). Evaluation of Phaseolus vulgaris as intercrop with vegetables for enhancing productivity system and profitability under high hill dry temperate conditions of north-western Himalayas. Indian Journal of Agricultural Sciences, 76(1), 29-32.",Plot,Quantitative,Experiment (research station),E/M,2002–2004,2,6,5,1,4,1, 2-4, 3-4,Yes,Yes,,India,South Asia,2,"Indian Agricultural Research Institute, New Delhi",Asia,LMIC,28.066667,77.016667,No,NA,Experiment (research station),Researcher-led,Researcher-led,Intercropping,Intercrop,1,0,0,Row,Different fertiliser rates; crop residues incorporated,Fertilizer rates/type,SWC,Grain / Mungbean,Maize-wheat,Mungbean,0,0,0,0,1,0,0,0,0,0,0,,0:26.2:33.3 - 120:26.2:33.3,Synthetic - below threshold,irrigation,416,5.16,NA,NA,NA,NA,NA,NA,5.16,NA,3.418803419,1.034188034,1.034188034,NA,NA,NA,Win-Mix,NA,NA,NA,NA,NA,NA,NA,NA,"Low availability of legume varieties and low market prices: ""Poor returns from
 grain legumes due to their low productivity on
 account of non-suitability of varieties and nonremunerative
 prices have been the major factors,
 discouraging cultivation of pulses in India by the
 farmers. This has resulted in no increase in area and
 productivity of pulses in India during the last 3
 decades""","Incorporation of legume residues: ""Incorporation of residues of different legumes in
 intercropping and sole cropping systems added
 variable amounts of N (Table 3), which led to a
 significant influence on the productivity of following
 wheat""","Fertiliser rates - effect of legume on N uptake decreased with increasing fertiliser rates- ""the N contribution from
 legume residues was maximum under no N""",NA,Market prices of legumes (low),,See SuppCalc sheet,,2,2,2,2,2,2,12
294,539,"Sharma A.R., Behera U.K.",2009,Recycling of legume residues for nitrogen economy and higher productivity in maize (Zea mays)-wheat (Triticum aestivum) cropping system,"Sharma, A., Sharma, J. J., Rana, M. C., & Sood, S. (2006). Evaluation of Phaseolus vulgaris as intercrop with vegetables for enhancing productivity system and profitability under high hill dry temperate conditions of north-western Himalayas. Indian Journal of Agricultural Sciences, 76(1), 29-32.",Plot,Quantitative,Experiment (research station),E/M,2002–2004,2,6,5,1,4,1, 2-4, 3-4,Yes,Yes,,India,South Asia,2,"Indian Agricultural Research Institute, New Delhi",Asia,LMIC,28.066667,77.016667,No,NA,Experiment (research station),Researcher-led,Researcher-led,Intercropping,Intercrop,1,0,0,Row,Different fertiliser rates; crop residues incorporated,Fertilizer rates/type,SWC,Grain / Cowpea,Maize-wheat,Cowpea,0,1,0,0,0,0,0,0,0,0,0,,0:26.2:33.3 - 120:26.2:33.3,Synthetic - below threshold,irrigation,224,3.24,NA,NA,NA,NA,NA,NA,3.24,NA,-3.418803419,0.965811966,0.965811966,NA,NA,NA,Win-Mix,NA,NA,NA,NA,NA,NA,NA,NA,"Low availability of legume varieties and low market prices: ""Poor returns from
 grain legumes due to their low productivity on
 account of non-suitability of varieties and nonremunerative
 prices have been the major factors,
 discouraging cultivation of pulses in India by the
 farmers. This has resulted in no increase in area and
 productivity of pulses in India during the last 3
 decades""","Incorporation of legume residues: ""Incorporation of residues of different legumes in
 intercropping and sole cropping systems added
 variable amounts of N (Table 3), which led to a
 significant influence on the productivity of following
 wheat""","Fertiliser rates - effect of legume on N uptake decreased with increasing fertiliser rates- ""the N contribution from
 legume residues was maximum under no N""",NA,Market prices of legumes (low),,See SuppCalc sheet,,2,2,2,2,2,2,12
295,539,"Sharma A.R., Behera U.K.",2009,Recycling of legume residues for nitrogen economy and higher productivity in maize (Zea mays)-wheat (Triticum aestivum) cropping system,"Sharma, A., Sharma, J. J., Rana, M. C., & Sood, S. (2006). Evaluation of Phaseolus vulgaris as intercrop with vegetables for enhancing productivity system and profitability under high hill dry temperate conditions of north-western Himalayas. Indian Journal of Agricultural Sciences, 76(1), 29-32.",Plot,Quantitative,Experiment (research station),E/M,2002–2004,2,6,5,1,4,1, 2-4, 3-4,Yes,Yes,,India,South Asia,2,"Indian Agricultural Research Institute, New Delhi",Asia,LMIC,28.066667,77.016667,No,NA,Experiment (research station),Researcher-led,Researcher-led,Intercropping,Intercrop,1,0,0,Row,Different fertiliser rates; crop residues incorporated,Fertilizer rates/type,SWC,Grain / Groundnut,Maize-wheat,Groundnut,0,0,1,0,0,0,0,0,0,0,0,,0:26.2:33.3 - 120:26.2:33.3,Synthetic - below threshold,irrigation,232,3.32,NA,NA,NA,NA,NA,NA,3.32,NA,-8.547008547,0.914529915,0.914529915,NA,NA,NA,Win-Mix,NA,NA,NA,NA,NA,NA,NA,NA,"Low availability of legume varieties and low market prices: ""Poor returns from
 grain legumes due to their low productivity on
 account of non-suitability of varieties and nonremunerative
 prices have been the major factors,
 discouraging cultivation of pulses in India by the
 farmers. This has resulted in no increase in area and
 productivity of pulses in India during the last 3
 decades""","Incorporation of legume residues: ""Incorporation of residues of different legumes in
 intercropping and sole cropping systems added
 variable amounts of N (Table 3), which led to a
 significant influence on the productivity of following
 wheat""","Fertiliser rates - effect of legume on N uptake decreased with increasing fertiliser rates- ""the N contribution from
 legume residues was maximum under no N""",NA,Market prices of legumes (low),,See SuppCalc sheet,,2,2,2,2,2,2,12
296,539,"Sharma A.R., Behera U.K.",2009,Recycling of legume residues for nitrogen economy and higher productivity in maize (Zea mays)-wheat (Triticum aestivum) cropping system,"Sharma, A., Sharma, J. J., Rana, M. C., & Sood, S. (2006). Evaluation of Phaseolus vulgaris as intercrop with vegetables for enhancing productivity system and profitability under high hill dry temperate conditions of north-western Himalayas. Indian Journal of Agricultural Sciences, 76(1), 29-32.",Plot,Quantitative,Experiment (research station),E/M,2002–2004,2,6,5,1,4,1, 2-4, 3-4,Yes,Yes,,India,South Asia,2,"Indian Agricultural Research Institute, New Delhi",Asia,LMIC,28.066667,77.016667,No,NA,Experiment (research station),Researcher-led,Researcher-led,Intercropping,Intercrop,1,0,0,Row,Different fertiliser rates; crop residues incorporated,Fertilizer rates/type,SWC,Grain / Soybean,Maize-wheat,Soybean,0,0,0,0,0,0,0,0,1,0,0,,0:26.2:33.3 - 120:26.2:33.3,Synthetic - below threshold,irrigation,330,4.3,NA,NA,NA,NA,NA,NA,4.3,NA,-10.25641026,0.897435897,0.897435897,NA,NA,NA,Win-Mix,NA,NA,NA,NA,NA,NA,NA,NA,"Low availability of legume varieties and low market prices: ""Poor returns from
 grain legumes due to their low productivity on
 account of non-suitability of varieties and nonremunerative
 prices have been the major factors,
 discouraging cultivation of pulses in India by the
 farmers. This has resulted in no increase in area and
 productivity of pulses in India during the last 3
 decades""","Incorporation of legume residues: ""Incorporation of residues of different legumes in
 intercropping and sole cropping systems added
 variable amounts of N (Table 3), which led to a
 significant influence on the productivity of following
 wheat""","Fertiliser rates - effect of legume on N uptake decreased with increasing fertiliser rates- ""the N contribution from
 legume residues was maximum under no N""",NA,Market prices of legumes (low),,See SuppCalc sheet,,2,2,2,2,2,2,12
343,613,"Tetarwal J.P., Rana K.S.",2006,"Impact of cropping system, fertility level and moisture-conservation practice on productivity, nutrient uptake, water use and profitability of pearlmillet (Pennisetum glaucum) under rainfed conditions","Tetarwal, J. P., & Rana, K. S. (2006). Impact of cropping system, fertility level and moisture-conservation practice on productivity, nutrient uptake, water use and profitability of pearlmillet (Pennisetum glaucum) under rainfed conditions. Indian Journal of Agronomy, 51(4), 263-266.",Plot,Quantitative,Experiment (research station),E/M,2003-2004,2,24,12,12,3,1, 2-4, 3-4,Yes,Yes,,India,South Asia,2,"Indian Agricultural Research Institute, New Delhi",Asia,LMIC,28.066667,77.016667,No,NA,Experiment (research station),Researcher-led,Researcher-led,Intercropping,Intercrop,1,0,0,Row,Three fertility levels; four moisture-conservation practices (no mulch vs mulch),Fertilizer rates/type,,Grain / Mothbean,Pearl Millet,Other,0,0,0,0,0,0,0,0,0,0,Mothbean,Mothbean,"0-0-0, 40-20-0, 80-40-0",Synthetic - below threshold,rainfed,-2.404491649,0.975955084,NA,NA,NA,0.992537201,NA,NA,0.959372966,NA,12.0101645,1.120101645,1.120101645,NA,NA,NA,Mix-Win,NA,NA,NA,NA,NA,NA,NA,NA,NA,"Conservation agriculture - use of mulch: ""increased productivity of grain and stover with moisture-conservation practices was owing to the use of dust mulch and straw mulch, which helped extend the period of storage of water in soil profile due to reduction in evaporation; as Kaolin reduces transpirational loss of water and FYM increases water-holding capacity of soil.""","Dry conditions (soil moisture stress): ""The intercropping system depleted more moisture from deeper layers than pearlmillet sole. The moisture stress in upper (0-30 cm) soil profile might have compelled roots to go deeper in search of moisture.""",Market price of legume - high compared with cereal,NA,,"Table 1 = food (PEY column, control = pearlmillet sole); water regulation (moisture extraction pattern average of 5 depths); net return (economic wellbeing); natural capital (WUE = water use efficiency)",,2,2,2,1,2,2,11
153,320,"Kuri B.R., Yadav R.S., Kumawat A.",2012,Evaluation of pearl millet (Pennisetum glaucum) and mothbean (Vigna acconitifolia) intercropping systems in hyper arid partially irrigated north-western plains zone,"Kuri, B. R., Yadav, R. S., & Kumawat, A. (2014). Evaluation of pearl millet (Pennisetum glaucum) and mothbean (Vigna acconitifolia) intercropping systems in hyper arid partially irrigated north-western plains zone. Indian Journal of Agricultural Sciences, 82(11), 993-996.",Plot,Quantitative,Experiment (research station),RC ,2008,1,15,11,4,3,1,1, 3-4,Yes,Yes,,India,South Asia,2,"Agronomy Farm, College of Agriculture, Bikaner, Rajasthan",Asia,LMIC,28.094828,73.352658,No,,Experiment (research station),Researcher-led,Researcher-led,Intercropping: Cereal-legume,Intercrop,1,1,0,Row,Existing farmers' practices,Existing farmers' practices,,Grain / Mothbean,Pearl Millet,Other,0,0,0,0,0,0,0,0,0,0,Mothbean,Mothbean,40-20-0,Synthetic - below threshold,irrigation,21.32959025,1.213295903,NA,NA,NA,NA,NA,NA,1.213295903,NA,12.2229439,1.122229439,1.122229439,NA,NA,NA,Win-Mix,NA,NA,NA,NA,NA,NA,NA,NA,NA,Planting pattern (pearl millet/mothbean ratio 1:7 superior),"Dry conditions (low rainfall amount during cropping season, required life-saving irrigation)",Planting pattern (pearl millet/mothbean ratio 1:7 superior),Seed prices: Cost of cultivation higher for intercropping due to higher seed prices for beans compared with cereals,,"Tables: 1=Yield; 2= LER, income, N uptake",,0,1,2,1,2,2,8
316,570,"Singh R.J., Ahlawat I.P.S.",2015,Energy budgeting and carbon footprint of transgenic cotton–wheat production system through peanut intercropping and FYM addition,"Singh, R. J., & Ahlawat, I. P. S. (2015). Energy budgeting and carbon footprint of transgenic cotton-wheat production system through peanut intercropping and FYM addition. Environmental Monitoring and Assessment, 187(5), 16. doi:10.1007/s10661-015-4516-4",Plot,Quantitative,Experiment (research station),E/M,2006-2008,2,12,8,4,3,1, 2-4, 3-4,Yes,Yes,depletion of fossil energy resources and the emission of atmospheric green house gases (GHGs) like carbon dioxide (CO2) to the atmosphere,India,South Asia,2,New Delhi (28°35?N latitude and 77°12? E longitude),Asia,LMIC,28.583333,77.2,No,NA,Experiment (research station),Researcher-led,Researcher-led,Intercropping,Intercrop,1,0,0,Row,Four fertility levels,Fertilizer rates/type,,Grain + Non-Grain / Groundnut,Cotton-Wheat,Groundnut,0,0,1,0,0,0,0,0,0,0,0,,0:0:0 to 150:26:5,Synthetic - below threshold,irrigation,36.93703667,1.369370367,NA,1.5,NA,NA,NA,NA,1.366426,1.2416851,7.120355467,1.071203555,1.263736264,NA,0.9219448,1.0279296,Mix-Mix,NA,NA,NA,NA,NA,NA,NA,NA,Low peanut market prices; insuitability of peanut varieties to local weather conditions,"Moderate fertilisation (reduced carbon footprint); soil characteristics (greatest NER, PEIN, and NHI were attributed to the better physical, chemical, and biological properties of soil that would have caused greater nutrient uptake and yield, leading to better fertilizer-use efficiencies)","Fertilisation (increasing N rates reduced the impact of intercropping on reducing carbon footprint, and at very high >100kg N rates, no difference in carbon footprint between legume and non-legume treatment)",,"suitability of peanut varieties and low peanut market prices: ""Poor returns from peanut due to its lower productivity on account ofnon-suitability ofvarieties and nonremunerative prices have been the major factors, discouraging cultivation of peanut in South Asian countries by farmers.""",,"Data on yield, labour, material assets from ref 234: Table 6, 7, 8, 9, 10, 11; data on profitability from ref 235 (excluded as it’s the same study); data on productivity, organic carbon, weed regulation from ""Dry Matter Nitrogen Phosphorus and Potassium""","Singh RJ, Ahlawat IPS, Kumar K. 2013. Productivity and Profitability of the Transgenic Cotton–Wheat Production System through Peanut Intercropping and Fym Addition. Experimental Agriculture 49:321-335.",2,2,2,2,2,2,12
249,461,"Paudel B., Chan C., Halbrendt J., Crow S.E., Radovich T.J.K., Norton G.",2016,Bioeconomic optimization of conservation agriculture production systems (CAPS) for smallholder tribal farmers in the hill region of Nepal,"Paudel, B., Chan, C., Halbrendt, J., Crow, S. E., Radovich, T. J. K., & Norton, G. (2016). Bioeconomic optimization of conservation agriculture production systems (CAPS) for smallholder tribal farmers in the hill region of Nepal. Journal of Soil and Water Conservation, 71(2), 103-117. doi:10.2489/jswc.71.2.104",Village,Quantitative + Simulation,Experiment (on farm),RC,2011-2013,3,4,3,1,25,3, 2-4, 11-100,No,No,"poverty, food insecurity",Nepal,South Asia,2,Kholagaun village (hill region),Asia,LMIC,28.628282,82.295692,Yes,"""increase the value of output per area by increasing frequency of cultivation or by increasing inputs""",Experiment (on farm),Farmer-led,Farmer-led,Intercropping: Cereal-legume,Intercrop,1,0,0,Row,Conservation agriculture (strip tillage),Tillage practices,,Grain / Cowpea + Black Gram,Maize,Multiple,0,1,0,0,0,0,0,0,0,0,Black gram,,NA,Unknown,rainfed,50.2643,1.502643,NA,NA,NA,NA,NA,1.502643,NA,NA,18.24576514,1.182457651,NA,NA,1,1.364915303,Win-Mix,NA,NA,NA,NA,NA,NA,NA,NA,NA,Conservation agriculture (minimum (strip) tillage)- reduced soil loss,Conservation agriculture (minimum (strip) tillage)- reduced legume yield,NA,Conservation agriculture (minimum (strip) tillage)- increased labour,"The experiment was laid out in a randomized block design with four treatments: 1. Full tillage maize followed by millet sole crop (traditional)
 2. Full tillage maize/legume sole crop (CAPS1)
 3. Full tillage maize/millet + legume intercrop (CAPS2)
 4. Strip tillage maize/millet + legume intercrop (CAPS3)
 Cowpea (2011) and black gram (2012 to
 2014) were the legume crops grown in the on-farm trial.","Values for intercrop are CAPS1; Table 2: crop yields, Table 3: labour, input costs, Table 8: soil formation/loss",,2,2,1,1,2,2,10
252,461,"Paudel B., Chan C., Halbrendt J., Crow S.E., Radovich T.J.K., Norton G.",2016,Bioeconomic optimization of conservation agriculture production systems (CAPS) for smallholder tribal farmers in the hill region of Nepal,"Paudel, B., Chan, C., Halbrendt, J., Crow, S. E., Radovich, T. J. K., & Norton, G. (2016). Bioeconomic optimization of conservation agriculture production systems (CAPS) for smallholder tribal farmers in the hill region of Nepal. Journal of Soil and Water Conservation, 71(2), 103-117. doi:10.2489/jswc.71.2.107",Village,Quantitative + Simulation,Experiment (on farm),RC,2011-2013,3,4,3,1,25,3, 2-4, 11-100,No,No,"poverty, food insecurity",Nepal,South Asia,2,Kholagaun village (hill region),Asia,LMIC,28.628282,82.295692,Yes,"""increase the value of output per area by increasing frequency of cultivation or by increasing inputs""",Experiment (on farm),Farmer-led,Farmer-led,Intercropping: Cereal-legume,Intercrop,1,0,0,Row,Conservation agriculture (strip tillage),Tillage practices,,Grain / Cowpea + Black Gram,Maize-Millet,Multiple,0,1,0,0,0,0,0,0,0,0,Black gram,Millet,NA,Unknown,rainfed,50.2384,1.502384,NA,NA,NA,NA,NA,1.502384,NA,NA,-8.161410264,0.918385897,NA,NA,0.991667,0.845104795,Win-Lose,NA,NA,NA,NA,NA,NA,NA,NA,NA,Conservation agriculture (minimum (strip) tillage)- reduced soil loss,Conservation agriculture (minimum (strip) tillage)- reduced legume yield,NA,Conservation agriculture (minimum (strip) tillage)- increased labour,"The experiment was laid out in a randomized block design with four treatments: 1. Full tillage maize followed by millet sole crop (traditional)
 2. Full tillage maize/legume sole crop (CAPS1)
 3. Full tillage maize/millet + legume intercrop (CAPS2)
 4. Strip tillage maize/millet + legume intercrop (CAPS3)
 Cowpea (2011) and black gram (2012 to
 2014) were the legume crops grown in the on-farm trial.","Values for intercrop are CAPS1; Table 2: crop yields, Table 3: labour, input costs, Table 8: soil formation/loss",,2,2,1,1,2,2,10
247,453,"Parihar M.D., Parihar C.M., Nanwal R.K., Singh A.K., Jat S.L., Nayak H.S., Ghasal P.C., Jewlia H.R., Choudhary M., Jat M.L.",2019,Effect of different tillage and residue management practices on crop and water productivity and economics in maize (Zea mays) based rotations,"Parihar, M. D., Parihar, C. M., Nanwal, R. K., Singh, A. K., Jat, S. L., Nayak, H. S., . . . Jat, M. L. (2019). Effect of different tillage and residue management practices on crop and water productivity and economics in maize (Zea mays) based rotations. Indian Journal of Agricultural Sciences, 89(2), 360-366.",Plot,Quantitative,Experiment (research station),E/M,2012-2014,2,12,6,6,1,1, 2-4, 1-2,No,No,,India,South Asia,2,northern India,Asia,LMIC,28.666667,77.2,No,,Experiment (research station),Researcher-led,Researcher-led,Rotation,Rotation,0,0,1,Rotation,Conservation agriculture (6 tillage and crop establishment (TCE) and residue management practices),Conservation ag (residue + tillage),,Grain / Chickpea,Maize,Chickpea,1,0,0,0,0,0,0,0,0,0,0,Wheat,150:60:40,Synthetic - below threshold,irrigation,6.157035,1.06157035,NA,NA,NA,1.0912347,NA,NA,NA,1.031906,11.1948302,1.111948302,1.132454004,NA,NA,1.0914426,Win-Win,NA,NA,NA,NA,NA,NA,NA,NA,NA,"Conservation agriculture (zero tillage- greater yield; residue retention- greater system productivity (better soil structure, aeration and thermal and moisture regimes)",NA,"Conservation agriculture (zero tillage- greater yield; residue retention- greater system productivity (better soil structure, aeration and thermal and moisture regimes)","Conservation agriculture (zero tillage- greater yield; residue retention- greater system productivity (better soil structure, aeration and thermal and moisture regimes)",NA,"Table 2: food provisioning, water regulation, productivity; Table 3: Additional net income; Table 4: labour costs (variable costs of cultivation) - see SuppCalc",,0,2,1,2,2,2,9
364,673,"Yadav M.R., Parihar C.M., Jat S.L., Singh A.K., Kumar R., Yadav R.K., Kuri B.R., Parihar M.D., Yadav B., Verma A.P., Jat M.L.",2017,Long term effect of legume intensified crop rotations and tillage practices on productivity and profitability of maize vis-a-vis soil fertility in North-Western Indo-Gangetic Plains of India,"Yadav, M. R., Parihar, C. M., Jat, S. L., Singh, A. K., Kumar, R., Yadav, R. K., . . . Jat, M. L. (2017). Long term effect of legume intensified crop rotations and tillage practices on productivity and profitability of maize vis-a-vis soil fertility in North-Western Indo-Gangetic Plains of India. Legume Research, 40(2), 282-290. doi:10.18805/1r.v0i0.7583",Plot,Quantitative,Experiment (research station),E/M,2008-2014,6,4,2,2,3,1, 5-10, 3-4,Yes,Yes,"Land degradation, Water scarcity",India,South Asia,2,New Delhi,Asia,LMIC,28.666667,77.2,Yes,"""Legume intensified crop rotations to enhance productivity, profitability and soil health""; ""Short-duration summer-legume crops mungbean and cowpea in IGP has great potential in enhancing crop-intensification and thus, harnessing better system productivity and profitability""",Experiment (research station),Researcher-led,Researcher-led,Rotation,Rotation,1,0,0,Rotation,"Tillage practices, herbicide (glyphosate)",Tillage practices,weed management,Grain / Chickpea,Maize,Chickpea,1,0,0,0,0,0,0,0,0,0,0,Sesbania,150-60-40,Synthetic - below threshold,irrigation,14.38771248,1.143877125,1.108695652,NA,NA,NA,NA,NA,1.179058598,NA,20.84318573,1.208431857,1.208431857,NA,NA,NA,Win-Mix,NA,NA,NA,NA,NA,NA,NA,NA,NA,"Conservation agriculture (zero tillage, permanent beds): ""CA practices (ZT and PB) resulted into 7.71-14.21% and 7.44-13.04% higher grain and stover yield compared to conventional tillage"" ""maximum N, P and K content (0.563, 0.226 and 1.198%, respectively) in maize stover were recorded with zero tillage"" ""maximum gross energy (210.1 thousand MJ/ha), energy efficiency (16.4), energy intensity (8.50 MJ/`), net returns (45 681`/ha) and BC ratio (1.85) of kharif maize were recorded under ZT planting"" ""energy accumulation capacity was higher in CA due to better crop growth environment in terms of higher nutrient availability, better root growth and modulation of climatic conditions with better water retention"". The higher content of these nutrients in maize under CA practices might be due to better root development, which enhanced nutrient density in maize crop due to increased forage area for nutrient extraction""; legume crop choice: higher NPK content under MCS plots might be due to differences in quantity and chemical composition of crop residue biomass and/or root exudates among the crop rotations (Congreves et al., 2015). tap roots of the legume resulted higher SOC and NPK content in deeper layers; energy efficient maize under MCS system was primarily due to higher yields compared to other systems which enhnced output per unit of input energy used",Conventional tillage (significantly lower soil carbon and soil macronutrients in tilled soil compared with conservation agriculture),Zero tillage (maximum returns achieved under zero tillage); lower cost of cultivation under CA compared with conventional practices (less machinery and energy use),Conventional tillage (minimum net returns from tilling beds),CA practices attributed to less soil disturbance leads to lower oxidation of SOC and at the same time residue retention under these practices through crop diversification (legume inclusion) further facilitate greater carbon inputs which ultimately resulted into higher TSC with CA practices,"See SuppCalc Sheet- MCS/MMS for energy calcs; From paper: Table 1 = yield (MCS/MMS); Table 4 = nitrogen; Table 3 = soil carbon, Income (net returns) from ""Farm profitability"" discussion page 287; Energy efficiency from Yadav et al 2016 (Table 2); Protein content from Yadav et al 2016 (Table 1)- MCS/MMS","Yadav M.R., Parihar C.M., Jat S.L., Singh A.K., Kumar D., Pooniya V., Parihar M.D., Saveipune D., Parmar H., Jat M.L. 2016 Effect of long-term tillage and diversified crop rotations on nutrient uptake, profitability and energetics of maize (Zea mays) in north-western India [study 274]",2,2,2,2,2,2,12
198,410,"Naresh R.K., Singh S.P., Kumar P., Singh B., Singh P.K., Chauhan P., Rathore R.S.",2014,"Sustainability of maize (Zea mays)-wheat (Triticum aestivum) cropping system under legumes intercropping and effect of nitrogen level on light distribution, soil temperature and crop productivity","Naresh, R. K., Singh, S. P., Kumar, P., Singh, B., Singh, P. K., Chauhan, P., & Rathore, R. S. (2014). Sustainability of maize (Zea mays)-wheat (Triticum aestivum) cropping system under legumes intercropping and effect of nitrogen level on light distribution, soil temperature and crop productivity. Indian Journal of Agricultural Sciences, 84(6), 695-701.",Field,Quantitative,Experiment (research station),RC,2008-2011,3,6,4,2,3,1, 2-4, 3-4,Yes,Yes,Limited access to fertilisers: most of the maize is produced in the rainy season where transportation of fertilizer is costly and most farmers do not have the cash available to buy fertilizers.,India,South Asia,2,"Sardar Vallabhbhai Patel University of Agriculture and Technology, Meerut (Uttar Pradesh)",Asia,LMIC,29.074154,77.707275,No,,Experiment (research station),Researcher-led,Researcher-led,Intercropping: Cereal-legume (maize + wheat),Intercrop,1,1,0,Inter-row,Different fertiliser regimes + existing farmers practices,Fertilizer rates/type, best management practices,Grain / Black gram,Maize-wheat,Mungbean/Black gram,0,0,0,0,0,0,0,0,0,0,Black gram,0,"80-60-0, 120-60-0, 160-60-0",Synthetic - below threshold,irrigation,202.36941,3.0236941,NA,NA,NA,1.3978022,NA,NA,6.7083333,0.9649468,3.90625,1.0390625,1.0390625,NA,NA,NA,Mix-Win,NA,NA,NA,NA,NA,NA,NA,NA,NA,NA,Limited access to fertilisers by farmers,NA,NA,"Two types of intercropping were tested, one where blackgramed was sowed in a 2:2 row ratio on 30/90 cm wide beds and one in a 1:1 row ratio on 30/30 cm flat beds.",Supporting calculation; Table 3 (Yield / income/ carbon) Figure 2 (soil moisture); Table 4 (N soil balance) ,,2,2,2,2,2,2,12
199,410,"Naresh R.K., Singh S.P., Kumar P., Singh B., Singh P.K., Chauhan P., Rathore R.S.",2014,"Sustainability of maize (Zea mays)-wheat (Triticum aestivum) cropping system under legumes intercropping and effect of nitrogen level on light distribution, soil temperature and crop productivity","Naresh, R. K., Singh, S. P., Kumar, P., Singh, B., Singh, P. K., Chauhan, P., & Rathore, R. S. (2014). Sustainability of maize (Zea mays)-wheat (Triticum aestivum) cropping system under legumes intercropping and effect of nitrogen level on light distribution, soil temperature and crop productivity. Indian Journal of Agricultural Sciences, 84(6), 695-701.",Field,Quantitative,Experiment (research station),RC,2008-2011,3,6,4,2,3,1, 2-4, 3-4,Yes,Yes,Limited access to fertilisers: most of the maize is produced in the rainy season where transportation of fertilizer is costly and most farmers do not have the cash available to buy fertilizers.,India,South Asia,2,"Sardar Vallabhbhai Patel University of Agriculture and Technology, Meerut (Uttar Pradesh)",Asia,LMIC,29.074154,77.707275,No,,Experiment (research station),Researcher-led,Researcher-led,Intercropping: Cereal-legume (maize + wheat),Intercrop,1,1,0,Inter-row,Different fertiliser regimes + existing farmers practices,Fertilizer rates/type, best management practices,Grain / Cowpea,Maize-wheat,Cowpea,0,1,0,0,0,0,0,0,0,0,0,0,"80-60-0, 120-60-0, 160-60-0",Synthetic - below threshold,irrigation,348.1571533,4.481571533,NA,NA,NA,1.9296703,NA,NA,10.541667,0.9733773,4.6875,1.046875,1.046875,NA,NA,NA,Mix-Win,NA,NA,NA,NA,NA,NA,NA,NA,NA,NA,Limited access to fertilisers by farmers,NA,NA,Cowpea was sowed in a 2:2 row ratio on 30/90 cm wide beds only.,Supporting calculation; Table 3 (Yield / income/ carbon) Figure 2 (soil moisture); Table 4 (N soil balance) ,,2,2,2,2,2,2,12
200,410,"Naresh R.K., Singh S.P., Kumar P., Singh B., Singh P.K., Chauhan P., Rathore R.S.",2014,"Sustainability of maize (Zea mays)-wheat (Triticum aestivum) cropping system under legumes intercropping and effect of nitrogen level on light distribution, soil temperature and crop productivity","Naresh, R. K., Singh, S. P., Kumar, P., Singh, B., Singh, P. K., Chauhan, P., & Rathore, R. S. (2014). Sustainability of maize (Zea mays)-wheat (Triticum aestivum) cropping system under legumes intercropping and effect of nitrogen level on light distribution, soil temperature and crop productivity. Indian Journal of Agricultural Sciences, 84(6), 695-701.",Field,Quantitative,Experiment (research station),RC,2008-2011,3,6,4,2,3,1, 2-4, 3-4,Yes,Yes,Limited access to fertilisers: most of the maize is produced in the rainy season where transportation of fertilizer is costly and most farmers do not have the cash available to buy fertilizers.,India,South Asia,2,"Sardar Vallabhbhai Patel University of Agriculture and Technology, Meerut (Uttar Pradesh)",Asia,LMIC,29.074154,77.707275,No,,Experiment (research station),Researcher-led,Researcher-led,Intercropping: Cereal-legume (maize + wheat),Intercrop,1,1,0,Inter-row,Different fertiliser regimes + existing farmers practices,Fertilizer rates/type, best management practices,Grain / Pigeonpea,Maize-wheat,Pigeonpea,0,0,0,0,0,1,0,0,0,0,0,0,"80-60-0, 120-60-0, 160-60-0",Synthetic - below threshold,irrigation,154.10583,2.5410583,NA,NA,NA,1.4527473,NA,NA,5.2083333,0.9620943,3.125,1.03125,1.03125,NA,NA,NA,Mix-Win,NA,NA,NA,NA,NA,NA,NA,NA,NA,NA,Limited access to fertilisers by farmers,NA,NA,Pigeonpea was sowed in a 1:1 row ratio on 30/30 cm flat beds only.,Supporting calculation; Table 3 (Yield / income/ carbon) Figure 2 (soil moisture); Table 4 (N soil balance) ,,2,2,2,2,2,2,12
307,563,"Singh B., Dhaka A.K., Kumar S., Singh S., Kumar M.",2017,"Land, biological and economic evaluation of intercropping systems involving barley (Hordeum vulgare), Indian mustard (Brassica juncea) and chickpea (Cicer arietinum) under different spatial arrangements","Singh, B., Dhaka, A. K., Kumar, S., Singh, S., & Kumar, M. (2017). Land, biological and economic evaluation of intercropping systems involving barley (Hordeum vulgare), Indian mustard (Brassica juncea) and chickpea (Cicer arietinum) under different spatial arrangements. Indian Journal of Agronomy, 62(4), 443-450.",Plot,Quantitative,Experiment (research station),E/M,2011-2013,2,9,3,6,3,1, 2-4, 3-4,Yes,Yes,"poverty, population growth, hunger",India,South Asia,2,"Chaudary Charan Sing Haryana Agricultural University, Hisar",Asia,LMIC,29.15017,75.704463,No,NA,Experiment (research station),Researcher-led,Researcher-led,Intercropping,Intercrop,1,1,0,Row,Different intercrop spacings,Varied spacing/timing,,Grain / Chickpea,Barley,Chickpea,1,0,0,0,0,0,0,0,0,0,0,Indian mustard,2.520833333,Synthetic - below threshold,irrigation,5.675675676,1.056756757,NA,NA,NA,NA,NA,NA,NA,1.056756757,1.737756714,1.017377567,1.017377567,NA,NA,NA,Mix-Win,NA,NA,NA,NA,NA,NA,NA,NA,NA,Row spacing of intercrops,Choice of main crop (barley outcompetes legumes compared with other cereals),Row spacing of intercrops,Choice of main crop (barley outcompetes legumes compared with other cereals),,"Table 1, Table 2, Table 4",,2,2,2,1,2,2,11
353,626,"Tripathi S.C., Singh R.P.",2008,Effect of crop diversification on productivity and profitability of rice (Oryza sativa) - Wheat (triticum aestivum) cropping system,"Tripathi, S. C., & Singh, R. P. (2008). Effect of crop diversification on productivity and profitability of rice (Oryza sativa) - Wheat (triticum aestivum) cropping system. Indian Journal of Agronomy, 53(1), 27-31.",Plot,Quantitative,Experiment (research station),E/M,2000-2006,6,8,2,6,4,1, 5-10, 3-4,Yes,Yes,,India,South Asia,2,Karnal (Directorate of Wheat Research),Asia,LMIC,29.703535,76.992882,No,NA,Experiment (research station),Researcher-led,Researcher-led,Rotation,Rotation,1,0,0,Rotation,Existing farmers' practices,Existing farmers' practices,,Grain / Pigeonpea,Rice-wheat,Pigeonpea,0,0,0,0,0,1,0,0,0,0,0,,"""Recommended doses""",Synthetic - below threshold,irrigation,36.47058824,1.364705882,NA,NA,1.364705882,NA,NA,NA,NA,NA,34.42622951,1.344262295,1.344262295,NA,NA,NA,Win-Win,NA,NA,NA,NA,NA,NA,NA,NA,NA,"Soil: low organic C content; Residue incorporation: ""Greengram and vegetable pea residues were incorporated into the soil after picking of pods""",NA,NA,NA,,"Table 2 = yield (control= rice-wheat-rice -wheat- rice- wheat, treatment = piigeonpea-wheat - rice -wheat - rice- wheat)- ""Pooled"" column of ""Wheat equivalent yield""; Weeds (""Dry weight of weeds in wheat""); Organic C (average of 0-15cm and 15-30cm); Net returns; LUE (natural capital)",,2,2,2,1,2,2,11
354,626,"Tripathi S.C., Singh R.P.",2008,Effect of crop diversification on productivity and profitability of rice (Oryza sativa) - Wheat (triticum aestivum) cropping system,"Tripathi, S. C., & Singh, R. P. (2008). Effect of crop diversification on productivity and profitability of rice (Oryza sativa) - Wheat (triticum aestivum) cropping system. Indian Journal of Agronomy, 53(1), 27-31.",Plot,Quantitative,Experiment (research station),E/M,2000-2006,6,8,2,6,4,1, 5-10, 3-4,Yes,Yes,,India,South Asia,2,Karnal (Directorate of Wheat Research),Asia,LMIC,29.703535,76.992882,No,NA,Experiment (research station),Researcher-led,Researcher-led,Rotation,Rotation,1,0,0,Rotation,Existing farmers' practices,Existing farmers' practices,,Grain / Mungbean + Pea,Rice-wheat,Multiple,0,0,0,0,1,0,0,0,0,1,Vegetable pea,Vegetable pea,"""Recommended doses""",Synthetic - below threshold,irrigation,68.12834225,1.681283422,NA,NA,1.681283422,NA,NA,NA,NA,NA,38.93442623,1.389344262,1.389344262,NA,NA,NA,Win-Win,NA,NA,NA,NA,NA,NA,NA,NA,NA,"Soil: low organic C content; Residue incorporation: ""Greengram and vegetable pea residues were incorporated into the soil after picking of pods""",NA,NA,NA,,"Table 2 = yield (control= rice-wheat-rice -wheat- rice- wheat, treatment = piigeonpea-wheat - rice -wheat - rice- wheat)- ""Pooled"" column of ""Wheat equivalent yield""; Weeds (""Dry weight of weeds in wheat""); Organic C (average of 0-15cm and 15-30cm); Net returns; LUE (natural capital)",,2,2,2,1,2,2,11
53,99,"Chauhan D.S., Sharma R.K., Kharub A.S., Tripathi S.C., Chhokar R.S.",2001,"Effect of crop intensification on productivity, profitability, energetics and soil fertility in rice (Oryza sativa)-wheat (Triticum aestivum) cropping system of north-western plains","Chauhan, D. S., Sharma, R. K., Kharub, A. S., Tripathi, S. C., & Chhokar, R. S. (2001). Effect of crop intensification on productivity, profitability, energetics and soil fertility in rice (Oryza sativa)-wheat (Triticum aestivum) cropping system of north-western plains. Indian Journal of Agricultural Sciences, 71(5), 299-302.",Plot,Quantitative,Experiment (research station),E/M,1996-2000,4,7,3,4,3,1, 2-4, 3-4,Yes,Yes,,India,South Asia,2,"Directorate of Wheat Research, Karnal",Asia,LMIC,29.705298,76.991967,Yes,"""crop intensification options by introduction of vegetable pea or potato, with objective to maximize production, land use and economic efficiences of the system""",Experiment (research station),Researcher-led,Researcher-led,Rotation,Rotation,1,0,0,Rotation,Existing farmers' practices,Existing farmers' practices,,Grain / Pea,Rice-Wheat,Pea,0,0,0,0,0,0,0,0,0,1,0,"Potato, Prickly sesban (green manure)",0-0-0,No synthetic,irrigation,18.5548348,1.185548348,1.307392996,NA,NA,NA,NA,NA,1.0637037,NA,28.7423155,1.287423155,1.287423155,NA,NA,NA,Win-Mix,NA,NA,NA,NA,NA,NA,NA,NA,NA,NA,NA,NA,NA,NA,NA,,2,2,2,1,2,2,11
54,99,"Chauhan D.S., Sharma R.K., Kharub A.S., Tripathi S.C., Chhokar R.S.",2001,"Effect of crop intensification on productivity, profitability, energetics and soil fertility in rice (Oryza sativa)-wheat (Triticum aestivum) cropping system of north-western plains","Chauhan, D. S., Sharma, R. K., Kharub, A. S., Tripathi, S. C., & Chhokar, R. S. (2001). Effect of crop intensification on productivity, profitability, energetics and soil fertility in rice (Oryza sativa)-wheat (Triticum aestivum) cropping system of north-western plains. Indian Journal of Agricultural Sciences, 71(5), 299-302.",Plot,Quantitative,Experiment (research station),E/M,1996-2000,4,7,3,4,3,1, 2-4, 3-4,Yes,Yes,,India,South Asia,2,"Directorate of Wheat Research, Karnal",Asia,LMIC,29.705298,76.991967,Yes,"""crop intensification options by introduction of vegetable pea or potato, with objective to maximize production, land use and economic efficiences of the system""",Experiment (research station),Researcher-led,Researcher-led,Rotation,Rotation,1,0,0,Rotation,Existing farmers' practices,Existing farmers' practices,,Grain / Mungbean,Rice-Wheat,Mungbean,0,0,0,0,1,0,0,0,0,0,0,"Potato, Prickly sesban (green manure)",0-0-0,No synthetic,irrigation,2.55425965,1.025542597,0.953307393,NA,NA,NA,NA,NA,1.0977778,NA,6.3626177,1.063626177,1.063626177,NA,NA,NA,Mix-Mix,NA,NA,NA,NA,NA,NA,NA,NA,NA,NA,NA,NA,NA,NA,NA,,2,2,2,1,2,2,11
299,542,"Sharma N.K., Singh R.J., Mandal D., Kumar A., Alam N.M., Keesstra S.",2017,"Increasing farmer's income and reducing soil erosion using intercropping in rainfed maize-wheat rotation of Himalaya, India","Sharma, N. K., Singh, R. J., Mandal, D., Kumar, A., Alam, N. M., & Keesstra, S. (2017). Increasing farmer’s income and reducing soil erosion using intercropping in rainfed maize-wheat rotation of Himalaya, India. Agriculture, Ecosystems & Environment, 247, 43-53. doi:10.1016/j.agee.2017.06.026",Plot,Quantitative,Experiment (research station),E/M,2009-2014,6,6,2,4,3,1, 5-10, 3-4,Yes,Yes,"soil degradation, population growth, malnutrition, land availability",India,South Asia,2,"Research Farm, Selakui of the ICAR- Indian Institute of Soil and Water Conservation (Erstwhile Central Soil and Water Conservation Research and Training Institute), Dehradun, Uttarakhand",Asia,LMIC,30.344444,77.87,No,NA,Experiment (research station),Researcher-led,Researcher-led,Intercropping,Intercrop,1,1,0,Row,Different intercrop spacings,Varied spacing/timing,,Grain / Cowpea,Maize-wheat,Cowpea,0,1,0,0,0,0,0,0,0,0,0,Okra,80-40-40,Synthetic - below threshold,rainfed,26.46568478,1.264656848,NA,NA,NA,1.26,NA,1.43,1.103970543,NA,17.19494191,1.171949419,1.171949419,NA,NA,NA,Win-Win,NA,NA,NA,NA,NA,NA,NA,rainfed and sloping areas with high runoff and erosion potential,NA,"Intercrop spatial arrangement (""Double row of intercrop of okra/cowpea (T5 and T6) had significant effect on the productivity of intercrops than single row (Fig. 2C). The yield of okra/cowpea in 1:2 systems (T5 and T6) was 30–50% higher than the yield recorded in 1:1 system (T3 and T4) in all the years""); extreme weather events (e.g. high rain intensity storms) - legume canopy cover reduces soil erosion: ""vegetation not only reduces the amount of water reaching the soil surface by interception, but also reduces the speed of the runoff on the surface by creating higher soil roughness and more possibility for the water and sediment to retain by the plants.""",NA,improved soil functions due to cropping legume,"treatment response changes with the production environment and in particular annual rainfall (Supplementary Fig. 4). Irrespective of intercropping treatments, onset and withdrawal of monsoon season, amount of rainfall and number of rainy days particularly in winter season (wheat growing season) played an important role in the crop productivity.",,"Table 2 = economic wellbeing (net return)- average of maize+ cowpea treatments on pur maize treatments; food (grain yield) estimate from text: ""Both the cowpea (T4 and T5) based intercropping systems (1:1 and 1:2) had positive effects on mean wheat grain and straw yields which was about 13–14% higher than other treatments."" (page 47)",,2,2,2,2,2,2,12
258,495,"Ranjan R., Sharma N.K., Kumar A., Pramanik M., Mehta H., Ojasvi P.R., Yadav R.S.",2021,"Evaluation of maize-based intercropping on runoff, soil loss, and yield in foothills of the Indian sub-Himalayas","Ranjan, R., Sharma, N. K., Kumar, A., Pramanik, M., Mehta, H., Ojasvi, P. R., & Yadav, R. S. (2021). Evaluation of maize-based intercropping on runoff, soil loss, and yield in foothills of the Indian sub-Himalayas. Experimental Agriculture, 57(2), 69-84. doi:10.1017/s0014479721000053",Plot,Quantitative,Experiment (research station),E/M,2012-2014,3,4,2,2,3,1, 2-4, 3-4,Yes,Yes,soil degradation and extreme weather,India,South Asia,2,Dehradun (ICAR Research Farm),Asia,LMIC,30.35132725,77.87025219,No,,Experiment (research station),Researcher-led,Researcher-led,Intercropping: Cereal-legume,Intercrop,1,0,0,Row,Plastic mulch,SWC,,Grain / Cowpea,Maize,Cowpea,0,1,0,0,0,0,0,0,0,0,0,,64:46:60,Synthetic - below threshold,rainfed,38.59260931,1.385926093,NA,NA,NA,1.357764673,NA,1.414087513,NA,NA,40.32081457,1.403208146,2.261437908,NA,0.974093264,0.974093264,Win-Mix,NA,NA,NA,NA,NA,NA,NA,NA,NA,Weather- Optimum and well-distributed rainfall; Weed supression by legume,Weather- Excessive and incessant rainfall,NA,NA,,"Suplementary material, Table S1-yield, Table S2-water, Table3-economics,Table S3- soil loss, runoff",,2,2,2,2,2,2,12
259,495,"Ranjan R., Sharma N.K., Kumar A., Pramanik M., Mehta H., Ojasvi P.R., Yadav R.S.",2021,"Evaluation of maize-based intercropping on runoff, soil loss, and yield in foothills of the Indian sub-Himalayas","Ranjan, R., Sharma, N. K., Kumar, A., Pramanik, M., Mehta, H., Ojasvi, P. R., & Yadav, R. S. (2021). Evaluation of maize-based intercropping on runoff, soil loss, and yield in foothills of the Indian sub-Himalayas. Experimental Agriculture, 57(2), 69-84. doi:10.1017/s0014479721000054",Plot,Quantitative,Experiment (research station),E/M,2012-2014,3,4,2,2,3,1, 2-4, 3-4,Yes,Yes,soil degradation and extreme weather,India,South Asia,2,Dehradun (ICAR Research Farm),Asia,LMIC,30.35132725,77.87025219,No,,Experiment (research station),Researcher-led,Researcher-led,Intercropping: Cereal-legume,Intercrop,1,0,0,Row,Plastic mulch,SWC,,Grain / Soybean,Maize,Soybean,0,0,0,0,0,0,0,0,1,0,0,,64:46:60,Synthetic - below threshold,rainfed,10.44728301,1.10447283,NA,NA,NA,1.070204999,NA,1.138740662,NA,NA,23.54521544,1.235452154,1.758169935,NA,0.974093264,0.974093264,Win-Mix,NA,NA,NA,NA,NA,NA,NA,NA,NA,Weather- Optimum and well-distributed rainfall,Weather- Excessive and incessant rainfall,NA,NA,,"Suplementary material, Table S1-yield, Table S2-water, Table3-economics,Table S3- soil loss, runoff",,2,2,2,2,2,2,12
133,278,"Kaur N., Bhullar M.S., Gill G.",2015,Weed management options for sugarcane-vegetable intercropping systems in north-western India,"Kaur, N., Bhullar, M. S., & Gill, G. (2015). Weed management options for sugarcane-vegetable intercropping systems in north-western India. Crop Protection, 74, 18-23. doi:10.1016/j.cropro.2015.03.025",Plot,Quantitative,Experiment (research station),E/M,2010-2012,2,4,1,3,3,1, 2-4, 3-4,Yes,Yes,,India,South Asia,2,"Punjab Agricultural University, Ludhiana",Asia,LMIC,30.905,75.806,No,"""Intercropping has the potential to increase productivity, monetary returns, and resource utilization""",Experiment (research station),Researcher-led,Researcher-led,Intercropping: Cane-legume,Intercrop,1,0,0,Row,Weed control treatments (herbicide vs hand pulling vs none),Weed/pest management,,Non-Grain / Pea,Sugarcane,Pea,0,0,0,0,0,0,0,0,0,1,0,"Cabbage, Garlic",Sugarcane: 255-0-0 Peas: 35-25-0,Synthetic - above threshold,rainfed,67.72934,1.6772934,NA,NA,1.6772934,NA,NA,NA,NA,NA,87.7427184,1.877427184,1.877427184,NA,NA,NA,Win-Mix,NA,NA,NA,NA,NA,NA,NA,NA,NA,"Use of pre-herbicides to reduce early crop-weed competition (""Effective control of weeds with herbicides reduced competitive effect of weeds and significantly increased the yield of peas, cabbage and garlic as compared to the weedy check...pea yields tend to be sensitive to early competition and a delay in weed removal beyond two weeks after pea emergence can reduce yields.""); Crop selection to ensure resource complementarity between intercrops: ""resource complementarity minimizes the niche overlap and competition between crop species, and permits crops to capture a greater range and quantity of resources than the sole crops""","Weed control during crop growth: ""weed control treatments imposed in the intercropping phase may not have influenced yield parameters and yield of sugarcane""",High legume market price compared to cane,NA,"""selection of crops that differ in competitive ability in time or space is essential for an efficient intercropping system""",Tables: 1 (weed regulation) 3 (yield/income) ,,2,2,2,2,2,2,12
57,104,"Choudhary R., Singh P., Sidhu H.S., Nandal D.P., Jat H.S., Yadvinder-Singh, Jat M.L.",2016,Evaluation of tillage and crop establishment methods integrated with relay seeding of wheat and mungbean for sustainable intensification of cotton-wheat system in South Asia,"Choudhary, R., Singh, P., Sidhu, H. S., Nandal, D. P., Jat, H. S., Yadvinder, S., & Jat, M. L. (2016). Evaluation of tillage and crop establishment methods integrated with relay seeding of wheat and mungbean for sustainable intensification of cotton-wheat system in South Asia. Field Crops Research, 199, 31-41. doi:10.1016/j.fcr.2016.08.011",Plot,Quantitative,Experiment (research station),E/M,2013-2015,2,7,1,6,4,1, 2-4, 3-4,No,No,,India,South Asia,2,"Borlaug Institute for South Asia (BISA), Ladhowal Punjab",Asia,LMIC,30.99193112,75.73629898,Yes,"""increasing yields""",Experiment (research station),Researcher-led,Researcher-led,Rotation,Rotation,1,0,0,Rotation,Conservation agriculture (permanent beds),Tillage practices,,Grain + Non-Grain / Mungbean,Cotton-Wheat,Mungbean,0,0,0,0,1,0,0,0,0,0,0,,150-30-25,Synthetic - below threshold,irrigation,15.7696792,1.157696792,1.216219276,NA,NA,1.2493295,NA,NA,NA,1.0075416,22.61050053,1.226105005,1.315287836,NA,1.136922175,NA,Win-Mix,NA,NA,NA,NA,NA,NA,NA,NA,NA,"Low labour/machinery costs: ""Maximum net returns associated with PBB and PBBc + MB in wheat and CW system were due to lower labour and machinery costs for tillage and irrigation and higher wheat and MB yields compared to CT and PBBc""; Access to water (irrigation); Complementary crop planting ""did not decrease seed cotton yield because both MB and cotton have different growth habits and there seems be minimum competition for solar radiation, soil water and nutrients""; Planting arrangement (permanent raised beds): ""irrigation water requirement in cotton under PBBc + MB plots was lower than PBBc plots due to application of water to cotton in alternate furrows""","Monsoon rains causing decomposition of residue prior to planting cotton/wheat and less mulch available: ""no yield advantage of MB residue retention in cotton under PBBc + MB compared to PBBc. Possibly, by the time MB residue was recycled as mulch, cotton crop was already 2-month old and monsoon rains arrived, which eclipsed any positive effects of the residue in cotton""; high input fertiliser: ""mungbean residue retention did not affect wheat yield under PBBc + MB plots. This may be because wheat already received optimum fertilizer doses and additional nutrients released during the MB residue decomposition did not improve the yield further""; short-term study",,"Extreme temperature (lower and higher than average); ""in many other irrigated areas of world planting of different crops on the raised bed planting system produced higher yields, used less irrigation water and increased WPI compared to CT on the flats using flood irrigation """,,NA,,2,2,2,2,2,2,12
355,631,"ul Haq M.I., Ahmad R., Jabbar A., Khalid M.",2018,The effect of different planting techniques on productivity and profitability of barley-lentil intercrops under semi-arid subtropical climate,"ul Haq, M. I., Ahmad, R., Jabbar, A., & Khalid, M. (2018). The effect of different planting techniques on productivity and profitability of barley-lentil intercrops under semi-arid subtropical climate. International Journal of Agriculture and Biology, 20(11), 2437-2445. doi:10.17957/IJAB/15.0787",Plot,Quantitative,Experiment (research station),E/M,2014-2015,2,10,4,6,1,1, 2-4, 1-2,Yes,Yes,"Yield stagnations, pest and pathogen accumulation, soil degradation, and environmental deterioration",Pakistan,South Asia,2,"Agronomic Research Area, University of Agriculture, Faisalabad",Asia,LMIC,31.333333,73.083333,No,NA,Experiment (research station),Researcher-led,Researcher-led,Intercropping,Intercrop,1,1,0,Strip,Raised beds vs no beds,SWC,,Grain / Lentil,Barley,Lentil,0,0,0,1,0,0,0,0,0,0,0,,50-50-0,Synthetic - below threshold,irrigation,18.35878,1.1835878,NA,NA,NA,NA,NA,NA,NA,1.1835878,217.7909763,3.177909763,3.177909763,NA,NA,NA,Win-Mix,NA,NA,NA,NA,NA,NA,NA,"Profitability, Water saving",NA,Spatial/topological arrangements of intercrop/Planting geometries: Higher density plantings (more rows) led to higher grain yield,NA,"Spatial/topological arrangements of intercrop/Planting geometries: Affected land and water use efficiency ""Different planting geometries markedly differed for irrigation water use efficiency during both years"", higher densities led to higher profits; Conservation agriculture: ""Raised bed planting geometry caused substantial saving of irrigation water over flat irrigation system.""",NA,,See SuppCalc Sheet,,0,2,2,2,2,2,10
11,14,"Akhtar M., Yaqub M., Iqbal Z., Ashraf M.Y., Akhter J., Hussain F.",2010,Improvement in yield and nutrient uptake by cocropping of wheat and chickpea,"Akhtar, M., Yaqub, M., Iqbal, Z., Ashraf, M. Y., Akhter, J., & Hussain, F. (2010). Improvement in yield and nutrient uptake by cocropping of wheat and chickpea. Pakistan Journal of Botany, 42(6), 4043-4049.",Plot,Quantitative,Experiment (research station),E/M,NA,1,8,4,4,1,1,1, 1-2,Yes,Yes,Land and water degradation,Pakistan,South Asia,2,Faisalabad,Asia,LMIC,31.427721,73.066528,No,,Experiment (research station),Researcher-led,Researcher-led,Intercropping: Cereal-legume,Intercrop,0,0,0,Row,Seed improvement (cereal cultivar diversification),Seed improvement,,Grain / Chickpea,Wheat,Faba bean,1,0,0,0,0,0,0,0,0,0,0,,0-0-0,No synthetic,rainfed,83.3,1.833,NA,NA,NA,NA,NA,NA,1.833,NA,99.2,1.992,1.992,NA,NA,NA,Win-Win,NA,NA,NA,NA,NA,NA,"Yes (cereal yield vs total/cumulative grain yield: ""the yield/grain value of wheat cultivars reduced in co-cropped because of land was partially occupied by the associated chickpea, however, the commulative grain value of both the component crops was increased two fold over the value of wheat grown as pure crop stand"")",NA,NA,soil was initially enriched by incorporating the biomass of knee high sesbania + maiza and mungbean + maize during the last two years,NA,NA,NA,"Notes that studies who only focus on yield of cereal crop underestimate benefits - ""in co-cropping system, the cummulative/total yield of both the component crops (wheat & chickpea) is required to be considered""",NA,,0,1,1,1,1,1,5
374,709,"Zhang X, Chen T, Qi YK, et al",2022,Optimization of Rice-Based Double-Cropping System with Conservation Practice Mitigates Carbon Emission While Ensuring Profitability,"Zhang, X., Chen, T., Qi, Y. K., Yang, R. P., Deng, A. X., Wang, T. S., . . . Zhang, W. J. (2022). Optimization of Rice-Based Double-Cropping System with Conservation Practice Mitigates Carbon Emission While Ensuring Profitability. Agronomy-Basel, 12(4), 13. doi:10.3390/agronomy12040924",Plot,Quantitative,Experiment (research station),E/M,2016-2021,5,6,2,4,3,1, 5-10, 3-4,"Not exclusively  (also studying barley, fallow and brassica campestris)","Not exclusively  (also studying barley, fallow and brassica campestris)","Reduction of GHG emissions, legumes support organic carbon and nitrogen sequestration & increase productivity",China,East Asia,5,"Gewu experimental station of Jiangsu
Coastal Area Institute ofAgricultural Sciences -Yancheng, Jiangsu Province",Asia,UMIC,33.16,119.97,No,NA,Experiment (research station),Researcher-led,Researcher-led,Rotation,Rotation,0,0,1,NA,"Different rotations, including barley, Brassica campestris and fallow",Existing farmers' practices,,Grain / Faba bean,Rice,Faba bean,0,0,0,0,0,0,1,0,0,0,0,"Wheat,  Rape,  Barley",15-15-15 + Urea (46%N),Synthetic - below threshold,rainfed,-11.76507351,0.882349265,0.581253804,NA,NA,NA,NA,NA,NA,1.183444726,351.3385827,4.513385827,4.513385827,NA,NA,NA,Mix-Win,NA,NA,NA,NA,NA,NA,"although planting hairy vetch can reduce the absolute value of carbon footprint, it was
not conducive to carbon emissions when taking carbon fees into account. On the contrary,
R–F treatment significantly increased NEEB mainly due to the high market price of fresh
faba bean.","Legumes reduced CH4 emissions. Also increased the soil C and N pools, and improved rice yield.",low price od some legumes do not incetivise adoption of legumes,"Legumes reduced CH4 emissions. Also increased the soil C and N pools, and improved rice yield.",NA,"rice–leguminous
green manure with high market price can be a recommendable cropping regime which
mitigates carbon emissions while ensuring profitability, on the premise of yield stability",low price od some legumes do not incetivise adoption of legumes,,"Zhang, 2022 Table2 effect on soil organic carbon, Zhang, 2022 Table3 effects on biomass, Zhang, 2022 Fig1 rice yield, Zhang, 2022 Fig2 effect on GHG emissions, Table4 effects onCARBON FOOTPRINT,  table5 effect on economic benefit",,2,2,2,1,2,2,11
314,567,"Singh L., Singh J.K., Chand L., Hasan B.",2009,"Productivity, economics and competitive indices of lentil (Lens Culinaris)-based intercropping systems in Kashmir valley","Singh, L., Singh, J. K., Chand, L., & Hasan, B. (2009). Productivity, economics and competitive indices of lentil (Lens Culinaris)-based intercropping systems in Kashmir valley. Indian Journal of Agronomy, 54(3), 291-295.",Plot,Quantitative,Experiment (research station),E/M,2005-2007,2,11,8,3,3,1, 2-4, 3-4,Yes,Yes,,India,South Asia,2,"Shalimar, Srinagar (34°08' N, 74 52 E)",Asia,LMIC,34.133333,74.866667,No,NA,Experiment (research station),Researcher-led,Researcher-led,Intercropping,Intercrop,1,1,0,Row,Different intercrop spacings,Varied spacing/timing,,Grain / Lentil,Oats,Lentil,0,0,0,1,0,0,0,0,0,0,0,,40:26.4:20,Synthetic - below threshold,rainfed,9.206008584,1.092060086,NA,NA,NA,NA,NA,NA,NA,1.092060086,11.98373859,1.119837386,1.238308652,NA,1.00136612,NA,Win-Win,NA,NA,NA,NA,NA,NA,NA,NA,NA,"Diverse morphology, growth rhythm and similar climatic requirements of intercrops",NA,High legume market prices,NA,,"Table 2, Table 3, Table 4",,2,2,2,1,2,2,11
315,567,"Singh L., Singh J.K., Chand L., Hasan B.",2009,"Productivity, economics and competitive indices of lentil (Lens Culinaris)-based intercropping systems in Kashmir valley","Singh, L., Singh, J. K., Chand, L., & Hasan, B. (2009). Productivity, economics and competitive indices of lentil (Lens Culinaris)-based intercropping systems in Kashmir valley. Indian Journal of Agronomy, 54(3), 291-295.",Plot,Quantitative,Experiment (research station),E/M,2005-2007,2,11,8,3,3,1, 2-4, 3-4,Yes,Yes,,India,South Asia,2,"Shalimar, Srinagar (34°08' N, 74 52 E)",Asia,LMIC,34.133333,74.866667,No,NA,Experiment (research station),Researcher-led,Researcher-led,Intercropping,Intercrop,1,1,0,Row,Different intercrop spacings,Varied spacing/timing,,Non-Grain / Lentil,Brown sarson,Lentil,0,0,0,1,0,0,0,0,0,0,0,,40:26.4:20,Synthetic - below threshold,rainfed,-4.258738449,0.957412616,NA,NA,NA,NA,NA,NA,NA,0.957412616,23.33824087,1.233382409,1.532217573,NA,0.934547244,NA,Mix-Mix,NA,NA,NA,NA,NA,NA,NA,NA,NA,"Diverse morphology, growth rhythm and similar climatic requirements of intercrops",NA,High legume market prices,NA,,"Table 2, Table 3, Table 4",,2,2,2,1,2,2,11
43,72,"Bhat R., Hussain S., Wani W.M., Banday F.A., Sharma M.K.",2015,"Effect of intercrops on productivity, quality, leaf nutrient status and relative economic yield of apple cv. Red Delicious","Bhat, R., Hussain, S., Wani, W. M., Banday, F. A., & Sharma, M. K. (2015). Effect of intercrops on productivity, quality, leaf nutrient status and relative economic yield of apple cv. Red Delicious. Journal of Applied Horticulture, 17(3), 213-216.",Plot,Quantitative,Experiment (on farm),E/M,2008-2009,2,8,2,6,3,2, 2-4, 5-10,Yes,Yes,,India,South Asia,2,"Experimental Farm of SKUAST-Kashmir, Ambri Apple Research Station, Pahnoo, Distt. Shopian (Jammu and Kashmir)",Asia,LMIC,34.146606,74.879452,No,,Experiment (on farm),Farmer-led,Farmer-led,Intercropping: Fruit-legume,Intercrop,1,0,0,NA,Existing farmers' practices,Existing farmers' practices,,Non-Grain / Pea,Apple,Pea,0,0,0,0,0,0,0,0,0,1,0,,NA,Unknown,rainfed,8,1.08,NA,NA,NA,NA,NA,NA,1.08,NA,49.9866365,1.499866365,1.499866365,NA,NA,NA,Win-Win,NA,NA,NA,NA,NA,NA,NA,NA,NA,Weeds in sole crops,NA,NA,NA,,NA,,2,2,2,2,2,2,12
44,72,"Bhat R., Hussain S., Wani W.M., Banday F.A., Sharma M.K.",2015,"Effect of intercrops on productivity, quality, leaf nutrient status and relative economic yield of apple cv. Red Delicious","Bhat, R., Hussain, S., Wani, W. M., Banday, F. A., & Sharma, M. K. (2015). Effect of intercrops on productivity, quality, leaf nutrient status and relative economic yield of apple cv. Red Delicious. Journal of Applied Horticulture, 17(3), 213-216.",Plot,Quantitative,Experiment (on farm),E/M,2008-2009,2,8,2,6,3,2, 2-4, 5-10,Yes,Yes,,India,South Asia,2,"Experimental Farm of SKUAST-Kashmir, Ambri Apple Research Station, Pahnoo, Distt. Shopian (Jammu and Kashmir)",Asia,LMIC,34.146606,74.879452,No,,Experiment (on farm),Farmer-led,Farmer-led,Intercropping: Fruit-legume,Intercrop,1,0,0,NA,Existing farmers' practices,Existing farmers' practices,,Non-Grain / Common bean,Apple,Common bean,0,0,0,0,0,0,0,1,0,0,0,,NA,Unknown,rainfed,4,1.04,NA,NA,NA,NA,NA,NA,1.04,NA,22.135074,1.22135074,1.22135074,NA,NA,NA,Win-Win,NA,NA,NA,NA,NA,NA,NA,NA,NA,Weeds in sole crops,NA,NA,NA,,NA,,2,2,2,2,2,2,12
318,575,"Singh U., Singh S.R., Saad A.A., Khanday B.A., Singh J.K.",2011,"Yield advantage, reciprosity functions and energy budgeting of lentil (Lens culinaris) + oat (Avena sativa) intercropping under varying row ratio and phosphorus management",,Plot,Quantitative,Experiment (research station),E/M,2006-2008,2,29,9,20,3,1, 2-4, 3-4,Yes,Yes,,India,South Asia,2,"Wadura, Sopore, Kashmir (34°172?N latitude and 74°332? E longitude)",Asia,LMIC,34.283333,74.533333,No,NA,Experiment (research station),Researcher-led,Researcher-led,Intercropping,Intercrop,1,1,0,Row,Different intercrop spacings,Varied spacing/timing,,Grain / Lentil,Oats,Lentil,0,0,0,1,0,0,0,0,0,0,0,,80:16.6:0,Synthetic - below threshold,rainfed,17.82006928,1.178200693,1.037209302,NA,NA,1.224770642,NA,NA,1.265536723,1.185286104,11.20361539,1.112036154,1.240481574,NA,0.983590734,NA,Win-Mix,NA,NA,NA,NA,NA,NA,NA,NA,NA,Row spacing of intercrops - nutrient uptake higher in 1:1 than 2:1 and 3:1,Row spacing of intercrops - nutrient uptake higher in 1:1 than 2:1 and 3:1,Row spacing of intercrops - economic returns higher in 1:1 than 3:1,NA,,Tables 1-4,,2,2,2,2,2,2,12
160,337,"Li R., Lin H., Niu H., Chen Y., Zhao S., Fan L.",2019,"Smallholder preference and agroecosystem service trade-offs: A case study in Xinzheng County, China","Li, R., Lin, H., Niu, H., Chen, Y., Zhao, S., & Fan, L. (2019). Smallholder preference and agroecosystem service trade-offs: A case study in Xinzheng County, China. Agricultural Systems, 168, 19-26. doi:10.1016/j.agsy.2018.10.002",Farm,Qualitative (questionnaire) and Quantitative (model),Recall/Surveys,E/M,2015,1,2,1,1,475,2,1,>100 ,No,No,Urbanisation and rural-urban migration,China,East Asia,5,"Xinzheng, North China Plain",Asia,UMIC,34.405157,113.672565,No,,Recall + Simulation model,Farmer-led + modelling by researchers,Farmer-led,Rotation,Rotation,1,0,0,Rotation,Existing farmers' practices,Existing farmers' practices,,Grain / Groundnut,Wheat,Groundnut,0,0,1,0,0,0,0,0,0,0,0,Maize,NA,Unknown,irrigation,-2.336014744,0.976639853,1.017908948,NA,NA,NA,NA,NA,0.935370757,NA,4.866246263,1.048662463,1.048662463,NA,NA,NA,Mix-Mix,Yes,NA,NA,NA,NA,NA,"Yes: income vs labour vs risk vs SOC vs nutrients. ""ES trade-off generated by switching from disaster alleviation, crop diversity and high income generation preferences to the low labour input preference results in the loss of agricultural income and SOC sequestration""; smallholders with disaster alleviation preferences tend to choose wheat–peanut and mixed rotation systems, which are characterised by higher agricultural income, SOC accumulation and N leaching than the wheat–maize rotation system"". ""The preference for disaster alleviation not only increases agricultural income but also improves SOC accumulation."" Preference for maize-legume associated with higher labour input but higher SOC sequestration + income.","Smallholder risk preferences: ""Smallholders who prefer disaster alleviation tend to choose the wheat–peanut and mixed rotation systems instead of the wheat–maize rotation system given the frequency of droughts in the study area""; family size/income need: ""increase in emigration for work, farming now generates auxiliary income for most smallholders..conventional goal of maximising agricultural income has changed into maximising family income...preferences for disaster alleviation, high income generation and food provision are higher than those for soil fertilisation, landscape beautification and crop diversity""","Tenure: ""seasonal migrant workers likely choose the wheat–maize rotation system""; knowledge of new vs traditional practices (""Amongst smallholders, the knowledge of agricultural management is commonly handed down from parents and influenced by neighbours...farming retains a certain historical continuity that results in preferences for traditional cropping system "")","Drought/natural disasters: ""Peanuts have stronger drought tolerance than maize (Zhang, 2015), and mixed rotation systems enable crop diversity, which helps alleviate the impact of natural disasters""","Tenure; knowledge of new vs traditional practices (""Amongst smallholders, the knowledge of agricultural management is commonly handed down from parents and influenced by neighbours...farming retains a certain historical continuity that results in preferences for traditional cropping system "")","Market prices: ""smallholders who prefer high income generation favour the wheat–peanut rotation system""; Environmental fluctuation/Drought/natural disasters: ""Peanuts have stronger drought tolerance than maize (Zhang, 2015), and mixed rotation systems enable crop diversity, which helps alleviate the impact of natural disasters""","Labour demands (preferences for low labor farming): ""if the relative prices of peanut and maize change or if the emergence of new agricultural machinery alters labour demands, smallholder preferences and crop-rotation choice would also change""","""smallholder preferences follow the order of traditional cropping system > low labour input > disaster alleviation > high income generation > food provision > soil fertilisation > landscape beautification > crop diversity""",Table 4 = Ecological indicators ,,2,1,2,2,2,2,11
88,185,"Fung K.M., Tai A.P.K., Yong T., Liu X., Lam H.-M.",2019,Co-benefits of intercropping as a sustainable farming method for safeguarding both food security and air quality,"Fung, K. M., Tai, A. P. K., Yong, T., Liu, X., & Lam, H. M. (2019). Co-benefits of intercropping as a sustainable farming method for safeguarding both food security and air quality. Environmental Research Letters, 14(4). doi:10.1088/1748-9326/aafc8b",Province,Quantitative,Model,E/M,SpaceForTime,NA,3,2,1,29,1,Unknown, 11-100,Yes,Yes,"Food security pressure, population increase, increased food demand, environmental degradation, biodiversity loss",China,East Asia,5,China,Asia,UMIC,35.8617,104.1954,Yes,"""higher crop production enabled by conventional agricultural intensification """,Simulation model,Researcher-led,Researcher-led,Intercropping: Cereal-legume,Intercrop,1,0,0,Relay strip,Fertiliser addition,Fertilizer rates/type,,Grain / Soybean,Maize,Soybean,0,0,0,0,0,0,0,0,1,0,0,,Various (0-800N),Synthetic - above threshold,irrigation,45,1.45,1.45,NA,NA,NA,NA,NA,NA,NA,93,1.93,1.93,NA,NA,NA,Win-Mix,NA,NA,NA,NA,NA,NA,"Yes:""ratio of labor and machinery costs to the revenues from grain sales increases from 7.3% to 8.5% under our high-end assumption that intercropping requires double labor and machinery, the additional costs will still not be significant financial burdens compared to the additional benefits of intercropping, which include extra grain revenues, reduced fertilizer expenses, and saved health costs associated with improved air quality"";
 ""traditional layout of intercropping is neither convenient for mechanization nor optimized for light-use efficiency, which in turn raises the conversion costs frommonoculture and reduces the marginal profits""",Government incentive programs that modernize and promote sustainable farming and intercropping,Poor labour supply due to net rural-to-urban migration of younger generations; Governmental subsidies on fertilizer also reduce the economic favorability of intercropping,"Labour; Irrigation (soybean production decreases when there is no irrigation, but ""NH3 emission reduction enabled by intercropping is largely offset when<25% ofcrop water demand is met"")",Rainfall fluctuation - GHG emissions sensitive to rain,Labour,Food price fluctuations (may interfere the profitability of grain sales); Governmental subsidies on fertilizer also reduce the economic favorability of intercropping,"Food price fluctuations economic factors e.g. seasonality, investor speculation on commodities, growing demand for biofuels, new government policies and subsidies, and international trade: ""may interfere with the favorability and efficiency of intercropping (as well as other sustainable farming methods) to the farmers.""",NA,,2,2,2,2,2,2,12
161,338,"LI Y.-H., SHI D.-Y., LI G.-H., ZHAO B., ZHANG J.-W., LIU P., REN B., DONG S.-T.",2019,"Maize/peanut intercropping increases photosynthetic characteristics, 13C-photosynthate distribution, and grain yield of summer maize","Li, Y.-h., Shi, D.-y., Li, G.-h., Zhao, B., Zhang, J.-w., Liu, P., . . . Dong, S.-t. (2019). Maize/peanut intercropping increases photosynthetic characteristics, 13C-photosynthate distribution, and grain yield of summer maize. Journal of Integrative Agriculture, 18(10), 2219-2229. doi:10.1016/s2095-3119(19)62616-x",Plot,Quantitative,Experiment (research station),E/M,2015-2016,2,4,3,1,1,1, 2-4, 1-2,Yes,No,,China,East Asia,5,"Corn Technology Innovation Center of Shandong Agricultural University, Tai´an (Shandong Province)",Asia,UMIC,36.166667,117.15,No,,Experiment (research station),Researcher-led,Researcher-led,Intercropping-Rotation,Intercrop-Rotation,1,0,0,Strip,Existing farmers' practices,Existing farmers' practices,,Grain / Groundnut,Maize,Groundnut,0,0,1,0,0,0,0,0,0,0,0,,200-100-120,Synthetic - above threshold,rainfed,26.325,1.26325,NA,NA,NA,NA,NA,NA,NA,1.26325,23,1.23,1.23,NA,NA,NA,Win-Win,NA,NA,NA,NA,NA,NA,NA,NA,NA,"Planting pattern: ""yield advantages and higher land productivity in the maize/peanut intercropping system under a 4:6 pattern (four rows of maize and six rows of peanut)""",NA,"Planting pattern: ""yield advantages and higher land productivity in the maize/peanut intercropping system under a 4:6 pattern (four rows of maize and six rows of peanut)""","Calculation of profits only considered gross income, ignored other costs like labour and machinery","intercropping system can be economically favorable for farmers, but a full evaluation of costs and benefits should also consider differences in costs, e.g., labor cost and mechanical cost","Table 1: LER, Yield; Section 3.4 ES impact",,2,2,2,2,2,2,12
65,772,"Christiansen, S., Ryan, J., Singh, M., Ates, S., Bahhady, F., Mohamed, K., Youssef, O., & Loss, S. (2015). ",2015,Potential legume alternatives to fallow and wheat monoculture for Mediterranean environments,"Christiansen, S., Ryan, J., Singh, M., Ates, S., Bahhady, F., Mohamed, K., . . . Loss, S. (2015). Potential legume alternatives to fallow and wheat monoculture for Mediterranean environments. Crop & Pasture Science, 66(2), 113-121. doi:10.1071/cp14063",Plot,Quantitative,Experiment (research station),unknown,1994-1996,3,8,5,3,3,1, 2-4, 3-4,yes,yes,NA,Syria,Middle East & North Africa,7,Khamishly ,Asia,LIC,37.033333,41.216667,No,NA,Experiment (research station),Researcher-led,Researcher-led,Rotation: Cereal- Legume,Rotation,0,0,1,Rotation,Existing farmers' practices,Existing farmers' practices,,Grain / Lentil,Wheat,Lentil,0,0,0,1,0,0,0,0,0,0,0,"Grazed medic, watermelon","0-0-0 (treatments of 0 and 60 kg N ha–1 as urea (1991–92) included
in the wheat plots in a split-plot design;)",No synthetic,rainfed,46.33775295,1.463377529,NA,NA,NA,1.37260274,NA,NA,NA,1.554152319,238.2765531,3.382765531,3.382765531,NA,NA,NA,Win-Win,NA,NA,NA,NA,NA,NA,NA,NA,NA,NA,NA,"The inclusion of vetch and lentils
for grain production in rotation with wheat boosted profits
2–3-fold over wheat–fallow rotation or continuous wheat.",NA,,Table 3: Grain and straw yield; Table 4: WUE; P118 in text: Gross margin  ,,2,2,1,1,1,2,9
375,708,"Zhao Y, Wang L, Lei X, et al",2021,Reducing carbon footprint without compromising grain security through relaxing cropping rotation system in the North China Plain,"Zhao, Y. X., Wang, L., Lei, X. Y., Wang, B., Cui, J. X., Xu, Y. N., . . . Sui, P. (2021). Reducing carbon footprint without compromising grain security through relaxing cropping rotation system in the North China Plain. Journal of Cleaner Production, 318, 11. doi:10.1016/j.jclepro.2021.128465",Plot,Quantitative,Experiment (research station),E/M,2016-2018,2,8,2,6,3,1, 2-4, 3-4,"Not exclusively  (also studying rotations with sweet potato, and different rotations combinations to find low-carbon crop rotation patterns without compromising grain security)","Not exclusively (also studying rotations with sweet potato, and different rotations combinations to find low-carbon crop rotation patterns without compromising grain security)",Optimizing cropping systems and reducing GHG emissions on the basis of ensuring grain security,China,East Asia,5,Wuqiao Experimental Station (China Agricultural University)- Qianli Village,Asia,UMIC,37.683333,116.616667,No,NA,Experiment (research station),Researcher-led,Researcher-led,Rotation,Rotation,0,0,1,NA,"Different rotations, including sweet potato and fallow",Existing farmers' practices,,Grain / Groundnut,Maize & wheat,Groundnut,0,0,1,0,0,0,0,0,0,0,0,Sweet Potato,630-329-563 (Wheat fallow wheat maize rotation) 802-501-713 (wheat peanut wheat maize rotation) 405-216-338 (fallow wheat maize rotation) 577-389-488 (fallow peanut wheat maize rotation),Synthetic - above threshold,rainfed,-3.546690449,0.964533096,1.068087988,NA,NA,NA,NA,NA,NA,0.860978203,63.58381503,1.63583815,1.63583815,NA,NA,NA,Mix-Win,NA,NA,NA,NA,NA,NA,"low-carbon rotation patterns come at the cost of
damaging the yield of grains.--Fallow wheat maize rotation damaged half of the wheat and
corn production, ","Wheat peanut wheat maize are good choice patterns because of increased net income
without increasing Carbon footprint and without compromising grain security.",NA,Fallow-wheat-maise rotations & wheat maise weath maise rotations were weak carbon absortion sinks.,NA,NA,NA,,"Table 3_total grain yield and net income, Table 4 The net primary production, Fig4_glbal warming potential from net primary productivity, Fig5_global warming potential of soil",,2,2,2,2,2,2,12
376,708,"Zhao Y, Wang L, Lei X, et al",2021,Reducing carbon footprint without compromising grain security through relaxing cropping rotation system in the North China Plain,"Zhao, Y. X., Wang, L., Lei, X. Y., Wang, B., Cui, J. X., Xu, Y. N., . . . Sui, P. (2021). Reducing carbon footprint without compromising grain security through relaxing cropping rotation system in the North China Plain. Journal of Cleaner Production, 318, 11. doi:10.1016/j.jclepro.2021.128466",Plot,Quantitative,Experiment (research station),E/M,2016-2018,2,8,2,6,3,1, 2-4, 3-4,"Not exclusively (also studying rotations with sweet potato, and different rotations combinations to find low-carbon crop rotation patterns without compromising grain security)","Not exclusively (also studying rotations with sweet potato, and different rotations combinations to find low-carbon crop rotation patterns without compromising grain security)",Optimizing cropping systems and reducing GHG emissions on the basis of ensuring grain security,China,East Asia,5,Wuqiao Experimental Station (China Agricultural University)- Qianli Village,Asia,UMIC,37.683333,116.616667,No,NA,Experiment (research station),Researcher-led,Researcher-led,Rotation,Rotation,0,0,1,NA,"Different rotations, including sweet potato and fallow",Existing farmers' practices,,Grain / Groundnut,Maize & wheat,Groundnut,0,0,1,0,0,0,0,0,0,0,0,Sweet Potato,630-329-563 (Wheat fallow wheat maize rotation) 802-501-713 (wheat peanut wheat maize rotation) 405-216-338 (fallow wheat maize rotation) 577-389-488 (fallow peanut wheat maize rotation),Synthetic - above threshold,rainfed,-17.70287721,0.822971228,0.88267852,NA,NA,NA,NA,NA,NA,0.763263936,177.9661017,2.779661017,2.779661017,NA,NA,NA,Mix-Win,NA,NA,NA,NA,NA,NA,"low-carbon rotation patterns come at the cost of
damaging the yield of grains.--Fallow wheat maize rotation damaged half of the wheat and
corn production, ","Wheat peanut wheat maize are good choice patterns because of increased net income
without increasing Carbon footprint and without compromising grain security.",NA,Fallow-wheat-maise rotations & wheat maise weath maise rotations were weak carbon absortion sinks.,NA,NA,NA,,"Table 3_total grain yield and net income, Table 4 The net primary production, Fig4_glbal warming potential from net primary productivity, Fig5_global warming potential of soil",,2,2,2,2,2,2,12
368,682,"Yang X., Chen Y., Pacenka S., Gao W., Ma L., Wang G., Yan P., Sui P., Steenhuis T.S.",2015,Effect of diversified crop rotations on groundwater levels and crop water productivity in the North China Plain,"Yang, X., Chen, Y., Pacenka, S., Gao, W., Ma, L., Wang, G., . . . Steenhuis, T. S. (2015). Effect of diversified crop rotations on groundwater levels and crop water productivity in the North China Plain. Journal of Hydrology, 522, 428-438. doi:10.1016/j.jhydrol.2015.01.010",Plot,Quantitative,Experiment (on farm),E/M,2002,1,5,1,4,15,1,1, 11-100,No (general diversification),No,"Drought, water shortages, Over-exploitation of groundwater for irrigation",China,East Asia,5,"Luancheng County, North China Plain",Asia,UMIC,37.833333,114.666667,No,NA,Experiment (on farm),Farmer-led,Farmer-led,Rotation,Rotation,1,0,0,Rotation,Existing farmers' practices,Existing farmers' practices,,Grain / Groundnut,Winter wheat-summer maize,Groundnut,0,0,1,0,0,0,0,0,0,0,0,0,180-105-75,Synthetic - below threshold,irrigation,25.14617087,1.251461709,1.276964184,NA,NA,1.162125341,NA,NA,NA,1.315295601,15.7277333,1.157277333,1.157277333,NA,NA,NA,Win-Win,NA,NA,NA,NA,NA,NA,NA,NA,NA,"Diversified multi-year rotations, drought-resistant cultivars",NA,NA,NA,,"Table 3 = water regulation (reduction in evapotransipiration - bottom line ""average of 2003-2013""); carbon emissions from Yang et al 2014 (Table 4 - PWS/WS CFa column); yield (food grain) and biomass from Yang et al 2014 Table 1 PWS/WS;soil org carbon from Yang et al 2014 Figure 2 PWS/WS; Tables and figures from Yang et al 2014 added to SubClac tab","Yang, X.L., Gao, W.S., Zhang, M., Chen, Y.Q., Sui, P., 2014a. Reducing agricultural carbon footprint through diversified crop rotation systems in the North China Plain. J. Clean. Prod. 76, 131–139.",2,1,2,2,2,2,11
35,59,"Batte M.T., Bacon K.J., Hopkins J.W.",1998,Measures of economic and environmental performance for alternative agricultural production systems,"Batte, M. T., Bacon, K. J., & Hopkins, J. W. (1998). Measures of economic and environmental performance for alternative agricultural production systems. Journal of Production Agriculture, 11(4), 428-438. doi:10.2134/jpa1998.0428",Plot,Quantitative (household surveys),Experiment (on farm),RC,1991-1993,2,3,2,1,3,1, 2-4, 3-4,Yes,Yes,Water degradation and scarcity,USA,High Income Countries,3,"VanMeter Farm in Pike: County, Ohio",North America,HIC,39.044619,-83.028488,No,,Experiment (on farm),Farmer-led,Farmer-led,Rotation,Rotation,1,0,0,Rotation,Existing farmers' practices,Existing farmers' practices,,Grain / Soybean,Corn,Soybean,0,0,0,0,0,0,0,0,1,0,0,Wheat,120lb N/ha,Synthetic - below threshold,rainfed,25.75,1.2575,NA,NA,NA,NA,1.467,1.048,NA,NA,104.2411642,2.042411642,2.042411642,NA,NA,NA,Mix-Mix,NA,NA,NA,NA,NA,NA,Yes (higher equipment cost due to specialised grain planting equipment offset by higher economic returns),NA,NA,low rainfall (low rainfall years are low erosion years),NA,NA,NA,,NA,,0,2,2,2,2,2,10
216,425,"Nielsen D.C., Vigil M.F.",2017,Intensifying a semi-arid dryland crop rotation by replacing fallow with pea,"Nielsen, D. C., & Vigil, M. F. (2017). Intensifying a semi-arid dryland crop rotation by replacing fallow with pea. Agricultural Water Management, 186, 127-138. doi:10.1016/j.agwat.2017.03.003",Plot,Quantitative,Experiment (research station),E/M,1997-2016,20,2,1,1,3,1,>10, 3-4,Yes,Yes,,USA,High Income Countries,3,"Akron, Colorado- USDA-ARS Central Great Plains Research Station (40?09'N, 103?09'W)",North America,HIC,40.15000631,-103.1500074,Yes,"""Intensifying dryland cropping systems by reducing the frequency of fallow (i.e., moving from a system of producing one crop in two years to two crops in three years, three crops in four years, or continuous cropping) uses precipitation more efficiently than less intense cropping because the fraction of total system time that is in fallow (with its inefficient precipitation storage efficiency) declines""",Experiment (research station),Researcher-led,Researcher-led,Rotation,Rotation,1,0,0,Rotation,No tillage management with weed control during both cropped and non-crop periods,Tillage practices,weed control,Grain / Pea,Wheat-Corn-Millet,Pea,0,0,0,0,0,0,0,0,0,1,0,,45-67:17-22:0 corn; 33-90:0-22 wheat; 39-56:17-22 Millet ,Synthetic - below threshold,rainfed,-4.416403785,0.955835962,NA,NA,NA,0.911671924,NA,NA,NA,1,-31.66666667,0.683333333,0.683333333,NA,NA,NA,Mix-Lose,NA,NA,NA,NA,NA,NA,NA,NA,NA,NA,"Water stress and low rainfall years - pea yield significantly reduced by low rainfall; Type of legume: peas are water-hungry and reduced water available to subsequent crops: ""Substituting pea production for fallow consistently reduced the available soil water at wheat planting""; Location- Wheat yield strongly influenced by available water at planting in drylands like the study area, unlike in other places like Canada where rainfall during growing season is strongest influence on yield",NA,Water stress and low rainfall years - pea yield significantly reduced; Cost of production (added costs for pea production outweigh benefits),,Yield and water loss from Figure 2 and text; income from Fig 5,,2,2,2,2,2,2,12
103,214,"Guvenc I., Yildirim E.",2006,Increasing productivity with intercropping systems in cabbage production,"Guvenc, I., & Yildirim, E. (2006). Increasing productivity with intercropping systems in cabbage production. Journal of Sustainable Agriculture, 28(4), 29-44. doi:10.1300/J064v28n04_04",Plot,Quantitative,Experiment (research station),E/M,2000-2002,3,11,2,9,3,1, 2-4, 3-4,Yes,Yes,"Weather fluctuation, food security",Turkey,Middle East & North Africa,7,"Atatürk University, Hamza Polat Vocational School, in Upper Coruh Valley (Ispir)",Europe,UMIC,40.483333,41.016667,No,,Experiment (research station),Researcher-led,Researcher-led,Intercropping: Vegetable-legume,Intercrop,1,0,0,Row,Fertiliser + manure addition,Fertilizer rates/type,,Non-Grain / Common bean,Cabbage,Common bean,0,0,0,0,0,0,0,1,0,0,0,"Lettuce, Onion, Radish (not in same crop)",180-100-0,Synthetic - below threshold,irrigation,0.99134,1.0099134,NA,NA,NA,NA,NA,NA,1.009617,1.0102098,14.3614734,1.143614734,1.143614734,NA,NA,NA,Win-Win,NA,NA,NA,NA,NA,NA,NA,"Small farmers; limited access to inputs: ""small farmers with limited resources could employ these intercropping systems, especially cabbage:cos lettuce, to obtain greater yield efficiency and higher net income and to use their labor and inputs more efficiently""",NA,Water availability,NA,NA,NA,NA,NA,,2,2,2,2,2,2,12
87,179,"Foltz J.C., Lee J.G., Martin M.A., Preckel P.V.",1995,Multiattribute assessment of alternative cropping systems,"Foltz, J. C., Lee, J. G., Martin, M. A., & Preckel, P. V. (1995). Multiattribute assessment of alternative cropping systems. American Journal of Agricultural Economics, 77(2), 408-420. doi:10.2307/1243550",System,Quantitative,Model,E/M,NA,NA,2,1,1,2,1,Unknown, 1-2,No,No,Environmental degradation (water and soil contamination),USA,High Income Countries,3,Eastern Corn Belt,North America,HIC,40.64344765,-84.80382586,No,,Simulation model,Researcher-led,Researcher-led,Rotation,Rotation,1,0,0,Rotation,Minimum tillage,Tillage practices,,Grain / Soybean,Corn,Soybean,0,0,0,0,0,0,0,0,1,0,0,,150-40-50,Synthetic - below threshold,rainfed,44.41399,1.4441399,NA,NA,NA,NA,1.7857,1.52,1.0267197,NA,50.4920202,1.504920202,1.504920202,NA,NA,NA,Win-Win,NA,NA,NA,NA,NA,NA,Yes: decreased productivity of individual crop counterbalanced by increased total grain seed yield (food) on annual basis (due to more soybean when maize productivity reduced),"Taxing particular chemical inputs: ""sufficient taxes on nitrogen fertilizer could be used to encourage rotations of corn with soybeans or alfalfa while discouraging continuous corn products""; Subsidy or ""green payment"" tied to leguminous crops, perhaps in the form of a deficiency payment: ""This approach, like a tax on chemicals, changes (this time increasing) the net returns above variable costs, encouraging more desirable rotations""",NA,NA,NA,NA,NA,NA,NA,,1,0,2,2,2,2,9
98,200,"Glenk K., Shrestha S., Topp C.F.E., Sánchez B., Iglesias A., Dibari C., Merante P.",2017,A farm level approach to explore farm gross margin effects of soil organic carbon management,"Glenk, K., Shrestha, S., Topp, C. F. E., Sánchez, B., Iglesias, A., Dibari, C., & Merante, P. (2017). A farm level approach to explore farm gross margin effects of soil organic carbon management. Agricultural Systems, 151, 33-46. doi:10.1016/j.agsy.2016.11.002",Farm,Quantitative,Model,E/M,NA,25,2,1,1,105,1,>10,>100 ,No,No,,Spain,High Income Countries,3,Aragon,Europe,HIC,41.479044,-0.701625,No,,"Model (Aragon Census Data for Aragon, Spain)",Farmer-led,Farmer-led,Rotation,Rotation,1,0,0,Rotation,"Existing farmers' practices, including herbicides",Existing farmers' practices,,Grain / Common bean + Lupin (+ Pea?),"Wheat, Barley",Common bean,0,0,0,0,0,0,0,1,0,0,Lupin,,Synthetic - below threshold,Synthetic - below threshold,rainfed,0,1,NA,NA,1,NA,NA,NA,NA,NA,26,1.26,1.26,NA,NA,NA,Mix-Win,NA,NA,NA,NA,NA,NA,NA,"Government subsidies or financial incentives to serve as insurance against short-term reductions in productivity: ""crop rotations (with legumes) is the only SOCmanagement measure investigated that currently receives direct subsidies under the Common Agricultural Policy (CAP) in Aragon"";increased farmer knowledge about private benefits of legume introduction: detailed understanding of local environmental and farmmanagement factors that affect yields and input costs",Lack of financial incentives and access to technical advice,"Farmer knowledge of legume benefits: ""detailed understanding of local environmental and farmmanagement factors that affect yields and input costs""",NA,Farm size - large and medium farms have higher % change in farm gross margin than small farms with <70ha of arable land,NA,NA,NA,,2,2,2,2,2,2,12
131,272,"Karlen D.L., Hurley E.G., Andrews S.S., Cambardella C.A., Meek D.W., Duffy M.D., Mallarino A.P.",2006,Crop rotation effects on soil quality at three northern corn/soybean belt locations,"Karlen, D. L., Hurley, E. G., Andrews, S. S., Cambardella, C. A., Meek, D. W., Duffy, M. D., & Mallarino, A. P. (2006). Crop rotation effects on soil quality at three northern corn/soybean belt locations. Agronomy Journal, 98(3), 484-495. doi:10.2134/agronj2005.0098",Plot,Quantitative,Experiment (on farm),E/M,1979–1997,18,6,4,2,6,1,>10, 5-10,Yes,Yes,Soil degradation,USA,High Income Countries,3,"ISU Northeast Research Farm Nashua, IA–Readlyn and Kenyon loam (cropping system study)",North America,HIC,42.95,-92.533333,No,,Experiment (on farm),Farmer-led + support by researchers,Farmer-led + researcher/extension,Rotation,Rotation,1,0,0,Rotation,Fertiliser vs no fertiliser,Fertilizer rates/type,,Grain / Soybean,Corn,Soybean,0,0,0,0,0,0,0,0,1,0,0,,0-0-0,No synthetic,rainfed,22.848625,1.22848625,NA,NA,NA,NA,NA,1.2229299,1.2340426,NA,100,2,2,NA,NA,NA,Win-Win,NA,NA,NA,NA,NA,NA,NA,federal conservation incentive programs such as the Conservation Security Program (CSP) or other public and private research and development efforts that reward more diverse and extended crop rotations; market development for legumes,NA,History of management (long-term legume rotation increased soil quality because of improved ecosystem functions),NA,Government support payments,NA,NA,,,2,2,2,2,2,2,12
338,726,"Sun T, Feng XM, Lal R, et al",2021,Crop diversification practice faces a tradeoff between increasing productivity and reducing carbon footprints,"Sun, T., Feng, X. M., Lal, R., Cao, T. H., Guo, J. R., Deng, A. X., . . . Zhang, W. J. (2021). Crop diversification practice faces a tradeoff between increasing productivity and reducing carbon footprints. Agriculture Ecosystems & Environment, 321, 10. doi:10.1016/j.agee.2021.107614",Plot,Quantitative,Experiment (research station),E/M,2017-2020,3,4,2,2,3,1, 2-4, 3-4,Yes,Yes,"find new solutions to increase crop productivity while reducing the environmental
burden of agricultural system (in a context of increased population and less available land) ---crop diversification: enhancing functional biodiversity, underpinning yield-support, and
reducing environmental impact. Need to reduce GHG emissions.",China,East Asia,5,"Gongzhuling Experimental Station, Jilin Province",Asia,UMIC,43.516667,124.8,No,NA,Experiment (research station),Researcher-led,Researcher-led,Intercropping: maize-legume,Intercrop,1,0,0,NA,Existing farmers' practices,Existing farmers' practices,,Grain / Soybean,Maize,Soybean,0,0,0,0,0,0,0,0,1,0,0,0,165-82.5-82.5,Synthetic - below threshold,rainfed,33.23248969,1.332324897,1.512556373,NA,NA,NA,NA,NA,1.152093421,NA,7.260627483,1.072606275,1.048170587,1.097041963,NA,NA,Mix-Win,NA,NA,NA,NA,NA,NA,"crop diversity (e.g., intercropping
and rotation) have lower environmental footprint (CFA, CFEY, CFMEEY
and CFE), higher economic returns, and a higher carbon sustainability
index. However, crop diversification may compromise grain or energy
yield probably due to the limitation of crop variety, agronomic management,
and abiotic factors. Based on the present study, the maize and
soybean intercropping maybe the better choices for relatively stable
crop productivity but lesser carbon footprint in the region.",NA,NA,"higher carbon sustainability
index","compromise grain or energy yield probably due to the limitation of crop variety, agronomic management, and abiotic factors.",higher economic returns,"compromise grain or energy yield probably due to the limitation of crop variety, agronomic management, and abiotic factors.",,"table1_yield, table2_net returns, table3_soil GHG emissions, table4_soil organic carbon, table5_carbon footprint",,2,2,2,2,2,2,12
339,726,"Sun T, Feng XM, Lal R, et al",2021,Crop diversification practice faces a tradeoff between increasing productivity and reducing carbon footprints,"Sun, T., Feng, X. M., Lal, R., Cao, T. H., Guo, J. R., Deng, A. X., . . . Zhang, W. J. (2021). Crop diversification practice faces a tradeoff between increasing productivity and reducing carbon footprints. Agriculture Ecosystems & Environment, 321, 10. doi:10.1016/j.agee.2021.107615",Plot,Quantitative,Experiment (research station),E/M,2017-2020,3,4,2,2,3,1, 2-4, 3-4,Yes,Yes,"find new solutions to increase crop productivity while reducing the environmental
burden of agricultural system (in a context of increased population and less available land) ---crop diversification: enhancing functional biodiversity, underpinning yield-support, and
reducing environmental impact. Need to reduce GHG emissions.",China,East Asia,5,"Gongzhuling Experimental Station, Jilin Province",Asia,UMIC,43.516667,124.8,No,NA,Experiment (research station),Researcher-led,Researcher-led,Rotation: maize-legume,Rotation,0,0,1,NA,Existing farmers' practices,Existing farmers' practices,,Grain / Soybean,Maize,Soybean,0,0,0,0,0,0,0,0,1,0,0,0,165-82.5-82.5,Synthetic - below threshold,rainfed,17.38871597,1.17388716,1.213814384,NA,NA,NA,NA,NA,1.133959935,NA,10.37913622,1.103791362,1.074367088,1.133215636,NA,NA,Mix-Win,NA,NA,NA,NA,NA,NA,"crop diversity (e.g., intercropping
and rotation) have lower environmental footprint (CFA, CFEY, CFMEEY
and CFE), higher economic returns, and a higher carbon sustainability
index. However, crop diversification may compromise grain or energy
yield probably due to the limitation of crop variety, agronomic management,
and abiotic factors. Based on the present study, the maize and
soybean intercropping maybe the better choices for relatively stable
crop productivity but lesser carbon footprint in the region.",NA,NA,"higher carbon sustainability
index","compromise grain or energy yield probably due to the limitation of crop variety, agronomic management, and abiotic factors.",higher economic returns,"compromise grain or energy yield probably due to the limitation of crop variety, agronomic management, and abiotic factors.",,"table1_yield, table2_net returns, table3_soil GHG emissions, table4_soil organic carbon, table5_carbon footprint",,2,2,2,2,2,2,12
256,738,"Qian X, Zang HD, Xu HS, et al. ",2018,"Relay strip intercropping of oat with maize, sunflower and mung bean in semi-arid regions of Northeast China: Yield advantages and economic benefits","Qian, X., Zang, H. D., Xu, H. S., Hu, Y. G., Ren, C. Z., Guo, L. C., . . . Zeng, Z. H. (2018). Relay strip intercropping of oat with maize, sunflower and mung bean in semi-arid regions of Northeast China: Yield advantages and economic benefits. Field Crops Research, 223, 33-40. doi:10.1016/j.fcr.2018.04.004",Plot,Quantitative,Experiment (research station),E/M,2014-2015,2,4,1,3,3,1, 2-4, 3-4,"Not exclusively (also studying impact of different crops:maize, sunflower) ","Not exclusively (also studying impact of different crops:maize, sunflower) ","Need to address desertification, nitrate pollution of
groundwater and soil acidification. Meeting the increasing grain demand and avoiding
adverse environmental impacts from intensive agriculture has become a
major challenge. Intercropping systems have been proven to have positive effects
on the control of wind erosion, pests and weeds.",China,East Asia,5,"Baicheng Academy of Agricultural Sciences in Baicheng City, Jilin
Province,",Asia,UMIC,45.616667,122.766667,Yes,yield advantage and stability (referring to intercropping),Experiment (research station),Researcher-led,Researcher-led,Intercropping:oat-legume,Intercrop,1,0,0,NA,Existing farmers' practices,Existing farmers' practices,,Grain / Mungbean,Oat,Mungbean,0,0,0,0,1,0,0,0,0,0,0,"Maize, Sunflower",150-60-50,Synthetic - below threshold,irrigation,110.5302156,2.105302156,NA,NA,NA,NA,NA,NA,NA,2.105302156,0.24727567,1.002472757,1.063841219,0.941104294,NA,NA,Win-Mix,NA,NA,NA,NA,NA,NA,"mung bean
yield and biomass were not affected by intercropping, which might be
associated with the spatial niche differentiation. Oat intercepted more
light due to the higher plant height than mung bean during the cogrowth
period (Fig. A.2), which resulted in a stronger interspecific
competition ability.",NA,NA,NA,"Unstable precipitation during the growth period threatened yield
stability",NA,"Unstable precipitation during the growth period threatened yield
stability",,"table1_yields_biomass, table6_income and costs",,2,2,2,2,2,2,12
164,356,"MacWilliam S., Wismer M., Kulshreshtha S.",2014,Life cycle and economic assessment of Western Canadian pulse systems: The inclusion of pulses in crop rotations,"MacWilliam, S., Wismer, M., & Kulshreshtha, S. (2014). Life cycle and economic assessment of Western Canadian pulse systems: The inclusion of pulses in crop rotations. Agricultural Systems, 123, 43-53. doi:10.1016/j.agsy.2013.08.009",Functional unit (one tonne of grain),Quantitative,Model,E/M,NA,NA,3,2,1,1,1,Unknown, 1-2,Yes,Yes,,Canada,High Income Countries,3,Western Canada,North America,HIC,49.263829,-123.134282,No,,Simulation model (LCA),Farmer-led,Farmer-led,Rotation,Rotation,1,0,0,Rotation,Best-practice management (straw is left on the field (i.e. not baled); all farms are rain fed (i.e. no irrigation); and zero-tillage technology is employed),Conservation ag (residue + tillage),,Grain + Non-Grain / Lentil,Canola-Wheat,Lentil,0,0,0,1,0,0,0,0,0,0,0,Oilseed,45-18-0,Synthetic - below threshold,rainfed,18.5,1.185,1.22,NA,NA,NA,1.125,NA,1.21,NA,34,1.34,1.34,NA,NA,NA,Win-Mix,NA,NA,NA,NA,NA,NA,NA,Market prices: higher pulse prices relative to cereal/oilseed prices,Market prices: low pulse prices relative to cereal/oilseed prices,NA,"Fertiliser and machinery use: ""production of chemicals (e.g. fertilizers) and field operations (e.g. combine harvesting) accounted for the majority of the environmental effects associated with crop production in almost all impact categories (Fig. 4). Emissions from the field (e.g. N2O) were also large contributors (24–32%) to global warming in all crop production systems""","Market prices: Higher market price of legumes relative to cereals, or high grain + oilseed prices, or high fertiliser prices combined with low pulse prices: ""under high grain and oilseed prices, all rotations generated a positive return over variable costs. However, when low grain and oilseed prices were assumed, results for the oilseed-cereal rotation showed a negative return over variable costs. This was not the case for the pulse-containing rotations, except when pulse prices were low and fertilizer prices were high""","Access to inputs: ""Human health effects were related to the amounts of inputs required for grain production. When there was a decrease in the amounts of inputs required for crop production and an increase in the amount of grain produced, human health effects were reduced. This was because the production and use of fertilizers, as well as field operations, released toxic emissions to the air, such as particulate matter""",,"Table2 (Yield) Section 8.1 (Climate, nutrients, H2O, Health) Discussion 1st ¶ (income) ",,1,0,2,1,2,2,8
165,356,"MacWilliam S., Wismer M., Kulshreshtha S.",2014,Life cycle and economic assessment of Western Canadian pulse systems: The inclusion of pulses in crop rotations,"MacWilliam, S., Wismer, M., & Kulshreshtha, S. (2014). Life cycle and economic assessment of Western Canadian pulse systems: The inclusion of pulses in crop rotations. Agricultural Systems, 123, 43-53. doi:10.1016/j.agsy.2013.08.009",Functional unit (one tonne of grain),Quantitative,Model,E/M,NA,NA,3,2,1,1,1,Unknown, 1-2,Yes,Yes,,Canada,High Income Countries,3,Western Canada,North America,HIC,49.263829,-123.134282,No,,Simulation model (LCA),Farmer-led,Farmer-led,Rotation,Rotation,1,0,0,Rotation,Best-practice management (straw is left on the field (i.e. not baled); all farms are rain fed (i.e. no irrigation); and zero-tillage technology is employed),Conservation ag (residue + tillage),,Grain + Non-Grain / Pea,Canola-Wheat,Pea,0,0,0,0,0,0,0,0,0,1,0,Oilseed,45-18-0,Synthetic - below threshold,rainfed,23.33333333,1.233333333,1.25,NA,NA,NA,1.21,NA,1.24,NA,17,1.17,1.17,NA,NA,NA,Win-Mix,NA,NA,NA,NA,NA,NA,NA,Market prices: higher pulse prices relative to cereal/oilseed prices,Market prices: low pulse prices relative to cereal/oilseed prices,NA,"Fertiliser and machinery use: ""production of chemicals (e.g. fertilizers) and field operations (e.g. combine harvesting) accounted for the majority of the environmental effects associated with crop production in almost all impact categories (Fig. 4). Emissions from the field (e.g. N2O) were also large contributors (24–32%) to global warming in all crop production systems""","Market prices: Higher market price of legumes relative to cereals, or high grain + oilseed prices, or high fertiliser prices combined with low pulse prices: ""under high grain and oilseed prices, all rotations generated a positive return over variable costs. However, when low grain and oilseed prices were assumed, results for the oilseed-cereal rotation showed a negative return over variable costs. This was not the case for the pulse-containing rotations, except when pulse prices were low and fertilizer prices were high""","Access to inputs: ""Human health effects were related to the amounts of inputs required for grain production. When there was a decrease in the amounts of inputs required for crop production and an increase in the amount of grain produced, human health effects were reduced. This was because the production and use of fertilizers, as well as field operations, released toxic emissions to the air, such as particulate matter""",,"Table2 (Yield) Section 8.1 (Climate, nutrients, H2O, Health) Discussion 1st ¶ (income) ",,1,0,2,1,2,2,8
152,319,"Kuntashula E., Chabala L.M., Mulenga B.P.",2014,Impact of minimum tillage and crop rotation as climate change adaptation strategies on farmer welfare in smallholder farming systems of Zambia,"Kuntashula, E., Chabala, L. M., & Mulenga, B. P. (2014). Impact of minimum tillage and crop rotation as climate change adaptation strategies on farmer welfare in smallholder farming systems of Zambia. Journal of Sustainable Development, 7(4), 95-110. doi:10.5539/jsd.v7n4p95",Household,Quantitative,Recall/Surveys,RC,2012-2013,2,NA,NA,NA,1231,6, 2-4,>100 ,Yes,Yes,Climate change,Zambia,Subsaharan Africa,1,"Zambia: six districts: two from the northern region (Serenje and Mpika districts), two from the southern region (Sinazongwe and Choma districts), and two from the eastern region (Petauke and Nyimba districts)",Africa,LIC,"-13.230711482022594, 30.22969699122022 / -11.829527188422906, 31.449651414756985 / -17.21913376127008, 27.46949157216821 / -16.814721350145994, 26.983407757010486 / -14.245996562909273, 31.326698936658246 / -14.560486657713797, 30.822195243432528","-13.230711482022594, 30.22969699122022 / -11.829527188422906, 31.449651414756985 / -17.21913376127008, 27.46949157216821 / -16.814721350145994, 26.983407757010486 / -14.245996562909273, 31.326698936658246 / -14.560486657713797, 30.822195243432528",No,,Recall,Farmer-led,Farmer-led,Rotation,Rotation,1,0,0,Rotation,Minimum tillage + existing farmers practices,Tillage practices,Existing farmers' practices,Grain / Groundnut + Common bean,Maize,Multiple,0,0,1,0,0,0,0,1,0,0,0,,NA,Unknown,rainfed,21,1.21,NA,NA,NA,NA,NA,NA,NA,1.21,0,1,1,NA,NA,NA,Win-Mix,NA,NA,NA,NA,NA,NA,NA,"Extension services to incentivise legume production and build legume markets: ""The impact of crop rotation on the staple maize crop could be boosted by encouraging farmers to increase the areas allocated to legumes. This could be done through the inclusion of legumes in the marketing portfolio of the quasi-public Food Reserve Agency, an institution that actively purchases maize from farmers. This would indirectly increase total maize production and thereby increasing the maize surplus for sale.""; Household demography, access to credit and power, access to agricultural information/knowledge (""most adopters of crop rotation had more household heads that were male and married. The farm sizes for the adopters of crop rotation were also larger than those for the non-adopting households. Again most of the households who adopted crop rotations had access to draft power, credit and agricultural information and were generally relatively wealthier than the non-adopters. In addition, most of the households adopting crop rotations had received advice on conservation farming ""); access to hired labour (""The propensity or conditional probability to adopt crop rotation was significantly influenced by whether the household; hired labour, had access to credit and information"")",NA,"Climate change (decline in crop yields); Age of the household head, the head being male, the head being married, higher education, household size, hiring labour, embracing animal labour, having access to information and being a member of an agricultural group","Land allocation to legumes compared with cereal crop, market availability: ""Usually legumes are grown on small pieces of land relative to the subsequent or successive maize crop. There are two reinforcing factors contributing to growing of legumes on small pieces of land. The first is that they are not staple food crops therefore most households consume small amounts of the legumes. Secondly, unlike for maize, there is no assured market for legumes in the country therefore the households are not encouraged to grow more for sale""",Hired labour,Climate change,"""Selling maize, the staple food, is not the primary objective of most rural households in Zambia. Having adequate amounts of maize for home consumption is of paramount importance. Therefore it is not surprising to find that both minimum tillage and crop rotation have positive impact on maize productivity but can have insignificant impact on income stemming from the maize sold.""",NA,,1,2,2,1,2,2,10
214,422,"Ngwira A.R., Thierfelder C., Lambert D.M.",2013,"Conservation agriculture systems for Malawian smallholder farmers: Long-term effects on crop productivity, profitability and soil quality","Ngwira, A. R., Thierfelder, C., & Lambert, D. M. (2012). Conservation agriculture systems for Malawian smallholder farmers: long-term effects on crop productivity, profitability and soil quality. Renewable Agriculture and Food Systems, 28(4), 350-363. doi:10.1017/s1742170512000257",Field,Quantitative,Participatory Action Research,RC,2005-2011,6,3,1,2,6,2, 5-10, 11-100,Yes,Yes,Poverty,Malawi,Subsaharan Africa,1,Lemu,Africa,LIC,"-14.984413376142554,",34.95966904,No,,Experiment (on farm),Farmer-led,Farmer-led,Intercropping: cereal-legume + rotation: cereal-legume,Intercrop-Rotation,1,0,0,Row,Conservation agriculture + herbicides,Tillage practices,Pest management,Grain / Pigeonpea,Maize,Pigeonpea,0,0,0,0,0,1,0,0,0,0,0,,69:21:00,Synthetic - below threshold,rainfed,9.67996022,1.096799602,NA,NA,NA,1.05511811,NA,1.267367883,NA,0.967912814,-4.83243125,0.951675687,1.141446613,NA,NA,0.761904762,Mix-Mix,NA,NA,NA,NA,NA,NA,NA,"High market demand: ""pigeonpea grain has a high demand in Malawi and India (an export market from Malawi), and the stems are used as fuelwood""; Pigeonpea, with its deep taproots, may assist in breaking the widespread hoe pans prevalent in most smallholder farmers’ fields in Malawi, thus improving soil structure and porosity.",NA,"Conservation agriculture (combination of differences in tillage and land preparation methods, residue management, cropping systems and weed control strategies): ""Mulch cover improved water infiltration even after the first season, especially under drier or moisture-limited conditions, thereby improving the effect on soil water balance""; Dry conditions - In the drier environment ofLemu (characterized by sandy clay loam soils), most of the yield increase was observed in the driest year of 2009–10","Pest infestation and rainfall variability with dry spells caused grain yields lower than the potential: ""inadequate number of sprays against insect pests such as aphids (Aphis gossypii) and elegant grasshoppers (Dichromorpha elegans) as well as dry spells causing flower abortion""",NA,Dry spells (rainfall variability),"biodiversity: Differences between treatments in the faunal groups of earthworm and termites were only observed in Zidyana (Table 5). At Lemu, spatial variability of these faunal groups was too large to detect any significant difference between treatments. In Zidyana, the earthworm population was highest (48earthwormsm?2) in CAM, followed by CAML (40earthwormsm?2) and lowest (9earthwormsm?2) in CPM treatment. At both sites centipede populations were higher in the top 30cm of soil of CAM than CPM, whereas the rest of the faunal populations did not show significant difference between treatments.",Figure 5+Table 1 (Yield); Table 6 (H2O infoltration); Table 4 (Soil organic C); Figure 6 (Biomass); Table 5 (Biodiversity); Table 3 (Income) ,,2,2,2,2,2,2,12
24,50,"Baishya L.K., Ansari M.A., Sarkar D., Ghosh M., Kumar S., Prakash N.",2016,Productivity enhancement in shifting cultivated lands through biofertilizer and micro-dosing of NPK in Eastern HiMalayan Region,"Baishya, L. K., Ansari, M. A., Sarkar, D., Ghosh, M., Kumar, S., & Prakash, N. (2016). Productivity enhancement in shifting cultivated lands through biofertilizer and micro-dosing of NPK in Eastern HiMalayan Region. Research on Crops, 17(2), 268-275. doi:10.5958/2348-7542.2016.00046.2",Farm,Quantitative (household surveys),Experiment (on farm),RC,2013-2014,2,8,4,4,3,4, 2-4, 11-100,"Not exclusively (also studying traditional practices vs improved crop management practices -- improved crop management practices (seed
biopriming with Azotobacter, PSB)+microdosing
NPK 20-20-20 @ 3 g/plant) with strip
cropping of rice+soybean, rice+groundnut,
maize+soybean and maize+groundnut were
compared with traditional jhum practices (mix
cropping–mixing of all the seeds and sowing
without any row arrangement in the field).","Not exclusively (also studying traditional practices vs improved crop management practices -- improved crop management practices (seed
biopriming with Azotobacter, PSB)+microdosing
NPK 20-20-20 @ 3 g/plant) with strip
cropping of rice+soybean, rice+groundnut,
maize+soybean and maize+groundnut were
compared with traditional jhum practices (mix
cropping–mixing of all the seeds and sowing
without any row arrangement in the field).","Population pressure, climate change--Need to find  improved crop management practices ( comparing shifting cultivation vs crop rotations). Need to reduce the of fire in shifting cultivation that emit carbon. Need to find different practices that reduce land degration",India,South Asia,2,"Chandel (Lambong village),
Churachandpur (Henkot village), Tamenglong
(Noney village) and Ukhrul (Ramva village) - Manipur state",Asia,LMIC,"24.33532114814686, 93.9979927062022 /24.34282396143544, 93.69670848597428 / 24.85456023236603, 93.61836522142822 /  25.01368621520169, 94.27967885054915 sites lies between 92°58?E (92.966667) to 94°45?E longitude
and 23°50?N (23.833333) to 25°42?N latitude","24.33532114814686, 93.9979927062022 /24.34282396143544, 93.69670848597428 / 24.85456023236603, 93.61836522142822 /  25.01368621520169, 94.27967885054915 sites lies between 92°58?E (92.966667) to 94°45?E longitude
and 23°50?N (23.833333) to 25°42?N latitude",No,,Experiment (on farm),Farmer-led + support by researchers,Farmer-led + researcher/extension,Intercropping: Cereal-legume,Intercrop,1,0,0,Strip,Seed biopriming with Azotobacter+PSB and micro-dosing of NPK,Fertilizer rates/type + seed improvement,,Grain / Soybean,Rice,Soybean,0,0,0,0,0,0,0,0,1,0,0,,20-20-20,Synthetic - below threshold,rainfed,16.66667,1.1666667,NA,NA,NA,NA,NA,NA,1.1666667,NA,66.8202555,1.668202555,1.668202555,NA,NA,NA,Win-Win,NA,NA,NA,NA,NA,NA,NA,"Inter cropping of legumes with cereals in
the jhum lands also considerably increased all
the above fertility parameters when compared
to those of sole cropping of cereals and
traditional jhum practices.","The results indicated that growing of sole groundnut
under improved management of the jhum lands
was most beneficial.",nutrient microdosing + seed biopriming to increase germination,soil erosion,NA,NA,,"Table 5_ economic yields, Table6_economics of diversified cropping, Table 7_fertility status",,2,2,1,2,2,2,11
25,50,"Baishya L.K., Ansari M.A., Sarkar D., Ghosh M., Kumar S., Prakash N.",2016,Productivity enhancement in shifting cultivated lands through biofertilizer and micro-dosing of NPK in Eastern HiMalayan Region,"Baishya, L. K., Ansari, M. A., Sarkar, D., Ghosh, M., Kumar, S., & Prakash, N. (2016). Productivity enhancement in shifting cultivated lands through biofertilizer and micro-dosing of NPK in Eastern HiMalayan Region. Research on Crops, 17(2), 268-275. doi:10.5958/2348-7542.2016.00046.2",Farm,Quantitative (household surveys),Experiment (on farm),RC,2013-2014,2,8,4,4,3,4, 2-4, 11-100,"Not exclusively (also studying traditional practices vs improved crop management practices -- improved crop management practices (seed
biopriming with Azotobacter, PSB)+microdosing
NPK 20-20-20 @ 3 g/plant) with strip
cropping of rice+soybean, rice+groundnut,
maize+soybean and maize+groundnut were
compared with traditional jhum practices (mix
cropping–mixing of all the seeds and sowing
without any row arrangement in the field).","Not exclusively (also studying traditional practices vs improved crop management practices -- improved crop management practices (seed
biopriming with Azotobacter, PSB)+microdosing
NPK 20-20-20 @ 3 g/plant) with strip
cropping of rice+soybean, rice+groundnut,
maize+soybean and maize+groundnut were
compared with traditional jhum practices (mix
cropping–mixing of all the seeds and sowing
without any row arrangement in the field).","Population pressure, climate change--Need to find  improved crop management practices ( comparing shifting cultivation vs crop rotations). Need to reduce the of fire in shifting cultivation that emit carbon. Need to find different practices that reduce land degration",India,South Asia,2,"Chandel (Lambong village),
Churachandpur (Henkot village), Tamenglong
(Noney village) and Ukhrul (Ramva village) - Manipur state",Asia,LMIC,"24.33532114814686, 93.9979927062022 /24.34282396143544, 93.69670848597428 / 24.85456023236603, 93.61836522142822 /  25.01368621520169, 94.27967885054915 sites lies between 92°58?E (92.966667) to 94°45?E longitude
and 23°50?N (23.833333) to 25°42?N latitude","24.33532114814686, 93.9979927062022 /24.34282396143544, 93.69670848597428 / 24.85456023236603, 93.61836522142822 /  25.01368621520169, 94.27967885054915 sites lies between 92°58?E (92.966667) to 94°45?E longitude
and 23°50?N (23.833333) to 25°42?N latitude",No,,Experiment (on farm),Farmer-led + support by researchers,Farmer-led + researcher/extension,Intercropping: Cereal-legume,Intercrop,1,0,0,Strip,Seed biopriming with Azotobacter+PSB and micro-dosing of NPK,Fertilizer rates/type + seed improvement,,Grain / Groundnut,Rice,Groundnut,0,0,1,0,0,0,0,0,0,0,0,,20-20-20,Synthetic - below threshold,rainfed,19.49405,1.1949405,NA,NA,NA,NA,NA,NA,1.1949405,NA,203.1706204,3.031706204,3.031706204,NA,NA,NA,Win-Win,NA,NA,NA,NA,NA,NA,NA,"Inter cropping of legumes with cereals in
the jhum lands also considerably increased all
the above fertility parameters when compared
to those of sole cropping of cereals and
traditional jhum practices.","The results indicated that growing of sole groundnut
under improved management of the jhum lands
was most beneficial.",nutrient microdosing + seed biopriming to increase germination,soil erosion,NA,NA,,"Table 5_ economic yields, Table6_economics of diversified cropping, Table 7_fertility status",,2,2,1,2,2,2,11
26,50,"Baishya L.K., Ansari M.A., Sarkar D., Ghosh M., Kumar S., Prakash N.",2016,Productivity enhancement in shifting cultivated lands through biofertilizer and micro-dosing of NPK in Eastern HiMalayan Region,"Baishya, L. K., Ansari, M. A., Sarkar, D., Ghosh, M., Kumar, S., & Prakash, N. (2016). Productivity enhancement in shifting cultivated lands through biofertilizer and micro-dosing of NPK in Eastern HiMalayan Region. Research on Crops, 17(2), 268-275. doi:10.5958/2348-7542.2016.00046.2",Farm,Quantitative (household surveys),Experiment (on farm),RC,2013-2014,2,8,4,4,3,4, 2-4, 11-100,"Not exclusively (also studying traditional practices vs improved crop management practices -- improved crop management practices (seed
biopriming with Azotobacter, PSB)+microdosing
NPK 20-20-20 @ 3 g/plant) with strip
cropping of rice+soybean, rice+groundnut,
maize+soybean and maize+groundnut were
compared with traditional jhum practices (mix
cropping–mixing of all the seeds and sowing
without any row arrangement in the field).","Not exclusively (also studying traditional practices vs improved crop management practices -- improved crop management practices (seed
biopriming with Azotobacter, PSB)+microdosing
NPK 20-20-20 @ 3 g/plant) with strip
cropping of rice+soybean, rice+groundnut,
maize+soybean and maize+groundnut were
compared with traditional jhum practices (mix
cropping–mixing of all the seeds and sowing
without any row arrangement in the field).","Population pressure, climate change--Need to find  improved crop management practices ( comparing shifting cultivation vs crop rotations). Need to reduce the of fire in shifting cultivation that emit carbon. Need to find different practices that reduce land degration",India,South Asia,2,"Chandel (Lambong village),
Churachandpur (Henkot village), Tamenglong
(Noney village) and Ukhrul (Ramva village) - Manipur state",Asia,LMIC,"24.33532114814686, 93.9979927062022 /24.34282396143544, 93.69670848597428 / 24.85456023236603, 93.61836522142822 /  25.01368621520169, 94.27967885054915 sites lies between 92°58?E (92.966667) to 94°45?E longitude
and 23°50?N (23.833333) to 25°42?N latitude","24.33532114814686, 93.9979927062022 /24.34282396143544, 93.69670848597428 / 24.85456023236603, 93.61836522142822 /  25.01368621520169, 94.27967885054915 sites lies between 92°58?E (92.966667) to 94°45?E longitude
and 23°50?N (23.833333) to 25°42?N latitude",No,,Experiment (on farm),Farmer-led + support by researchers,Farmer-led + researcher/extension,Intercropping: Cereal-legume,Intercrop,1,0,0,Strip,Seed biopriming with Azotobacter+PSB and micro-dosing of NPK,Fertilizer rates/type + seed improvement,,Grain / Soybean,Maize,Soybean,0,0,0,0,0,0,0,0,1,0,0,,20-20-20,Synthetic - below threshold,rainfed,30,1.3,NA,NA,NA,NA,NA,NA,1.3,NA,32.2730924,1.322730924,1.322730924,NA,NA,NA,Win-Win,NA,NA,NA,NA,NA,NA,NA,"Inter cropping of legumes with cereals in
the jhum lands also considerably increased all
the above fertility parameters when compared
to those of sole cropping of cereals and
traditional jhum practices.","The results indicated that growing of sole groundnut
under improved management of the jhum lands
was most beneficial.",nutrient microdosing + seed biopriming to increase germination,soil erosion,NA,NA,,"Table 5_ economic yields, Table6_economics of diversified cropping, Table 7_fertility status",,2,2,1,2,2,2,11
27,50,"Baishya L.K., Ansari M.A., Sarkar D., Ghosh M., Kumar S., Prakash N.",2016,Productivity enhancement in shifting cultivated lands through biofertilizer and micro-dosing of NPK in Eastern HiMalayan Region,"Baishya, L. K., Ansari, M. A., Sarkar, D., Ghosh, M., Kumar, S., & Prakash, N. (2016). Productivity enhancement in shifting cultivated lands through biofertilizer and micro-dosing of NPK in Eastern HiMalayan Region. Research on Crops, 17(2), 268-275. doi:10.5958/2348-7542.2016.00046.2",Farm,Quantitative (household surveys),Experiment (on farm),RC,2013-2014,2,8,4,4,3,4, 2-4, 11-100,"Not exclusively (also studying traditional practices vs improved crop management practices -- improved crop management practices (seed
biopriming with Azotobacter, PSB)+microdosing
NPK 20-20-20 @ 3 g/plant) with strip
cropping of rice+soybean, rice+groundnut,
maize+soybean and maize+groundnut were
compared with traditional jhum practices (mix
cropping–mixing of all the seeds and sowing
without any row arrangement in the field).","Not exclusively (also studying traditional practices vs improved crop management practices -- improved crop management practices (seed
biopriming with Azotobacter, PSB)+microdosing
NPK 20-20-20 @ 3 g/plant) with strip
cropping of rice+soybean, rice+groundnut,
maize+soybean and maize+groundnut were
compared with traditional jhum practices (mix
cropping–mixing of all the seeds and sowing
without any row arrangement in the field).","Population pressure, climate change--Need to find  improved crop management practices ( comparing shifting cultivation vs crop rotations). Need to reduce the of fire in shifting cultivation that emit carbon. Need to find different practices that reduce land degration",India,South Asia,2,"Chandel (Lambong village),
Churachandpur (Henkot village), Tamenglong
(Noney village) and Ukhrul (Ramva village) - Manipur state",Asia,LMIC,"24.33532114814686, 93.9979927062022 /24.34282396143544, 93.69670848597428 / 24.85456023236603, 93.61836522142822 /  25.01368621520169, 94.27967885054915 sites lies between 92°58?E (92.966667) to 94°45?E longitude
and 23°50?N (23.833333) to 25°42?N latitude","24.33532114814686, 93.9979927062022 /24.34282396143544, 93.69670848597428 / 24.85456023236603, 93.61836522142822 /  25.01368621520169, 94.27967885054915 sites lies between 92°58?E (92.966667) to 94°45?E longitude
and 23°50?N (23.833333) to 25°42?N latitude",No,,Experiment (on farm),Farmer-led + support by researchers,Farmer-led + researcher/extension,Intercropping: Cereal-legume,Intercrop,1,0,0,Strip,Seed biopriming with Azotobacter+PSB and micro-dosing of NPK,Fertilizer rates/type + seed improvement,,Grain / Groundnut,Maize,Groundnut,0,0,1,0,0,0,0,0,0,0,0,,20-20-20,Synthetic - below threshold,rainfed,33.39286,1.3339286,NA,NA,NA,NA,NA,NA,1.3339286,NA,128.3148594,2.283148594,2.283148594,NA,NA,NA,Win-Win,NA,NA,NA,NA,NA,NA,NA,"Inter cropping of legumes with cereals in
the jhum lands also considerably increased all
the above fertility parameters when compared
to those of sole cropping of cereals and
traditional jhum practices.","The results indicated that growing of sole groundnut
under improved management of the jhum lands
was most beneficial.",nutrient microdosing + seed biopriming to increase germination,soil erosion,NA,NA,,"Table 5_ economic yields, Table6_economics of diversified cropping, Table 7_fertility status",,2,2,1,2,2,2,11
290,733,"Shah TM, Tasawwar S, Bhat MA, Otterpohl R. ",2021,"Intercropping in Rice Farming under the System of Rice Intensification-An Agroecological Strategy for Weed Control, Better Yield, Increased Returns, and Social-Ecological Sustainability","Shah, T. M., Tasawwar, S., Bhat, M. A., & Otterpohl, R. (2021). Intercropping in Rice Farming under the System of Rice Intensification-An Agroecological Strategy for Weed Control, Better Yield, Increased Returns, and Social-Ecological Sustainability. Agronomy-Basel, 11(5), 21. doi:10.3390/agronomy11051010",Plot,Quantitative,Experiment (research station),RC,2019-2020,2,3,1,2,4,1, 2-4, 3-4,Not exclusively (also studying impact of rice intensification system) ,Not exclusively (also studying impact of rice intensification system) ,"Need to feed increasing population, micronutrients in their diets. Need to reduce dependency to pesticides in conventional flooded rice systems. Need to reduce weeds without using agrochemicals",India,South Asia,2,Sagam belt of the Islamabad region (District Anantnag),Asia,LMIC,"33?36'31"" N (33.608611), & 33?36'54"" N (33.615) ","75?14'59""(75.249722) E 75?15'2"" E (75.250556)",Yes,"The system
of rice intensification (SRI) is an agroecological methodology of growing rice. It involves
early plant establishment, wider spacing between plants transplanted individually, manual
weeding, and alternate wetting and drying of the rice field instead of continuous
flooding [25]. SRI-based rice farming systems have been associated with a range of environmental
benefits, reportedly reducing water and energy use by 60% and 74%, respectively,
and greenhouse gas emissions by 40% [11]. It has led to improved yields in different
parts of the world and includes practices that enhance the soil health [26–29].",Experiment (research station),Researcher-led,Researcher-led,Intercropping:rice-legume,Intercrop,1,0,0,NA,rice intensification system - weed control,Weed/pest management,,Grain / Common bean,Rice,Common bean,0,0,0,0,0,0,0,1,0,0,0,,150-75-75 (Conventional flooded rice only)-intercrop with legumes only received compost (6t per ha),Synthetic - below threshold,irrigation,44.12930155,1.441293016,NA,NA,1.652917505,NA,NA,NA,1.00427151,1.666690032,57.19700689,1.571970069,1.571970069,NA,NA,NA,Win-Win,NA,NA,NA,NA,NA,NA,NA,"Legume intercropping reduces weed infestation, higher nutrient uptake, improved growth characteristics, better yield. This reduces the need to  use pesticides. ",NA,"Legumes also diversify farmers diets, their incomes and livelihoods.",NA,"Legumes also diversify farmers diets, their incomes and livelihoods.",NA,,"fig7_yield, fig8_biomass, table 10_economic sheet",,2,2,2,2,2,2,12
36,61,"Bedoussac L., Journet E.-P., Hauggaard-Nielsen H., Naudin C., Corre-Hellou G., Jensen E.S., Prieur L., Justes E.",2015,Ecological principles underlying the increase of productivity achieved by cereal-grain legume intercrops in organic farming. A review,"Bedoussac, L., Journet, E. P., Hauggaard-Nielsen, H., Naudin, C., Corre-Hellou, G., Jensen, E. S., . . . Justes, E. (2015). Ecological principles underlying the increase of productivity achieved by cereal-grain legume intercrops in organic farming. A review. Agronomy for Sustainable Development, 35(3), 911-935. doi:10.1007/s13593-014-0277-7",Plot,Quantitative,Review,E/M,Various,Various,Various,Various,Various,Various,Various,Unknown,Unknown,Yes,No,"Population increase, climate change, limited resources","Denmark, France",High Income Countries,3,"Denmark, France",Europe,HIC,"43.52917, 1.500601/47.483112,-0.614047/55.669274, 12.301280","43.52917, 1.500601/47.483112,-0.614047/55.669274, 12.301281",No,,Review,Farmer-led,Farmer-led,Intercropping: Cereal-legume,Intercrop,0,0,1,Rotation,Reduced fertiliser application (organic),Fertilizer rates/type,,Grain / Faba bean + Pea,"Wheat,Barley",Multiple,0,0,0,0,0,0,1,0,0,1,0,,0-0-0,No synthetic,rainfed,43.66883,1.4366883,NA,NA,1.7142857,NA,NA,NA,1.1590909,NA,21.6637782,1.216637782,1.216637782,NA,NA,NA,Win-Win,NA,NA,NA,NA,NA,NA,"Yes (the more the cereal grain yield increased when intercropped, the less the legume yielded suggesting that there is a trade-offbetween the two crops yield)",Variable weather; technical support since the new generation of farmers may not possess the know-how to grow arable crops as intercrops and organically,"(i) the farmers who need technical support since the new generation of farmers may not possess the know-how to grow arable crops as intercrops and organically; (ii) the companies collecting and storing seeds which will have to adapt their collecting, sorting and storage equipment to satisfy the processors’ quality demands; (iii) the industrials to adapt food processing; (iv) the breeders expected to select varieties suited to intercropping; (v) the technical institutions which must acquire and transfer operational knowledge, (vi) the researchers to produce cognitive know-how on the multiple mechanisms in play and (vii) the national and European authorities to consider relevant policy and subsidies to help reintroducing these cropping strategies","soil quality (low nitrogen availability - ""biggest advantage of the intercrop is observed for low grain protein concentration ofthe sole cropped wheat due to limited availability of nitrogen during growth, thus confirming intercrops benefits in low-nitrogen availability systems"")",NA,Variable weather (intercrop gross margin higher than sole crop when cereal crop yields low due to poor weather),NA,,NA,,1,1,2,2,2,2,10
241,444,"Palaniappan S.P., Balasubramanian R., Ramesh T., Chandrasekaran A., Mani K.G., Velayutham M., Lal R.",2009,Sustainable management of dryland alfisols (Red Soils) in South India,"Palaniappan, S. P., Balasubramanian, R., Ramesh, T., Chandrasekaran, A., Mani, K. G., Velayutham, M., & Lal, R. (2009). Sustainable Management of Dryland Alfisols (Red Soils) in South India. Journal of Crop Improvement, 23(3), 275-299. doi:10.1080/15427520902809888",Farm,Quantitative,Participatory Action Research,RC,2001,1,3,2,1,1,1,1, 1-2,Yes,Yes,,India,South Asia,2,"East Central Tamil Nadu, Ariyamuthupatti Village Site",Asia,LMIC,8° 30? (8.5) to 10° 40? (10.666667) N and 78° 24? (78.4) to 79° 40? E (79.666667) ,8° 30? (8.5) to 10° 40? (10.666667) N and 78° 24? (78.4) to 79° 40? E (79.666667) ,No,,Experiment (on farm),Farmer-led + support by researchers,Farmer-led + researcher/extension,Intercropping: Cereal-legume,Intercrop,1,0,0,Row,Existing farmers' practices,Existing farmers' practices,,Non-Grain / Cowpea,Pigeon Pea,Cowpea,0,1,0,0,0,0,0,0,0,0,0,,0,No synthetic,rainfed,43.33333333,1.433333333,NA,NA,NA,NA,NA,NA,NA,1.433333333,-40.68441065,0.593155894,0.593155894,NA,NA,NA,Mix-Lose,NA,NA,NA,NA,NA,NA,NA,NA,NA,NA,NA,NA,NA,NA,TABLE 3 Agronomic Performance of Intercropping of Pigeon Pea (Var. VBN2) with Cowpea and Groundnut,,1,1,2,1,1,1,7
242,444,"Palaniappan S.P., Balasubramanian R., Ramesh T., Chandrasekaran A., Mani K.G., Velayutham M., Lal R.",2009,Sustainable management of dryland alfisols (Red Soils) in South India,"Palaniappan, S. P., Balasubramanian, R., Ramesh, T., Chandrasekaran, A., Mani, K. G., Velayutham, M., & Lal, R. (2009). Sustainable Management of Dryland Alfisols (Red Soils) in South India. Journal of Crop Improvement, 23(3), 275-299. doi:10.1080/15427520902809889",Farm,Quantitative,Participatory Action Research,RC,2001,1,3,2,1,1,1,1, 1-2,Yes,Yes,,India,South Asia,2,East Central Tamil Nadu,Asia,LMIC,8° 30? (8.5) to 10° 40? (10.666667) N and 78° 24? (78.4) to 79° 40? E (79.666667) ,8° 30? (8.5) to 10° 40? (10.666667) N and 78° 24? (78.4) to 79° 40? E (79.666667) ,No,,Experiment (on farm),Farmer-led + support by researchers,Farmer-led + researcher/extension,Intercropping: Cereal-legume,Intercrop,1,0,0,Row,Existing farmers' practices,Existing farmers' practices,,Non-Grain / Groundnut,Pigeon Pea,Groundnut,0,0,1,0,0,0,0,0,0,0,0,,0,No synthetic,rainfed,45,1.45,NA,NA,NA,NA,NA,NA,NA,1.45,215.2091255,3.152091255,3.152091255,NA,NA,NA,Win-Win,NA,NA,NA,NA,NA,NA,NA,NA,NA,NA,NA,NA,NA,NA,TABLE 3 Agronomic Performance of Intercropping of Pigeon Pea (Var. VBN2) with Cowpea and Groundnut,,1,1,2,1,1,1,7
40,778,"Beres, B. L., Lupwayi, N. Z., Larney, F. J., Ellert, B., Smith, E. G., Turkington, T. K., Pageau, D., Semagn, K., & Wang, Z. (2018, Dec). ",2018,Rotational Diversity Effects in a Triticale-based Cropping System,"Beres, B. L., Lupwayi, N. Z., Larney, F. J., Ellert, B., Smith, E. G., Turkington, T. K., . . . Wang, Z. (2018). Rotational Diversity Effects in a Triticale-based Cropping System. Cereal Research Communications, 46(4), 717-728. doi:10.1556/0806.46.2018.051",Plot,Quantitative,Experiment (research station),E/M,2008-2014,7,6,3,3,4,3, 5-10, 11-100,Not exclusively (also studying effects of rotations with canola),Not exclusively (also studying effects of rotations with canola),"rotations of only wheat and canola (Brassica napus L.) are common,
which not only lacks diversity, but may also result in herbicide resistant weeds, greater
incidence of disease, and soil degradation.-- need to document the rotational benefits and
economic returns of growing pulses and oilseed crops in a triticale-based cropping system.",Canada,High Income Countries,3,"Lethbridge, Alberta (irrigated and rainfed); Swift Current (rainfed) and Canora (rainfed), Saskatchewan, Canada",North America,HIC,"Lethbridge (49°41’N, 112°45’W)(49.683333,-112.75),
Alberta, Canada, under both rainfed and irrigated moisture regimes from 2008 to 2014, at
Canora (rainfed) (51°37’ N, 102°26’ W) (51.616667, -102.433333), Saskatchewan, Canada, in 2008, 2009 and 2011,
and Swift Current (rainfed) (50°16’ N, 107°44’ W) (50.266667, -107.733333), Saskatchewan, Canada","Lethbridge (49°41’N, 112°45’W)(49.683333,-112.75),
Alberta, Canada, under both rainfed and irrigated moisture regimes from 2008 to 2014, at
Canora (rainfed) (51°37’ N, 102°26’ W) (51.616667, -102.433333), Saskatchewan, Canada, in 2008, 2009 and 2011,
and Swift Current (rainfed) (50°16’ N, 107°44’ W) (50.266667, -107.733333), Saskatchewan, Canada",No,NA,Experiment (research station),Researcher-led,Researcher-led,Rotation Triticale - legume,Rotation,0,0,1,Row,also studying effects of rotations with canola,Existing farmers' practices,,Grain / Pea,Triticale,Pea,0,0,0,0,0,0,0,0,0,1,0,"Wheat, canola",NA,Unknown,irrigation,6.250979118,1.062509791,NA,NA,NA,NA,NA,NA,1.046632124,1.078387458,14.19354839,1.141935484,1.141935484,NA,NA,NA,Win-Win,NA,NA,NA,NA,NA,NA,NA,"Triticale produced superior grain yield and biomass when grown in highly diverse rotational
systems",NA,"Triticale produced superior grain yield and biomass when grown in highly diverse rotational
systems. T-P_MDR produced the second highest soil nitrogen concentration
after 3 rotational cycles. Combined across all 22 site-years, T-P_MDR produced
higher triticale yield than monoculture cereal systems (T-W_LDR and T-T_LDR).
Our results confirmed that pulse crops in a rotational system provide benefits to the succeeding
crop.",NA,NA,NA,,"Table S3. Response of triticale, Table S5. Soil carbon and nitrogen responses, Table S6. Summary of economic returns, Figure S4. Effect of triticale-based rotations on soil microbial biomass C (MBC).",,2,2,2,1,2,2,11
14,19,"Alemayehu A., Tamado T., Nigussie D., Yigzaw D., Kinde T., Wortmann C.S.",2017,Maize-common bean intercropping to optimize maize-based crop production,"Alemayehu, A., Tamado, T., Nigussie, D., Yigzaw, D., Kinde, T., & Wortmann, C. S. (2017). Maize-common bean intercropping to optimize maize-based crop production. Journal of Agricultural Science, 155(7), 1124-1136. doi:10.1017/S0021859617000193",Plot,Quantitative,Experiment (research station),Mixed,2012-2013,2,9,8,1,3,2, 2-4, 5-10,Yes,Yes,"Population increase, food and nutrition requirements, land degradation, land scarcity",Ethiopia,Subsaharan Africa,1,Mecha and South Achefer,Africa,LIC,"Mecha research station:  11.392673578259751, 37.11324985601226
South Achefer, on-farm site : 11.3406,36.938983","Mecha research station:  11.392673578259751, 37.11324985601226
South Achefer, on-farm site : 11.3406,36.938983",No,"""one strategy for increasing productivity is to intensify land use (Matusso et al. 2014)""",Experiment (research station),Researcher-led,Researcher-led,Intercropping: Cereal-legume,Intercrop,0,1,0,Row,Reduced fertiliser (High input vs low input),Fertilizer rates/type,,Grain / Common bean,Maize,Common bean,0,0,0,0,0,0,0,1,0,0,0,,"92-20, 128-40 (on maize - no fertiliser on been)",Synthetic - below threshold,rainfed,-1.006945,0.98993055,NA,NA,NA,NA,NA,NA,1.0173611,0.9625,6,1.06,1.06,NA,NA,NA,Win-Win,NA,NA,NA,NA,NA,NA,Yes (reduced intercropped maize yield compared with the solecrop maize was compensated by the additional yield of common bean in the intercrop system),NA,NA,NA,"drought/moisture stress, soil quality",NA,NA,"High input not economically feasible, low input feasible",NA,,2,2,2,2,2,2,12
17,39,"Arunrat N., Wang C., Pumijumnong N.",2016,Alternative cropping systems for greenhouse gases mitigation in rice field: a case study in Phichit province of Thailand,"Arunrat, N., Wang, C., & Pumijumnong, N. (2016). Alternative cropping systems for greenhouse gases mitigation in rice field: a case study in Phichit province of Thailand. Journal of Cleaner Production, 133, 657-671. doi:10.1016/j.jclepro.2016.05.137",Household,Quantitative + Qualitative,Recall/Surveys,RC,2012-2014,2,10,4,6,7,2, 2-4, 11-100,Yes,Yes,Climate change,Thailand,South-east Asia,4,Phichit province - irrigated,Asia,UMIC,"Rang Nok: 16.433188169497235, 100.21447888114231
Nong Lum: 16.576861342419285, 100.14534533460767
Nong Phra: 16.3404858366116, 100.57080791937308
Thai Thung: 16.100261116586402, 100.58160647078934
Ho Krai: 16.059450700410665, 100.38405830054218
Thap Man: 16.203954673105923, 100.29705799127257
Pho Sai Ngam: 16.119689051311894, 100.13036204428496
Thung Yai: 16.289655383967098, 100.07130045946944","Rang Nok: 16.433188169497235, 100.21447888114231
Nong Lum: 16.576861342419285, 100.14534533460767
Nong Phra: 16.3404858366116, 100.57080791937308
Thai Thung: 16.100261116586402, 100.58160647078934
Ho Krai: 16.059450700410665, 100.38405830054218
Thap Man: 16.203954673105923, 100.29705799127257
Pho Sai Ngam: 16.119689051311894, 100.13036204428496
Thung Yai: 16.289655383967098, 100.07130045946944",No,,Recall,Farmer-led,Farmer-led,Rotation,Rotation,1,0,0,Rotation,Irrigation,Existing farmers' practices,,Grain / Soybean,Rice,Soybean,0,0,0,0,0,0,0,0,1,0,0,"Watermelon, corn",Synthetic - below threshold,Synthetic - below threshold,irrigation,22.9889,1.229889,1.229889,NA,NA,NA,NA,NA,NA,NA,36.6,1.366,1.366,NA,NA,NA,Mix-Win,NA,NA,NA,Irrigated; Farm Size,"Large farms have highest crop yields but significantly higher GHG emissions than small and medium farms - ""due to higher quantity inputs of chemical fertilizer, higher fossil fuel consumption and insecticide and herbicide use and burning crop residues. This means that large farms cause a severe environmental impact per ha to obtain high crop yields and economic returns.""",NA,NA,Increased benefit/cost ratio,NA,irrigation (reduces burning of residues and associated emissions),"farm size (large farms show significantly higher GHG emissions than small and medium farms); general farm management practices (chemical fertilizer, insecticide and herbicide application, fossil fuel consumption and crop residue burning)",low rainfall/high stress environment,NA,,NA,,2,2,2,2,2,2,12
18,39,"Arunrat N., Wang C., Pumijumnong N.",2016,Alternative cropping systems for greenhouse gases mitigation in rice field: a case study in Phichit province of Thailand,"Arunrat, N., Wang, C., & Pumijumnong, N. (2016). Alternative cropping systems for greenhouse gases mitigation in rice field: a case study in Phichit province of Thailand. Journal of Cleaner Production, 133, 657-671. doi:10.1016/j.jclepro.2016.05.137",Household,Quantitative + Qualitative,Recall/Surveys,RC,2012-2014,2,10,4,6,7,2, 2-4, 11-100,Yes,Yes,Climate change,Thailand,South-east Asia,4,Phichit province - rainfed,Asia,UMIC,"Rang Nok: 16.433188169497235, 100.21447888114231
Nong Lum: 16.576861342419285, 100.14534533460767
Nong Phra: 16.3404858366116, 100.57080791937308
Thai Thung: 16.100261116586402, 100.58160647078934
Ho Krai: 16.059450700410665, 100.38405830054218
Thap Man: 16.203954673105923, 100.29705799127257
Pho Sai Ngam: 16.119689051311894, 100.13036204428496
Thung Yai: 16.289655383967098, 100.07130045946944","Rang Nok: 16.433188169497235, 100.21447888114231
Nong Lum: 16.576861342419285, 100.14534533460767
Nong Phra: 16.3404858366116, 100.57080791937308
Thai Thung: 16.100261116586402, 100.58160647078934
Ho Krai: 16.059450700410665, 100.38405830054218
Thap Man: 16.203954673105923, 100.29705799127257
Pho Sai Ngam: 16.119689051311894, 100.13036204428496
Thung Yai: 16.289655383967098, 100.07130045946944",No,,Recall,Farmer-led,Farmer-led,Rotation,Rotation,1,0,0,Rotation,Existing farmers' practices,Existing farmers' practices,,Grain / Soybean,Rice,Soybean,0,0,0,0,0,0,0,0,1,0,0,"Watermelon, corn",Synthetic - below threshold,Synthetic - below threshold,rainfed,-12.2621,0.877379,0.877379,NA,NA,NA,NA,NA,NA,NA,178.2,2.782,2.782,NA,NA,NA,Mix-Win,NA,NA,NA,Rainfed; Farm Size,"Large farms have highest crop yields but significantly higher GHG emissions than small and medium farms - ""due to higher quantity inputs of chemical fertilizer, higher fossil fuel consumption and insecticide and herbicide use and burning crop residues. This means that large farms cause a severe environmental impact per ha to obtain high crop yields and economic returns.""",NA,NA,Increased benefit/cost ratio,NA,"reduced inputs (fertilisers, insecticides and herbicides)","farm size (large farms show significantly higher GHG emissions than small and medium farms); general farm management practices (chemical fertilizer, insecticide and herbicide application, fossil fuel consumption and crop residue burning)",low rainfall/high stress environment,NA,,NA,,2,2,2,2,2,2,12
19,39,"Arunrat N., Wang C., Pumijumnong N.",2016,Alternative cropping systems for greenhouse gases mitigation in rice field: a case study in Phichit province of Thailand,"Arunrat, N., Wang, C., & Pumijumnong, N. (2016). Alternative cropping systems for greenhouse gases mitigation in rice field: a case study in Phichit province of Thailand. Journal of Cleaner Production, 133, 657-671. doi:10.1016/j.jclepro.2016.05.137",Household,Quantitative + Qualitative,Recall/Surveys,RC,2012-2014,2,10,4,6,7,2, 2-4, 11-100,Yes,Yes,Climate change,Thailand,South-east Asia,4,Phichit province - irrigated,Asia,UMIC,"Rang Nok: 16.433188169497235, 100.21447888114231
Nong Lum: 16.576861342419285, 100.14534533460767
Nong Phra: 16.3404858366116, 100.57080791937308
Thai Thung: 16.100261116586402, 100.58160647078934
Ho Krai: 16.059450700410665, 100.38405830054218
Thap Man: 16.203954673105923, 100.29705799127257
Pho Sai Ngam: 16.119689051311894, 100.13036204428496
Thung Yai: 16.289655383967098, 100.07130045946944","Rang Nok: 16.433188169497235, 100.21447888114231
Nong Lum: 16.576861342419285, 100.14534533460767
Nong Phra: 16.3404858366116, 100.57080791937308
Thai Thung: 16.100261116586402, 100.58160647078934
Ho Krai: 16.059450700410665, 100.38405830054218
Thap Man: 16.203954673105923, 100.29705799127257
Pho Sai Ngam: 16.119689051311894, 100.13036204428496
Thung Yai: 16.289655383967098, 100.07130045946944",No,,Recall,Farmer-led,Farmer-led,Rotation,Rotation,1,0,0,Rotation,Irrigation,Existing farmers' practices,,Grain / Mungbean,Rice,Mungbean,0,0,0,0,1,0,0,0,0,0,0,"Watermelon, corn",Synthetic - below threshold,Synthetic - below threshold,irrigation,28.6173,1.286173,1.286173,NA,NA,NA,NA,NA,NA,NA,59.6,1.596,1.596,NA,NA,NA,Mix-Win,NA,NA,NA,Irrigated; Farm Size,"Large farms have highest crop yields but significantly higher GHG emissions than small and medium farms - ""due to higher quantity inputs of chemical fertilizer, higher fossil fuel consumption and insecticide and herbicide use and burning crop residues. This means that large farms cause a severe environmental impact per ha to obtain high crop yields and economic returns.""",NA,NA,Increased benefit/cost ratio,NA,irrigation (reduces burning of residues and associated emissions),"farm size (large farms show significantly higher GHG emissions than small and medium farms); general farm management practices (chemical fertilizer, insecticide and herbicide application, fossil fuel consumption and crop residue burning)",low rainfall/high stress environment,NA,,NA,,2,2,2,2,2,2,12
20,39,"Arunrat N., Wang C., Pumijumnong N.",2016,Alternative cropping systems for greenhouse gases mitigation in rice field: a case study in Phichit province of Thailand,"Arunrat, N., Wang, C., & Pumijumnong, N. (2016). Alternative cropping systems for greenhouse gases mitigation in rice field: a case study in Phichit province of Thailand. Journal of Cleaner Production, 133, 657-671. doi:10.1016/j.jclepro.2016.05.137",Household,Quantitative + Qualitative,Recall/Surveys,RC,2012-2014,2,10,4,6,7,2, 2-4, 11-100,Yes,Yes,Climate change,Thailand,South-east Asia,4,Phichit province - rainfed,Asia,UMIC,"Rang Nok: 16.433188169497235, 100.21447888114231
Nong Lum: 16.576861342419285, 100.14534533460767
Nong Phra: 16.3404858366116, 100.57080791937308
Thai Thung: 16.100261116586402, 100.58160647078934
Ho Krai: 16.059450700410665, 100.38405830054218
Thap Man: 16.203954673105923, 100.29705799127257
Pho Sai Ngam: 16.119689051311894, 100.13036204428496
Thung Yai: 16.289655383967098, 100.07130045946944","Rang Nok: 16.433188169497235, 100.21447888114231
Nong Lum: 16.576861342419285, 100.14534533460767
Nong Phra: 16.3404858366116, 100.57080791937308
Thai Thung: 16.100261116586402, 100.58160647078934
Ho Krai: 16.059450700410665, 100.38405830054218
Thap Man: 16.203954673105923, 100.29705799127257
Pho Sai Ngam: 16.119689051311894, 100.13036204428496
Thung Yai: 16.289655383967098, 100.07130045946944",No,,Recall,Farmer-led,Farmer-led,Rotation,Rotation,1,0,0,Rotation,Existing farmers' practices,Existing farmers' practices,,Grain / Mungbean,Rice,Mungbean,0,0,0,0,1,0,0,0,0,0,0,"Watermelon, corn",Synthetic - below threshold,Synthetic - below threshold,rainfed,-5.1509,0.948491,0.948491,NA,NA,NA,NA,NA,NA,NA,215.1,3.151,3.151,NA,NA,NA,Mix-Win,NA,NA,NA,Rainfed; Farm Size,"Large farms have highest crop yields but significantly higher GHG emissions than small and medium farms - ""due to higher quantity inputs of chemical fertilizer, higher fossil fuel consumption and insecticide and herbicide use and burning crop residues. This means that large farms cause a severe environmental impact per ha to obtain high crop yields and economic returns.""",NA,NA,Increased benefit/cost ratio,NA,"reduced inputs (fertilisers, insecticides and herbicides)","farm size (large farms show significantly higher GHG emissions than small and medium farms); general farm management practices (chemical fertilizer, insecticide and herbicide application, fossil fuel consumption and crop residue burning)",low rainfall/high stress environment,NA,,NA,,2,2,2,2,2,2,12
45,74,"Bitew Y., Alemayehu G., Adgo E., Assefa A.",2020,"Competition, production efficiency and yield stability of finger millet and legume additive design intercropping","Bitew, Y., Alemayehu, G., Adgo, E., & Assefa, A. (2020). Competition, production efficiency and yield stability of finger millet and legume additive design intercropping. Renewable Agriculture and Food Systems. doi:10.1017/S1742170520000101",Plot,Quantitative,Experiment (on farm),Mixed,2017-2018,2,16,8,8,1,2, 2-4, 1-2,Yes,Yes,"Population growth, pressure on resources, climate change",Ethiopia,Subsaharan Africa,1,Mecha and South Achefere,Africa,LIC,,"Site 1 (station): 37°06.478?E (37.107967), Site 2 (on farm): 36°56.339?E (37.938983)",No,"""several authors described intercropping as an ecofunctional
  intensification practice which has been widely used to boost crop productivity,
  increase the land utilization ratio (Laurent et al., 2015), provide a balanced diet, reduce
  labor peaks, minimize crop failure due to adverse effects of biotic and abiotic factors, protect
  soil against erosion, improve the use of limited resources (Tsubo et al., 2005), increase stability
  of yield (Vandermeer, 1989) and provide higher returns (Yayeh et al., 2019) compared with
  sole cropping""",Experiment (on farm),Farmer-led,Farmer-led,Intercropping: Cereal-legume,Intercrop,1,0,0,Row,Existing farmers' practices,Existing farmers' practices,,Grain / Common bean,Finger Millet,Common bean,0,0,0,0,0,0,0,1,0,0,0,Lupin,46-46-0,Synthetic - below threshold,rainfed,33.9467,1.339467,NA,NA,1.58,NA,NA,NA,NA,1.098934,37.65,1.3765,1.3765,NA,NA,NA,Win-Win,NA,NA,NA,NA,NA,NA,NA,NA,NA,soil quality (low input/yield environments),rainfall variability,NA,NA,,NA,,0,2,2,2,2,2,10
