"uniqueID","StudyID_IDALL","Authors","Year","Title","Citation","Unit_analysis","Study_design","Case_countries","Continent","Worldbank_national_income_group","Synthetic_fertiliser_category","Water_source","Prov_services_average_percent_transf","Prov_services_average","Yield","Recoded_aspect_of_yield","Freshwater","Fuelwood","Fiber","Biochemicals","Genetic_resources","Econ_wellbeing_average_percent_transf","Econ_wellbeing_average","Profit","Financial_security","Physical_capital","Savings_labour_cost","Combined_ecological_social_outcome"
1,1,"Abdul Rahman N., Larbi A., Kotu B., Asante M.O., Akakpo D.B., Mellon-Bedi S., Hoeschle-Zeledon I.",2021,"Maize–legume strip cropping effect on productivity, income, and income risk of farmers in northern Ghana","Abdul Rahman, N., Larbi, A., Kotu, B., Asante, M. O., Akakpo, D. B., Mellon-Bedi, S., & Hoeschle-Zeledon, I. (2021). Maize–legume strip cropping effect on productivity, income, and income risk of farmers in northern Ghana. Agronomy Journal, 113(2), 1574-1585. doi:10.1002/agj2.20536","Community","Experiment (on farm)","Ghana","Africa","LMIC","Synthetic - below threshold","rainfed",15,1.15,1.15,"Cumulative grain yield","NA","NA","NA","NA","NA",112,2.12,"2.12","Positive","NA",NA,"Win-Win"
2,1,"Abdul Rahman N., Larbi A., Kotu B., Asante M.O., Akakpo D.B., Mellon-Bedi S., Hoeschle-Zeledon I.",2021,"Maize–legume strip cropping effect on productivity, income, and income risk of farmers in northern Ghana","Abdul Rahman, N., Larbi, A., Kotu, B., Asante, M. O., Akakpo, D. B., Mellon-Bedi, S., & Hoeschle-Zeledon, I. (2021). Maize–legume strip cropping effect on productivity, income, and income risk of farmers in northern Ghana. Agronomy Journal, 113(2), 1574-1585. doi:10.1002/agj2.20536","Community","Experiment (on farm)","Ghana","Africa","LMIC","Synthetic - below threshold","rainfed",1,1.01,1.01,"Cumulative grain yield","NA","NA","NA","NA","NA",89,1.89,"1.89","Positive","NA",NA,"Win-Win"
3,2,"Abu-Bakar M., Ahmad R., Ehsanullah, Zahir Z.A.",2014,"Comparison of barley-based intercropping system for productivity and net economic return","Abu-Bakar, M., Ahmad, R., Ehsanullah, & Zahir, Z. A. (2014). Comparison of barley-based intercropping system for productivity and net economic return. International Journal of Agriculture and Biology, 16(6), 1183-1188.","Plot","Experiment (research station)","Pakistan","Asia","LMIC","Synthetic - below threshold","irrigation",4.9671,1.049671,1.049671,"Non-legume yield only","NA","NA","NA","NA","NA",2.70178400000001,1.02701784,"1.0270178400000001","NA","NA",NA,"Win-Win"
4,2,"Abu-Bakar M., Ahmad R., Ehsanullah, Zahir Z.A.",2014,"Comparison of barley-based intercropping system for productivity and net economic return","Abu-Bakar, M., Ahmad, R., Ehsanullah, & Zahir, Z. A. (2014). Comparison of barley-based intercropping system for productivity and net economic return. International Journal of Agriculture and Biology, 16(6), 1183-1188.","Plot","Experiment (research station)","Pakistan","Asia","LMIC","Synthetic - below threshold","irrigation",10.952641,1.10952641,1.10952641,"Non-legume yield only","NA","NA","NA","NA","NA",33.868449,1.33868449,"1.3386844899999999","NA","NA",NA,"Win-Win"
7,9,"Adjei-Nsiah S., Kuyper T.W., Leeuwis C., Abekoe M.K., Giller K.E.",2007,"Evaluating sustainable and profitable cropping sequences with cassava and four legume crops: Effects on soil fertility and maize yields in the forest/savannah transitional agro-ecological zone of Ghana","Adjei-Nsiah, S., Kuyper, T. W., Leeuwis, C., Abekoe, M. K., & Giller, K. E. (2007). Evaluating sustainable and profitable cropping sequences with cassava and four legume crops: Effects on soil fertility and maize yields in the forest/savannah transitional agro-ecological zone of Ghana. Field Crops Research, 103(2), 87-97. doi:10.1016/j.fcr.2007.05.001","Community","Experiment (on farm)","Ghana","Africa","LMIC","Synthetic - below threshold","rainfed",42,1.42,1.42,"Non-legume yield only","NA","NA","NA","NA","NA",176,2.76,"2.76","NA","NA",NA,"Win-Win"
11,14,"Akhtar M., Yaqub M., Iqbal Z., Ashraf M.Y., Akhter J., Hussain F.",2010,"Improvement in yield and nutrient uptake by cocropping of wheat and chickpea","Akhtar, M., Yaqub, M., Iqbal, Z., Ashraf, M. Y., Akhter, J., & Hussain, F. (2010). Improvement in yield and nutrient uptake by cocropping of wheat and chickpea. Pakistan Journal of Botany, 42(6), 4043-4049.","Plot","Experiment (research station)","Pakistan","Asia","LMIC","No synthetic","rainfed",25.8,1.258,1.258,"Cumulative grain yield","NA","NA","NA","NA","NA",99.2,1.992,"1.992","NA","NA",NA,"Win-Win"
12,16,"Akinola A.A., Alene A.D., Adeyemo R., Sanogo D., Olanrewaju A.S.",2009,"Impacts of balanced nutrient management systems technologies in the northern Guinea savanna of Nigeria","Akinola, A. A., Alene, A. D., Adeyemo, R., Sanogo, D., & Olanrewaju, A. S. (2009). Impacts of balanced nutrient management systems technologies in the northern Guinea savanna of Nigeria. Journal of Food, Agriculture and Environment, 7(2), 496-504.","Village","Experiment (on farm)","Nigeria","Africa","LMIC","No synthetic","rainfed",112.261429,2.12261429,2.12261429,"other","NA","NA","NA","NA","NA",105,2.05,"2.0499999999999998","NA","Positive",NA,"Win-Win"
13,18,"Alam M.M., Ladha J.K., Faisal M.W., Sharma S., Saha A., Noor S., Rahman M.A.",2015,"Improvement of cereal-based cropping systems following the principles of conservation agriculture under changing agricultural scenarios in Bangladesh","Alam, M. M., Ladha, J. K., Faisal, M. W., Sharma, S., Saha, A., Noor, S., & Rahman, M. A. (2015). Improvement of cereal-based cropping systems following the principles of conservation agriculture under changing agricultural scenarios in Bangladesh. Field Crops Research, 175, 1-15. doi:10.1016/j.fcr.2014.12.015","Plot","Experiment (research station)","Bangladesh","Asia","LMIC","Synthetic - below threshold","irrigation",81.17647,1.8117647,1.8117647,"Equivalent yield","NA","NA","NA","NA","NA",45.7,1.457,"1.4570000000000001","NA","Mixed",NA,"Win-Mix"
14,19,"Alemayehu A., Tamado T., Nigussie D., Yigzaw D., Kinde T., Wortmann C.S.",2017,"Maize-common bean intercropping to optimize maize-based crop production","Alemayehu, A., Tamado, T., Nigussie, D., Yigzaw, D., Kinde, T., & Wortmann, C. S. (2017). Maize-common bean intercropping to optimize maize-based crop production. Journal of Agricultural Science, 155(7), 1124-1136. doi:10.1017/S0021859617000193","Plot","Experiment (research station)","Ethiopia","Africa","LIC","Synthetic - below threshold","rainfed",6.01851900000001,1.06018519,1.06018519,"Equivalent yield","NA","NA","NA","NA","NA",6.00000000000001,1.06,"1.06","NA","NA",NA,"Win-Win"
15,784,"Ansari, M. H., Verma, B. K., Ansari, M. A., Mishra, D., Srivastava, A. K., Khan, N., & Saquib, M. (2015, Mar).  [Article]. Indian Journal of Agricultural Sciences, 85(3), 100-104. <Go to ISI>://WOS:000351480400015",2015,"Impact of cropping pattern on growth, yield attributes and system productivity of citronella (Citronella winterianus) - pulses intercropping system in Central India","Ansari, M. H., Verma, B. K., Ansari, M. A., Mishra, D., Srivastava, A. K., Khan, N., & Saquib, M. (2015). Impact of cropping pattern on growth, yield attributes and system productivity of citronella (Citronella winterianus) - pulses intercropping system in Central India. Indian Journal of Agricultural Sciences, 85(3), 100-104.","Plot","Experiment (research station)","India","Asia","LMIC","Synthetic - below threshold","irrigation",-36.6120981265293,0.633879018734707,0.633879018734707,"Equivalent yield","NA","NA","NA","NA","NA",-10.9378753723362,0.890621246276638,"0.74028967841604865","1.0409528141372282","NA",NA,"Mix-Mix"
17,39,"Arunrat N., Wang C., Pumijumnong N.",2016,"Alternative cropping systems for greenhouse gases mitigation in rice field: a case study in Phichit province of Thailand","Arunrat, N., Wang, C., & Pumijumnong, N. (2016). Alternative cropping systems for greenhouse gases mitigation in rice field: a case study in Phichit province of Thailand. Journal of Cleaner Production, 133, 657-671. doi:10.1016/j.jclepro.2016.05.137","Household","Recall","Thailand","Asia","UMIC","Synthetic - below threshold","irrigation",-4.15,0.9585,0.9585,"Cumulative grain yield","NA","NA","NA","NA","NA",36.6,1.366,"1.3660000000000001","NA","Positive",NA,"Mix-Win"
18,39,"Arunrat N., Wang C., Pumijumnong N.",2016,"Alternative cropping systems for greenhouse gases mitigation in rice field: a case study in Phichit province of Thailand","Arunrat, N., Wang, C., & Pumijumnong, N. (2016). Alternative cropping systems for greenhouse gases mitigation in rice field: a case study in Phichit province of Thailand. Journal of Cleaner Production, 133, 657-671. doi:10.1016/j.jclepro.2016.05.137","Household","Recall","Thailand","Asia","UMIC","Synthetic - below threshold","rainfed",28.9,1.289,1.289,"Cumulative grain yield","NA","NA","NA","NA","NA",178.2,2.782,"2.782","NA","Positive",NA,"Mix-Win"
19,39,"Arunrat N., Wang C., Pumijumnong N.",2016,"Alternative cropping systems for greenhouse gases mitigation in rice field: a case study in Phichit province of Thailand","Arunrat, N., Wang, C., & Pumijumnong, N. (2016). Alternative cropping systems for greenhouse gases mitigation in rice field: a case study in Phichit province of Thailand. Journal of Cleaner Production, 133, 657-671. doi:10.1016/j.jclepro.2016.05.137","Household","Recall","Thailand","Asia","UMIC","Synthetic - below threshold","irrigation",-13.4,0.866,0.866,"Cumulative grain yield","NA","NA","NA","NA","NA",59.6,1.596,"1.5960000000000001","NA","Positive",NA,"Mix-Win"
20,39,"Arunrat N., Wang C., Pumijumnong N.",2016,"Alternative cropping systems for greenhouse gases mitigation in rice field: a case study in Phichit province of Thailand","Arunrat, N., Wang, C., & Pumijumnong, N. (2016). Alternative cropping systems for greenhouse gases mitigation in rice field: a case study in Phichit province of Thailand. Journal of Cleaner Production, 133, 657-671. doi:10.1016/j.jclepro.2016.05.137","Household","Recall","Thailand","Asia","UMIC","Synthetic - below threshold","rainfed",15.6,1.156,1.156,"Cumulative grain yield","NA","NA","NA","NA","NA",215.1,3.151,"3.1509999999999998","NA","Positive",NA,"Mix-Win"
24,50,"Baishya L.K., Ansari M.A., Sarkar D., Ghosh M., Kumar S., Prakash N.",2016,"Productivity enhancement in shifting cultivated lands through biofertilizer and micro-dosing of NPK in Eastern HiMalayan Region","Baishya, L. K., Ansari, M. A., Sarkar, D., Ghosh, M., Kumar, S., & Prakash, N. (2016). Productivity enhancement in shifting cultivated lands through biofertilizer and micro-dosing of NPK in Eastern HiMalayan Region. Research on Crops, 17(2), 268-275. doi:10.5958/2348-7542.2016.00046.2","Farm","Experiment (on farm)","India","Asia","LMIC","Synthetic - below threshold","rainfed",29.310345,1.29310345,1.29310345,"Equivalent yield","NA","NA","NA","NA","NA",66.8202555,1.668202555,"1.6682025549999999","NA","NA",NA,"Win-Win"
25,50,"Baishya L.K., Ansari M.A., Sarkar D., Ghosh M., Kumar S., Prakash N.",2016,"Productivity enhancement in shifting cultivated lands through biofertilizer and micro-dosing of NPK in Eastern HiMalayan Region","Baishya, L. K., Ansari, M. A., Sarkar, D., Ghosh, M., Kumar, S., & Prakash, N. (2016). Productivity enhancement in shifting cultivated lands through biofertilizer and micro-dosing of NPK in Eastern HiMalayan Region. Research on Crops, 17(2), 268-275. doi:10.5958/2348-7542.2016.00046.2","Farm","Experiment (on farm)","India","Asia","LMIC","Synthetic - below threshold","rainfed",100,2,2,"Equivalent yield","NA","NA","NA","NA","NA",203.1706204,3.031706204,"3.0317062039999998","NA","NA",NA,"Win-Win"
26,50,"Baishya L.K., Ansari M.A., Sarkar D., Ghosh M., Kumar S., Prakash N.",2016,"Productivity enhancement in shifting cultivated lands through biofertilizer and micro-dosing of NPK in Eastern HiMalayan Region","Baishya, L. K., Ansari, M. A., Sarkar, D., Ghosh, M., Kumar, S., & Prakash, N. (2016). Productivity enhancement in shifting cultivated lands through biofertilizer and micro-dosing of NPK in Eastern HiMalayan Region. Research on Crops, 17(2), 268-275. doi:10.5958/2348-7542.2016.00046.2","Farm","Experiment (on farm)","India","Asia","LMIC","Synthetic - below threshold","rainfed",18.215613,1.18215613,1.18215613,"Equivalent yield","NA","NA","NA","NA","NA",32.2730924,1.322730924,"1.322730924","NA","NA",NA,"Win-Win"
27,50,"Baishya L.K., Ansari M.A., Sarkar D., Ghosh M., Kumar S., Prakash N.",2016,"Productivity enhancement in shifting cultivated lands through biofertilizer and micro-dosing of NPK in Eastern HiMalayan Region","Baishya, L. K., Ansari, M. A., Sarkar, D., Ghosh, M., Kumar, S., & Prakash, N. (2016). Productivity enhancement in shifting cultivated lands through biofertilizer and micro-dosing of NPK in Eastern HiMalayan Region. Research on Crops, 17(2), 268-275. doi:10.5958/2348-7542.2016.00046.2","Farm","Experiment (on farm)","India","Asia","LMIC","Synthetic - below threshold","rainfed",79.182156,1.79182156,1.79182156,"Equivalent yield","NA","NA","NA","NA","NA",128.3148594,2.283148594,"2.283148594","NA","NA",NA,"Win-Win"
29,782,"Baishya, L. K., Jamir, T., Walling, N., & Rajkhowa, D. J. (2021, Nov).",2021,"Evaluation of Maize (Zea mays L.) plus Legume Intercropping System for Productivity, Profitability, Energy Budgeting and Soil Health in Hill Terraces of Eastern Himalayan Region","Baishya, L. K., Jamir, T., Walling, N., & Rajkhowa, D. J. (2021). Evaluation of Maize (Zea mays L.) plus Legume Intercropping System for Productivity, Profitability, Energy Budgeting and Soil Health in Hill Terraces of Eastern Himalayan Region. Legume Research, 44(11), 1343-1347. doi:10.18805/lr-4190","Plot","Experiment (research station)","India","Asia","LMIC","Synthetic - below threshold","rainfed",23.943661971831,1.23943661971831,1.23943661971831,"Equivalent yield","NA","NA","NA","NA","NA",2.83791691156263,1.02837916911563,"1.2460046699570755","1.0362537764350455","0.80287906095475758",NA,"Win-Mix"
30,782,"Baishya, L. K., Jamir, T., Walling, N., & Rajkhowa, D. J. (2021, Nov).",2021,"Evaluation of Maize (Zea mays L.) plus Legume Intercropping System for Productivity, Profitability, Energy Budgeting and Soil Health in Hill Terraces of Eastern Himalayan Region","Baishya, L. K., Jamir, T., Walling, N., & Rajkhowa, D. J. (2021). Evaluation of Maize (Zea mays L.) plus Legume Intercropping System for Productivity, Profitability, Energy Budgeting and Soil Health in Hill Terraces of Eastern Himalayan Region. Legume Research, 44(11), 1343-1347. doi:10.18805/lr-4191","Plot","Experiment (research station)","India","Asia","LMIC","Synthetic - below threshold","rainfed",13.3802816901409,1.13380281690141,1.13380281690141,"Equivalent yield","NA","NA","NA","NA","NA",4.69469267817704,1.04694692678177,"1.1471665664629969","1.0694864048338368","0.92418780904847719",NA,"Win-Mix"
31,782,"Baishya, L. K., Jamir, T., Walling, N., & Rajkhowa, D. J. (2021, Nov).",2021,"Evaluation of Maize (Zea mays L.) plus Legume Intercropping System for Productivity, Profitability, Energy Budgeting and Soil Health in Hill Terraces of Eastern Himalayan Region","Baishya, L. K., Jamir, T., Walling, N., & Rajkhowa, D. J. (2021). Evaluation of Maize (Zea mays L.) plus Legume Intercropping System for Productivity, Profitability, Energy Budgeting and Soil Health in Hill Terraces of Eastern Himalayan Region. Legume Research, 44(11), 1343-1347. doi:10.18805/lr-4192","Plot","Experiment (research station)","India","Asia","LMIC","Synthetic - below threshold","rainfed",10.5633802816901,1.1056338028169,1.1056338028169,"Equivalent yield","NA","NA","NA","NA","NA",3.81018872757171,1.03810188727572,"1.1138756449154794","1.0589123867069485","0.94151763020472301",NA,"Win-Mix"
32,56,"Banjara T.R., Bohra J.S., Kumar S., Singh T., Shori A., Prajapat K.",2021,"Sustainable alternative crop rotations to the irrigated rice-wheat cropping system of Indo-Gangetic plains of India","Banjara, T. R., Bohra, J. S., Kumar, S., Singh, T., Shori, A., & Prajapat, K. (2021). Sustainable alternative crop rotations to the irrigated rice-wheat cropping system of Indo-Gangetic plains of India. Archives of Agronomy and Soil Science. doi:10.1080/03650340.2021.1912324","Plot","Experiment (research station)","India","Asia","LMIC","Synthetic - below threshold","irrigation",89.49825,1.8949825,1.8949825,"Equivalent yield","NA","NA","NA","NA","NA",80.2556818,1.802556818,"1.802556818","NA","NA",NA,"Mix-Win"
33,779,"Bastia, D. K., Behera, S. K., & Panda, M. R. (2021, Dec).",2021,"Impacts of soil fertility management on productivity and economics of rice and fodder intercropping systems under rainfed conditions in Odisha, India","Bastia, D. K., Behera, S. K., & Panda, M. R. (2021). Impacts of soil fertility management on productivity and economics of rice and fodder intercropping systems under rainfed conditions in Odisha, India. Journal of Integrative Agriculture, 20(12), 3114-3126. doi:10.1016/s2095-3119(20)63591-2","Plot","Experiment (research station)","India","Asia","LMIC","Synthetic - below threshold","rainfed",7.33715103793844,1.07337151037938,1.07337151037938,"Equivalent yield","NA","NA","NA","NA","NA",-10.0530722317074,0.899469277682927,"0.85055145859165959","0.94838709677419353","NA",NA,"Mix-Mix"
34,779,"Bastia, D. K., Behera, S. K., & Panda, M. R. (2021, Dec).",2021,"Impacts of soil fertility management on productivity and economics of rice and fodder intercropping systems under rainfed conditions in Odisha, India","Bastia, D. K., Behera, S. K., & Panda, M. R. (2021). Impacts of soil fertility management on productivity and economics of rice and fodder intercropping systems under rainfed conditions in Odisha, India. Journal of Integrative Agriculture, 20(12), 3114-3126. doi:10.1016/s2095-3119(20)63591-2","Plot","Experiment (research station)","India","Asia","LMIC","Synthetic - below threshold","rainfed",5.94130279169649,1.05941302791696,1.05941302791696,"Equivalent yield","NA","NA","NA","NA","NA",-12.9236463002065,0.870763536997935,"0.8060432030281276","0.93548387096774188","NA",NA,"Mix-Mix"
35,59,"Batte M.T., Bacon K.J., Hopkins J.W.",1998,"Measures of economic and environmental performance for alternative agricultural production systems","Batte, M. T., Bacon, K. J., & Hopkins, J. W. (1998). Measures of economic and environmental performance for alternative agricultural production systems. Journal of Production Agriculture, 11(4), 428-438. doi:10.2134/jpa1998.0428","Plot","Experiment (on farm)","USA","North America","HIC","Synthetic - below threshold","rainfed",0,1,1,"other","NA","NA","NA","NA","NA",104.2411642,2.042411642,"2.0424116419999998","NA","Mixed",NA,"Mix-Mix"
36,61,"Bedoussac L., Journet E.-P., Hauggaard-Nielsen H., Naudin C., Corre-Hellou G., Jensen E.S., Prieur L., Justes E.",2015,"Ecological principles underlying the increase of productivity achieved by cereal-grain legume intercrops in organic farming. A review","Bedoussac, L., Journet, E. P., Hauggaard-Nielsen, H., Naudin, C., Corre-Hellou, G., Jensen, E. S., . . . Justes, E. (2015). Ecological principles underlying the increase of productivity achieved by cereal-grain legume intercrops in organic farming. A review. Agronomy for Sustainable Development, 35(3), 911-935. doi:10.1007/s13593-014-0277-7","Plot","Review","Denmark, France","Europe","HIC","No synthetic","rainfed",22.222222,1.22222222,1.22222222,"Cumulative grain yield","NA","NA","NA","NA","NA",21.6637782,1.216637782,"1.2166377820000001","NA","NA",NA,"Win-Win"
37,64,"Belay D., Schulthess F., Omwega C.",2009,"The profitability of maize-haricot bean intercropping techniques to control maize stem borers under low pest densities in Ethiopia","Belay, D., Schulthess, F., & Omwega, C. (2009). The profitability of maize-haricot bean intercropping techniques to control maize stem borers under low pest densities in Ethiopia. Phytoparasitica, 37(1), 43-50. doi:10.1007/s12600-008-0002-7","Plot","Experiment (on farm)","Ethiopia","Africa","LIC","Synthetic - below threshold","rainfed",-1.025,0.98975,0.98975,"Cumulative grain yield","NA","NA","NA","NA","NA",0,1,"1","NA","NA",NA,"Mix-Mix"
38,64,"Belay D., Schulthess F., Omwega C.",2009,"The profitability of maize-haricot bean intercropping techniques to control maize stem borers under low pest densities in Ethiopia","Belay, D., Schulthess, F., & Omwega, C. (2009). The profitability of maize-haricot bean intercropping techniques to control maize stem borers under low pest densities in Ethiopia. Phytoparasitica, 37(1), 43-50. doi:10.1007/s12600-008-0002-7","Plot","Experiment (on farm)","Ethiopia","Africa","LIC","Synthetic - below threshold","rainfed",15.37,1.1537,1.1537,"Cumulative grain yield","NA","NA","NA","NA","NA",15,1.15,"1.1499999999999999","NA","NA",NA,"Win-Win"
39,64,"Belay D., Schulthess F., Omwega C.",2009,"The profitability of maize-haricot bean intercropping techniques to control maize stem borers under low pest densities in Ethiopia","Belay, D., Schulthess, F., & Omwega, C. (2009). The profitability of maize-haricot bean intercropping techniques to control maize stem borers under low pest densities in Ethiopia. Phytoparasitica, 37(1), 43-50. doi:10.1007/s12600-008-0002-7","Plot","Experiment (on farm)","Ethiopia","Africa","LIC","Synthetic - below threshold","rainfed",7.27,1.0727,1.0727,"Cumulative grain yield","NA","NA","NA","NA","NA",5,1.05,"1.05","NA","NA",NA,"Mix-Win"
40,778,"Beres, B. L., Lupwayi, N. Z., Larney, F. J., Ellert, B., Smith, E. G., Turkington, T. K., Pageau, D., Semagn, K., & Wang, Z. (2018, Dec).",2018,"Rotational Diversity Effects in a Triticale-based Cropping System","Beres, B. L., Lupwayi, N. Z., Larney, F. J., Ellert, B., Smith, E. G., Turkington, T. K., . . . Wang, Z. (2018). Rotational Diversity Effects in a Triticale-based Cropping System. Cereal Research Communications, 46(4), 717-728. doi:10.1556/0806.46.2018.051","Plot","Experiment (research station)","Canada","North America","HIC","Unknown","irrigation",3.4782608695652,1.03478260869565,1.03478260869565,"Non-legume yield only","NA","NA","NA","NA","NA",14.1935483870968,1.14193548387097,"1.1419354838709677","NA","NA",NA,"Win-Win"
43,72,"Bhat R., Hussain S., Wani W.M., Banday F.A., Sharma M.K.",2015,"Effect of intercrops on productivity, quality, leaf nutrient status and relative economic yield of apple cv. Red Delicious","Bhat, R., Hussain, S., Wani, W. M., Banday, F. A., & Sharma, M. K. (2015). Effect of intercrops on productivity, quality, leaf nutrient status and relative economic yield of apple cv. Red Delicious. Journal of Applied Horticulture, 17(3), 213-216.","Plot","Experiment (on farm)","India","Asia","LMIC","Unknown","rainfed",45.050822,1.45050822,1.45050822,"Cumulative grain yield","NA","NA","NA","NA","NA",49.9866365,1.499866365,"1.4998663649999999","NA","NA",NA,"Win-Win"
44,72,"Bhat R., Hussain S., Wani W.M., Banday F.A., Sharma M.K.",2015,"Effect of intercrops on productivity, quality, leaf nutrient status and relative economic yield of apple cv. Red Delicious","Bhat, R., Hussain, S., Wani, W. M., Banday, F. A., & Sharma, M. K. (2015). Effect of intercrops on productivity, quality, leaf nutrient status and relative economic yield of apple cv. Red Delicious. Journal of Applied Horticulture, 17(3), 213-216.","Plot","Experiment (on farm)","India","Asia","LMIC","Unknown","rainfed",28.051198,1.28051198,1.28051198,"Cumulative grain yield","NA","NA","NA","NA","NA",22.135074,1.22135074,"1.2213507400000001","NA","NA",NA,"Win-Win"
45,74,"Bitew Y., Alemayehu G., Adgo E., Assefa A.",2020,"Competition, production efficiency and yield stability of finger millet and legume additive design intercropping","Bitew, Y., Alemayehu, G., Adgo, E., & Assefa, A. (2020). Competition, production efficiency and yield stability of finger millet and legume additive design intercropping. Renewable Agriculture and Food Systems. doi:10.1017/S1742170520000101","Plot","Experiment (on farm)","Ethiopia","Africa","LIC","Synthetic - below threshold","rainfed",57.4,1.574,1.574,"Cumulative grain yield","NA","NA","NA","NA","NA",37.65,1.3765,"1.3765000000000001","Positive","NA",NA,"Win-Win"
46,776,"Bitew, Y., Alemayehu, G., Adego, E., & Assefa, A. (2019, Dec).",2019,"Boosting land use efficiency, profitability and productivity of finger millet by intercropping with grain legumes","Bitew, Y., Alemayehu, G., Adego, E., & Assefa, A. (2019). Boosting land use efficiency, profitability and productivity of finger millet by intercropping with grain legumes. Cogent Food & Agriculture, 5(1), 22. doi:10.1080/23311932.2019.1702826","Plot","Experiment (on farm)","Ethiopia","Affrica","LIC","Synthetic - below threshold","rainfed",10.3073646,1.103073646,1.103073646,"Cumulative grain yield","NA","NA","NA","NA","NA",23.1012395251107,1.23101239525111,"1.2310123952511072","NA","NA",NA,"Win-Win"
47,776,"Bitew, Y., Alemayehu, G., Adego, E., & Assefa, A. (2019, Dec).",2019,"Boosting land use efficiency, profitability and productivity of finger millet by intercropping with grain legumes","Bitew, Y., Alemayehu, G., Adego, E., & Assefa, A. (2019). Boosting land use efficiency, profitability and productivity of finger millet by intercropping with grain legumes. Cogent Food & Agriculture, 5(1), 22. doi:10.1080/23311932.2019.1702826","Plot","Experiment (on farm)","Ethiopia","Affrica","LIC","Synthetic - below threshold","rainfed",22.8667072,1.228667072,1.228667072,"Cumulative grain yield","NA","NA","NA","NA","NA",35.3598980580227,1.35359898058023,"1.3535989805802267","NA","NA",NA,"Win-Win"
49,97,"Chapagain T., Pudasaini R., Ghimire B., Gurung K., Choi K., Rai L., Magar S., BK B., Raizada M.N.",2018,"Intercropping of maize, millet, mustard, wheat and ginger increased land productivity and potential economic returns for smallholder terrace farmers in Nepal","Chapagain, T., Pudasaini, R., Ghimire, B., Gurung, K., Choi, K., Rai, L., . . . Raizada, M. N. (2018). Intercropping of maize, millet, mustard, wheat and ginger increased land productivity and potential economic returns for smallholder terrace farmers in Nepal. Field Crops Research, 227, 91-101. doi:10.1016/j.fcr.2018.07.016","Village","Experiment (on farm)","Nepal","Asia","LMIC","Synthetic - below threshold","rainfed",21.022727,1.21022727,1.21022727,"Cumulative grain yield","NA","NA","NA","NA","NA",67,1.67,"1.67","NA","NA",NA,"Win-Win"
50,97,"Chapagain T., Pudasaini R., Ghimire B., Gurung K., Choi K., Rai L., Magar S., BK B., Raizada M.N.",2018,"Intercropping of maize, millet, mustard, wheat and ginger increased land productivity and potential economic returns for smallholder terrace farmers in Nepal","Chapagain, T., Pudasaini, R., Ghimire, B., Gurung, K., Choi, K., Rai, L., . . . Raizada, M. N. (2018). Intercropping of maize, millet, mustard, wheat and ginger increased land productivity and potential economic returns for smallholder terrace farmers in Nepal. Field Crops Research, 227, 91-101. doi:10.1016/j.fcr.2018.07.016","Village","Experiment (on farm)","Nepal","Asia","LMIC","Synthetic - below threshold","rainfed",25.568182,1.25568182,1.25568182,"Cumulative grain yield","NA","NA","NA","NA","NA",188,2.88,"2.88","NA","NA",NA,"Win-Win"
51,97,"Chapagain T., Pudasaini R., Ghimire B., Gurung K., Choi K., Rai L., Magar S., BK B., Raizada M.N.",2018,"Intercropping of maize, millet, mustard, wheat and ginger increased land productivity and potential economic returns for smallholder terrace farmers in Nepal","Chapagain, T., Pudasaini, R., Ghimire, B., Gurung, K., Choi, K., Rai, L., . . . Raizada, M. N. (2018). Intercropping of maize, millet, mustard, wheat and ginger increased land productivity and potential economic returns for smallholder terrace farmers in Nepal. Field Crops Research, 227, 91-101. doi:10.1016/j.fcr.2018.07.016","Village","Experiment (on farm)","Nepal","Asia","LMIC","Synthetic - below threshold","rainfed",30.487805,1.30487805,1.30487805,"Cumulative grain yield","NA","NA","NA","NA","NA",15,1.15,"1.1499999999999999","NA","NA",NA,"Win-Win"
52,97,"Chapagain T., Pudasaini R., Ghimire B., Gurung K., Choi K., Rai L., Magar S., BK B., Raizada M.N.",2018,"Intercropping of maize, millet, mustard, wheat and ginger increased land productivity and potential economic returns for smallholder terrace farmers in Nepal","Chapagain, T., Pudasaini, R., Ghimire, B., Gurung, K., Choi, K., Rai, L., . . . Raizada, M. N. (2018). Intercropping of maize, millet, mustard, wheat and ginger increased land productivity and potential economic returns for smallholder terrace farmers in Nepal. Field Crops Research, 227, 91-101. doi:10.1016/j.fcr.2018.07.016","Village","Experiment (on farm)","Nepal","Asia","LMIC","Synthetic - below threshold","rainfed",16,1.16,1.16,"Cumulative grain yield","NA","NA","NA","NA","NA",54,1.54,"1.54","NA","NA",NA,"Win-Win"
53,99,"Chauhan D.S., Sharma R.K., Kharub A.S., Tripathi S.C., Chhokar R.S.",2001,"Effect of crop intensification on productivity, profitability, energetics and soil fertility in rice (Oryza sativa)-wheat (Triticum aestivum) cropping system of north-western plains","Chauhan, D. S., Sharma, R. K., Kharub, A. S., Tripathi, S. C., & Chhokar, R. S. (2001). Effect of crop intensification on productivity, profitability, energetics and soil fertility in rice (Oryza sativa)-wheat (Triticum aestivum) cropping system of north-western plains. Indian Journal of Agricultural Sciences, 71(5), 299-302.","Plot","Experiment (research station)","India","Asia","LMIC","No synthetic","irrigation",41.898527,1.41898527,1.41898527,"Equivalent yield","NA","NA","NA","NA","NA",28.7423155,1.287423155,"1.2874231549999999","NA","Negative",NA,"Win-Mix"
54,99,"Chauhan D.S., Sharma R.K., Kharub A.S., Tripathi S.C., Chhokar R.S.",2001,"Effect of crop intensification on productivity, profitability, energetics and soil fertility in rice (Oryza sativa)-wheat (Triticum aestivum) cropping system of north-western plains","Chauhan, D. S., Sharma, R. K., Kharub, A. S., Tripathi, S. C., & Chhokar, R. S. (2001). Effect of crop intensification on productivity, profitability, energetics and soil fertility in rice (Oryza sativa)-wheat (Triticum aestivum) cropping system of north-western plains. Indian Journal of Agricultural Sciences, 71(5), 299-302.","Plot","Experiment (research station)","India","Asia","LMIC","No synthetic","irrigation",8.91980400000001,1.08919804,1.08919804,"Equivalent yield","NA","NA","NA","NA","NA",6.3626177,1.063626177,"1.063626177","NA","Negative",NA,"Mix-Mix"
57,104,"Choudhary R., Singh P., Sidhu H.S., Nandal D.P., Jat H.S., Yadvinder-Singh, Jat M.L.",2016,"Evaluation of tillage and crop establishment methods integrated with relay seeding of wheat and mungbean for sustainable intensification of cotton-wheat system in South Asia","Choudhary, R., Singh, P., Sidhu, H. S., Nandal, D. P., Jat, H. S., Yadvinder, S., & Jat, M. L. (2016). Evaluation of tillage and crop establishment methods integrated with relay seeding of wheat and mungbean for sustainable intensification of cotton-wheat system in South Asia. Field Crops Research, 199, 31-41. doi:10.1016/j.fcr.2016.08.011","Plot","Experiment (research station)","India","Asia","LMIC","Synthetic - below threshold","irrigation",13.712647,1.13712647,1.32561294,"Equivalent yield","NA","NA","0.94864000000000004","NA","NA",22.6105005312832,1.22610500531283,"1.315287836","NA","1.1369221746256648",NA,"Win-Mix"
58,105,"Choudhary V.K., Kumar P.S.",2016,"Productivity, Water Use and Energy Profitability of Staggered Maize–Legume Intercropping in the Eastern Himalayan Region of India","Choudhary, V. K., & Kumar, P. S. (2016). Productivity, Water Use and Energy Profitability of Staggered Maize–Legume Intercropping in the Eastern Himalayan Region of India. Proceedings of the National Academy of Sciences India Section B - Biological Sciences, 86(3), 547-557. doi:10.1007/s40011-014-0476-7","Plot","Experiment (research station)","India","Asia","LMIC","Unknown","rainfed",29.221689,1.29221689,1.29221689,"Equivalent yield","NA","NA","NA","NA","NA",40.48,1.4048,"1.4048","NA","Negative",NA,"Mix-Mix"
59,105,"Choudhary V.K., Kumar P.S.",2016,"Productivity, Water Use and Energy Profitability of Staggered Maize–Legume Intercropping in the Eastern Himalayan Region of India","Choudhary, V. K., & Kumar, P. S. (2016). Productivity, Water Use and Energy Profitability of Staggered Maize–Legume Intercropping in the Eastern Himalayan Region of India. Proceedings of the National Academy of Sciences India Section B - Biological Sciences, 86(3), 547-557. doi:10.1007/s40011-014-0476-7","Plot","Experiment (research station)","India","Asia","LMIC","Unknown","rainfed",38.057723,1.38057723,1.38057723,"Equivalent yield","NA","NA","NA","NA","NA",58.3,1.583,"1.583","NA","Negative",NA,"Mix-Mix"
60,106,"Choudhary V.K., Kumar P.S.",2013,"Crop and water productivity, profitability and energy consumption pattern of a maize-based crop sequence in the North Eastern Himalayan Region, India","Choudhary, V. K., & Kumar, P. S. (2013). Crop and water productivity, profitability and energy consumption pattern of a maize-based crop sequence in the North Eastern Himalayan Region, India. Archives of Agronomy and Soil Science, 59(5), 653-669. doi:10.1080/03650340.2012.665992","Plot","Experiment (research station)","India","Asia","LMIC","Synthetic - below threshold","rainfed",36.995358,1.36995358,1.68656716,"Equivalent yield","1.0533399999999999","NA","NA","NA","NA",87.3669269,1.873669269,"1.8736692690000001","NA","Mixed",NA,"Win-Mix"
61,106,"Choudhary V.K., Kumar P.S.",2013,"Crop and water productivity, profitability and energy consumption pattern of a maize-based crop sequence in the North Eastern Himalayan Region, India","Choudhary, V. K., & Kumar, P. S. (2013). Crop and water productivity, profitability and energy consumption pattern of a maize-based crop sequence in the North Eastern Himalayan Region, India. Archives of Agronomy and Soil Science, 59(5), 653-669. doi:10.1080/03650340.2012.665992","Plot","Experiment (research station)","India","Asia","LMIC","Synthetic - below threshold","rainfed",47.6580225,1.476580225,1.91791045,"Equivalent yield","1.03525","NA","NA","NA","NA",149.9645138,2.499645138,"2.499645138","NA","Mixed",NA,"Win-Mix"
62,106,"Choudhary V.K., Kumar P.S.",2013,"Crop and water productivity, profitability and energy consumption pattern of a maize-based crop sequence in the North Eastern Himalayan Region, India","Choudhary, V. K., & Kumar, P. S. (2013). Crop and water productivity, profitability and energy consumption pattern of a maize-based crop sequence in the North Eastern Himalayan Region, India. Archives of Agronomy and Soil Science, 59(5), 653-669. doi:10.1080/03650340.2012.665992","Plot","Experiment (research station)","India","Asia","LMIC","Synthetic - below threshold","rainfed",42.8466045,1.428466045,1.78358209,"Equivalent yield","1.07335","NA","NA","NA","NA",92.1575586,1.921575586,"1.9215755859999999","NA","Mixed",NA,"Win-Mix"
63,107,"Choudhary V.K., Kumar P.S., Sarkar S.K., Yadav J.S.",2013,"Production potential, economic analysis and energy auditing for maize (Zea mays)-vegetable based cropping systems in Eastern Himalayan Region, Arunachal Pradesh","Choudhary, V. K., Kumar, P. S., Sarkar, S. K., & Yadav, J. S. (2013). Production potential, economic analysis and energy auditing for maize (Zea mays)-vegetable based cropping systems in Eastern Himalayan Region, Arunachal Pradesh. Indian Journal of Agricultural Sciences, 83(1), 110-115.","Plot","Experiment (research station)","India","Asia","LMIC","Synthetic - below threshold","rainfed",329.954955,4.29954955,4.29954955,"Equivalent yield","NA","NA","NA","NA","NA",81.6,1.816,"1.8160000000000001","NA","Negative",NA,"Win-Mix"
64,107,"Choudhary V.K., Kumar P.S., Sarkar S.K., Yadav J.S.",2013,"Production potential, economic analysis and energy auditing for maize (Zea mays)-vegetable based cropping systems in Eastern Himalayan Region, Arunachal Pradesh","Choudhary, V. K., Kumar, P. S., Sarkar, S. K., & Yadav, J. S. (2013). Production potential, economic analysis and energy auditing for maize (Zea mays)-vegetable based cropping systems in Eastern Himalayan Region, Arunachal Pradesh. Indian Journal of Agricultural Sciences, 83(1), 110-115.","Plot","Experiment (research station)","India","Asia","LMIC","Synthetic - below threshold","rainfed",179.504505,2.79504505,2.79504505,"Equivalent yield","NA","NA","NA","NA","NA",69.9,1.699,"1.6990000000000001","NA","Negative",NA,"Mix-Mix"
65,772,"Christiansen, S., Ryan, J., Singh, M., Ates, S., Bahhady, F., Mohamed, K., Youssef, O., & Loss, S. (2015).",2015,"Potential legume alternatives to fallow and wheat monoculture for Mediterranean environments","Christiansen, S., Ryan, J., Singh, M., Ates, S., Bahhady, F., Mohamed, K., . . . Loss, S. (2015). Potential legume alternatives to fallow and wheat monoculture for Mediterranean environments. Crop & Pasture Science, 66(2), 113-121. doi:10.1071/cp14063","Plot","Experiment (research station)","Syria","Asia","LIC","No synthetic","rainfed",103.132120891309,2.03132120891309,2.03132120891309,"Non-legume yield only",NA,"NA","NA","NA","NA",238.276553106212,3.38276553106212,"3.3827655310621241","NA","NA",NA,"Win-Win"
70,118,"da Silva J.N., Neto F.B., de Lima J.S.S., Chaves A.P., Nunes R.L.C., Rodrigues G.S.O., Lino V.A.D.S., de Sá J.M., Dos Santos E.C.",2020,"Sustainability of carrot-cowpea intercropping systems through optimization of green manuring and spatial arrangements [Sustentabilidade de sistemas consorciados de cenoura e feijão-caupi por meio da otimização da adubação verde e arranjos espaciais]","da Silva, J. N., Neto, F. B., de Lima, J. S. S., Chaves, A. P., Nunes, R. L. C., Rodrigues, G. S. O., . . . Dos Santos, E. C. (2020). Sustainability of carrot-cowpea intercropping systems through optimization of green manuring and spatial arrangements. Ciencia Rural, 51(1), 1-13. doi:10.1590/0103-8478cr20190838","Plot","Experiment (on farm)","Brazil","South America","UMIC","No synthetic","irrigation",58.5,1.585,1.585,"Cumulative grain yield","NA","NA","NA","NA","NA",619.5,7.195,"7.1950000000000003","NA","NA",NA,"Win-Win"
71,128,"Das R., Dhara P.K., Mandal A.R., Ray S.K.D.",2014,"Agri-silvi-fruit-vegetable based agro-production system - Suitable models for sustainable land use and conservation in red-laterite and semi-arid tracks","Das, R., Dhara, P. K., Mandal, A. R., & Ray, S. K. D. (2014). Agri-silvi-fruit-vegetable based agro-production system - Suitable models for sustainable land use and conservation in red-laterite and semi-arid tracks. Ecology, Environment and Conservation, 20, S7-S13.","Plot","Experiment (on farm)","India","Asia","LMIC","No synthetic","rainfed",127.55102,2.2755102,2.2755102,"Cumulative grain yield","NA","NA","NA","NA","NA",332.1428571,4.321428571,"4.3214285710000002","NA","NA",NA,"Win-Win"
72,128,"Das R., Dhara P.K., Mandal A.R., Ray S.K.D.",2014,"Agri-silvi-fruit-vegetable based agro-production system - Suitable models for sustainable land use and conservation in red-laterite and semi-arid tracks","Das, R., Dhara, P. K., Mandal, A. R., & Ray, S. K. D. (2014). Agri-silvi-fruit-vegetable based agro-production system - Suitable models for sustainable land use and conservation in red-laterite and semi-arid tracks. Ecology, Environment and Conservation, 20, S7-S13.","Plot","Experiment (on farm)","India","Asia","LMIC","No synthetic","rainfed",163.265306,2.63265306,2.63265306,"Cumulative grain yield","NA","NA","NA","NA","NA",422.7678571,5.227678571,"5.2276785710000002","NA","NA",NA,"Win-Win"
73,132,"Dayal D., Mangalassery S., Meena S.L., Ram B.",2015,"Productivity and profitability of legumes as influenced by integrated nutrient management with fruit crops under hot arid ecology","Dayal, D., Mangalassery, S., Meena, S. L., & Ram, B. (2015). Productivity and profitability of legumes as influenced by integrated nutrient management with fruit crops under hot arid ecology. Indian Journal of Agronomy, 60(2), 297-300.","Plot","Experiment (on farm)","India","Asia","LMIC","Synthetic - below threshold","rainfed",339.333333,4.39333333,4.39333333,"Legume yield only","NA","NA","NA","NA","NA",450,5.5,"5.5","NA","NA",NA,"Win-Win"
74,132,"Dayal D., Mangalassery S., Meena S.L., Ram B.",2015,"Productivity and profitability of legumes as influenced by integrated nutrient management with fruit crops under hot arid ecology","Dayal, D., Mangalassery, S., Meena, S. L., & Ram, B. (2015). Productivity and profitability of legumes as influenced by integrated nutrient management with fruit crops under hot arid ecology. Indian Journal of Agronomy, 60(2), 297-300.","Plot","Experiment (on farm)","India","Asia","LMIC","Synthetic - below threshold","rainfed",323.666667,4.23666667,4.23666667,"Legume yield only","NA","NA","NA","NA","NA",300,4,"4","NA","NA",NA,"Win-Win"
75,132,"Dayal D., Mangalassery S., Meena S.L., Ram B.",2015,"Productivity and profitability of legumes as influenced by integrated nutrient management with fruit crops under hot arid ecology","Dayal, D., Mangalassery, S., Meena, S. L., & Ram, B. (2015). Productivity and profitability of legumes as influenced by integrated nutrient management with fruit crops under hot arid ecology. Indian Journal of Agronomy, 60(2), 297-300.","Plot","Experiment (on farm)","India","Asia","LMIC","Synthetic - below threshold","rainfed",221.666667,3.21666667,3.21666667,"Legume yield only","NA","NA","NA","NA","NA",260,3.6,"3.6","NA","NA",NA,"Win-Win"
76,140,"Devkota M., Yigezu Y.A.",2020,"Explaining yield and gross margin gaps for sustainable intensification of the wheat-based systems in a Mediterranean climate","Devkota, M., & Yigezu, Y. A. (2020). Explaining yield and gross margin gaps for sustainable intensification of the wheat-based systems in a Mediterranean climate. Agricultural Systems, 185. doi:10.1016/j.agsy.2020.102946","Field","Experiment (on farm)","Morocco","Africa","LMIC","Synthetic - below threshold","rainfed",17,1.17,1.17,"Legume yield only","NA","NA","NA","NA","NA",26.6666667,1.266666667,"1.266666667","Negative","NA",NA,"Win-Mix"
77,140,"Devkota M., Yigezu Y.A.",2020,"Explaining yield and gross margin gaps for sustainable intensification of the wheat-based systems in a Mediterranean climate","Devkota, M., & Yigezu, Y. A. (2020). Explaining yield and gross margin gaps for sustainable intensification of the wheat-based systems in a Mediterranean climate. Agricultural Systems, 185. doi:10.1016/j.agsy.2020.102946","Field","Experiment (on farm)","Morocco","Africa","LMIC","Synthetic - below threshold","irrigation",18,1.18,1.18,"Legume yield only","NA","NA","NA","NA","NA",18.5185185,1.185185185,"1.1851851849999999","Negative","NA",NA,"Win-Mix"
83,768,"Falconnier, G. N., Descheemaeker, K., Van Mourik, T. A., Adam, M., Sogoba, B., & Giller, K. E. (2017, Sep).",2017,"Co-learning cycles to support the design of innovative farm systems in southern Mali","Falconnier, G. N., Descheemaeker, K., Van Mourik, T. A., Adam, M., Sogoba, B., & Giller, K. E. (2017). Co-learning cycles to support the design of innovative farm systems in southern Mali. European Journal of Agronomy, 89, 61-74. doi:10.1016/j.eja.2017.06.008","Farm","Participatory Action Research","Mali","Africa","LIC","Synthetic - below threshold","rainfed",-19.84375,0.8015625,0.8015625,"Cumulative grain yield",NA,"NA","NA","NA","NA",3.26086956521738,1.03260869565217,"1.0326086956521738","Negative","NA",NA,"Lose-Mix"
87,179,"Foltz J.C., Lee J.G., Martin M.A., Preckel P.V.",1995,"Multiattribute assessment of alternative cropping systems","Foltz, J. C., Lee, J. G., Martin, M. A., & Preckel, P. V. (1995). Multiattribute assessment of alternative cropping systems. American Journal of Agricultural Economics, 77(2), 408-420. doi:10.2307/1243550","System","Simulation model","USA","North America","HIC","Synthetic - below threshold","rainfed",21.481481,1.21481481,1.21481481,"Cumulative grain yield","NA","NA","NA","NA","NA",50.4920202,1.504920202,"1.5049202020000001","NA","NA",NA,"Win-Win"
88,185,"Fung K.M., Tai A.P.K., Yong T., Liu X., Lam H.-M.",2019,"Co-benefits of intercropping as a sustainable farming method for safeguarding both food security and air quality","Fung, K. M., Tai, A. P. K., Yong, T., Liu, X., & Lam, H. M. (2019). Co-benefits of intercropping as a sustainable farming method for safeguarding both food security and air quality. Environmental Research Letters, 14(4). doi:10.1088/1748-9326/aafc8b","Province","Simulation model","China","Asia","UMIC","Synthetic - above threshold","irrigation",222,3.22,3.22,"Non-legume yield only","NA","NA","NA","NA","NA",93,1.93,"1.93","NA","Mixed",NA,"Win-Mix"
89,195,"Ghosh P.K., Hazra K.K., Venkatesh M.S., Praharaj C.S., Kumar N., Nath C.P., Singh U., Singh S.S.",2020,"Grain legume inclusion in cereal-cereal rotation increased base crop productivity in the long run","Ghosh, P. K., Hazra, K. K., Venkatesh, M. S., Praharaj, C. S., Kumar, N., Nath, C. P., . . . Singh, S. S. (2020). Grain legume inclusion in cereal-cereal rotation increased base crop productivity in the long run. Experimental Agriculture, 56(1), 142-158. doi:10.1017/s0014479719000243","Plot","Experiment (research station)","India","Asia","LMIC","Synthetic - below threshold","irrigation",70,1.7,1.7,"Equivalent yield","NA","NA","NA","NA","NA",142.857142857143,2.42857142857143,"2.4285714285714284","Positive","Positive",NA,"Win-Win"
90,195,"Ghosh P.K., Hazra K.K., Venkatesh M.S., Praharaj C.S., Kumar N., Nath C.P., Singh U., Singh S.S.",2020,"Grain legume inclusion in cereal-cereal rotation increased base crop productivity in the long run","Ghosh, P. K., Hazra, K. K., Venkatesh, M. S., Praharaj, C. S., Kumar, N., Nath, C. P., . . . Singh, S. S. (2020). Grain legume inclusion in cereal-cereal rotation increased base crop productivity in the long run. Experimental Agriculture, 56(1), 142-158. doi:10.1017/s0014479719000243","Plot","Experiment (research station)","India","Asia","LMIC","Synthetic - below threshold","irrigation",79,1.79,1.79,"Equivalent yield","NA","NA","NA","NA","NA",70.8333333333333,1.70833333333333,"2.4166666666666665","1","Positive",NA,"Win-Mix"
91,195,"Ghosh P.K., Hazra K.K., Venkatesh M.S., Praharaj C.S., Kumar N., Nath C.P., Singh U., Singh S.S.",2020,"Grain legume inclusion in cereal-cereal rotation increased base crop productivity in the long run","Ghosh, P. K., Hazra, K. K., Venkatesh, M. S., Praharaj, C. S., Kumar, N., Nath, C. P., . . . Singh, S. S. (2020). Grain legume inclusion in cereal-cereal rotation increased base crop productivity in the long run. Experimental Agriculture, 56(1), 142-158. doi:10.1017/s0014479719000243","Plot","Experiment (research station)","India","Asia","LMIC","Synthetic - below threshold","irrigation",16.6666666666667,1.16666666666667,1.16666666666667,"Equivalent yield","NA","NA","NA","NA","NA",66.6666666666667,1.66666666666667,"1.6666666666666667","Positive","Positive",NA,"Win-Win"
92,195,"Ghosh P.K., Hazra K.K., Venkatesh M.S., Praharaj C.S., Kumar N., Nath C.P., Singh U., Singh S.S.",2020,"Grain legume inclusion in cereal-cereal rotation increased base crop productivity in the long run","Ghosh, P. K., Hazra, K. K., Venkatesh, M. S., Praharaj, C. S., Kumar, N., Nath, C. P., . . . Singh, S. S. (2020). Grain legume inclusion in cereal-cereal rotation increased base crop productivity in the long run. Experimental Agriculture, 56(1), 142-158. doi:10.1017/s0014479719000243","Plot","Experiment (research station)","India","Asia","LMIC","Synthetic - below threshold","irrigation",12.5,1.125,1.125,"Equivalent yield","NA","NA","NA","NA","NA",16.6666666666667,1.16666666666667,"1.3333333333333333","1","Positive",NA,"Win-Mix"
93,199,"Gitari H.I., Gachene C.K.K., Karanja N.N., Kamau S., Nyawade S., Sharma K., Schulte-Geldermann E.",2018,"Optimizing yield and economic returns of rain-fed potato (Solanum tuberosum L.) through water conservation under potato-legume intercropping systems","Gitari, H. I., Gachene, C. K. K., Karanja, N. N., Kamau, S., Nyawade, S., Sharma, K., & Schulte-Geldermann, E. (2018). Optimizing yield and economic returns of rain-fed potato (Solanum tuberosum L.) through water conservation under potato-legume intercropping systems. Agricultural Water Management, 208, 59-66. doi:10.1016/j.agwat.2018.06.005","Plot","Experiment (research station)","Kenya","Africa","LMIC","Synthetic - below threshold","rainfed",21.25,1.2125,1.2125,"Equivalent yield","NA","NA","NA","NA","NA",23.52,1.2352,"1.2352000000000001","NA","Negative",NA,"Win-Mix"
94,199,"Gitari H.I., Gachene C.K.K., Karanja N.N., Kamau S., Nyawade S., Sharma K., Schulte-Geldermann E.",2018,"Optimizing yield and economic returns of rain-fed potato (Solanum tuberosum L.) through water conservation under potato-legume intercropping systems","Gitari, H. I., Gachene, C. K. K., Karanja, N. N., Kamau, S., Nyawade, S., Sharma, K., & Schulte-Geldermann, E. (2018). Optimizing yield and economic returns of rain-fed potato (Solanum tuberosum L.) through water conservation under potato-legume intercropping systems. Agricultural Water Management, 208, 59-66. doi:10.1016/j.agwat.2018.06.005","Plot","Experiment (research station)","Kenya","Africa","LMIC","Synthetic - below threshold","rainfed",6.26,1.0626,1.0626,"Equivalent yield","NA","NA","NA","NA","NA",6.13999999999999,1.0614,"1.0613999999999999","NA","Negative",NA,"Win-Mix"
95,199,"Gitari H.I., Gachene C.K.K., Karanja N.N., Kamau S., Nyawade S., Sharma K., Schulte-Geldermann E.",2018,"Optimizing yield and economic returns of rain-fed potato (Solanum tuberosum L.) through water conservation under potato-legume intercropping systems","Gitari, H. I., Gachene, C. K. K., Karanja, N. N., Kamau, S., Nyawade, S., Sharma, K., & Schulte-Geldermann, E. (2018). Optimizing yield and economic returns of rain-fed potato (Solanum tuberosum L.) through water conservation under potato-legume intercropping systems. Agricultural Water Management, 208, 59-66. doi:10.1016/j.agwat.2018.06.005","Plot","Experiment (research station)","Kenya","Africa","LMIC","Synthetic - below threshold","rainfed",14.3,1.143,1.143,"Equivalent yield","NA","NA","NA","NA","NA",15.17,1.1517,"1.1516999999999999","NA","Negative",NA,"Win-Mix"
96,198,"Gitari H.I., Nyawade S.O., Kamau S., Karanja N.N., Gachene C.K.K., Raza M.A., Maitra S., Schulte-Geldermann E.",2020,"Revisiting intercropping indices with respect to potato-legume intercropping systems","Gitari, H. I., Nyawade, S. O., Kamau, S., Karanja, N. N., Gachene, C. K. K., Raza, M. A., . . . Schulte-Geldermann, E. (2020). Revisiting intercropping indices with respect to potato-legume intercropping systems. Field Crops Research, 258. doi:10.1016/j.fcr.2020.107957","Plot","Experiment (research station)","Kenya","Africa","LMIC","Synthetic - below threshold","rainfed",3.23800000000001,1.03238,1.03238,"Equivalent yield","NA","NA","NA","NA","NA",2.03250000000001,1.020325,"1.0406500000000001","NA","1",NA,"Win-Win"
97,198,"Gitari H.I., Nyawade S.O., Kamau S., Karanja N.N., Gachene C.K.K., Raza M.A., Maitra S., Schulte-Geldermann E.",2020,"Revisiting intercropping indices with respect to potato-legume intercropping systems","Gitari, H. I., Nyawade, S. O., Kamau, S., Karanja, N. N., Gachene, C. K. K., Raza, M. A., . . . Schulte-Geldermann, E. (2020). Revisiting intercropping indices with respect to potato-legume intercropping systems. Field Crops Research, 258. doi:10.1016/j.fcr.2020.107957","Plot","Experiment (research station)","Kenya","Africa","LMIC","Synthetic - below threshold","rainfed",0.0969999999999915,1.00097,1.00097,"Equivalent yield","NA","NA","NA","NA","NA",-0.150000000000006,0.9985,"0.997","NA","1",NA,"Win-Mix"
98,200,"Glenk K., Shrestha S., Topp C.F.E., Sánchez B., Iglesias A., Dibari C., Merante P.",2017,"A farm level approach to explore farm gross margin effects of soil organic carbon management","Glenk, K., Shrestha, S., Topp, C. F. E., Sánchez, B., Iglesias, A., Dibari, C., & Merante, P. (2017). A farm level approach to explore farm gross margin effects of soil organic carbon management. Agricultural Systems, 151, 33-46. doi:10.1016/j.agsy.2016.11.002","Farm","Model (Aragon Census Data for Aragon, Spain)","Spain","Europe","HIC","Synthetic - below threshold","rainfed",30,1.3,1.3,"Cumulative grain yield","NA","NA","NA","NA","NA",26,1.26,"1.26","Positive","Positive",NA,"Mix-Win"
99,202,"Gnahoua J.G., Ettien D.J.B., N’zué B., De Neve S., Boeckx P.",2016,"Assessment of low-input technologies to improve productivity of early harvested cassava in Côte d’Ivoire","Gnahoua, J. G., Ettien, D. J. B., N’zué, B., De Neve, S., & Boeckx, P. (2016). Assessment of low-input technologies to improve productivity of early harvested cassava in Côte d’Ivoire. Agroecology and Sustainable Food Systems, 40(9), 941-964. doi:10.1080/21683565.2016.1209610","Plot","Experiment (on farm)","Côte d’Ivoire","Africa","LMIC","Synthetic - below threshold","rainfed",5.13999999999999,1.0514,1.0514,"Cumulative grain yield","NA","NA","NA","NA","NA",614.81,7.1481,"7.1481000000000003","NA","Positive",NA,"Win-Win"
100,202,"Gnahoua J.G., Ettien D.J.B., N’zué B., De Neve S., Boeckx P.",2016,"Assessment of low-input technologies to improve productivity of early harvested cassava in Côte d’Ivoire","Gnahoua, J. G., Ettien, D. J. B., N’zué, B., De Neve, S., & Boeckx, P. (2016). Assessment of low-input technologies to improve productivity of early harvested cassava in Côte d’Ivoire. Agroecology and Sustainable Food Systems, 40(9), 941-964. doi:10.1080/21683565.2016.1209611","Plot","Experiment (on farm)","Côte d’Ivoire","Africa","LMIC","Synthetic - below threshold","rainfed",26.81,1.2681,1.2681,"Cumulative grain yield","NA","NA","NA","NA","NA",737.56,8.3756,"8.3756000000000004","NA","Positive",NA,"Win-Win"
101,202,"Gnahoua J.G., Ettien D.J.B., N’zué B., De Neve S., Boeckx P.",2016,"Assessment of low-input technologies to improve productivity of early harvested cassava in Côte d’Ivoire","Gnahoua, J. G., Ettien, D. J. B., N’zué, B., De Neve, S., & Boeckx, P. (2016). Assessment of low-input technologies to improve productivity of early harvested cassava in Côte d’Ivoire. Agroecology and Sustainable Food Systems, 40(9), 941-964. doi:10.1080/21683565.2016.1209612","Plot","Experiment (on farm)","Côte d’Ivoire","Africa","LMIC","Synthetic - below threshold","rainfed",15.31,1.1531,1.1531,"Cumulative grain yield","NA","NA","NA","NA","NA",228.54,3.2854,"3.2854000000000001","NA","Positive",NA,"Win-Win"
102,202,"Gnahoua J.G., Ettien D.J.B., N’zué B., De Neve S., Boeckx P.",2016,"Assessment of low-input technologies to improve productivity of early harvested cassava in Côte d’Ivoire","Gnahoua, J. G., Ettien, D. J. B., N’zué, B., De Neve, S., & Boeckx, P. (2016). Assessment of low-input technologies to improve productivity of early harvested cassava in Côte d’Ivoire. Agroecology and Sustainable Food Systems, 40(9), 941-964. doi:10.1080/21683565.2016.1209613","Plot","Experiment (on farm)","Côte d’Ivoire","Africa","LMIC","Synthetic - below threshold","rainfed",16.372,1.16372,1.16372,"Cumulative grain yield","NA","NA","NA","NA","NA",303.57,4.0357,"4.0357000000000003","NA","Positive",NA,"Win-Win"
103,214,"Guvenc I., Yildirim E.",2006,"Increasing productivity with intercropping systems in cabbage production","Guvenc, I., & Yildirim, E. (2006). Increasing productivity with intercropping systems in cabbage production. Journal of Sustainable Agriculture, 28(4), 29-44. doi:10.1300/J064v28n04_04","Plot","Experiment (research station)","Turkey","Europe","UMIC","Synthetic - below threshold","irrigation",19.721386,1.19721386,1.19721386,"Non-legume yield only","NA","NA","NA","NA","NA",14.3614734,1.143614734,"1.143614734","NA","NA",NA,"Win-Win"
104,766,"Guvenc, I., & Yildirim, E. (2005, Dec).",2005,"Intercropping with eggplant for proper utilisation of interspace under greenhouse conditions","Guvenc, I., & Yildirim, E. (2005). Intercropping with eggplant for proper utilisation of interspace under greenhouse conditions. European Journal of Horticultural Science, 70(6), 300-302.","Plot","Experiment (research station)","Turkey","Asia","UMIC","Synthetic - below threshold","irrigation",-6.35276844468962,0.936472315553104,0.936472315553104,"Non-legume yield only","NA","NA","NA","NA","NA",15.8064861011502,1.1580648610115,"1.1580648610115019","NA","NA",NA,"Lose-Win"
105,217,"Halpin N.V., Wang W., Rehbein W.E., Reeves S.H.",2015,"Sugarcane productivity response to different fallow and soybean residue management practices in the Bundaberg district","Halpin, N. V., Wang, W., Rehbein, W. E., & Reeves, S. H. (2015). Sugarcane productivity response to different fallow and soybean residue management practices in the Bundaberg district. 37th Annual Conference of the Australian Society of Sugar Cane Technologists, ASSCT 2015, 23-32.","Plot","Experiment (research station)","Australia","Australia","HIC","Synthetic - below threshold","irrigation",11.3452914798206,1.11345291479821,1.11345291479821,"Cumulative grain yield","NA","NA","NA","NA","NA",21.5273733255678,1.21527373325568,"1.2152737332556784","NA","NA",NA,"Mix-Win"
106,220,"Harsono A., Elisabeth D.A.A., Muzaiyanah S., Rianto S.A.",2020,"Soybean-maize intercropping feasibility under drought-prone area in East Java, Indonesia","Harsono, A., Elisabeth, D. A. A., Muzaiyanah, S., & Rianto, S. A. (2020). Soybean-maize intercropping feasibility under drought-prone area in East Java, Indonesia. Biodiversitas, 21(8), 3744-3754. doi:10.13057/biodiv/d210842","Plot","Experiment (on farm)","Indonesia","Asia","LMIC","Synthetic - above threshold","rainfed",34.505588,1.34505588,1.34505588,"Cumulative grain yield","NA","NA","NA","NA","NA",22.5742337,1.225742337,"1.225742337","Positive","Negative",NA,"Win-Mix"
107,220,"Harsono A., Elisabeth D.A.A., Muzaiyanah S., Rianto S.A.",2020,"Soybean-maize intercropping feasibility under drought-prone area in East Java, Indonesia","Harsono, A., Elisabeth, D. A. A., Muzaiyanah, S., & Rianto, S. A. (2020). Soybean-maize intercropping feasibility under drought-prone area in East Java, Indonesia. Biodiversitas, 21(8), 3744-3754. doi:10.13057/biodiv/d210842","Plot","Experiment (on farm)","Indonesia","Asia","LMIC","Synthetic - above threshold","irrigation",7.47249400000001,1.07472494,1.07472494,"Cumulative grain yield","NA","NA","NA","NA","NA",-5.2172658,0.947827342,"0.94782734199999996","Positive","Negative",NA,"Win-Mix"
108,765,"Harsono, A., & Pratiwi, H. (2017, May).",2017,"The increase of Ultisol productivity based on intercropping cassava with peanut and soybean","Harsono, A., & Pratiwi, H. (2017). The increase of Ultisol productivity based on intercropping cassava with peanut and soybean. Nusantara Bioscience, 9(2), 157-163. doi:10.13057/nusbiosci/n090209","Plot","Experiment (research station)","Indonesia","Asia","LMIC","Synthetic - above threshold","rainfed",124.255474086586,2.24255474086586,2.24255474086586,"Cumulative grain yield","NA","NA","NA","NA","NA",39.4194512019607,1.39419451201961,"2.0625336448505007","0.72585537918871257","NA",NA,"Win-Mix"
110,231,"Hokazono S., Hayashi K.",2015,"Life cycle assessment of organic paddy rotation systems using land- and product-based indicators: a case study in Japan","Hokazono, S., & Hayashi, K. (2015). Life cycle assessment of organic paddy rotation systems using land- and product-based indicators: a case study in Japan. International Journal of Life Cycle Assessment, 20(8), 1061-1075. doi:10.1007/s11367-015-0906-7","Farm","Model (Life Cycle Assessment)","Japan","Asia","HIC","No synthetic","irrigation",19.516129,1.19516129,1.19516129,"Cumulative grain yield","NA","NA","NA","NA","NA",55.1283173,1.551283173,"1.5512831730000001","NA","Positive",NA,"Win-Win"
113,251,"Islami T., Guritno B., Utomo W.H.",2011,"Performance of cassava (Manihot esculenta Crantz) based cropping systems and associated soil quality changes in the degraded tropical uplands of East Java, Indonesia","Islami, T., Guritno, B., & Utomo, W. H. (2011). Performance of cassava (Manihot esculenta Crantz) based cropping systems and associated soil quality changes in the degraded tropical uplands of East Java, Indonesia. Journal of Tropical Agriculture, 49, 31-39.","Plot","Experiment (on farm)","Indonesia","Asia","LMIC","Synthetic - below threshold","irrigation",-8.5858585858586,0.914141414141414,0.914141414141414,"Cumulative grain yield","NA","NA","NA","NA","NA",203.75,3.0375,"3.0375000000000001","NA","Negative",NA,"Mix-Mix"
114,251,"Islami T., Guritno B., Utomo W.H.",2011,"Performance of cassava (Manihot esculenta Crantz) based cropping systems and associated soil quality changes in the degraded tropical uplands of East Java, Indonesia","Islami, T., Guritno, B., & Utomo, W. H. (2011). Performance of cassava (Manihot esculenta Crantz) based cropping systems and associated soil quality changes in the degraded tropical uplands of East Java, Indonesia. Journal of Tropical Agriculture, 49, 31-39.","Plot","Experiment (on farm)","Indonesia","Asia","LMIC","Synthetic - below threshold","irrigation",-15.6565656565657,0.843434343434343,0.843434343434343,"Cumulative grain yield","NA","NA","NA","NA","NA",27.5,1.275,"1.2749999999999999","NA","Negative",NA,"Mix-Mix"
115,251,"Islami T., Guritno B., Utomo W.H.",2011,"Performance of cassava (Manihot esculenta Crantz) based cropping systems and associated soil quality changes in the degraded tropical uplands of East Java, Indonesia","Islami, T., Guritno, B., & Utomo, W. H. (2011). Performance of cassava (Manihot esculenta Crantz) based cropping systems and associated soil quality changes in the degraded tropical uplands of East Java, Indonesia. Journal of Tropical Agriculture, 49, 31-39.","Plot","Experiment (on farm)","Indonesia","Asia","LMIC","Synthetic - below threshold","irrigation",-15.1515151515151,0.848484848484849,0.848484848484849,"Cumulative grain yield","NA","NA","NA","NA","NA",-32.5,0.675,"0.67500000000000004","NA","Negative",NA,"Mix-Mix"
116,251,"Islami T., Guritno B., Utomo W.H.",2011,"Performance of cassava (Manihot esculenta Crantz) based cropping systems and associated soil quality changes in the degraded tropical uplands of East Java, Indonesia","Islami, T., Guritno, B., & Utomo, W. H. (2011). Performance of cassava (Manihot esculenta Crantz) based cropping systems and associated soil quality changes in the degraded tropical uplands of East Java, Indonesia. Journal of Tropical Agriculture, 49, 31-39.","Plot","Experiment (on farm)","Indonesia","Asia","LMIC","Synthetic - below threshold","irrigation",-15.6565656565657,0.843434343434343,0.843434343434343,"Cumulative grain yield","NA","NA","NA","NA","NA",-58.75,0.4125,"0.41249999999999998","NA","Negative",NA,"Mix-Mix"
125,258,"Jat R.D., Jat H.S., Nanwal R.K., Yadav A.K., Bana A., Choudhary K.M., Kakraliya S.K., Sutaliya J.M., Sapkota T.B., Jat M.L.",2018,"Conservation agriculture and precision nutrient management practices in maize-wheat system: Effects on crop and water productivity and economic profitability","Jat, R. D., Jat, H. S., Nanwal, R. K., Yadav, A. K., Bana, A., Choudhary, K. M., . . . Jat, M. L. (2018). Conservation agriculture and precision nutrient management practices in maize-wheat system: Effects on crop and water productivity and economic profitability. Field Crops Research, 222, 111-120. doi:10.1016/j.fcr.2018.03.025","Farm","Experiment (on farm)","India","Asia","LMIC","Synthetic - below threshold","irrigation",20.427,1.20427,1.20427,"Equivalent yield","NA","NA","NA","NA","NA",17.76,1.1776,"1.1776","NA","NA",NA,"Win-Win"
126,259,"Jat R.S., Choudhary R.L., Singh H.V., Meena M.K., Singh V.V., Rai P.K.",2021,"Sustainability, productivity, profitability and soil health with conservation agriculture based sustainable intensification of oilseed brassica production system","Jat, R. S., Choudhary, R. L., Singh, H. V., Meena, M. K., Singh, V. V., & Rai, P. K. (2021). Sustainability, productivity, profitability and soil health with conservation agriculture based sustainable intensification of oilseed brassica production system. Scientific Reports, 11(1). doi:10.1038/s41598-021-92801-z","Plot","Experiment (on farm)","India","Asia","LMIC","Synthetic - below threshold","irrigation",39.285714,1.39285714,1.39285714,"Equivalent yield","NA","NA","NA","NA","NA",37.6452363,1.376452363,"1.3764523630000001","NA","NA",NA,"Win-Win"
127,259,"Jat R.S., Choudhary R.L., Singh H.V., Meena M.K., Singh V.V., Rai P.K.",2021,"Sustainability, productivity, profitability and soil health with conservation agriculture based sustainable intensification of oilseed brassica production system","Jat, R. S., Choudhary, R. L., Singh, H. V., Meena, M. K., Singh, V. V., & Rai, P. K. (2021). Sustainability, productivity, profitability and soil health with conservation agriculture based sustainable intensification of oilseed brassica production system. Scientific Reports, 11(1). doi:10.1038/s41598-021-92801-z","Plot","Experiment (on farm)","India","Asia","LMIC","Synthetic - below threshold","irrigation",10.526316,1.10526316,1.10526316,"Equivalent yield","NA","NA","NA","NA","NA",43.609605,1.43609605,"1.43609605","NA","NA",NA,"Win-Win"
128,268,"Kaizzi K.C., Byalebeka J., Wortmann C.S., Mamo M.",2007,"Low input approaches for soil fertility management in semiarid eastern Uganda","Kaizzi, K. C., Byalebeka, J., Wortmann, C. S., & Mamo, M. (2007). Low input approaches for soil fertility management in semiarid eastern Uganda. Agronomy Journal, 99(3), 847-853. doi:10.2134/agronj2006.0238","Farm","Experiment (on farm)","Uganda","Africa","LIC","No synthetic","rainfed",79.9453883495146,1.79945388349515,1.79945388349515,"Non-legume yield only","NA","NA","NA","NA","NA",43.327092805563,1.43327092805563,"1.4332709280556299","NA","NA",NA,"Win-Win"
129,268,"Kaizzi K.C., Byalebeka J., Wortmann C.S., Mamo M.",2007,"Low input approaches for soil fertility management in semiarid eastern Uganda","Kaizzi, K. C., Byalebeka, J., Wortmann, C. S., & Mamo, M. (2007). Low input approaches for soil fertility management in semiarid eastern Uganda. Agronomy Journal, 99(3), 847-853. doi:10.2134/agronj2006.0238","Farm","Experiment (on farm)","Uganda","Africa","LIC","No synthetic","rainfed",46.8609727602534,1.46860972760253,1.46860972760253,"Non-legume yield only","NA","NA","NA","NA","NA",43.327092805563,1.43327092805563,"1.4332709280556299","NA","NA",NA,"Win-Win"
130,268,"Kaizzi K.C., Byalebeka J., Wortmann C.S., Mamo M.",2007,"Low input approaches for soil fertility management in semiarid eastern Uganda","Kaizzi, K. C., Byalebeka, J., Wortmann, C. S., & Mamo, M. (2007). Low input approaches for soil fertility management in semiarid eastern Uganda. Agronomy Journal, 99(3), 847-853. doi:10.2134/agronj2006.0238","Farm","Experiment (on farm)","Uganda","Africa","LIC","No synthetic","rainfed",68.1747512437811,1.68174751243781,1.68174751243781,"Non-legume yield only","NA","NA","NA","NA","NA",43.327092805563,1.43327092805563,"1.4332709280556299","NA","NA",NA,"Win-Win"
133,278,"Kaur N., Bhullar M.S., Gill G.",2015,"Weed management options for sugarcane-vegetable intercropping systems in north-western India","Kaur, N., Bhullar, M. S., & Gill, G. (2015). Weed management options for sugarcane-vegetable intercropping systems in north-western India. Crop Protection, 74, 18-23. doi:10.1016/j.cropro.2015.03.025","Plot","Experiment (research station)","India","Asia","LMIC","Synthetic - above threshold","rainfed",51.256227,1.51256227,1.51256227,"Equivalent yield","NA","NA","NA","NA","NA",87.7427184,1.877427184,"1.8774271840000001","NA","Negative",NA,"Win-Mix"
134,282,"Kermah M., Franke A.C., Adjei-Nsiah S., Ahiabor B.D.K., Abaidoo R.C., Giller K.E.",2017,"Maize-grain legume intercropping for enhanced resource use efficiency and crop productivity in the Guinea savanna of northern Ghana","Kermah, M., Franke, A. C., Adjei-Nsiah, S., Ahiabor, B. D. K., Abaidoo, R. C., & Giller, K. E. (2017). Maize-grain legume intercropping for enhanced resource use efficiency and crop productivity in the Guinea savanna of northern Ghana. Field Crops Research, 213, 38-50. doi:10.1016/j.fcr.2017.07.008","Field","Experiment (on farm)","Ghana","Africa","LMIC","Synthetic - below threshold","rainfed",-8.72093,0.9127907,0.9127907,"Cumulative grain yield","NA","NA","NA","NA","NA",42.5287356,1.425287356,"1.4252873559999999","NA","NA",NA,"Mix-Mix"
135,282,"Kermah M., Franke A.C., Adjei-Nsiah S., Ahiabor B.D.K., Abaidoo R.C., Giller K.E.",2017,"Maize-grain legume intercropping for enhanced resource use efficiency and crop productivity in the Guinea savanna of northern Ghana","Kermah, M., Franke, A. C., Adjei-Nsiah, S., Ahiabor, B. D. K., Abaidoo, R. C., & Giller, K. E. (2017). Maize-grain legume intercropping for enhanced resource use efficiency and crop productivity in the Guinea savanna of northern Ghana. Field Crops Research, 213, 38-50. doi:10.1016/j.fcr.2017.07.009","Field","Experiment (on farm)","Ghana","Africa","LMIC","Synthetic - below threshold","rainfed",8.67051999999999,1.0867052,1.0867052,"Cumulative grain yield","NA","NA","NA","NA","NA",107.7777778,2.077777778,"2.0777777780000002","NA","NA",NA,"Win-Mix"
136,282,"Kermah M., Franke A.C., Adjei-Nsiah S., Ahiabor B.D.K., Abaidoo R.C., Giller K.E.",2017,"Maize-grain legume intercropping for enhanced resource use efficiency and crop productivity in the Guinea savanna of northern Ghana","Kermah, M., Franke, A. C., Adjei-Nsiah, S., Ahiabor, B. D. K., Abaidoo, R. C., & Giller, K. E. (2017). Maize-grain legume intercropping for enhanced resource use efficiency and crop productivity in the Guinea savanna of northern Ghana. Field Crops Research, 213, 38-50. doi:10.1016/j.fcr.2017.07.010","Field","Experiment (on farm)","Ghana","Africa","LMIC","Synthetic - below threshold","rainfed",-10.365854,0.89634146,0.89634146,"Cumulative grain yield","NA","NA","NA","NA","NA",20,1.2,"1.2","NA","NA",NA,"Mix-Mix"
141,293,"Khan Z.R., Midega C.A.O., Njuguna E.M., Amudavi D.M., Wanyama J.M., Pickett J.A.",2008,"Economic performance of the 'push-pull' technology for stemborer and Striga control in smallholder farming systems in western Kenya","Khan, Z. R., Midega, C. A. O., Njuguna, E. M., Amudavi, D. M., Wanyama, J. M., & Pickett, J. A. (2008). Economic performance of the 'push-pull' technology for stemborer and Striga control in smallholder farming systems in western Kenya. Crop Protection, 27(7), 1084-1097. doi:10.1016/j.cropro.2008.01.005","Farm","Experiment (on farm)","Kenya","Africa","LMIC","Unknown","rainfed",4.76000000000001,1.0476,1.0476,"Non-legume yield only","NA","NA","NA","NA","NA",355.9053837,4.559053837,"4.5590538370000004","NA","Negative",NA,"Win-Mix"
142,293,"Khan Z.R., Midega C.A.O., Njuguna E.M., Amudavi D.M., Wanyama J.M., Pickett J.A.",2008,"Economic performance of the 'push-pull' technology for stemborer and Striga control in smallholder farming systems in western Kenya","Khan, Z. R., Midega, C. A. O., Njuguna, E. M., Amudavi, D. M., Wanyama, J. M., & Pickett, J. A. (2008). Economic performance of the 'push-pull' technology for stemborer and Striga control in smallholder farming systems in western Kenya. Crop Protection, 27(7), 1084-1097. doi:10.1016/j.cropro.2008.01.006","Farm","Experiment (on farm)","Kenya","Africa","LMIC","Unknown","rainfed",0,1,1,"Non-legume yield only","NA","NA","NA","NA","NA",742,8.42,"8.42","NA","Negative",NA,"Mix-Mix"
143,293,"Khan Z.R., Midega C.A.O., Njuguna E.M., Amudavi D.M., Wanyama J.M., Pickett J.A.",2008,"Economic performance of the 'push-pull' technology for stemborer and Striga control in smallholder farming systems in western Kenya","Khan, Z. R., Midega, C. A. O., Njuguna, E. M., Amudavi, D. M., Wanyama, J. M., & Pickett, J. A. (2008). Economic performance of the 'push-pull' technology for stemborer and Striga control in smallholder farming systems in western Kenya. Crop Protection, 27(7), 1084-1097. doi:10.1016/j.cropro.2008.01.007","Farm","Experiment (on farm)","Kenya","Africa","LMIC","Unknown","rainfed",6.45,1.0645,1.0645,"Non-legume yield only","NA","NA","NA","NA","NA",137.6422514,2.376422514,"2.3764225140000002","NA","Negative",NA,"Win-Mix"
144,293,"Khan Z.R., Midega C.A.O., Njuguna E.M., Amudavi D.M., Wanyama J.M., Pickett J.A.",2008,"Economic performance of the 'push-pull' technology for stemborer and Striga control in smallholder farming systems in western Kenya","Khan, Z. R., Midega, C. A. O., Njuguna, E. M., Amudavi, D. M., Wanyama, J. M., & Pickett, J. A. (2008). Economic performance of the 'push-pull' technology for stemborer and Striga control in smallholder farming systems in western Kenya. Crop Protection, 27(7), 1084-1097. doi:10.1016/j.cropro.2008.01.008","Farm","Experiment (on farm)","Kenya","Africa","LMIC","Unknown","rainfed",4.55000000000001,1.0455,1.0455,"Non-legume yield only","NA","NA","NA","NA","NA",-84.0442686,0.159557314,"0.15955731400000001","NA","Negative",NA,"Win-Mix"
145,293,"Khan Z.R., Midega C.A.O., Njuguna E.M., Amudavi D.M., Wanyama J.M., Pickett J.A.",2008,"Economic performance of the 'push-pull' technology for stemborer and Striga control in smallholder farming systems in western Kenya","Khan, Z. R., Midega, C. A. O., Njuguna, E. M., Amudavi, D. M., Wanyama, J. M., & Pickett, J. A. (2008). Economic performance of the 'push-pull' technology for stemborer and Striga control in smallholder farming systems in western Kenya. Crop Protection, 27(7), 1084-1097. doi:10.1016/j.cropro.2008.01.009","Farm","Experiment (on farm)","Kenya","Africa","LMIC","Unknown","rainfed",4.02,1.0402,1.0402,"Non-legume yield only","NA","NA","NA","NA","NA",57.0312022,1.570312022,"1.570312022","NA","Negative",NA,"Win-Mix"
146,293,"Khan Z.R., Midega C.A.O., Njuguna E.M., Amudavi D.M., Wanyama J.M., Pickett J.A.",2008,"Economic performance of the 'push-pull' technology for stemborer and Striga control in smallholder farming systems in western Kenya","Khan, Z. R., Midega, C. A. O., Njuguna, E. M., Amudavi, D. M., Wanyama, J. M., & Pickett, J. A. (2008). Economic performance of the 'push-pull' technology for stemborer and Striga control in smallholder farming systems in western Kenya. Crop Protection, 27(7), 1084-1097. doi:10.1016/j.cropro.2008.01.010","Farm","Experiment (on farm)","Kenya","Africa","LMIC","Unknown","rainfed",11.05,1.1105,1.1105,"Non-legume yield only","NA","NA","NA","NA","NA",56.3943631,1.563943631,"1.5639436309999999","NA","Negative",NA,"Win-Mix"
148,297,"Kihara J., Vanlauwe B., Waswa B., Kimetu J.M., Chianu J., Bationo A.",2010,"Strategic phosphorus application in legume-cereal rotations increases land productivity and profitability in western Kenya","Kihara, J., Vanlauwe, B., Waswa, B., Kimetu, J. M., Chianu, J., & Bationo, A. (2010). Strategic phosphorus application in legume-cereal rotations increases land productivity and profitability in western Kenya. Experimental Agriculture, 46(1), 35-52. doi:10.1017/S0014479709990810","Plot","Experiment (on farm)","Kenya","Africa","LMIC","Synthetic - below threshold","rainfed",10.555556,1.10555556,1.10555556,"Cumulative grain yield","NA","NA","NA","NA","NA",94.0817551,1.940817551,"1.9408175510000001","NA","Positive",NA,"Win-Win"
149,758,"Komarek AM, Koo J, Haile B, Msangi S, Azzarri C.",2018,"Trade-offs and synergies between yield, labor, profit, and risk in Malawian maize-based cropping systems.","Komarek, A. M., Koo, J., Haile, B., Msangi, S., & Azzarri, C. (2018). Trade-offs and synergies between yield, labor, profit, and risk in Malawian maize-based cropping systems. Agronomy for Sustainable Development, 38(3), 10. doi:10.1007/s13593-018-0506-6","Farm","Surveys, simulations and modelling","Malawi","Africa","LIC","Synthetic - below threshold","rainfed",132.7229466,2.327229466,2.327229466,"Non-legume yield only","NA","NA","NA","NA","NA",34.4050421804479,1.34405042180448,"2.4730557256582975","0.84696569920844333","NA","0.71212984054669692","Win-Mix"
151,309,"Kumar M., Kumar R., Rangnamei K.L., Das A., Meena K.L., Rajkhowa D.J.",2019,"Crop diversification for enhancing the productivity for food and nutritional security under the Eastern Himalayas","Kumar, M., Kumar, R., Rangnamei, K. L., Das, A., Meena, K. L., & Rajkhowa, D. J. (2019). Crop diversification for enhancing the productivity for food and nutritional security under the Eastern Himalayas. Indian Journal of Agricultural Sciences, 89(7), 1157-1161.","Field","Experiment (on farm)","India","Asia","LMIC","Unknown","rainfed",489.473684210526,5.89473684210526,5.89473684210526,"Equivalent yield","NA","NA","NA","NA","NA",523.222626350986,6.23222626350986,"11.428621908127209","NA","Negative","1.0358306188925082","Win-Mix"
152,319,"Kuntashula E., Chabala L.M., Mulenga B.P.",2014,"Impact of minimum tillage and crop rotation as climate change adaptation strategies on farmer welfare in smallholder farming systems of Zambia","Kuntashula, E., Chabala, L. M., & Mulenga, B. P. (2014). Impact of minimum tillage and crop rotation as climate change adaptation strategies on farmer welfare in smallholder farming systems of Zambia. Journal of Sustainable Development, 7(4), 95-110. doi:10.5539/jsd.v7n4p95","Household","Recall","Zambia","Africa","LIC","Unknown","rainfed",19,1.19,1.19,"Non-legume yield only","NA","NA","NA","NA","NA",0,1,"1","NA","NA",NA,"Win-Mix"
153,320,"Kuri B.R., Yadav R.S., Kumawat A.",2012,"Evaluation of pearl millet (Pennisetum glaucum) and mothbean (Vigna acconitifolia) intercropping systems in hyper arid partially irrigated north-western plains zone","Kuri, B. R., Yadav, R. S., & Kumawat, A. (2014). Evaluation of pearl millet (Pennisetum glaucum) and mothbean (Vigna acconitifolia) intercropping systems in hyper arid partially irrigated north-western plains zone. Indian Journal of Agricultural Sciences, 82(11), 993-996.","Plot","Experiment (on farm)","India","Asia","LMIC","Synthetic - below threshold","irrigation",23.2107438016529,1.23210743801653,1.23210743801653,"Equivalent yield","NA","NA","NA","NA","NA",12.2229438986766,1.12222943898677,"1.1222294389867662","NA","Negative",NA,"Win-Mix"
155,329,"Lengwati D.M., Mathews C., Dakora F.D.",2020,"Rotation Benefits From N2-Fixing Grain Legumes to Cereals: From Increases in Seed Yield and Quality to Greater Household Cash-Income by a Following Maize Crop","Lengwati, D. M., Mathews, C., & Dakora, F. D. (2020). Rotation Benefits From N2-Fixing Grain Legumes to Cereals: From Increases in Seed Yield and Quality to Greater Household Cash-Income by a Following Maize Crop. Frontiers in Sustainable Food Systems, 4. doi:10.3389/fsufs.2020.00094","Plot","Experiment (on farm)","South Africa","Africa","UMIC","Synthetic - below threshold","rainfed",46,1.46,1.46,"Non-legume yield only","NA","NA","NA","NA","NA",222,3.22,"3.22","NA","Negative",NA,"Win-Mix"
156,329,"Lengwati D.M., Mathews C., Dakora F.D.",2020,"Rotation Benefits From N2-Fixing Grain Legumes to Cereals: From Increases in Seed Yield and Quality to Greater Household Cash-Income by a Following Maize Crop","Lengwati, D. M., Mathews, C., & Dakora, F. D. (2020). Rotation Benefits From N2-Fixing Grain Legumes to Cereals: From Increases in Seed Yield and Quality to Greater Household Cash-Income by a Following Maize Crop. Frontiers in Sustainable Food Systems, 4. doi:10.3389/fsufs.2020.00095","Plot","Experiment (on farm)","South Africa","Africa","UMIC","Synthetic - below threshold","rainfed",47,1.47,1.47,"Non-legume yield only","NA","NA","NA","NA","NA",225,3.25,"3.25","NA","Negative",NA,"Win-Mix"
157,329,"Lengwati D.M., Mathews C., Dakora F.D.",2020,"Rotation Benefits From N2-Fixing Grain Legumes to Cereals: From Increases in Seed Yield and Quality to Greater Household Cash-Income by a Following Maize Crop","Lengwati, D. M., Mathews, C., & Dakora, F. D. (2020). Rotation Benefits From N2-Fixing Grain Legumes to Cereals: From Increases in Seed Yield and Quality to Greater Household Cash-Income by a Following Maize Crop. Frontiers in Sustainable Food Systems, 4. doi:10.3389/fsufs.2020.00096","Plot","Experiment (on farm)","South Africa","Africa","UMIC","Synthetic - below threshold","rainfed",22,1.22,1.22,"Non-legume yield only","NA","NA","NA","NA","NA",108,2.08,"2.08","NA","Negative",NA,"Win-Mix"
158,329,"Lengwati D.M., Mathews C., Dakora F.D.",2020,"Rotation Benefits From N2-Fixing Grain Legumes to Cereals: From Increases in Seed Yield and Quality to Greater Household Cash-Income by a Following Maize Crop","Lengwati, D. M., Mathews, C., & Dakora, F. D. (2020). Rotation Benefits From N2-Fixing Grain Legumes to Cereals: From Increases in Seed Yield and Quality to Greater Household Cash-Income by a Following Maize Crop. Frontiers in Sustainable Food Systems, 4. doi:10.3389/fsufs.2020.00097","Plot","Experiment (on farm)","South Africa","Africa","UMIC","Synthetic - below threshold","rainfed",32,1.32,1.32,"Non-legume yield only","NA","NA","NA","NA","NA",154,2.54,"2.54","NA","Negative",NA,"Win-Mix"
159,329,"Lengwati D.M., Mathews C., Dakora F.D.",2020,"Rotation Benefits From N2-Fixing Grain Legumes to Cereals: From Increases in Seed Yield and Quality to Greater Household Cash-Income by a Following Maize Crop","Lengwati, D. M., Mathews, C., & Dakora, F. D. (2020). Rotation Benefits From N2-Fixing Grain Legumes to Cereals: From Increases in Seed Yield and Quality to Greater Household Cash-Income by a Following Maize Crop. Frontiers in Sustainable Food Systems, 4. doi:10.3389/fsufs.2020.00098","Plot","Experiment (on farm)","South Africa","Africa","UMIC","Synthetic - below threshold","rainfed",37,1.37,1.37,"Non-legume yield only","NA","NA","NA","NA","NA",154,2.54,"2.54","NA","Negative",NA,"Win-Mix"
161,338,"LI Y.-H., SHI D.-Y., LI G.-H., ZHAO B., ZHANG J.-W., LIU P., REN B., DONG S.-T.",2019,"Maize/peanut intercropping increases photosynthetic characteristics, 13C-photosynthate distribution, and grain yield of summer maize","Li, Y.-h., Shi, D.-y., Li, G.-h., Zhao, B., Zhang, J.-w., Liu, P., . . . Dong, S.-t. (2019). Maize/peanut intercropping increases photosynthetic characteristics, 13C-photosynthate distribution, and grain yield of summer maize. Journal of Integrative Agriculture, 18(10), 2219-2229. doi:10.1016/s2095-3119(19)62616-x","Plot","Experiment (research station)","China","Asia","UMIC","Synthetic - above threshold","rainfed",89.7305907456317,1.89730590745632,1.89730590745632,"Cumulative grain yield","NA","NA","NA","NA","NA",23,1.23,"1.23","NA","NA",NA,"Win-Win"
164,356,"MacWilliam S., Wismer M., Kulshreshtha S.",2014,"Life cycle and economic assessment of Western Canadian pulse systems: The inclusion of pulses in crop rotations","MacWilliam, S., Wismer, M., & Kulshreshtha, S. (2014). Life cycle and economic assessment of Western Canadian pulse systems: The inclusion of pulses in crop rotations. Agricultural Systems, 123, 43-53. doi:10.1016/j.agsy.2013.08.009","Functional unit (one tonne of grain)","Simulation model (LCA)","Canada","North America","HIC","Synthetic - below threshold","rainfed",8.74831763122477,1.08748317631225,1.08748317631225,"Non-legume yield only","NA","NA","NA","NA","NA",34,1.34,"1.34","Positive","Mixed",NA,"Win-Mix"
165,356,"MacWilliam S., Wismer M., Kulshreshtha S.",2014,"Life cycle and economic assessment of Western Canadian pulse systems: The inclusion of pulses in crop rotations","MacWilliam, S., Wismer, M., & Kulshreshtha, S. (2014). Life cycle and economic assessment of Western Canadian pulse systems: The inclusion of pulses in crop rotations. Agricultural Systems, 123, 43-53. doi:10.1016/j.agsy.2013.08.009","Functional unit (one tonne of grain)","Simulation model (LCA)","Canada","North America","HIC","Synthetic - below threshold","rainfed",30.6864064602961,1.30686406460296,1.30686406460296,"Non-legume yield only","NA","NA","NA","NA","NA",17,1.17,"1.17","Positive","Mixed",NA,"Win-Mix"
167,748,"Manda, J., Alene, A.D., Mukuma, C., Chikoye, D.,",2017,"Ex-ante welfare impacts of adopting maize-soybean rotation in eastern Zambia.","Manda, J., Alene, A. D., Mukuma, C., & Chikoye, D. (2017). Ex-ante welfare impacts of adopting maize-soybean rotation in eastern Zambia. Agriculture, Ecosystems and Environment, 249, 22-30. doi:10.1016/j.agee.2017.07.030","Farm","Experiment (on farm)","Zambia","Africa","LIC","Synthetic - below threshold","rainfed",14.7368421052632,1.14736842105263,1.14736842105263,"Non-legume yield only","NA","NA","NA","NA","NA",32.7641873610819,1.32764187361082,"1.0543959519291588","1.4425287356321839","1.4860009332711153","NA","Win-Win"
168,366,"Manjunath B.L., Paramesh V., Mahajan G.R., Reddy K.V., Das B., Singh N.P.",2018,"A five years study on the selection of rice based cropping systems in Goa, for west coast region of India","Manjunath, B. L., Paramesh, V., Mahajan, G. R., Reddy, K. V., Das, B., & Singh, N. P. (2018). A five years study on the selection of rice based cropping systems in Goa, for west coast region of India. Journal of Environmental Biology, 39(3), 393-399. doi:10.22438/jeb/39/3/MRN-593","Plot","Experiment (research station)","India","Asia","LMIC","No synthetic","irrigation",78.821363,1.78821363,1.78821363,"Equivalent yield","NA","NA","NA","NA","NA",59.8185242,1.598185242,"1.598185242","NA","Negative",NA,"Mix-Mix"
169,366,"Manjunath B.L., Paramesh V., Mahajan G.R., Reddy K.V., Das B., Singh N.P.",2018,"A five years study on the selection of rice based cropping systems in Goa, for west coast region of India","Manjunath, B. L., Paramesh, V., Mahajan, G. R., Reddy, K. V., Das, B., & Singh, N. P. (2018). A five years study on the selection of rice based cropping systems in Goa, for west coast region of India. Journal of Environmental Biology, 39(3), 393-399. doi:10.22438/jeb/39/3/MRN-593","Plot","Experiment (research station)","India","Asia","LMIC","No synthetic","irrigation",65.19337,1.6519337,1.6519337,"Equivalent yield","NA","NA","NA","NA","NA",21.3319637,1.213319637,"1.2133196369999999","NA","Negative",NA,"Mix-Mix"
170,367,"Manjunath M.G., Salakinkop S.R., Somanagouda G.",2018,"Productivity and profitability of soybean based millets intercropping systems","Manjunath, M. G., Salakinkop, S. R., & Somanagouda, G. (2018). Productivity and profitability of soybean based millets intercropping systems. Research on Crops, 19(1), 43-47. doi:10.5958/2348-7542.2018.00006.2","Plot","Experiment (research station)","India","Asia","LMIC","Unknown","rainfed",22.146239,1.22146239,1.22146239,"Equivalent yield","NA","NA","NA","NA","NA",119.3680249,2.193680249,"2.1936802489999998","NA","NA",NA,"Mix-Win"
171,367,"Manjunath M.G., Salakinkop S.R., Somanagouda G.",2018,"Productivity and profitability of soybean based millets intercropping systems","Manjunath, M. G., Salakinkop, S. R., & Somanagouda, G. (2018). Productivity and profitability of soybean based millets intercropping systems. Research on Crops, 19(1), 43-47. doi:10.5958/2348-7542.2018.00006.3","Plot","Experiment (research station)","India","Asia","LMIC","Unknown","rainfed",17.34072,1.1734072,1.1734072,"Equivalent yield","NA","NA","NA","NA","NA",117.0420393,2.170420393,"2.1704203930000001","NA","NA",NA,"Mix-Win"
172,367,"Manjunath M.G., Salakinkop S.R., Somanagouda G.",2018,"Productivity and profitability of soybean based millets intercropping systems","Manjunath, M. G., Salakinkop, S. R., & Somanagouda, G. (2018). Productivity and profitability of soybean based millets intercropping systems. Research on Crops, 19(1), 43-47. doi:10.5958/2348-7542.2018.00006.4","Plot","Experiment (research station)","India","Asia","LMIC","Unknown","rainfed",28.172255,1.28172255,1.28172255,"Equivalent yield","NA","NA","NA","NA","NA",161.6705962,2.616705962,"2.6167059620000002","NA","NA",NA,"Mix-Win"
175,744,"Midega, C.A.O., Salifu, D., Bruce, T.J., Pittchar, J., Pickett, J.A., Khan, Z.R.,",2014,"Cumulative effects and economic benefits of intercropping maize with food legumes on Striga hermonthica infestation.","Midega, C. A. O., Salifu, D., Bruce, T. J., Pittchar, J., Pickett, J. A., & Khan, Z. R. (2014). Cumulative effects and economic benefits of intercropping maize with food legumes on Striga hermonthica infestation. Field Crops Research, 155, 144-152. doi:10.1016/j.fcr.2013.09.013","Plot","Experiment (research station)","Kenya","Africa","LMIC","Synthetic - below threshold","rainfed",51.07,1.5107,1.5107,"Non-legume yield only","NA","NA","NA","NA","NA",331.25745,4.3125745,"8.3388000000000009","NA","NA","0.28634900000000002","Win-Mix"
176,744,"Midega, C.A.O., Salifu, D., Bruce, T.J., Pittchar, J., Pickett, J.A., Khan, Z.R.,",2014,"Cumulative effects and economic benefits of intercropping maize with food legumes on Striga hermonthica infestation.","Midega, C. A. O., Salifu, D., Bruce, T. J., Pittchar, J., Pickett, J. A., & Khan, Z. R. (2014). Cumulative effects and economic benefits of intercropping maize with food legumes on Striga hermonthica infestation. Field Crops Research, 155, 144-152. doi:10.1016/j.fcr.2013.09.014","Plot","Experiment (research station)","Kenya","Africa","LMIC","Synthetic - below threshold","rainfed",42.45,1.4245,1.4245,"Non-legume yield only","NA","NA","NA","NA","NA",390.07205,4.9007205,"9.3405000000000005","NA","NA","0.46094099999999999","Win-Mix"
177,744,"Midega, C.A.O., Salifu, D., Bruce, T.J., Pittchar, J., Pickett, J.A., Khan, Z.R.,",2014,"Cumulative effects and economic benefits of intercropping maize with food legumes on Striga hermonthica infestation.","Midega, C. A. O., Salifu, D., Bruce, T. J., Pittchar, J., Pickett, J. A., & Khan, Z. R. (2014). Cumulative effects and economic benefits of intercropping maize with food legumes on Striga hermonthica infestation. Field Crops Research, 155, 144-152. doi:10.1016/j.fcr.2013.09.012","Plot","Experiment (research station)","Kenya","Africa","LMIC","Synthetic - below threshold","rainfed",39.79,1.3979,1.3979,"Non-legume yield only","NA","NA","NA","NA","NA",164.267741409708,2.64267741409708,"4.9719431349129959","NA","NA","0.31341169328115992","Win-Mix"
178,744,"Midega, C.A.O., Salifu, D., Bruce, T.J., Pittchar, J., Pickett, J.A., Khan, Z.R.,",2014,"Cumulative effects and economic benefits of intercropping maize with food legumes on Striga hermonthica infestation.","Midega, C. A. O., Salifu, D., Bruce, T. J., Pittchar, J., Pickett, J. A., & Khan, Z. R. (2014). Cumulative effects and economic benefits of intercropping maize with food legumes on Striga hermonthica infestation. Field Crops Research, 155, 144-152. doi:10.1016/j.fcr.2013.09.015","Plot","Experiment (research station)","Kenya","Africa","LMIC","Synthetic - below threshold","rainfed",41.78,1.4178,1.4178,"Non-legume yield only","NA","NA","NA","NA","NA",150.94934343229,2.5094934343229,"4.7826873459912154","NA","NA","0.23629952265459009","Win-Mix"
179,744,"Midega, C.A.O., Salifu, D., Bruce, T.J., Pittchar, J., Pickett, J.A., Khan, Z.R.,",2014,"Cumulative effects and economic benefits of intercropping maize with food legumes on Striga hermonthica infestation.","Midega, C. A. O., Salifu, D., Bruce, T. J., Pittchar, J., Pickett, J. A., & Khan, Z. R. (2014). Cumulative effects and economic benefits of intercropping maize with food legumes on Striga hermonthica infestation. Field Crops Research, 155, 144-152. doi:10.1016/j.fcr.2013.09.016","Plot","Experiment (research station)","Kenya","Africa","LMIC","Synthetic - below threshold","rainfed",38.97,1.3897,1.3897,"Non-legume yield only","NA","NA","NA","NA","NA",194.002626609844,2.94002626609844,"5.5347913623033156","NA","NA","0.34526116989355993","Win-Mix"
180,388,"Mishra M.M., Mohanty M., Gulati J.M.L., Nanda S.S.",2013,"Evaluation of various rice (Oryza sativa) based crop sequences for enhanced productivity, profitability and energy efficiency in eastern plateau and hills zone of India","Mishra, M. M., Mohanty, M., Gulati, J. M. L., & Nanda, S. S. (2013). Evaluation of various rice (Oryza sativa) based crop sequences for enhanced productivity, profitability and energy efficiency in eastern plateau and hills zone of India. Indian Journal of Agricultural Sciences, 83(12), 1279-1284.","Plot","Experiment (on farm)","India","Asia","LMIC","Synthetic - below threshold","rainfed",23.2420429311621,1.23242042931162,1.23242042931162,"Equivalent yield","NA","NA","NA","NA","NA",2.91792193788325,1.02917921937883,"1.2183809930288803","NA","0.83997744572878486",NA,"Win-Mix"
181,388,"Mishra M.M., Mohanty M., Gulati J.M.L., Nanda S.S.",2013,"Evaluation of various rice (Oryza sativa) based crop sequences for enhanced productivity, profitability and energy efficiency in eastern plateau and hills zone of India","Mishra, M. M., Mohanty, M., Gulati, J. M. L., & Nanda, S. S. (2013). Evaluation of various rice (Oryza sativa) based crop sequences for enhanced productivity, profitability and energy efficiency in eastern plateau and hills zone of India. Indian Journal of Agricultural Sciences, 83(12), 1279-1284.","Plot","Experiment (on farm)","India","Asia","LMIC","Synthetic - below threshold","rainfed",14.2857142857143,1.14285714285714,1.14285714285714,"Equivalent yield","NA","NA","NA","NA","NA",-9.69797884738899,0.90302021152611,"1.0130886328069426","NA","0.79295179024527773",NA,"Mix-Mix"
182,742,"Mohan, H.M., Chittapur, B.M., Hiremath, S.M",2013,"EVALUATION OF RICEBEAN AND FRENCHBEAN AS INTERCROPS WITH MAIZE UNDER DIFFERENT ROW PROPORTIONS IN THE PENINSULAR REGION","Mohan, H. M., Chittapur, B. M., & Hiremath, S. M. (2013). EVALUATION OF RICEBEAN AND FRENCHBEAN AS INTERCROPS WITH MAIZE UNDER DIFFERENT ROW PROPORTIONS IN THE PENINSULAR REGION. Legume Research, 36(4), 338-343.","Plot","Experiment (research station)","India","Asia","LMIC","Synthetic - below threshold","rainfed",34.3625498007968,1.34362549800797,1.34362549800797,"Equivalent yield","NA","NA","NA","NA","NA",26.0138287293466,1.26013828729347,"1.371451509312781","1.1488250652741514","NA","NA","Win-Win"
183,742,"Mohan, H.M., Chittapur, B.M., Hiremath, S.M",2013,"EVALUATION OF RICEBEAN AND FRENCHBEAN AS INTERCROPS WITH MAIZE UNDER DIFFERENT ROW PROPORTIONS IN THE PENINSULAR REGION","Mohan, H. M., Chittapur, B. M., & Hiremath, S. M. (2013). EVALUATION OF RICEBEAN AND FRENCHBEAN AS INTERCROPS WITH MAIZE UNDER DIFFERENT ROW PROPORTIONS IN THE PENINSULAR REGION. Legume Research, 36(4), 338-343.","Plot","Experiment (research station)","India","Asia","LMIC","Synthetic - below threshold","rainfed",68.1938911022576,1.68193891102258,1.68193891102258,"Equivalent yield","NA","NA","NA","NA","NA",51.7474271838962,1.51747427183896,"1.7503532434168272","1.2845953002610966","NA","NA","Win-Win"
184,742,"Mohan, H.M., Chittapur, B.M., Hiremath, S.M",2013,"EVALUATION OF RICEBEAN AND FRENCHBEAN AS INTERCROPS WITH MAIZE UNDER DIFFERENT ROW PROPORTIONS IN THE PENINSULAR REGION","Mohan, H. M., Chittapur, B. M., & Hiremath, S. M. (2013). EVALUATION OF RICEBEAN AND FRENCHBEAN AS INTERCROPS WITH MAIZE UNDER DIFFERENT ROW PROPORTIONS IN THE PENINSULAR REGION. Legume Research, 36(4), 338-343.","Plot","Experiment (research station)","India","Asia","LMIC","Synthetic - below threshold","rainfed",34.7830898627711,1.34783089862771,1.34783089862771,"Equivalent yield","NA","NA","NA","NA","NA",21.8080939947781,1.21808093994778,"1.35","1.0861618798955615","NA","NA","Win-Win"
185,390,"Montgomery S., Guppy C., Martin R., Wright G., Flavel R., Phan S., Im S., Tighe M.",2017,"Productivity and profitability of upland crop rotations in Northwest Cambodia","Montgomery, S., Guppy, C., Martin, R., Wright, G., Flavel, R., Phan, S., . . . Tighe, M. (2017). Productivity and profitability of upland crop rotations in Northwest Cambodia. Field Crops Research, 203, 150-162. doi:10.1016/j.fcr.2016.12.010","Plot","Experiment (on farm)","Cambodia","Asia","LMIC","Synthetic - below threshold","rainfed",-16.9381107491857,0.830618892508143,0.830618892508143,"Cumulative grain yield","NA","NA","NA","NA","NA",-6.42407626643404,0.93575923733566,"0.93575923733565958","NA","NA",NA,"Lose-Lose"
186,396,"Mudita I.I., Chiduza C., Richardson-Kageler S., Murungu F.S.",2008,"Evaluation of different strategies of intercropping maize (Zea mays L.) and soya bean (Glycine max (L.) Merrill) under small-holder production in sub-humid Zimbabwe","Mudita, I. I., Chiduza, C., Richardson, S., & Murungu, F. S. (2008). Evaluation of Different Strategies of Intercropping Maize (Zea mays L.) and Soya Bean (Glycine max (L.) Merrill) Under Small-Holder Production in Sub-Humid Zimbabwe. Journal of Agronomy, 7(3), 237-243. doi:10.3923/ja.2008.237.243","Plot","Experiment (on farm)","Zimbabwe","Africa","LMIC","Synthetic - below threshold","rainfed",-12.825705,0.87174295,0.87174295,"Cumulative grain yield","NA","NA","NA","NA","NA",-6.0324854,0.939675146,"0.93967514600000002","NA","NA",NA,"Lose-Mix"
187,396,"Mudita I.I., Chiduza C., Richardson-Kageler S., Murungu F.S.",2008,"Evaluation of different strategies of intercropping maize (Zea mays L.) and soya bean (Glycine max (L.) Merrill) under small-holder production in sub-humid Zimbabwe","Mudita, I. I., Chiduza, C., Richardson, S., & Murungu, F. S. (2008). Evaluation of Different Strategies of Intercropping Maize (Zea mays L.) and Soya Bean (Glycine max (L.) Merrill) Under Small-Holder Production in Sub-Humid Zimbabwe. Journal of Agronomy, 7(3), 237-243. doi:10.3923/ja.2008.237.243","Plot","Experiment (on farm)","Zimbabwe","Africa","LMIC","Synthetic - below threshold","rainfed",-16.106386,0.83893614,0.83893614,"Cumulative grain yield","NA","NA","NA","NA","NA",-8.0343949,0.919656051,"0.91965605100000003","NA","NA",NA,"Lose-Mix"
188,396,"Mudita I.I., Chiduza C., Richardson-Kageler S., Murungu F.S.",2008,"Evaluation of different strategies of intercropping maize (Zea mays L.) and soya bean (Glycine max (L.) Merrill) under small-holder production in sub-humid Zimbabwe","Mudita, I. I., Chiduza, C., Richardson, S., & Murungu, F. S. (2008). Evaluation of Different Strategies of Intercropping Maize (Zea mays L.) and Soya Bean (Glycine max (L.) Merrill) Under Small-Holder Production in Sub-Humid Zimbabwe. Journal of Agronomy, 7(3), 237-243. doi:10.3923/ja.2008.237.243","Plot","Experiment (on farm)","Zimbabwe","Africa","LMIC","Synthetic - below threshold","rainfed",-2.99266500000001,0.97007335,0.97007335,"Cumulative grain yield","NA","NA","NA","NA","NA",8.9019701,1.089019701,"1.089019701","NA","NA",NA,"Lose-Win"
189,741,"Muoneke, C.O., Ogwuche, M.A.O., Kalu, B.A., 2007. .",2007,"Effect of maize planting density on the performance of maize/soybean intercropping system in a guinea savannah agroecosystem","Muoneke, C. O., Ogwuche, M. A. O., & Kalu, B. A. (2007). Effect of maize planting density on the performance of maize/soybean intercropping system in a guinea savannah agroecosystem. African Journal of Agricultural Research, 2(12), 667-677.","Plot","Experiment (research station)","Nigeria","Africa","LMIC","Synthetic - below threshold","rainfed",12.0046348748584,1.12004634874858,1.12004634874858,"Cumulative grain yield","NA","NA","NA","NA","NA",31.3412450415189,1.31341245041519,"1.3134124504151887","NA","NA","NA","Win-Win"
191,406,"Naab J.B., Mahama G.Y., Yahaya I., Prasad P.V.V.",2017,"Conservation agriculture improves soil quality, crop yield, and incomes of smallholder farmers in north western Ghana","Naab, J. B., Mahama, G. Y., Yahaya, I., & Prasad, P. V. V. (2017). Conservation Agriculture Improves Soil Quality, Crop Yield, and Incomes of Smallholder Farmers in North Western Ghana. Front Plant Sci, 8, 996. doi:10.3389/fpls.2017.00996","Farm","Experiment (on farm)","Ghana","Africa","LMIC","Synthetic - below threshold","rainfed",20.0178871925257,1.20017887192526,1.20017887192526,"Non-legume yield only","NA","NA","NA","NA","NA",56.4984489273429,1.56498448927343,"2.4197830063398222","NA","NA","0.71018597220703583","Win-Mix"
192,737,"Nageswara Rao N, Meinke H, Craufurd PQ, et al.",2015,"Strategic double cropping on Vertisols: A viable rainfed cropping option in the Indian SAT to increase productivity and reduce risk","Nageswara Rao, V., Meinke, H., Craufurd, P. Q., Parsons, D., Kropff, M. J., Anten, N. P. R., . . . Rego, T. J. (2015). Strategic double cropping on Vertisols: A viable rainfed cropping option in the Indian SAT to increase productivity and reduce risk. European Journal of Agronomy, 62, 26-37. doi:10.1016/j.eja.2014.09.003","Plot","Experiment (research station)","India","Asia","LMIC","Synthetic - below threshold","rainfed",38.6354656563852,1.38635465656385,1.38635465656385,"Cumulative grain yield","NA","NA","NA","NA","NA",404.951187140019,5.04951187140019,"5.0495118714001874","NA","NA","NA","Win-Win"
193,737,"Nageswara Rao N, Meinke H, Craufurd PQ, et al.",2015,"Strategic double cropping on Vertisols: A viable rainfed cropping option in the Indian SAT to increase productivity and reduce risk","Nageswara Rao, V., Meinke, H., Craufurd, P. Q., Parsons, D., Kropff, M. J., Anten, N. P. R., . . . Rego, T. J. (2015). Strategic double cropping on Vertisols: A viable rainfed cropping option in the Indian SAT to increase productivity and reduce risk. European Journal of Agronomy, 62, 26-37. doi:10.1016/j.eja.2014.09.004","Plot","Experiment (research station)","India","Asia","LMIC","Synthetic - below threshold","rainfed",119.219167012942,2.19219167012942,2.19219167012942,"Cumulative grain yield","NA","NA","NA","NA","NA",419.923558141984,5.19923558141984,"5.1992355814198428","NA","NA","NA","Win-Win"
194,407,"Nageswara Rao V., Meinke H., Craufurd P.Q., Parsons D., Kropff M.J., Anten N.P.R., Wani S.P., Rego T.J.",2015,"Strategic double cropping on Vertisols: A viable rainfed cropping option in the Indian SAT to increase productivity and reduce risk","Nageswara Rao, V., Meinke, H., Craufurd, P. Q., Parsons, D., Kropff, M. J., Anten, N. P. R., . . . Rego, T. J. (2015). Strategic double cropping on Vertisols: A viable rainfed cropping option in the Indian SAT to increase productivity and reduce risk. European Journal of Agronomy, 62, 26-37. doi:10.1016/j.eja.2014.09.003","Plot","Experiment (research station)","India","Asia","LMIC","Synthetic - below threshold","rainfed",47.7555841924399,1.4775558419244,1.4775558419244,"Cumulative grain yield","NA","NA","NA","NA","NA",149.952108502976,2.49952108502976,"2.4995210850297562","Positive","NA","NA","Win-Win"
195,407,"Nageswara Rao V., Meinke H., Craufurd P.Q., Parsons D., Kropff M.J., Anten N.P.R., Wani S.P., Rego T.J.",2015,"Strategic double cropping on Vertisols: A viable rainfed cropping option in the Indian SAT to increase productivity and reduce risk","Nageswara Rao, V., Meinke, H., Craufurd, P. Q., Parsons, D., Kropff, M. J., Anten, N. P. R., . . . Rego, T. J. (2015). Strategic double cropping on Vertisols: A viable rainfed cropping option in the Indian SAT to increase productivity and reduce risk. European Journal of Agronomy, 62, 26-37. doi:10.1016/j.eja.2014.09.003","Plot","Experiment (research station)","India","Asia","LMIC","Synthetic - below threshold","rainfed",-8.92396907216495,0.91076030927835,0.91076030927835,"Cumulative grain yield","NA","NA","NA","NA","NA",37.1186240453628,1.37118624045363,"1.3711862404536284","Negative","NA","NA","Mix-Mix"
196,407,"Nageswara Rao V., Meinke H., Craufurd P.Q., Parsons D., Kropff M.J., Anten N.P.R., Wani S.P., Rego T.J.",2015,"Strategic double cropping on Vertisols: A viable rainfed cropping option in the Indian SAT to increase productivity and reduce risk","Nageswara Rao, V., Meinke, H., Craufurd, P. Q., Parsons, D., Kropff, M. J., Anten, N. P. R., . . . Rego, T. J. (2015). Strategic double cropping on Vertisols: A viable rainfed cropping option in the Indian SAT to increase productivity and reduce risk. European Journal of Agronomy, 62, 26-37. doi:10.1016/j.eja.2014.09.003","Plot","Experiment (research station)","India","Asia","LMIC","Synthetic - below threshold","rainfed",120.640034364261,2.20640034364261,2.20640034364261,"Cumulative grain yield","NA","NA","NA","NA","NA",122.44961814513,2.2244961814513,"2.2244961814513036","Positive","NA","NA","Win-Win"
198,410,"Naresh R.K., Singh S.P., Kumar P., Singh B., Singh P.K., Chauhan P., Rathore R.S.",2014,"Sustainability of maize (Zea mays)-wheat (Triticum aestivum) cropping system under legumes intercropping and effect of nitrogen level on light distribution, soil temperature and crop productivity","Naresh, R. K., Singh, S. P., Kumar, P., Singh, B., Singh, P. K., Chauhan, P., & Rathore, R. S. (2014). Sustainability of maize (Zea mays)-wheat (Triticum aestivum) cropping system under legumes intercropping and effect of nitrogen level on light distribution, soil temperature and crop productivity. Indian Journal of Agricultural Sciences, 84(6), 695-701.","Field","Experiment (research station)","India","Asia","LMIC","Synthetic - below threshold","irrigation",9.4459761,1.094459761,1.094459761,"Cumulative grain yield","NA","NA","NA","NA","NA",3.90625,1.0390625,"1.0390625","NA","NA","NA","Mix-Win"
199,410,"Naresh R.K., Singh S.P., Kumar P., Singh B., Singh P.K., Chauhan P., Rathore R.S.",2014,"Sustainability of maize (Zea mays)-wheat (Triticum aestivum) cropping system under legumes intercropping and effect of nitrogen level on light distribution, soil temperature and crop productivity","Naresh, R. K., Singh, S. P., Kumar, P., Singh, B., Singh, P. K., Chauhan, P., & Rathore, R. S. (2014). Sustainability of maize (Zea mays)-wheat (Triticum aestivum) cropping system under legumes intercropping and effect of nitrogen level on light distribution, soil temperature and crop productivity. Indian Journal of Agricultural Sciences, 84(6), 695-701.","Field","Experiment (research station)","India","Asia","LMIC","Synthetic - below threshold","irrigation",10.7785217,1.107785217,1.107785217,"Cumulative grain yield","NA","NA","NA","NA","NA",4.6875,1.046875,"1.046875","NA","NA","NA","Mix-Win"
200,410,"Naresh R.K., Singh S.P., Kumar P., Singh B., Singh P.K., Chauhan P., Rathore R.S.",2014,"Sustainability of maize (Zea mays)-wheat (Triticum aestivum) cropping system under legumes intercropping and effect of nitrogen level on light distribution, soil temperature and crop productivity","Naresh, R. K., Singh, S. P., Kumar, P., Singh, B., Singh, P. K., Chauhan, P., & Rathore, R. S. (2014). Sustainability of maize (Zea mays)-wheat (Triticum aestivum) cropping system under legumes intercropping and effect of nitrogen level on light distribution, soil temperature and crop productivity. Indian Journal of Agricultural Sciences, 84(6), 695-701.","Field","Experiment (research station)","India","Asia","LMIC","Synthetic - below threshold","irrigation",3.5972168,1.035972168,1.035972168,"Cumulative grain yield","NA","NA","NA","NA","NA",3.125,1.03125,"1.03125","NA","NA","NA","Mix-Win"
201,412,"Narkhede W.N., Deshmukh M.S., Bhale V.M., Gill M.S., Gadade G.D., More S.S.",2011,"Diversification of cropping systems under assured irrigated conditions in central plateau zone of Maharashtra","Narkhede, W. N., Deshmukh, M. S., Bhale, V. M., Gill, M. S., Gadade, G. D., & More, S. S. (2011). Diversification of cropping systems under assured irrigated conditions in central plateau zone of Maharashtra. Indian Journal of Agronomy, 56(2), 104-108.","Plot","Experiment (research station)","India","Asia","LMIC","Synthetic - below threshold","irrigation",16,1.16,1.16,"Equivalent yield","NA","NA","NA","NA","NA",11.2920111215234,1.11292011121523,"1.0161023947151115","NA","NA","1.2097378277153559","Win-Mix"
203,418,"Nel A.A., Purchase J.L., Barnard A.",2003,"Productivity and stability of grain yield in wheat and maize as affected by rotational cropping systems in the eastern Free State","Nel, A. A., Purchase, J. L., & Barnard, A. (2013). Productivity and stability of grain yield in wheat and maize as affected by rotational cropping systems in the eastern Free State. South African Journal of Plant and Soil, 20(2), 81-86. doi:10.1080/02571862.2003.10634913","Field","Experiment (on farm)","South Africa","Africa","UMIC","Synthetic - below threshold","rainfed",97.9698073919833,1.97969807391983,1.97969807391983,"Cumulative grain yield","NA","NA","NA","NA","NA",5.12820512820513,1.05128205128205,"NA","1.0512820512820513","NA","NA","Win-Win"
204,418,"Nel A.A., Purchase J.L., Barnard A.",2003,"Productivity and stability of grain yield in wheat and maize as affected by rotational cropping systems in the eastern Free State","Nel, A. A., Purchase, J. L., & Barnard, A. (2013). Productivity and stability of grain yield in wheat and maize as affected by rotational cropping systems in the eastern Free State. South African Journal of Plant and Soil, 20(2), 81-86. doi:10.1080/02571862.2003.10634913","Field","Experiment (on farm)","South Africa","Africa","UMIC","Synthetic - below threshold","rainfed",51.8638824439289,1.51863882443929,1.51863882443929,"Cumulative grain yield","NA","NA","NA","NA","NA",-10.2564102564103,0.897435897435897,"NA","0.89743589743589747","NA","NA","Mix-Mix"
205,418,"Nel A.A., Purchase J.L., Barnard A.",2003,"Productivity and stability of grain yield in wheat and maize as affected by rotational cropping systems in the eastern Free State","Nel, A. A., Purchase, J. L., & Barnard, A. (2013). Productivity and stability of grain yield in wheat and maize as affected by rotational cropping systems in the eastern Free State. South African Journal of Plant and Soil, 20(2), 81-86. doi:10.1080/02571862.2003.10634913","Field","Experiment (on farm)","South Africa","Africa","UMIC","Synthetic - below threshold","rainfed",57.2843309859155,1.57284330985915,1.57284330985915,"Cumulative grain yield","NA","NA","NA","NA","NA",10.8695652173913,1.10869565217391,"NA","1.1086956521739131","NA","NA","Win-Win"
206,423,"Ngwira A.R., Aune J.B., Mkwinda S.",2012,"On-farm evaluation of yield and economic benefit of short term maize legume intercropping systems under conservation agriculture in Malawi","Ngwira, A. R., Aune, J. B., & Mkwinda, S. (2012). On-farm evaluation of yield and economic benefit of short term maize legume intercropping systems under conservation agriculture in Malawi. Field Crops Research, 132, 149-157. doi:10.1016/j.fcr.2011.12.014","Plot","Experiment (on farm)","Malawi","Africa","LIC","Synthetic - below threshold","rainfed",-2.87403179779862,0.971259682022014,0.971259682022014,"Cumulative grain yield","NA","NA","NA","NA","NA",-2.16716420417092,0.978328357958291,"1.1184433164128595","NA","Positive","0.83821339950372198","Mix-Mix"
207,423,"Ngwira A.R., Aune J.B., Mkwinda S.",2012,"On-farm evaluation of yield and economic benefit of short term maize legume intercropping systems under conservation agriculture in Malawi","Ngwira, A. R., Aune, J. B., & Mkwinda, S. (2012). On-farm evaluation of yield and economic benefit of short term maize legume intercropping systems under conservation agriculture in Malawi. Field Crops Research, 132, 149-157. doi:10.1016/j.fcr.2011.12.015","Plot","Experiment (on farm)","Malawi","Africa","LIC","Synthetic - below threshold","rainfed",-3.91585086440325,0.960841491355968,0.960841491355968,"Cumulative grain yield","NA","NA","NA","NA","NA",-2.16716420417092,0.978328357958291,"1.1184433164128595","NA","Positive","0.83821339950372198","Mix-Mix"
208,421,"Ngwira A.R., Kabambe V., Simwaka P., Makoko K., Kamoyo K.",2020,"Productivity and profitability of maize-legume cropping systems under conservation agriculture among smallholder farmers in Malawi","Ngwira, A. R., Kabambe, V., Simwaka, P., Makoko, K., & Kamoyo, K. (2020). Productivity and profitability of maize-legume cropping systems under conservation agriculture among smallholder farmers in Malawi. Acta Agriculturae Scandinavica, Section B — Soil & Plant Science, 70(3), 241-251. doi:10.1080/09064710.2020.1712470","Plot","Experiment (on farm)","Malawi","Africa","LIC","Synthetic - below threshold","rainfed",37.05419,1.3705419,1.3705419,"Cumulative grain yield","NA","NA","NA","NA","NA",69.7986577,1.697986577,"1.697986577","NA","NA","NA","Win-Mix"
209,421,"Ngwira A.R., Kabambe V., Simwaka P., Makoko K., Kamoyo K.",2020,"Productivity and profitability of maize-legume cropping systems under conservation agriculture among smallholder farmers in Malawi","Ngwira, A. R., Kabambe, V., Simwaka, P., Makoko, K., & Kamoyo, K. (2020). Productivity and profitability of maize-legume cropping systems under conservation agriculture among smallholder farmers in Malawi. Acta Agriculturae Scandinavica, Section B — Soil & Plant Science, 70(3), 241-251. doi:10.1080/09064710.2020.1712471","Plot","Experiment (on farm)","Malawi","Africa","LIC","Synthetic - below threshold","rainfed",38.612361,1.38612361,1.38612361,"Cumulative grain yield","NA","NA","NA","NA","NA",-14.7651007,0.852348993,"0.852348993","NA","NA","NA","Win-Lose"
210,421,"Ngwira A.R., Kabambe V., Simwaka P., Makoko K., Kamoyo K.",2020,"Productivity and profitability of maize-legume cropping systems under conservation agriculture among smallholder farmers in Malawi","Ngwira, A. R., Kabambe, V., Simwaka, P., Makoko, K., & Kamoyo, K. (2020). Productivity and profitability of maize-legume cropping systems under conservation agriculture among smallholder farmers in Malawi. Acta Agriculturae Scandinavica, Section B — Soil & Plant Science, 70(3), 241-251. doi:10.1080/09064710.2020.1712472","Plot","Experiment (on farm)","Malawi","Africa","LIC","Synthetic - below threshold","rainfed",4.201681,1.04201681,1.04201681,"Cumulative grain yield","NA","NA","NA","NA","NA",-20.2247191,0.797752809,"0.79775280900000001","NA","NA","NA","Win-Mix"
211,421,"Ngwira A.R., Kabambe V., Simwaka P., Makoko K., Kamoyo K.",2020,"Productivity and profitability of maize-legume cropping systems under conservation agriculture among smallholder farmers in Malawi","Ngwira, A. R., Kabambe, V., Simwaka, P., Makoko, K., & Kamoyo, K. (2020). Productivity and profitability of maize-legume cropping systems under conservation agriculture among smallholder farmers in Malawi. Acta Agriculturae Scandinavica, Section B — Soil & Plant Science, 70(3), 241-251. doi:10.1080/09064710.2020.1712473","Plot","Experiment (on farm)","Malawi","Africa","LIC","Synthetic - below threshold","rainfed",75.969424,1.75969424,1.75969424,"Cumulative grain yield","NA","NA","NA","NA","NA",26.1235955,1.261235955,"1.2612359550000001","NA","NA","NA","Win-Win"
212,421,"Ngwira A.R., Kabambe V., Simwaka P., Makoko K., Kamoyo K.",2020,"Productivity and profitability of maize-legume cropping systems under conservation agriculture among smallholder farmers in Malawi","Ngwira, A. R., Kabambe, V., Simwaka, P., Makoko, K., & Kamoyo, K. (2020). Productivity and profitability of maize-legume cropping systems under conservation agriculture among smallholder farmers in Malawi. Acta Agriculturae Scandinavica, Section B — Soil & Plant Science, 70(3), 241-251. doi:10.1080/09064710.2020.1712474","Plot","Experiment (on farm)","Malawi","Africa","LIC","Synthetic - below threshold","rainfed",13.392541,1.13392541,1.13392541,"Cumulative grain yield","NA","NA","NA","NA","NA",7.17821780000001,1.071782178,"1.0717821780000001","NA","NA","NA","Win-Win"
213,421,"Ngwira A.R., Kabambe V., Simwaka P., Makoko K., Kamoyo K.",2020,"Productivity and profitability of maize-legume cropping systems under conservation agriculture among smallholder farmers in Malawi","Ngwira, A. R., Kabambe, V., Simwaka, P., Makoko, K., & Kamoyo, K. (2020). Productivity and profitability of maize-legume cropping systems under conservation agriculture among smallholder farmers in Malawi. Acta Agriculturae Scandinavica, Section B — Soil & Plant Science, 70(3), 241-251. doi:10.1080/09064710.2020.1712475","Plot","Experiment (on farm)","Malawi","Africa","LIC","Synthetic - below threshold","rainfed",33.982025,1.33982025,1.33982025,"Cumulative grain yield","NA","NA","NA","NA","NA",-5.9405941,0.940594059,"0.94059405900000004","NA","NA","NA","Win-Lose"
214,422,"Ngwira A.R., Thierfelder C., Lambert D.M.",2013,"Conservation agriculture systems for Malawian smallholder farmers: Long-term effects on crop productivity, profitability and soil quality","Ngwira, A. R., Thierfelder, C., & Lambert, D. M. (2012). Conservation agriculture systems for Malawian smallholder farmers: long-term effects on crop productivity, profitability and soil quality. Renewable Agriculture and Food Systems, 28(4), 350-363. doi:10.1017/s1742170512000257","Field","Experiment (on farm)","Malawi","Africa","LIC","Synthetic - below threshold","rainfed",4.7991565368982,1.04799156536898,1.04799156536898,"Cumulative grain yield","NA","NA","NA","NA","NA",-4.8324312503417,0.951675687496583,"1.1414466130884042","NA","NA","0.76190476190476186","Mix-Mix"
215,422,"Ngwira A.R., Thierfelder C., Lambert D.M.",2013,"Conservation agriculture systems for Malawian smallholder farmers: Long-term effects on crop productivity, profitability and soil quality","Ngwira, A. R., Thierfelder, C., & Lambert, D. M. (2012). Conservation agriculture systems for Malawian smallholder farmers: long-term effects on crop productivity, profitability and soil quality. Renewable Agriculture and Food Systems, 28(4), 350-363. doi:10.1017/s1742170512000257","Field","Experiment (on farm)","Malawi","Africa","LIC","Synthetic - below threshold","rainfed",11.5906432748538,1.11590643274854,1.11590643274854,"Cumulative grain yield","NA","NA","NA","NA","NA",-15.3803647576997,0.846196352423003,"0.93048794294124304","NA","NA","0.76190476190476186","Mix-Lose"
216,425,"Nielsen D.C., Vigil M.F.",2017,"Intensifying a semi-arid dryland crop rotation by replacing fallow with pea","Nielsen, D. C., & Vigil, M. F. (2017). Intensifying a semi-arid dryland crop rotation by replacing fallow with pea. Agricultural Water Management, 186, 127-138. doi:10.1016/j.agwat.2017.03.003","Plot","Experiment (on farm)","USA","North America","HIC","Synthetic - below threshold","rainfed",-5.31627576403696,0.94683724235963,0.94683724235963,"Cumulative grain yield","NA","NA","NA","NA","NA",-31.6666666666667,0.683333333333333,"0.68333333333333335","Negative","NA","NA","Mix-Lose"
217,428,"Novotny I.P., Tittonell P., Fuentes-Ponce M.H., López-Ridaura S., Rossing W.A.H.",2021,"The importance of the traditional milpa in food security and nutritional self-sufficiency in the highlands of Oaxaca, Mexico","Novotny, I. P., Tittonell, P., Fuentes-Ponce, M. H., Lopez-Ridaura, S., & Rossing, W. A. H. (2021). The importance of the traditional milpa in food security and nutritional self-sufficiency in the highlands of Oaxaca, Mexico. PLoS ONE, 16(2), e0246281. doi:10.1371/journal.pone.0246281","Household","Recall - Survey (Household survey, population censuses, agricultural censuses, and production survey)","Mexico","Central America","UMIC","Unknown","rainfed",20,1.2,1.2,"other","NA","NA","NA","NA","NA",-33.86454,0.6613546,"NA","NA","NA","0.66135460000000001","Win-Mix"
218,428,"Novotny I.P., Tittonell P., Fuentes-Ponce M.H., López-Ridaura S., Rossing W.A.H.",2021,"The importance of the traditional milpa in food security and nutritional self-sufficiency in the highlands of Oaxaca, Mexico","Novotny, I. P., Tittonell, P., Fuentes-Ponce, M. H., Lopez-Ridaura, S., & Rossing, W. A. H. (2021). The importance of the traditional milpa in food security and nutritional self-sufficiency in the highlands of Oaxaca, Mexico. PLoS ONE, 16(2), e0246281. doi:10.1371/journal.pone.0246281","Household","Recall - Survey (Household survey, population censuses, agricultural censuses, and production survey)","Mexico","Central America","UMIC","Unknown","rainfed",35.714286,1.35714286,1.35714286,"other","NA","NA","NA","NA","NA",-10,0.9,"NA","NA","NA","0.9","Win-Mix"
219,432,"Nwofia G.E., Jiwuba F., Okpara D.A., Mbah E.U.",2017,"Yield and Productivity of Eggplant Genotypes Intercropped with Vegetable Cowpea in the Humid Tropics","Nwofia, G. E., Jiwuba, F., Okpara, D. A., & Mbah, E. U. (2017). Yield and Productivity of Eggplant Genotypes Intercropped with Vegetable Cowpea in the Humid Tropics. International Journal of Vegetable Science, 23(5), 400-410. doi:10.1080/19315260.2017.1310779","Plot","Experiment (research station)","Nigeria","Africa","LMIC","No synthetic","rainfed",0,1,1,"other","NA","NA","NA","NA","NA",32.5051444530329,1.32505144453033,"1.9014933378830339","NA","0.7486095511776234","NA","Mix-Mix"
220,435,"Ojiem J.O., Franke A.C., Vanlauwe B., de Ridder N., Giller K.E.",2014,"Benefits of legume-maize rotations: Assessing the impact of diversity on the productivity of smallholders in Western Kenya","Ojiem, J. O., Franke, A. C., Vanlauwe, B., de Ridder, N., & Giller, K. E. (2014). Benefits of legume–maize rotations: Assessing the impact of diversity on the productivity of smallholders in Western Kenya. Field Crops Research, 168, 75-85. doi:10.1016/j.fcr.2014.08.004","Plot","Experiment (on farm)","Kenya","Africa","LMIC","Synthetic - below threshold","rainfed",6.21061999999999,1.0621062,1.0621062,"Cumulative grain yield","NA","NA","NA","NA","NA",3.344507,1.03344507,"1.39285714","NA","NA","0.67403299999999999","Win-Mix"
221,435,"Ojiem J.O., Franke A.C., Vanlauwe B., de Ridder N., Giller K.E.",2014,"Benefits of legume-maize rotations: Assessing the impact of diversity on the productivity of smallholders in Western Kenya","Ojiem, J. O., Franke, A. C., Vanlauwe, B., de Ridder, N., & Giller, K. E. (2014). Benefits of legume–maize rotations: Assessing the impact of diversity on the productivity of smallholders in Western Kenya. Field Crops Research, 168, 75-85. doi:10.1016/j.fcr.2014.08.005","Plot","Experiment (on farm)","Kenya","Africa","LMIC","Synthetic - below threshold","rainfed",22.9523,1.229523,1.229523,"Cumulative grain yield","NA","NA","NA","NA","NA",13.5359,1.135359,"1.5","NA","NA","0.77071800000000001","Win-Mix"
222,435,"Ojiem J.O., Franke A.C., Vanlauwe B., de Ridder N., Giller K.E.",2014,"Benefits of legume-maize rotations: Assessing the impact of diversity on the productivity of smallholders in Western Kenya","Ojiem, J. O., Franke, A. C., Vanlauwe, B., de Ridder, N., & Giller, K. E. (2014). Benefits of legume–maize rotations: Assessing the impact of diversity on the productivity of smallholders in Western Kenya. Field Crops Research, 168, 75-85. doi:10.1016/j.fcr.2014.08.006","Plot","Experiment (on farm)","Kenya","Africa","LMIC","Synthetic - below threshold","rainfed",13.14131,1.1314131,1.1314131,"Cumulative grain yield","NA","NA","NA","NA","NA",-5.0093715,0.949906285,"1.2589285699999999","NA","NA","0.64088400000000001","Win-Mix"
223,435,"Ojiem J.O., Franke A.C., Vanlauwe B., de Ridder N., Giller K.E.",2014,"Benefits of legume-maize rotations: Assessing the impact of diversity on the productivity of smallholders in Western Kenya","Ojiem, J. O., Franke, A. C., Vanlauwe, B., de Ridder, N., & Giller, K. E. (2014). Benefits of legume–maize rotations: Assessing the impact of diversity on the productivity of smallholders in Western Kenya. Field Crops Research, 168, 75-85. doi:10.1016/j.fcr.2014.08.007","Plot","Experiment (on farm)","Kenya","Africa","LMIC","Synthetic - below threshold","rainfed",-19.26193,0.8073807,0.8073807,"Cumulative grain yield","NA","NA","NA","NA","NA",-8.41556450000001,0.915844355,"0.96428570999999996","NA","NA","0.86740300000000004","Lose-Lose"
224,435,"Ojiem J.O., Franke A.C., Vanlauwe B., de Ridder N., Giller K.E.",2014,"Benefits of legume-maize rotations: Assessing the impact of diversity on the productivity of smallholders in Western Kenya","Ojiem, J. O., Franke, A. C., Vanlauwe, B., de Ridder, N., & Giller, K. E. (2014). Benefits of legume–maize rotations: Assessing the impact of diversity on the productivity of smallholders in Western Kenya. Field Crops Research, 168, 75-85. doi:10.1016/j.fcr.2014.08.008","Plot","Experiment (on farm)","Kenya","Africa","LMIC","Synthetic - below threshold","rainfed",1.62016,1.0162016,1.0162016,"Cumulative grain yield","NA","NA","NA","NA","NA",-5.90470000000001,0.940953,"1.125","NA","NA","0.75690599999999997","Win-Mix"
225,435,"Ojiem J.O., Franke A.C., Vanlauwe B., de Ridder N., Giller K.E.",2014,"Benefits of legume-maize rotations: Assessing the impact of diversity on the productivity of smallholders in Western Kenya","Ojiem, J. O., Franke, A. C., Vanlauwe, B., de Ridder, N., & Giller, K. E. (2014). Benefits of legume–maize rotations: Assessing the impact of diversity on the productivity of smallholders in Western Kenya. Field Crops Research, 168, 75-85. doi:10.1016/j.fcr.2014.08.009","Plot","Experiment (on farm)","Kenya","Africa","LMIC","Synthetic - below threshold","rainfed",27.18272,1.2718272,1.2718272,"Cumulative grain yield","NA","NA","NA","NA","NA",19.2827785,1.192827785,"1.4464285699999999","NA","NA","0.93922700000000003","Win-Mix"
226,435,"Ojiem J.O., Franke A.C., Vanlauwe B., de Ridder N., Giller K.E.",2014,"Benefits of legume-maize rotations: Assessing the impact of diversity on the productivity of smallholders in Western Kenya","Ojiem, J. O., Franke, A. C., Vanlauwe, B., de Ridder, N., & Giller, K. E. (2014). Benefits of legume–maize rotations: Assessing the impact of diversity on the productivity of smallholders in Western Kenya. Field Crops Research, 168, 75-85. doi:10.1016/j.fcr.2014.08.010","Plot","Experiment (on farm)","Kenya","Africa","LMIC","Synthetic - below threshold","rainfed",12.39872,1.1239872,1.1239872,"Cumulative grain yield","NA","NA","NA","NA","NA",19.5795125,1.195795125,"1.71755725","NA","NA","0.67403299999999999","Win-Mix"
227,435,"Ojiem J.O., Franke A.C., Vanlauwe B., de Ridder N., Giller K.E.",2014,"Benefits of legume-maize rotations: Assessing the impact of diversity on the productivity of smallholders in Western Kenya","Ojiem, J. O., Franke, A. C., Vanlauwe, B., de Ridder, N., & Giller, K. E. (2014). Benefits of legume–maize rotations: Assessing the impact of diversity on the productivity of smallholders in Western Kenya. Field Crops Research, 168, 75-85. doi:10.1016/j.fcr.2014.08.011","Plot","Experiment (on farm)","Kenya","Africa","LMIC","Synthetic - below threshold","rainfed",26.31967,1.2631967,1.2631967,"Cumulative grain yield","NA","NA","NA","NA","NA",27.848877,1.27848877,"1.7862595400000001","NA","NA","0.77071800000000001","Win-Mix"
228,435,"Ojiem J.O., Franke A.C., Vanlauwe B., de Ridder N., Giller K.E.",2014,"Benefits of legume-maize rotations: Assessing the impact of diversity on the productivity of smallholders in Western Kenya","Ojiem, J. O., Franke, A. C., Vanlauwe, B., de Ridder, N., & Giller, K. E. (2014). Benefits of legume–maize rotations: Assessing the impact of diversity on the productivity of smallholders in Western Kenya. Field Crops Research, 168, 75-85. doi:10.1016/j.fcr.2014.08.012","Plot","Experiment (on farm)","Kenya","Africa","LMIC","Synthetic - below threshold","rainfed",30.07611,1.3007611,1.3007611,"Cumulative grain yield","NA","NA","NA","NA","NA",23.6472535,1.236472535,"1.83206107","NA","NA","0.64088400000000001","Win-Mix"
229,435,"Ojiem J.O., Franke A.C., Vanlauwe B., de Ridder N., Giller K.E.",2014,"Benefits of legume-maize rotations: Assessing the impact of diversity on the productivity of smallholders in Western Kenya","Ojiem, J. O., Franke, A. C., Vanlauwe, B., de Ridder, N., & Giller, K. E. (2014). Benefits of legume–maize rotations: Assessing the impact of diversity on the productivity of smallholders in Western Kenya. Field Crops Research, 168, 75-85. doi:10.1016/j.fcr.2014.08.013","Plot","Experiment (on farm)","Kenya","Africa","LMIC","Synthetic - below threshold","rainfed",-17.8738,0.821262,0.821262,"Cumulative grain yield","NA","NA","NA","NA","NA",-6.24817049999999,0.937518295,"1.00763359","NA","NA","0.86740300000000004","Lose-Mix"
230,435,"Ojiem J.O., Franke A.C., Vanlauwe B., de Ridder N., Giller K.E.",2014,"Benefits of legume-maize rotations: Assessing the impact of diversity on the productivity of smallholders in Western Kenya","Ojiem, J. O., Franke, A. C., Vanlauwe, B., de Ridder, N., & Giller, K. E. (2014). Benefits of legume–maize rotations: Assessing the impact of diversity on the productivity of smallholders in Western Kenya. Field Crops Research, 168, 75-85. doi:10.1016/j.fcr.2014.08.014","Plot","Experiment (on farm)","Kenya","Africa","LMIC","Synthetic - below threshold","rainfed",5.76970000000001,1.057697,1.057697,"Cumulative grain yield","NA","NA","NA","NA","NA",-3.75775350000001,0.962422465,"1.16793893","NA","NA","0.75690599999999997","Win-Mix"
231,435,"Ojiem J.O., Franke A.C., Vanlauwe B., de Ridder N., Giller K.E.",2014,"Benefits of legume-maize rotations: Assessing the impact of diversity on the productivity of smallholders in Western Kenya","Ojiem, J. O., Franke, A. C., Vanlauwe, B., de Ridder, N., & Giller, K. E. (2014). Benefits of legume–maize rotations: Assessing the impact of diversity on the productivity of smallholders in Western Kenya. Field Crops Research, 168, 75-85. doi:10.1016/j.fcr.2014.08.015","Plot","Experiment (on farm)","Kenya","Africa","LMIC","Synthetic - below threshold","rainfed",51.73091,1.5173091,1.5173091,"Cumulative grain yield","NA","NA","NA","NA","NA",30.5491365,1.305491365,"1.6717557300000001","NA","NA","0.93922700000000003","Win-Mix"
232,435,"Ojiem J.O., Franke A.C., Vanlauwe B., de Ridder N., Giller K.E.",2014,"Benefits of legume-maize rotations: Assessing the impact of diversity on the productivity of smallholders in Western Kenya","Ojiem, J. O., Franke, A. C., Vanlauwe, B., de Ridder, N., & Giller, K. E. (2014). Benefits of legume–maize rotations: Assessing the impact of diversity on the productivity of smallholders in Western Kenya. Field Crops Research, 168, 75-85. doi:10.1016/j.fcr.2014.08.016","Plot","Experiment (on farm)","Kenya","Africa","LMIC","Synthetic - below threshold","rainfed",44.35644,1.4435644,1.4435644,"Cumulative grain yield","NA","NA","NA","NA","NA",36.82665,1.3682665,"2.0625","NA","NA","0.67403299999999999","Win-Mix"
233,435,"Ojiem J.O., Franke A.C., Vanlauwe B., de Ridder N., Giller K.E.",2014,"Benefits of legume-maize rotations: Assessing the impact of diversity on the productivity of smallholders in Western Kenya","Ojiem, J. O., Franke, A. C., Vanlauwe, B., de Ridder, N., & Giller, K. E. (2014). Benefits of legume–maize rotations: Assessing the impact of diversity on the productivity of smallholders in Western Kenya. Field Crops Research, 168, 75-85. doi:10.1016/j.fcr.2014.08.017","Plot","Experiment (on farm)","Kenya","Africa","LMIC","Synthetic - below threshold","rainfed",51.68317,1.5168317,1.5168317,"Cumulative grain yield","NA","NA","NA","NA","NA",44.7859,1.447859,"2.125","NA","NA","0.77071800000000001","Win-Mix"
234,435,"Ojiem J.O., Franke A.C., Vanlauwe B., de Ridder N., Giller K.E.",2014,"Benefits of legume-maize rotations: Assessing the impact of diversity on the productivity of smallholders in Western Kenya","Ojiem, J. O., Franke, A. C., Vanlauwe, B., de Ridder, N., & Giller, K. E. (2014). Benefits of legume–maize rotations: Assessing the impact of diversity on the productivity of smallholders in Western Kenya. Field Crops Research, 168, 75-85. doi:10.1016/j.fcr.2014.08.018","Plot","Experiment (on farm)","Kenya","Africa","LMIC","Synthetic - below threshold","rainfed",38.81188,1.3881188,1.3881188,"Cumulative grain yield","NA","NA","NA","NA","NA",38.2942,1.382942,"2.125","NA","NA","0.64088400000000001","Win-Mix"
235,435,"Ojiem J.O., Franke A.C., Vanlauwe B., de Ridder N., Giller K.E.",2014,"Benefits of legume-maize rotations: Assessing the impact of diversity on the productivity of smallholders in Western Kenya","Ojiem, J. O., Franke, A. C., Vanlauwe, B., de Ridder, N., & Giller, K. E. (2014). Benefits of legume–maize rotations: Assessing the impact of diversity on the productivity of smallholders in Western Kenya. Field Crops Research, 168, 75-85. doi:10.1016/j.fcr.2014.08.019","Plot","Experiment (on farm)","Kenya","Africa","LMIC","Synthetic - below threshold","rainfed",1.18811999999999,1.0118812,1.0118812,"Cumulative grain yield","NA","NA","NA","NA","NA",2.74515,1.0274515,"1.1875","NA","NA","0.86740300000000004","Win-Mix"
236,435,"Ojiem J.O., Franke A.C., Vanlauwe B., de Ridder N., Giller K.E.",2014,"Benefits of legume-maize rotations: Assessing the impact of diversity on the productivity of smallholders in Western Kenya","Ojiem, J. O., Franke, A. C., Vanlauwe, B., de Ridder, N., & Giller, K. E. (2014). Benefits of legume–maize rotations: Assessing the impact of diversity on the productivity of smallholders in Western Kenya. Field Crops Research, 168, 75-85. doi:10.1016/j.fcr.2014.08.020","Plot","Experiment (on farm)","Kenya","Africa","LMIC","Synthetic - below threshold","rainfed",37.82178,1.3782178,1.3782178,"Cumulative grain yield","NA","NA","NA","NA","NA",25.3453,1.253453,"1.75","NA","NA","0.75690599999999997","Win-Mix"
237,435,"Ojiem J.O., Franke A.C., Vanlauwe B., de Ridder N., Giller K.E.",2014,"Benefits of legume-maize rotations: Assessing the impact of diversity on the productivity of smallholders in Western Kenya","Ojiem, J. O., Franke, A. C., Vanlauwe, B., de Ridder, N., & Giller, K. E. (2014). Benefits of legume–maize rotations: Assessing the impact of diversity on the productivity of smallholders in Western Kenya. Field Crops Research, 168, 75-85. doi:10.1016/j.fcr.2014.08.021","Plot","Experiment (on farm)","Kenya","Africa","LMIC","Synthetic - below threshold","rainfed",64.9505,1.649505,1.649505,"Cumulative grain yield","NA","NA","NA","NA","NA",43.83635,1.4383635,"1.9375","NA","NA","0.93922700000000003","Win-Mix"
238,436,"Onduru D.D., Du Preezb C.C.",2007,"Ecological and agro-economic study of small farms in sub-Saharan Africa","Onduru, D. D., & Preez, C. C. (2007). Ecological and agro-economic study of small farms in sub-Saharan Africa. Agronomy for Sustainable Development, 27(3), 197-208. doi:10.1051/agro:2007003","Plot","Experiment (on farm)","Kenya","Africa","LMIC","No synthetic","rainfed",79.159159,1.79159159,1.79159159,"Cumulative grain yield","NA","NA","NA","NA","NA",3.0434783,1.030434783,"1.030434783","NA","Mixed","Mixed","Win-Mix"
239,441,"Oyeogbe A., Otoadese J., Ehanire B.",2021,"Diversification of maize-based intercropping systems in tropical rainforest agroecosystem of Nigeria: Productivity, profitability and soil fertility","Oyeogbe, A., Otoadese, J., & Ehanire, B. (2021). Diversification of maize-based intercropping systems in tropical rainforest agroecosystem of Nigeria: Productivity, profitability and soil fertility. Future of Food: Journal on Food, Agriculture and Society, 9(1), 1-7. doi:10.17170/kobra-202011192213","Plot","Experiment (on farm)","Nigeria","Africa","LMIC","Synthetic - below threshold","rainfed",25.769231,1.25769231,1.25769231,"Cumulative grain yield","NA","NA","NA","NA","NA",58.3024063,1.583024063,"1.5830240630000001","NA","NA","NA","Win-Win"
240,441,"Oyeogbe A., Otoadese J., Ehanire B.",2021,"Diversification of maize-based intercropping systems in tropical rainforest agroecosystem of Nigeria: Productivity, profitability and soil fertility","Oyeogbe, A., Otoadese, J., & Ehanire, B. (2021). Diversification of maize-based intercropping systems in tropical rainforest agroecosystem of Nigeria: Productivity, profitability and soil fertility. Future of Food: Journal on Food, Agriculture and Society, 9(1), 1-7. doi:10.17170/kobra-202011192214","Plot","Experiment (on farm)","Nigeria","Africa","LMIC","Synthetic - below threshold","rainfed",18.076923,1.18076923,1.18076923,"Cumulative grain yield","NA","NA","NA","NA","NA",25.4639052,1.254639052,"1.2546390519999999","NA","NA","NA","Mix-Win"
241,444,"Palaniappan S.P., Balasubramanian R., Ramesh T., Chandrasekaran A., Mani K.G., Velayutham M., Lal R.",2009,"Sustainable management of dryland alfisols (Red Soils) in South India","Palaniappan, S. P., Balasubramanian, R., Ramesh, T., Chandrasekaran, A., Mani, K. G., Velayutham, M., & Lal, R. (2009). Sustainable Management of Dryland Alfisols (Red Soils) in South India. Journal of Crop Improvement, 23(3), 275-299. doi:10.1080/15427520902809888","Farm","Experiment (on farm)","India","Asia","LMIC","No synthetic","rainfed",-49.6197718631179,0.503802281368821,0.503802281368821,"Cumulative grain yield","NA","NA","NA","NA","NA",-40.6844106463878,0.593155893536122,"0.59315589353612164","NA","NA","NA","Mix-Lose"
242,444,"Palaniappan S.P., Balasubramanian R., Ramesh T., Chandrasekaran A., Mani K.G., Velayutham M., Lal R.",2009,"Sustainable management of dryland alfisols (Red Soils) in South India","Palaniappan, S. P., Balasubramanian, R., Ramesh, T., Chandrasekaran, A., Mani, K. G., Velayutham, M., & Lal, R. (2009). Sustainable Management of Dryland Alfisols (Red Soils) in South India. Journal of Crop Improvement, 23(3), 275-299. doi:10.1080/15427520902809889","Farm","Experiment (on farm)","India","Asia","LMIC","No synthetic","rainfed",60.4562737642585,1.60456273764259,1.60456273764259,"Cumulative grain yield","NA","NA","NA","NA","NA",215.209125475285,3.15209125475285,"3.1520912547528517","NA","NA","NA","Win-Win"
243,444,"Palaniappan S.P., Balasubramanian R., Ramesh T., Chandrasekaran A., Mani K.G., Velayutham M., Lal R.",2009,"Sustainable management of dryland alfisols (Red Soils) in South India","Palaniappan, S. P., Balasubramanian, R., Ramesh, T., Chandrasekaran, A., Mani, K. G., Velayutham, M., & Lal, R. (2009). Sustainable Management of Dryland Alfisols (Red Soils) in South India. Journal of Crop Improvement, 23(3), 275-299. doi:10.1080/15427520902809890","Farm","Experiment (on farm)","India","Asia","LMIC","No synthetic","rainfed",15.9695817490494,1.15969581749049,1.15969581749049,"Cumulative grain yield","NA","NA","NA","NA","NA",216.197718631179,3.16197718631179,"3.1619771863117871","NA","NA","NA","Win-Win"
244,444,"Palaniappan S.P., Balasubramanian R., Ramesh T., Chandrasekaran A., Mani K.G., Velayutham M., Lal R.",2009,"Sustainable management of dryland alfisols (Red Soils) in South India","Palaniappan, S. P., Balasubramanian, R., Ramesh, T., Chandrasekaran, A., Mani, K. G., Velayutham, M., & Lal, R. (2009). Sustainable Management of Dryland Alfisols (Red Soils) in South India. Journal of Crop Improvement, 23(3), 275-299. doi:10.1080/15427520902809891","Farm","Experiment (on farm)","India","Asia","LMIC","No synthetic","rainfed",-11.787072243346,0.88212927756654,0.88212927756654,"Cumulative grain yield","NA","NA","NA","NA","NA",35.361216730038,1.35361216730038,"1.3536121673003803","NA","NA","NA","Lose-Win"
245,444,"Palaniappan S.P., Balasubramanian R., Ramesh T., Chandrasekaran A., Mani K.G., Velayutham M., Lal R.",2009,"Sustainable management of dryland alfisols (Red Soils) in South India","Palaniappan, S. P., Balasubramanian, R., Ramesh, T., Chandrasekaran, A., Mani, K. G., Velayutham, M., & Lal, R. (2009). Sustainable Management of Dryland Alfisols (Red Soils) in South India. Journal of Crop Improvement, 23(3), 275-299. doi:10.1080/15427520902809892","Farm","Experiment (on farm)","India","Asia","LMIC","No synthetic","rainfed",60.4562737642585,1.60456273764259,1.60456273764259,"Cumulative grain yield","NA","NA","NA","NA","NA",215.209125475285,3.15209125475285,"3.1520912547528517","NA","NA","NA","Win-Win"
246,444,"Palaniappan S.P., Balasubramanian R., Ramesh T., Chandrasekaran A., Mani K.G., Velayutham M., Lal R.",2009,"Sustainable management of dryland alfisols (Red Soils) in South India","Palaniappan, S. P., Balasubramanian, R., Ramesh, T., Chandrasekaran, A., Mani, K. G., Velayutham, M., & Lal, R. (2009). Sustainable Management of Dryland Alfisols (Red Soils) in South India. Journal of Crop Improvement, 23(3), 275-299. doi:10.1080/15427520902809893","Farm","Experiment (on farm)","India","Asia","LMIC","No synthetic","rainfed",69.5817490494297,1.6958174904943,1.6958174904943,"Cumulative grain yield","NA","NA","NA","NA","NA",258.326996197719,3.58326996197719,"3.5832699619771864","NA","NA","NA","Win-Win"
247,453,"Parihar M.D., Parihar C.M., Nanwal R.K., Singh A.K., Jat S.L., Nayak H.S., Ghasal P.C., Jewlia H.R., Choudhary M., Jat M.L.",2019,"Effect of different tillage and residue management practices on crop and water productivity and economics in maize (Zea mays) based rotations","Parihar, M. D., Parihar, C. M., Nanwal, R. K., Singh, A. K., Jat, S. L., Nayak, H. S., . . . Jat, M. L. (2019). Effect of different tillage and residue management practices on crop and water productivity and economics in maize (Zea mays) based rotations. Indian Journal of Agricultural Sciences, 89(2), 360-366.","Plot","Experiment (research station)","India","Asia","LMIC","Synthetic - below threshold","irrigation",3.19060200000001,1.03190602,1.03190602,"Equivalent yield","NA","NA","NA","NA","NA",11.1948302,1.111948302,"1.132454004","NA","Positive","1.0914425999999999","Win-Win"
248,461,"Paudel B., Chan C., Halbrendt J., Crow S.E., Radovich T.J.K., Norton G.",2016,"Bioeconomic optimization of conservation agriculture production systems (CAPS) for smallholder tribal farmers in the hill region of Nepal","Paudel, B., Chan, C., Halbrendt, J., Crow, S. E., Radovich, T. J. K., & Norton, G. (2016). Bioeconomic optimization of conservation agriculture production systems (CAPS) for smallholder tribal farmers in the hill region of Nepal. Journal of Soil and Water Conservation, 71(2), 103-117. doi:10.2489/jswc.71.2.103","Village","Experiment (on farm)","Nepal","Asia","LMIC","Unknown","rainfed",22.24551,1.2224551,1.2224551,"Cumulative grain yield","NA","NA","NA","NA","NA",19.4058611805122,1.19405861180512,"NA","NA","1.0456749999999999","1.3424422236102436","Win-Win"
249,461,"Paudel B., Chan C., Halbrendt J., Crow S.E., Radovich T.J.K., Norton G.",2016,"Bioeconomic optimization of conservation agriculture production systems (CAPS) for smallholder tribal farmers in the hill region of Nepal","Paudel, B., Chan, C., Halbrendt, J., Crow, S. E., Radovich, T. J. K., & Norton, G. (2016). Bioeconomic optimization of conservation agriculture production systems (CAPS) for smallholder tribal farmers in the hill region of Nepal. Journal of Soil and Water Conservation, 71(2), 103-117. doi:10.2489/jswc.71.2.104","Village","Experiment (on farm)","Nepal","Asia","LMIC","Unknown","rainfed",16.55689,1.1655689,1.1655689,"Cumulative grain yield","NA","NA","NA","NA","NA",18.24576514499,1.1824576514499,"NA","NA","1","1.3649153028997991","Win-Mix"
250,461,"Paudel B., Chan C., Halbrendt J., Crow S.E., Radovich T.J.K., Norton G.",2016,"Bioeconomic optimization of conservation agriculture production systems (CAPS) for smallholder tribal farmers in the hill region of Nepal","Paudel, B., Chan, C., Halbrendt, J., Crow, S. E., Radovich, T. J. K., & Norton, G. (2016). Bioeconomic optimization of conservation agriculture production systems (CAPS) for smallholder tribal farmers in the hill region of Nepal. Journal of Soil and Water Conservation, 71(2), 103-117. doi:10.2489/jswc.71.2.105","Village","Experiment (on farm)","Nepal","Asia","LMIC","Unknown","rainfed",35.77236,1.3577236,1.3577236,"Cumulative grain yield","NA","NA","NA","NA","NA",8.95342113847137,1.08953421138471,"NA","NA","0.92035400000000001","1.2587144227694274","Win-Mix"
251,461,"Paudel B., Chan C., Halbrendt J., Crow S.E., Radovich T.J.K., Norton G.",2016,"Bioeconomic optimization of conservation agriculture production systems (CAPS) for smallholder tribal farmers in the hill region of Nepal","Paudel, B., Chan, C., Halbrendt, J., Crow, S. E., Radovich, T. J. K., & Norton, G. (2016). Bioeconomic optimization of conservation agriculture production systems (CAPS) for smallholder tribal farmers in the hill region of Nepal. Journal of Soil and Water Conservation, 71(2), 103-117. doi:10.2489/jswc.71.2.106","Village","Experiment (on farm)","Nepal","Asia","LMIC","Unknown","rainfed",15.78853,1.1578853,1.1578853,"Cumulative grain yield","NA","NA","NA","NA","NA",-13.0133154903186,0.869866845096814,"NA","NA","1.0228379999999999","0.71689569019362898","Win-Mix"
252,461,"Paudel B., Chan C., Halbrendt J., Crow S.E., Radovich T.J.K., Norton G.",2016,"Bioeconomic optimization of conservation agriculture production systems (CAPS) for smallholder tribal farmers in the hill region of Nepal","Paudel, B., Chan, C., Halbrendt, J., Crow, S. E., Radovich, T. J. K., & Norton, G. (2016). Bioeconomic optimization of conservation agriculture production systems (CAPS) for smallholder tribal farmers in the hill region of Nepal. Journal of Soil and Water Conservation, 71(2), 103-117. doi:10.2489/jswc.71.2.107","Village","Experiment (on farm)","Nepal","Asia","LMIC","Unknown","rainfed",15.78853,1.1578853,1.1578853,"Cumulative grain yield","NA","NA","NA","NA","NA",-8.1614102641401,0.918385897358599,"NA","NA","0.99166699999999997","0.8451047947171979","Win-Lose"
253,461,"Paudel B., Chan C., Halbrendt J., Crow S.E., Radovich T.J.K., Norton G.",2016,"Bioeconomic optimization of conservation agriculture production systems (CAPS) for smallholder tribal farmers in the hill region of Nepal","Paudel, B., Chan, C., Halbrendt, J., Crow, S. E., Radovich, T. J. K., & Norton, G. (2016). Bioeconomic optimization of conservation agriculture production systems (CAPS) for smallholder tribal farmers in the hill region of Nepal. Journal of Soil and Water Conservation, 71(2), 103-117. doi:10.2489/jswc.71.2.108","Village","Experiment (on farm)","Nepal","Asia","LMIC","Unknown","rainfed",25.4878,1.254878,1.254878,"Cumulative grain yield","NA","NA","NA","NA","NA",-13.0910483530541,0.869089516469459,"NA","NA","0.91166800000000003","0.82651103293891892","Win-Lose"
254,477,"Pradhan A., Chan C., Roul P.K., Halbrendt J., Sipes B.",2018,"Potential of conservation agriculture (CA) for climate change adaptation and food security under rainfed uplands of India: A transdisciplinary approach","Pradhan, A., Chan, C., Roul, P. K., Halbrendt, J., & Sipes, B. (2018). Potential of conservation agriculture (CA) for climate change adaptation and food security under rainfed uplands of India: A transdisciplinary approach. Agricultural Systems, 163, 27-35. doi:10.1016/j.agsy.2017.01.002","Village","Experiment (on farm)","India","Asia","LMIC","Synthetic - below threshold","rainfed",44.9240551042035,1.44924055104203,1.44924055104203,"Equivalent yield","NA","NA","NA","NA","NA",35.7649442755826,1.35764944275583,"1.3576494427558257","NA","NA",NA,"Win-Win"
255,478,"Pradhan A., Idol T., Roul P.K.",2016,"Conservation agriculture practices in rainfed uplands of india improve maize-based system productivity and profitability","Pradhan, A., Idol, T., & Roul, P. K. (2016). Conservation Agriculture Practices in Rainfed Uplands of India Improve Maize-Based System Productivity and Profitability. Front Plant Sci, 7(2016JULY), 1008. doi:10.3389/fpls.2016.01008","Plot","Experiment (research station)","India","Asia","LMIC","Synthetic - below threshold","rainfed",62.5447484982707,1.62544748498271,1.62544748498271,"Equivalent yield","NA","NA","NA","NA","NA",58.0953084994285,1.58095308499429,"2.2126675913083678","NA","NA","0.94923857868020323","Win-Win"
256,738,"Qian X, Zang HD, Xu HS, et al.",2018,"Relay strip intercropping of oat with maize, sunflower and mung bean in semi-arid regions of Northeast China: Yield advantages and economic benefits","Qian, X., Zang, H. D., Xu, H. S., Hu, Y. G., Ren, C. Z., Guo, L. C., . . . Zeng, Z. H. (2018). Relay strip intercropping of oat with maize, sunflower and mung bean in semi-arid regions of Northeast China: Yield advantages and economic benefits. Field Crops Research, 223, 33-40. doi:10.1016/j.fcr.2018.04.004","Plot","Experiment (research station)","China","Asia","UMIC","Synthetic - below threshold","irrigation",72.4929902688438,1.72492990268844,1.72492990268844,"Cumulative grain yield","NA","NA","NA","NA","NA",0.247275670197422,1.00247275670197,"1.0638412189254209","0.9411042944785275","NA","NA","Win-Mix"
257,489,"Rajput R.L., Kushwaha B.B.",2021,"Yield analysis of chickpea (Cicer arietinum) with mustard (brassaca juncea) intercropping system as influenced by weed management practices","Rajput, R. L., & Kushwaha, B. B. (2020). Yield Analysis of Chickpea (Cicer arietinum) with Mustard (Brassaca juncea) Intercropping System as Influenced by Weed Management Practices. Legume Research - an International Journal, 44(Of), 94-97. doi:10.18805/lr-3842","Plot","Experiment (research station)","India","Asia","LMIC","Synthetic - below threshold","rainfed",34.7054648687012,1.34705464868701,1.34705464868701,"Equivalent yield","NA","NA","NA","NA","NA",85.3690303907381,1.85369030390738,"1.8536903039073807","NA","NA","NA","Win-Win"
258,495,"Ranjan R., Sharma N.K., Kumar A., Pramanik M., Mehta H., Ojasvi P.R., Yadav R.S.",2021,"Evaluation of maize-based intercropping on runoff, soil loss, and yield in foothills of the Indian sub-Himalayas","Ranjan, R., Sharma, N. K., Kumar, A., Pramanik, M., Mehta, H., Ojasvi, P. R., & Yadav, R. S. (2021). Evaluation of maize-based intercropping on runoff, soil loss, and yield in foothills of the Indian sub-Himalayas. Experimental Agriculture, 57(2), 69-84. doi:10.1017/s0014479721000053","Plot","Experiment (research station)","India","Asia","LMIC","Synthetic - below threshold","rainfed",30.9389453230605,1.3093894532306,1.47492232578784,"Cumulative grain yield","1.1438565806733711","NA","NA","NA","NA",40.3208145664714,1.40320814566471,"2.261437908496732","NA","0.97409326424870457","0.97409326424870457","Win-Mix"
259,495,"Ranjan R., Sharma N.K., Kumar A., Pramanik M., Mehta H., Ojasvi P.R., Yadav R.S.",2021,"Evaluation of maize-based intercropping on runoff, soil loss, and yield in foothills of the Indian sub-Himalayas","Ranjan, R., Sharma, N. K., Kumar, A., Pramanik, M., Mehta, H., Ojasvi, P. R., & Yadav, R. S. (2021). Evaluation of maize-based intercropping on runoff, soil loss, and yield in foothills of the Indian sub-Himalayas. Experimental Agriculture, 57(2), 69-84. doi:10.1017/s0014479721000054","Plot","Experiment (research station)","India","Asia","LMIC","Synthetic - below threshold","rainfed",16.64902512532,1.1664902512532,1.25077674212162,"Cumulative grain yield","1.0822037603847836","NA","NA","NA","NA",23.5452154379311,1.23545215437931,"1.7581699346405228","NA","0.97409326424870457","0.97409326424870457","Win-Mix"
260,496,"Rao M.R., Mathuva M.N.",2000,"Legumes for improving maize yields and income in semi-arid Kenya","Rao, M. R., & Mathuva, M. N. (2000). Legumes for improving maize yields and income in semi-arid Kenya. Agriculture, Ecosystems & Environment, 78(2), 123-137. doi:10.1016/s0167-8809(99)00125-5","Plot","Experiment (research station)","Kenya","Africa","LMIC","No synthetic","rainfed",50.8130081300813,1.50813008130081,1.50813008130081,"Cumulative grain yield","NA","NA","NA","NA","NA",15.9676952049833,1.15967695204983,"1.3150803998261624","NA","NA","1.0042735042735043","Win-Win"
261,496,"Rao M.R., Mathuva M.N.",2000,"Legumes for improving maize yields and income in semi-arid Kenya","Rao, M. R., & Mathuva, M. N. (2000). Legumes for improving maize yields and income in semi-arid Kenya. Agriculture, Ecosystems & Environment, 78(2), 123-137. doi:10.1016/s0167-8809(99)00125-6","Plot","Experiment (research station)","Kenya","Africa","LMIC","No synthetic","rainfed",52.0325203252033,1.52032520325203,1.52032520325203,"Cumulative grain yield","NA","NA","NA","NA","NA",31.7289584238737,1.31728958423874,"1.485006518904824","NA","NA","1.1495726495726495","Mix-Win"
262,496,"Rao M.R., Mathuva M.N.",2000,"Legumes for improving maize yields and income in semi-arid Kenya","Rao, M. R., & Mathuva, M. N. (2000). Legumes for improving maize yields and income in semi-arid Kenya. Agriculture, Ecosystems & Environment, 78(2), 123-137. doi:10.1016/s0167-8809(99)00125-7","Plot","Experiment (research station)","Kenya","Africa","LMIC","No synthetic","rainfed",56.0975609756098,1.5609756097561,1.5609756097561,"Cumulative grain yield","NA","NA","NA","NA","NA",40.5186150948863,1.40518615094886,"1.4941329856584094","NA","NA","1.3162393162393162","Mix-Win"
263,497,"Rao M.R., Singh M.",1990,"Productivity and risk evaluation in constrasting intercropping systems","Rao, M. R., & Singh, M. (1990). Productivity and risk evaluation in constrasting intercropping systems. Field Crops Research, 23(3-4), 279-293. doi:10.1016/0378-4290(90)90060-o","Plot","Experiment (research station)","India","Asia","LMIC","Synthetic - below threshold","rainfed",1.70731707317073,1.01707317073171,1.01707317073171,"Cumulative grain yield","NA","NA","NA","NA","NA",39.475051975052,1.39475051975052,"1.3947505197505197","NA","NA","NA","Win-Win"
264,497,"Rao M.R., Singh M.",1990,"Productivity and risk evaluation in constrasting intercropping systems","Rao, M. R., & Singh, M. (1990). Productivity and risk evaluation in constrasting intercropping systems. Field Crops Research, 23(3-4), 279-293. doi:10.1016/0378-4290(90)90060-o","Plot","Experiment (research station)","India","Asia","LMIC","Synthetic - below threshold","rainfed",-22.5092250922509,0.774907749077491,0.774907749077491,"Cumulative grain yield","NA","NA","NA","NA","NA",33.0751708428246,1.33075170842825,"1.3307517084282461","NA","NA","NA","Lose-Win"
265,505,"Reddy P.R.R., Mohammad S.",2009,"Evaluation of cotton (Gossypium hirsutum)-based intercropping system through different approaches under rainfed conditions","Reddy, P. R. R., & Mohammad, S. (2009). Evaluation of cotton (Gossypium hirsutum)-based intercropping system through different approaches under rainfed conditions. Indian Journal of Agricultural Sciences, 79(3), 210-214.","Plot","Experiment (research station)","India","Asia","LMIC","Synthetic - below threshold","rainfed",-3.30752990851513,0.966924700914849,0.966924700914849,"Equivalent yield","NA","NA","NA","NA","NA",3,1.03,"1.03","NA","NA","NA","Lose-Win"
266,505,"Reddy P.R.R., Mohammad S.",2009,"Evaluation of cotton (Gossypium hirsutum)-based intercropping system through different approaches under rainfed conditions","Reddy, P. R. R., & Mohammad, S. (2009). Evaluation of cotton (Gossypium hirsutum)-based intercropping system through different approaches under rainfed conditions. Indian Journal of Agricultural Sciences, 79(3), 210-214.","Plot","Experiment (research station)","India","Asia","LMIC","Synthetic - below threshold","rainfed",26.5306122,1.265306122,1.265306122,"Equivalent yield","NA","NA","NA","NA","NA",33,1.33,"1.33","NA","NA","NA","Win-Win"
267,505,"Reddy P.R.R., Mohammad S.",2009,"Evaluation of cotton (Gossypium hirsutum)-based intercropping system through different approaches under rainfed conditions","Reddy, P. R. R., & Mohammad, S. (2009). Evaluation of cotton (Gossypium hirsutum)-based intercropping system through different approaches under rainfed conditions. Indian Journal of Agricultural Sciences, 79(3), 210-214.","Plot","Experiment (research station)","India","Asia","LMIC","Synthetic - below threshold","rainfed",27.7973258268825,1.27797325826882,1.27797325826882,"Equivalent yield","NA","NA","NA","NA","NA",34,1.34,"1.3399999999999999","NA","NA","NA","Win-Win"
268,505,"Reddy P.R.R., Mohammad S.",2009,"Evaluation of cotton (Gossypium hirsutum)-based intercropping system through different approaches under rainfed conditions","Reddy, P. R. R., & Mohammad, S. (2009). Evaluation of cotton (Gossypium hirsutum)-based intercropping system through different approaches under rainfed conditions. Indian Journal of Agricultural Sciences, 79(3), 210-214.","Plot","Experiment (research station)","India","Asia","LMIC","Synthetic - below threshold","rainfed",25.1231527093596,1.2512315270936,1.2512315270936,"Equivalent yield","NA","NA","NA","NA","NA",33.5,1.335,"1.335","NA","NA","NA","Win-Win"
269,505,"Reddy P.R.R., Mohammad S.",2009,"Evaluation of cotton (Gossypium hirsutum)-based intercropping system through different approaches under rainfed conditions","Reddy, P. R. R., & Mohammad, S. (2009). Evaluation of cotton (Gossypium hirsutum)-based intercropping system through different approaches under rainfed conditions. Indian Journal of Agricultural Sciences, 79(3), 210-214.","Plot","Experiment (research station)","India","Asia","LMIC","Synthetic - below threshold","rainfed",3.87051372273046,1.0387051372273,1.0387051372273,"Equivalent yield","NA","NA","NA","NA","NA",12.5,1.125,"1.125","NA","NA","NA","Win-Win"
270,506,"Ripoche A., Autfray P., Rabary B., Randriamanantsoa R., Blanchart E., Trap J., Sauvadet M., Becquer T., Letourmy P.",2021,"Increasing plant diversity promotes ecosystem functions in rainfed rice based short rotations in Malagasy highlands","Ripoche, A., Autfray, P., Rabary, B., Randriamanantsoa, R., Blanchart, E., Trap, J., . . . Letourmy, P. (2021). Increasing plant diversity promotes ecosystem functions in rainfed rice based short rotations in Malagasy highlands. Agriculture, Ecosystems & Environment, 320. doi:10.1016/j.agee.2021.107576","Plot","Experiment (research station)","Madagascar","Africa","LIC","No synthetic","rainfed",38.8185654008439,1.38818565400844,1.38818565400844,"Non-legume yield only","NA","NA","NA","NA","NA",6.28930817610063,1.06289308176101,"1.0628930817610063","NA","NA","NA","Mix-Win"
271,506,"Ripoche A., Autfray P., Rabary B., Randriamanantsoa R., Blanchart E., Trap J., Sauvadet M., Becquer T., Letourmy P.",2021,"Increasing plant diversity promotes ecosystem functions in rainfed rice based short rotations in Malagasy highlands","Ripoche, A., Autfray, P., Rabary, B., Randriamanantsoa, R., Blanchart, E., Trap, J., . . . Letourmy, P. (2021). Increasing plant diversity promotes ecosystem functions in rainfed rice based short rotations in Malagasy highlands. Agriculture, Ecosystems & Environment, 320. doi:10.1016/j.agee.2021.107577","Plot","Experiment (research station)","Madagascar","Africa","LIC","No synthetic","rainfed",41.3502109704641,1.41350210970464,1.41350210970464,"Non-legume yield only","NA","NA","NA","NA","NA",-11.3207547169811,0.886792452830189,"0.8867924528301887","NA","NA","NA","Mix-Lose"
272,506,"Ripoche A., Autfray P., Rabary B., Randriamanantsoa R., Blanchart E., Trap J., Sauvadet M., Becquer T., Letourmy P.",2021,"Increasing plant diversity promotes ecosystem functions in rainfed rice based short rotations in Malagasy highlands","Ripoche, A., Autfray, P., Rabary, B., Randriamanantsoa, R., Blanchart, E., Trap, J., . . . Letourmy, P. (2021). Increasing plant diversity promotes ecosystem functions in rainfed rice based short rotations in Malagasy highlands. Agriculture, Ecosystems & Environment, 320. doi:10.1016/j.agee.2021.107578","Plot","Experiment (research station)","Madagascar","Africa","LIC","No synthetic","rainfed",87.3417721518987,1.87341772151899,1.87341772151899,"Non-legume yield only","NA","NA","NA","NA","NA",14.4654088050314,1.14465408805031,"1.1446540880503144","NA","NA","NA","Mix-Win"
273,510,"Ruangsanka S., Sanfan S., Chaiwong U.",2021,"Does intercropping of baby corn (Zea mays l.) with pulse legumes improve soil fertility, crop productivity and profitability?","Ruangsanka, S., Sanfan, S., & Chaiwong, U. (2021). Does Intercropping of Baby Corn (Zea mays L.) with Pulse Legumes Improve Soil Fertility, Crop Productivity and Profitability? Journal of Agricultural Sciences, 16(1), 19-27. doi:10.4038/jas.v16i1.9180","Plot","Experiment (research station)","Thailand","Asia","UMIC","Synthetic - above threshold","irrigation",-5.95350167614623,0.940464983238538,0.940464983238538,"Cumulative grain yield","NA","NA","NA","NA","NA",-3.32658313844868,0.966734168615513,"0.9667341686155132","NA","NA","NA","Lose-Lose"
274,510,"Ruangsanka S., Sanfan S., Chaiwong U.",2021,"Does intercropping of baby corn (Zea mays l.) with pulse legumes improve soil fertility, crop productivity and profitability?","Ruangsanka, S., Sanfan, S., & Chaiwong, U. (2021). Does Intercropping of Baby Corn (Zea mays L.) with Pulse Legumes Improve Soil Fertility, Crop Productivity and Profitability? Journal of Agricultural Sciences, 16(1), 19-27. doi:10.4038/jas.v16i1.9181","Plot","Experiment (research station)","Thailand","Asia","UMIC","Synthetic - above threshold","irrigation",18.9145990529341,1.18914599052934,1.18914599052934,"Cumulative grain yield","NA","NA","NA","NA","NA",-16.9631961955031,0.830368038044969,"0.83036803804496939","NA","NA","NA","Win-Lose"
275,510,"Ruangsanka S., Sanfan S., Chaiwong U.",2021,"Does intercropping of baby corn (Zea mays l.) with pulse legumes improve soil fertility, crop productivity and profitability?","Ruangsanka, S., Sanfan, S., & Chaiwong, U. (2021). Does Intercropping of Baby Corn (Zea mays L.) with Pulse Legumes Improve Soil Fertility, Crop Productivity and Profitability? Journal of Agricultural Sciences, 16(1), 19-27. doi:10.4038/jas.v16i1.9182","Plot","Experiment (research station)","Thailand","Asia","UMIC","Synthetic - above threshold","irrigation",34.019246213544,1.34019246213544,1.34019246213544,"Cumulative grain yield","NA","NA","NA","NA","NA",-20.6579480278544,0.793420519721456,"0.79342051972145644","NA","NA","NA","Win-Lose"
276,514,"Rusinamhodzi L., Corbeels M., Nyamangara J., Giller K.E.",2012,"Maize-grain legume intercropping is an attractive option for ecological intensification that reduces climatic risk for smallholder farmers in central Mozambique","Rusinamhodzi, L., Corbeels, M., Nyamangara, J., & Giller, K. E. (2012). Maize–grain legume intercropping is an attractive option for ecological intensification that reduces climatic risk for smallholder farmers in central Mozambique. Field Crops Research, 136, 12-22. doi:10.1016/j.fcr.2012.07.014","Field","Experiment (on farm)","Mozambique","Africa","LIC","Synthetic - below threshold","rainfed",3.34448199999999,1.03344482,1.03344482,"Cumulative grain yield","NA","NA","NA","NA","NA",-38.3522727272727,0.616477272727273,"Positive","NA","NA","0.61647727272727293","Win-Mix"
281,529,"Sarkar R.K., Chakraborty A.",2000,"Biological feasibility and economic viability of intercropping pulse and oilseed crops with sesame (Sesamum indicum) under different planting patterns in rice-fallow gangetic alluvial land","Sarkar, R. K., & Chakraborty, A. (2000). Biological feasibility and economic viability of intercropping pulse and oilseed crops with sesame (Sesamum indicum) under different planting patterns in rice-fallow gangetic alluvial land. Indian Journal of Agricultural Sciences, 70(4), 211-214.","Plot","Experiment (research station)","India","Asia","LMIC","Synthetic - below threshold","rainfed",79.481638,1.79481638,1.79481638,"Equivalent yield","NA","NA","NA","NA","NA",113.4987503,2.134987503,"2.1349875030000001","NA","NA","NA","Win-Win"
282,529,"Sarkar R.K., Chakraborty A.",2000,"Biological feasibility and economic viability of intercropping pulse and oilseed crops with sesame (Sesamum indicum) under different planting patterns in rice-fallow gangetic alluvial land","Sarkar, R. K., & Chakraborty, A. (2000). Biological feasibility and economic viability of intercropping pulse and oilseed crops with sesame (Sesamum indicum) under different planting patterns in rice-fallow gangetic alluvial land. Indian Journal of Agricultural Sciences, 70(4), 211-214.","Plot","Experiment (research station)","India","Asia","LMIC","Synthetic - below threshold","rainfed",72.745847,1.72745847,1.72745847,"Equivalent yield","NA","NA","NA","NA","NA",84.6682889,1.846682889,"1.846682889","NA","NA","NA","Win-Win"
283,529,"Sarkar R.K., Chakraborty A.",2000,"Biological feasibility and economic viability of intercropping pulse and oilseed crops with sesame (Sesamum indicum) under different planting patterns in rice-fallow gangetic alluvial land","Sarkar, R. K., & Chakraborty, A. (2000). Biological feasibility and economic viability of intercropping pulse and oilseed crops with sesame (Sesamum indicum) under different planting patterns in rice-fallow gangetic alluvial land. Indian Journal of Agricultural Sciences, 70(4), 211-214.","Plot","Experiment (research station)","India","Asia","LMIC","Synthetic - below threshold","rainfed",51.869078,1.51869078,1.51869078,"Equivalent yield","NA","NA","NA","NA","NA",30.7143803,1.307143803,"1.307143803","NA","NA","NA","Win-Win"
284,530,"Sarkar R.K., Chakraborty A., Bala B.",1998,"Biological potential and economic feasibility of intercropping of sunflower (Helianthus annuus) with pulses and oilseeds under different planting patterns on rice fallow land","Sarkar, R. K., Chakraborty, A., & Bala, B. (1998). Biological potential and economic feasibility of intercropping of sunflower (Helianthus annuus) with pulses and oilseeds under different planting patterns on rice fallow land. Indian Journal of Agronomy, 43(4), 601-605.","Plot","Experiment (research station)","India","Asia","LMIC","Synthetic - below threshold","rainfed",46.98382,1.4698382,1.4698382,"Equivalent yield","NA","NA","NA","NA","NA",95.128917,1.95128917,"1.9512891699999999","NA","NA","NA","Win-Win"
285,530,"Sarkar R.K., Chakraborty A., Bala B.",1998,"Biological potential and economic feasibility of intercropping of sunflower (Helianthus annuus) with pulses and oilseeds under different planting patterns on rice fallow land","Sarkar, R. K., Chakraborty, A., & Bala, B. (1998). Biological potential and economic feasibility of intercropping of sunflower (Helianthus annuus) with pulses and oilseeds under different planting patterns on rice fallow land. Indian Journal of Agronomy, 43(4), 601-605.","Plot","Experiment (research station)","India","Asia","LMIC","Synthetic - below threshold","rainfed",41.27647,1.4127647,1.4127647,"Equivalent yield","NA","NA","NA","NA","NA",84.1477253,1.841477253,"1.8414772530000001","NA","NA","NA","Win-Win"
286,530,"Sarkar R.K., Chakraborty A., Bala B.",1998,"Biological potential and economic feasibility of intercropping of sunflower (Helianthus annuus) with pulses and oilseeds under different planting patterns on rice fallow land","Sarkar, R. K., Chakraborty, A., & Bala, B. (1998). Biological potential and economic feasibility of intercropping of sunflower (Helianthus annuus) with pulses and oilseeds under different planting patterns on rice fallow land. Indian Journal of Agronomy, 43(4), 601-605.","Plot","Experiment (research station)","India","Asia","LMIC","Synthetic - below threshold","rainfed",115.94388,2.1594388,2.1594388,"Equivalent yield","NA","NA","NA","NA","NA",123.108687,2.23108687,"2.2310868699999999","NA","NA","NA","Win-Win"
287,528,"Sarkar R.K., Sanyal S.R.",2000,"Production potential and economic feasibility of sesame (Sesamum indicum)-based intercropping system with pulse and oilseed crops on rice fallow land","Sarkar, R. K., & Sanyal, S. R. (2000). Production potential and economic feasibility of sesame (Sesamum indicum)-based intercropping system with pulse and oilseed crops on rice fallow land. Indian Journal of Agronomy, 45(3), 545-550.","Plot","Experiment (research station)","India","Asia","LMIC","Synthetic - below threshold","rainfed",9.398496,1.09398496,1.09398496,"Equivalent yield","NA","NA","NA","NA","NA",2.97482840000001,1.029748284,"1.0297482840000001",NA,"NA","NA","Win-Win"
288,528,"Sarkar R.K., Sanyal S.R.",2000,"Production potential and economic feasibility of sesame (Sesamum indicum)-based intercropping system with pulse and oilseed crops on rice fallow land","Sarkar, R. K., & Sanyal, S. R. (2000). Production potential and economic feasibility of sesame (Sesamum indicum)-based intercropping system with pulse and oilseed crops on rice fallow land. Indian Journal of Agronomy, 45(3), 545-550.","Plot","Experiment (research station)","India","Asia","LMIC","Synthetic - below threshold","rainfed",2.03007500000001,1.02030075,1.02030075,"Equivalent yield","NA","NA","NA","NA","NA",-12.9748284,0.870251716,"0.87025171599999995",NA,"NA","NA","Win-Mix"
289,528,"Sarkar R.K., Sanyal S.R.",2000,"Production potential and economic feasibility of sesame (Sesamum indicum)-based intercropping system with pulse and oilseed crops on rice fallow land","Sarkar, R. K., & Sanyal, S. R. (2000). Production potential and economic feasibility of sesame (Sesamum indicum)-based intercropping system with pulse and oilseed crops on rice fallow land. Indian Journal of Agronomy, 45(3), 545-550.","Plot","Experiment (research station)","India","Asia","LMIC","Synthetic - below threshold","rainfed",35.413534,1.35413534,1.35413534,"Equivalent yield","NA","NA","NA","NA","NA",10.9038902,1.109038902,"1.109038902",NA,"NA","NA","Win-Win"
290,733,"Shah TM, Tasawwar S, Bhat MA, Otterpohl R.",2021,"Intercropping in Rice Farming under the System of Rice Intensification-An Agroecological Strategy for Weed Control, Better Yield, Increased Returns, and Social-Ecological Sustainability","Shah, T. M., Tasawwar, S., Bhat, M. A., & Otterpohl, R. (2021). Intercropping in Rice Farming under the System of Rice Intensification-An Agroecological Strategy for Weed Control, Better Yield, Increased Returns, and Social-Ecological Sustainability. Agronomy-Basel, 11(5), 21. doi:10.3390/agronomy11051010","Plot","Experiment (research station)","India","Asia","LMIC","Synthetic - below threshold","irrigation",31.8802547770701,1.3188025477707,1.3188025477707,"Non-legume yield only","NA","NA","NA","NA","NA",57.1970068935719,1.57197006893572,"1.571970068935719","NA","NA","NA","Win-Win"
291,732,"Shahzad M, Hussain M, Farooq M, Farooq S, Jabran K, Nawaz A.",2017,"Economic assessment of conventional and conservation tillage practices in different wheat-based cropping systems of Punjab, Pakistan.","Shahzad, M., Hussain, M., Farooq, M., Farooq, S., Jabran, K., & Nawaz, A. (2017). Economic assessment of conventional and conservation tillage practices in different wheat-based cropping systems of Punjab, Pakistan. Environmental Science and Pollution Research, 24(31), 24634-24643. doi:10.1007/s11356-017-0136-6","Plot","Experiment (research station)","Pakistan","Asia","LMIC","Synthetic - below threshold","irrigation",-0.326241490625045,0.99673758509375,0.99673758509375,"Non-legume yield only","NA","NA","NA","NA","NA",1158.2313795777,12.582313795777,"23.675085336835973","1.4895422547180825","NA","NA","Lose-Win"
292,539,"Sharma A.R., Behera U.K.",2009,"Recycling of legume residues for nitrogen economy and higher productivity in maize (Zea mays)-wheat (Triticum aestivum) cropping system","Sharma, A., Sharma, J. J., Rana, M. C., & Sood, S. (2006). Evaluation of Phaseolus vulgaris as intercrop with vegetables for enhancing productivity system and profitability under high hill dry temperate conditions of north-western Himalayas. Indian Journal of Agricultural Sciences, 76(1), 29-32.","Plot","Experiment (research station)","India","Asia","LMIC","Synthetic - below threshold","irrigation",8.24952940000001,1.082495294,1.082495294,"Equivalent yield","NA","NA","NA","NA","NA",-4.2735,0.957265,"0.95726500000000003","NA","Negative","NA","Mix-Mix"
293,539,"Sharma A.R., Behera U.K.",2009,"Recycling of legume residues for nitrogen economy and higher productivity in maize (Zea mays)-wheat (Triticum aestivum) cropping system","Sharma, A., Sharma, J. J., Rana, M. C., & Sood, S. (2006). Evaluation of Phaseolus vulgaris as intercrop with vegetables for enhancing productivity system and profitability under high hill dry temperate conditions of north-western Himalayas. Indian Journal of Agricultural Sciences, 76(1), 29-32.","Plot","Experiment (research station)","India","Asia","LMIC","Synthetic - below threshold","irrigation",22.9925736829891,1.22992573682989,1.22992573682989,"Equivalent yield","NA","NA","NA","NA","NA",3.41880341880343,1.03418803418803,"1.0341880341880343","NA","Negative","NA","Win-Mix"
294,539,"Sharma A.R., Behera U.K.",2009,"Recycling of legume residues for nitrogen economy and higher productivity in maize (Zea mays)-wheat (Triticum aestivum) cropping system","Sharma, A., Sharma, J. J., Rana, M. C., & Sood, S. (2006). Evaluation of Phaseolus vulgaris as intercrop with vegetables for enhancing productivity system and profitability under high hill dry temperate conditions of north-western Himalayas. Indian Journal of Agricultural Sciences, 76(1), 29-32.","Plot","Experiment (research station)","India","Asia","LMIC","Synthetic - below threshold","irrigation",9.18426549083316,1.09184265490833,1.09184265490833,"Equivalent yield","NA","NA","NA","NA","NA",-3.41880341880342,0.965811965811966,"0.96581196581196582","NA","Negative","NA","Win-Mix"
295,539,"Sharma A.R., Behera U.K.",2009,"Recycling of legume residues for nitrogen economy and higher productivity in maize (Zea mays)-wheat (Triticum aestivum) cropping system","Sharma, A., Sharma, J. J., Rana, M. C., & Sood, S. (2006). Evaluation of Phaseolus vulgaris as intercrop with vegetables for enhancing productivity system and profitability under high hill dry temperate conditions of north-western Himalayas. Indian Journal of Agricultural Sciences, 76(1), 29-32.","Plot","Experiment (research station)","India","Asia","LMIC","Synthetic - below threshold","irrigation",15.6210515458601,1.1562105154586,1.1562105154586,"Equivalent yield","NA","NA","NA","NA","NA",-8.54700854700854,0.914529914529915,"0.91452991452991461","NA","Negative","NA","Win-Mix"
296,539,"Sharma A.R., Behera U.K.",2009,"Recycling of legume residues for nitrogen economy and higher productivity in maize (Zea mays)-wheat (Triticum aestivum) cropping system","Sharma, A., Sharma, J. J., Rana, M. C., & Sood, S. (2006). Evaluation of Phaseolus vulgaris as intercrop with vegetables for enhancing productivity system and profitability under high hill dry temperate conditions of north-western Himalayas. Indian Journal of Agricultural Sciences, 76(1), 29-32.","Plot","Experiment (research station)","India","Asia","LMIC","Synthetic - below threshold","irrigation",7.54170856862897,1.07541708568629,1.07541708568629,"Equivalent yield","NA","NA","NA","NA","NA",-10.2564102564102,0.897435897435898,"0.89743589743589758","NA","Negative","NA","Win-Mix"
297,540,"Sharma K.C.",2018,"Inter/mixed cropping of lentil (Lens culinaris) in late-sown wheat (Triticum aestivum) for higher productivity and profitability of wheat in vertisols of central india","Sharma, K. C. (2018). Inter/mixed cropping of lentil (Lens culinaris) in late-sown wheat (Triticum aestivum) for higher productivity and profitability of wheat in vertisols of central india. Indian Journal of Agronomy, 63(1), 32-38.","Plot","Experiment (research station)","India","Asia","LMIC","Synthetic - below threshold","irrigation",-1.36417599999999,0.98635824,0.98635824,"Equivalent yield","NA","NA","NA","NA","NA",-4.02859,0.9597141,"0.95971410000000001","NA","Negative","NA","Mix-Mix"
298,540,"Sharma K.C.",2018,"Inter/mixed cropping of lentil (Lens culinaris) in late-sown wheat (Triticum aestivum) for higher productivity and profitability of wheat in vertisols of central india","Sharma, K. C. (2018). Inter/mixed cropping of lentil (Lens culinaris) in late-sown wheat (Triticum aestivum) for higher productivity and profitability of wheat in vertisols of central india. Indian Journal of Agronomy, 63(1), 32-38.","Plot","Experiment (research station)","India","Asia","LMIC","Synthetic - below threshold","irrigation",-5.560498,0.94439502,0.94439502,"Equivalent yield","NA","NA","NA","NA","NA",-8.67445999999999,0.9132554,"0.91325540000000005","NA","Positive","NA","Mix-Mix"
299,542,"Sharma N.K., Singh R.J., Mandal D., Kumar A., Alam N.M., Keesstra S.",2017,"Increasing farmer's income and reducing soil erosion using intercropping in rainfed maize-wheat rotation of Himalaya, India","Sharma, N. K., Singh, R. J., Mandal, D., Kumar, A., Alam, N. M., & Keesstra, S. (2017). Increasing farmer’s income and reducing soil erosion using intercropping in rainfed maize-wheat rotation of Himalaya, India. Agriculture, Ecosystems & Environment, 247, 43-53. doi:10.1016/j.agee.2017.06.026","Plot","Experiment (on farm)","India","Asia","LMIC","Synthetic - below threshold","rainfed",13,1.13,1.13,"Non-legume yield only","NA","NA","NA","NA","NA",17.194941911361,1.17194941911361,"1.1719494191136104","NA","NA","NA","Win-Win"
300,546,"Sharma S.K., Singh J.",2014,"Productivity and economics of castor (Ricinus communis) - based intercropping systems under rainfed conditions","Sharma, S. K., & Singh, J. (2014). Productivity and economics of castor (Ricinus communis) - based intercropping systems under rainfed conditions. Indian Journal of Agricultural Sciences, 84(3), 432-435.","Plot","Experiment (research station)","India","Asia","LMIC","Synthetic - below threshold","rainfed",25.92927,1.2592927,1.6237854,"Equivalent yield","NA","NA","NA","0.89480000000000004","NA",522.965313,6.22965313,"6.22965313","NA","NA","NA","Mix-Win"
301,546,"Sharma S.K., Singh J.",2014,"Productivity and economics of castor (Ricinus communis) - based intercropping systems under rainfed conditions","Sharma, S. K., & Singh, J. (2014). Productivity and economics of castor (Ricinus communis) - based intercropping systems under rainfed conditions. Indian Journal of Agricultural Sciences, 84(3), 432-435.","Plot","Experiment (research station)","India","Asia","LMIC","Synthetic - below threshold","rainfed",12.33113,1.1233113,1.3704226,"Equivalent yield","NA","NA","NA","0.87619999999999998","NA",262.222899,3.62222899,"3.62222899","NA","NA","NA","Mix-Win"
302,546,"Sharma S.K., Singh J.",2014,"Productivity and economics of castor (Ricinus communis) - based intercropping systems under rainfed conditions","Sharma, S. K., & Singh, J. (2014). Productivity and economics of castor (Ricinus communis) - based intercropping systems under rainfed conditions. Indian Journal of Agricultural Sciences, 84(3), 432-435.","Plot","Experiment (research station)","India","Asia","LMIC","Synthetic - below threshold","rainfed",6.78165499999999,1.06781655,1.3026331,"Equivalent yield","NA","NA","NA","0.83299999999999996","NA",202.822351,3.02822351,"3.0282235100000001","NA","NA","NA","Mix-Win"
303,546,"Sharma S.K., Singh J.",2014,"Productivity and economics of castor (Ricinus communis) - based intercropping systems under rainfed conditions","Sharma, S. K., & Singh, J. (2014). Productivity and economics of castor (Ricinus communis) - based intercropping systems under rainfed conditions. Indian Journal of Agricultural Sciences, 84(3), 432-435.","Plot","Experiment (research station)","India","Asia","LMIC","Synthetic - below threshold","rainfed",4.00127000000001,1.0400127,1.3273254,"Equivalent yield","NA","NA","NA","0.75270000000000004","NA",223.269276,3.23269276,"3.2326927599999999","NA","NA","NA","Mix-Win"
304,731,"Shivaramu HS, Shivashankar K.",1992,"PERFORMANCE OF SUNFLOWER (HELIANTHUS-ANNUUS) AND SOYBEAN (GLYCINE-MAX) IN INTERCROPPING WITH DIFFERENT PLANT-POPULATIONS AND PLANTING PATTERNS","Shivaramu, H. S., & Shivashankar, K. (1992). PERFORMANCE OF SUNFLOWER (HELIANTHUS-ANNUUS) AND SOYBEAN (GLYCINE-MAX) IN INTERCROPPING WITH DIFFERENT PLANT-POPULATIONS AND PLANTING PATTERNS. Indian Journal of Agronomy, 37(2), 231-236.","Plot","Experiment (research station)","India","Asia","LMIC","Unknown","rainfed",19.7006613296206,1.19700661329621,1.19700661329621,"Cumulative grain yield","NA","NA","NA","NA","NA",44.8672738628277,1.44867273862828,"1.4486727386282774","NA","NA","NA","Win-Win"
306,560,"Singh A., Tanwar S.P.S., Meghwal P.R., Saxena A., Kumar M.",2018,"Assessing productivity and profitability of a rejuvenated ber (Ziziphus mauritiana) based agri-horti system under arid rainfed conditions","Singh, A., Tanwar, S. P. S., Meghwal, P. R., Saxena, A., & Kumar, M. (2018). Assessing productivity and profitability of a rejuvenated ber (Ziziphus mauritiana) based agri-horti system under arid rainfed conditions. Indian Journal of Agricultural Sciences, 88(4), 573-578.","Plot","Experiment (research station)","India","Asia","LMIC","No synthetic","rainfed",26.29045,1.2629045,1.2629045,"Equivalent yield","NA","NA","NA","NA","NA",48.1695063,1.481695063,"1.4816950630000001","NA","NA","NA","Win-Win"
307,563,"Singh B., Dhaka A.K., Kumar S., Singh S., Kumar M.",2017,"Land, biological and economic evaluation of intercropping systems involving barley (Hordeum vulgare), Indian mustard (Brassica juncea) and chickpea (Cicer arietinum) under different spatial arrangements","Singh, B., Dhaka, A. K., Kumar, S., Singh, S., & Kumar, M. (2017). Land, biological and economic evaluation of intercropping systems involving barley (Hordeum vulgare), Indian mustard (Brassica juncea) and chickpea (Cicer arietinum) under different spatial arrangements. Indian Journal of Agronomy, 62(4), 443-450.","Plot","Experiment (research station)","India","Asia","LMIC","Synthetic - below threshold","irrigation",-10.3257103257103,0.896742896742897,0.896742896742897,"Cumulative grain yield","NA","NA","NA","NA","NA",1.73775671406002,1.0173775671406,"1.0173775671406002","NA","NA","NA","Mix-Win"
308,564,"Singh B.B., Ajeigbe H.",2007,"Improved cowpea-cereals-based cropping systems for household food security and poverty reduction in West Africa","Singh, B. B., & Ajeigbe, H. (2007). Improved Cowpea-Cereals-Based Cropping Systems for Household Food Security and Poverty Reduction in West Africa. Journal of Crop Improvement, 19(1-2), 157-172. doi:10.1300/J411v19n01_08","Plot","Experiment (research station)","Nigeria","Africa","LMIC","Synthetic - below threshold","rainfed",-17.892504,0.82107496,0.82107496,"Cumulative grain yield","NA","NA","NA","NA","NA",34.2054691,1.342054691,"1.342054691","NA","NA","NA","Lose-Mix"
309,564,"Singh B.B., Ajeigbe H.",2007,"Improved cowpea-cereals-based cropping systems for household food security and poverty reduction in West Africa","Singh, B. B., & Ajeigbe, H. (2007). Improved Cowpea-Cereals-Based Cropping Systems for Household Food Security and Poverty Reduction in West Africa. Journal of Crop Improvement, 19(1-2), 157-172. doi:10.1300/J411v19n01_09","Plot","Experiment (research station)","Nigeria","Africa","LMIC","Synthetic - below threshold","rainfed",-1.64776800000001,0.98352232,0.98352232,"Cumulative grain yield","NA","NA","NA","NA","NA",65.2636712,1.652636712,"1.6526367120000001","NA","NA","NA","Lose-Mix"
310,564,"Singh B.B., Ajeigbe H.",2007,"Improved cowpea-cereals-based cropping systems for household food security and poverty reduction in West Africa","Singh, B. B., & Ajeigbe, H. (2007). Improved Cowpea-Cereals-Based Cropping Systems for Household Food Security and Poverty Reduction in West Africa. Journal of Crop Improvement, 19(1-2), 157-172. doi:10.1300/J411v19n01_10","Farm","Experiment (on farm)","Nigeria","Africa","LMIC","Synthetic - below threshold","rainfed",6.54641499999999,1.06546415,1.06546415,"Cumulative grain yield","NA","NA","NA","NA","NA",41.5435044,1.415435044,"1.4154350440000001","NA","NA","NA","Win-Win"
311,564,"Singh B.B., Ajeigbe H.",2007,"Improved cowpea-cereals-based cropping systems for household food security and poverty reduction in West Africa","Singh, B. B., & Ajeigbe, H. (2007). Improved Cowpea-Cereals-Based Cropping Systems for Household Food Security and Poverty Reduction in West Africa. Journal of Crop Improvement, 19(1-2), 157-172. doi:10.1300/J411v19n01_11","Farm","Experiment (on farm)","Nigeria","Africa","LMIC","Synthetic - below threshold","rainfed",22.393,1.22393,1.22393,"Cumulative grain yield","NA","NA","NA","NA","NA",128.6728464,2.286728464,"2.2867284639999998","NA","NA","NA","Win-Win"
312,564,"Singh B.B., Ajeigbe H.",2007,"Improved cowpea-cereals-based cropping systems for household food security and poverty reduction in West Africa","Singh, B. B., & Ajeigbe, H. (2007). Improved Cowpea-Cereals-Based Cropping Systems for Household Food Security and Poverty Reduction in West Africa. Journal of Crop Improvement, 19(1-2), 157-172. doi:10.1300/J411v19n01_12","Farm","Experiment (on farm)","Nigeria","Africa","LMIC","Synthetic - below threshold","rainfed",279.435364,3.79435364,3.79435364,"Cumulative grain yield","NA","NA","NA","NA","NA",276.8846784,3.768846784,"3.7688467839999999","NA","Positive","NA","Win-Win"
313,564,"Singh B.B., Ajeigbe H.",2007,"Improved cowpea-cereals-based cropping systems for household food security and poverty reduction in West Africa","Singh, B. B., & Ajeigbe, H. (2007). Improved Cowpea-Cereals-Based Cropping Systems for Household Food Security and Poverty Reduction in West Africa. Journal of Crop Improvement, 19(1-2), 157-172. doi:10.1300/J411v19n01_13","Farm","Experiment (on farm)","Nigeria","Africa","LMIC","Synthetic - below threshold","rainfed",181.400084,2.81400084,2.81400084,"Cumulative grain yield","NA","NA","NA","NA","NA",244.1132347,3.441132347,"3.4411323469999999","NA","Positive","NA","Win-Win"
314,567,"Singh L., Singh J.K., Chand L., Hasan B.",2009,"Productivity, economics and competitive indices of lentil (Lens Culinaris)-based intercropping systems in Kashmir valley","Singh, L., Singh, J. K., Chand, L., & Hasan, B. (2009). Productivity, economics and competitive indices of lentil (Lens Culinaris)-based intercropping systems in Kashmir valley. Indian Journal of Agronomy, 54(3), 291-295.","Plot","Experiment (research station)","India","Asia","LMIC","Synthetic - below threshold","rainfed",15.599173553719,1.15599173553719,1.15599173553719,"Equivalent yield","NA","NA","NA","NA","NA",11.9837385908198,1.1198373859082,"1.2383086515978174","NA","1.0013661202185791","NA","Win-Win"
315,567,"Singh L., Singh J.K., Chand L., Hasan B.",2009,"Productivity, economics and competitive indices of lentil (Lens Culinaris)-based intercropping systems in Kashmir valley","Singh, L., Singh, J. K., Chand, L., & Hasan, B. (2009). Productivity, economics and competitive indices of lentil (Lens Culinaris)-based intercropping systems in Kashmir valley. Indian Journal of Agronomy, 54(3), 291-295.","Plot","Experiment (research station)","India","Asia","LMIC","Synthetic - below threshold","rainfed",36.2573099415205,1.3625730994152,1.3625730994152,"Equivalent yield","NA","NA","NA","NA","NA",23.3382408658124,1.23338240865812,"1.5322175732217573","NA","0.93454724409448997","NA","Mix-Mix"
316,570,"Singh R.J., Ahlawat I.P.S.",2015,"Energy budgeting and carbon footprint of transgenic cotton–wheat production system through peanut intercropping and FYM addition","Singh, R. J., & Ahlawat, I. P. S. (2015). Energy budgeting and carbon footprint of transgenic cotton-wheat production system through peanut intercropping and FYM addition. Environmental Monitoring and Assessment, 187(5), 16. doi:10.1007/s10661-015-4516-4","Plot","Experiment (research station)","India","Asia","LMIC","Synthetic - below threshold","irrigation",11.826,1.11826,1.1596,"Cumulative grain yield","NA","NA","1.0769200000000001","NA","NA",7.12035546666667,1.07120355466667,"1.2637362640000001","NA","0.92194480000000001","1.0279296","Mix-Mix"
317,574,"Singh S.P., Lal S.S.",2013,"Evaluation of different cropping systems for their productivity and sustainability in Madhya Pradesh","Singh, S. P., & Lal, S. S. (2013). Evaluation of different cropping systems for their productivity and sustainability in Madhya Pradesh. Potato Journal, 40(2), 149-154.","Plot","Experiment (research station)","India","Asia","LMIC","Synthetic - below threshold","irrigation",26.3754045307443,1.26375404530744,1.26375404530744,"Equivalent yield","NA","NA","NA","NA","NA",23.5902299,1.235902299,"1.2359022989999999","NA","NA","NA","Win-Win"
318,575,"Singh U., Singh S.R., Saad A.A., Khanday B.A., Singh J.K.",2011,"Yield advantage, reciprosity functions and energy budgeting of lentil (Lens culinaris) + oat (Avena sativa) intercropping under varying row ratio and phosphorus management",NA,"Plot","Experiment (research station)","India","Asia","LMIC","Synthetic - below threshold","rainfed",18.3908045977011,1.18390804597701,1.18390804597701,"Equivalent yield","NA","NA","NA","NA","NA",11.2036153937089,1.11203615393709,"1.2404815742834443","NA","0.98359073359073368","NA","Win-Mix"
319,577,"Singh V.P., Singh V.K.",2001,"Productivity potential and economics of maize (Zea mays) and soybean (Glycine max) intercroping patterns under rainfed low hill or valley situation of Uttaranchal","Singh, U., Singh, S. R., Saad, A. A., Khanday, B. A., & Singh, J. K. (2011). Yield advantage, reciprosity functions and energy budgeting of lentil (Lens culinaris) + oat (Avena sativa) intercropping under varying row ratio and phosphorus management. Indian Journal of Agricultural Sciences, 81(3), 219-225.","Plot","Experiment (research station)","India","Asia","LMIC","Synthetic - below threshold","rainfed",30.5925925925926,1.30592592592593,1.30592592592593,"Equivalent yield","NA","NA","NA","NA","NA",59.5138888888889,1.59513888888889,"1.5951388888888889","NA","NA","NA","Win-Win"
320,583,"Snapp S.S., Blackie M.J., Gilbert R.A., Bezner-Kerr R., Kanyama-Phiri G.Y.",2010,"Biodiversity can support a greener revolution in Africa","Snapp, S. S., Blackie, M. J., Gilbert, R. A., Bezner-Kerr, R., & Kanyama-Phiri, G. Y. (2010). Biodiversity can support a greener revolution in Africa. Proc Natl Acad Sci U S A, 107(48), 20840-20845. doi:10.1073/pnas.1007199107","Plot","Experiment (on farm)","Malawi","Africa","LIC","Synthetic - below threshold","rainfed",-25.491541,0.74508459,0.74508459,"Cumulative grain yield","NA","NA","NA","NA","NA",43.4316354,1.434316354,"1.4343163539999999","NA","NA","NA","Mix-Mix"
321,583,"Snapp S.S., Blackie M.J., Gilbert R.A., Bezner-Kerr R., Kanyama-Phiri G.Y.",2010,"Biodiversity can support a greener revolution in Africa","Snapp, S. S., Blackie, M. J., Gilbert, R. A., Bezner-Kerr, R., & Kanyama-Phiri, G. Y. (2010). Biodiversity can support a greener revolution in Africa. Proc Natl Acad Sci U S A, 107(48), 20840-20845. doi:10.1073/pnas.1007199108","Plot","Experiment (on farm)","Malawi","Africa","LIC","Synthetic - below threshold","rainfed",-14.837677,0.85162323,0.85162323,"Cumulative grain yield","NA","NA","NA","NA","NA",-48.5254692,0.514745308,"0.51474530799999996","NA","NA","NA","Mix-Mix"
322,583,"Snapp S.S., Blackie M.J., Gilbert R.A., Bezner-Kerr R., Kanyama-Phiri G.Y.",2010,"Biodiversity can support a greener revolution in Africa","Snapp, S. S., Blackie, M. J., Gilbert, R. A., Bezner-Kerr, R., & Kanyama-Phiri, G. Y. (2010). Biodiversity can support a greener revolution in Africa. Proc Natl Acad Sci U S A, 107(48), 20840-20845. doi:10.1073/pnas.1007199109","Plot","Experiment (on farm)","Malawi","Africa","LIC","Synthetic - below threshold","rainfed",-3.6123,0.963877,0.963877,"Cumulative grain yield","NA","NA","NA","NA","NA",0,1,"1","NA","NA","NA","Mix-Mix"
323,583,"Snapp S.S., Blackie M.J., Gilbert R.A., Bezner-Kerr R., Kanyama-Phiri G.Y.",2010,"Biodiversity can support a greener revolution in Africa","Snapp, S. S., Blackie, M. J., Gilbert, R. A., Bezner-Kerr, R., & Kanyama-Phiri, G. Y. (2010). Biodiversity can support a greener revolution in Africa. Proc Natl Acad Sci U S A, 107(48), 20840-20845. doi:10.1073/pnas.1007199110","Plot","Experiment (on farm)","Malawi","Africa","LIC","Synthetic - below threshold","rainfed",-10.620347,0.89379653,0.89379653,"Cumulative grain yield","NA","NA","NA","NA","NA",82.111437,1.82111437,"1.8211143700000001","NA","NA","NA","Mix-Win"
324,583,"Snapp S.S., Blackie M.J., Gilbert R.A., Bezner-Kerr R., Kanyama-Phiri G.Y.",2010,"Biodiversity can support a greener revolution in Africa","Snapp, S. S., Blackie, M. J., Gilbert, R. A., Bezner-Kerr, R., & Kanyama-Phiri, G. Y. (2010). Biodiversity can support a greener revolution in Africa. Proc Natl Acad Sci U S A, 107(48), 20840-20845. doi:10.1073/pnas.1007199111","Plot","Experiment (on farm)","Malawi","Africa","LIC","Synthetic - below threshold","rainfed",-15.980149,0.84019851,0.84019851,"Cumulative grain yield","NA","NA","NA","NA","NA",-5.5718475,0.944281525,"0.94428152499999995","NA","NA","NA","Mix-Mix"
325,583,"Snapp S.S., Blackie M.J., Gilbert R.A., Bezner-Kerr R., Kanyama-Phiri G.Y.",2010,"Biodiversity can support a greener revolution in Africa","Snapp, S. S., Blackie, M. J., Gilbert, R. A., Bezner-Kerr, R., & Kanyama-Phiri, G. Y. (2010). Biodiversity can support a greener revolution in Africa. Proc Natl Acad Sci U S A, 107(48), 20840-20845. doi:10.1073/pnas.1007199112","Plot","Experiment (on farm)","Malawi","Africa","LIC","Synthetic - below threshold","rainfed",10.245265,1.10245265,1.10245265,"Cumulative grain yield","NA","NA","NA","NA","NA",185.0241546,2.850241546,"2.8502415459999999","NA","NA","NA","Mix-Win"
326,583,"Snapp S.S., Blackie M.J., Gilbert R.A., Bezner-Kerr R., Kanyama-Phiri G.Y.",2010,"Biodiversity can support a greener revolution in Africa","Snapp, S. S., Blackie, M. J., Gilbert, R. A., Bezner-Kerr, R., & Kanyama-Phiri, G. Y. (2010). Biodiversity can support a greener revolution in Africa. Proc Natl Acad Sci U S A, 107(48), 20840-20845. doi:10.1073/pnas.1007199113","Plot","Experiment (on farm)","Malawi","Africa","LIC","Synthetic - below threshold","rainfed",4.00496699999999,1.04004967,1.04004967,"Cumulative grain yield","NA","NA","NA","NA","NA",61.8357488,1.618357488,"1.618357488","NA","NA","NA","Mix-Mix"
327,583,"Snapp S.S., Blackie M.J., Gilbert R.A., Bezner-Kerr R., Kanyama-Phiri G.Y.",2010,"Biodiversity can support a greener revolution in Africa","Snapp, S. S., Blackie, M. J., Gilbert, R. A., Bezner-Kerr, R., & Kanyama-Phiri, G. Y. (2010). Biodiversity can support a greener revolution in Africa. Proc Natl Acad Sci U S A, 107(48), 20840-20845. doi:10.1073/pnas.1007199114","Plot","Experiment (on farm)","Malawi","Africa","LIC","Synthetic - below threshold","rainfed",-6.8302,0.931698,0.931698,"Cumulative grain yield","NA","NA","NA","NA","NA",132.3671498,2.323671498,"2.3236714979999999","NA","NA","NA","Mix-Mix"
328,582,"Snapp S.S., Grabowski P., Chikowo R., Smith A., Anders E., Sirrine D., Chimonyo V., Bekunda M.",2018,"Maize yield and profitability tradeoffs with social, human and environmental performance: Is sustainable intensification feasible?","Snapp, S. S., Grabowski, P., Chikowo, R., Smith, A., Anders, E., Sirrine, D., . . . Bekunda, M. (2018). Maize yield and profitability tradeoffs with social, human and environmental performance: Is sustainable intensification feasible? Agricultural Systems, 162, 77-88. doi:10.1016/j.agsy.2018.01.012","Plot","Experiment (on farm)","Malawi","Africa","LIC","Synthetic - below threshold","rainfed",199.312147,2.99312147,2.99312147,"Cumulative grain yield","NA","NA","NA","NA","NA",71.6341788333333,1.71634178833333,"3.0251841650000002","1.0217391","NA","1.1021021","Win-Mix"
329,582,"Snapp S.S., Grabowski P., Chikowo R., Smith A., Anders E., Sirrine D., Chimonyo V., Bekunda M.",2018,"Maize yield and profitability tradeoffs with social, human and environmental performance: Is sustainable intensification feasible?","Snapp, S. S., Grabowski, P., Chikowo, R., Smith, A., Anders, E., Sirrine, D., . . . Bekunda, M. (2018). Maize yield and profitability tradeoffs with social, human and environmental performance: Is sustainable intensification feasible? Agricultural Systems, 162, 77-88. doi:10.1016/j.agsy.2018.01.013","Plot","Experiment (on farm)","Malawi","Africa","LIC","Synthetic - below threshold","rainfed",55.517902,1.55517902,1.55517902,"Cumulative grain yield","NA","NA","NA","NA","NA",22.6536246,1.226536246,"1.6188306379999999","1.0217391","NA","1.039039","Win-Mix"
330,582,"Snapp S.S., Grabowski P., Chikowo R., Smith A., Anders E., Sirrine D., Chimonyo V., Bekunda M.",2018,"Maize yield and profitability tradeoffs with social, human and environmental performance: Is sustainable intensification feasible?","Snapp, S. S., Grabowski, P., Chikowo, R., Smith, A., Anders, E., Sirrine, D., . . . Bekunda, M. (2018). Maize yield and profitability tradeoffs with social, human and environmental performance: Is sustainable intensification feasible? Agricultural Systems, 162, 77-88. doi:10.1016/j.agsy.2018.01.014","Plot","Experiment (on farm)","Malawi","Africa","LIC","Synthetic - below threshold","rainfed",173.558914,2.73558914,2.73558914,"Cumulative grain yield","NA","NA","NA","NA","NA",64.2868668666667,1.64286866866667,"2.7621923060000002","1.0643115999999999","NA","1.1021021","Win-Win"
331,582,"Snapp S.S., Grabowski P., Chikowo R., Smith A., Anders E., Sirrine D., Chimonyo V., Bekunda M.",2018,"Maize yield and profitability tradeoffs with social, human and environmental performance: Is sustainable intensification feasible?","Snapp, S. S., Grabowski, P., Chikowo, R., Smith, A., Anders, E., Sirrine, D., . . . Bekunda, M. (2018). Maize yield and profitability tradeoffs with social, human and environmental performance: Is sustainable intensification feasible? Agricultural Systems, 162, 77-88. doi:10.1016/j.agsy.2018.01.015","Plot","Experiment (on farm)","Malawi","Africa","LIC","Synthetic - below threshold","rainfed",82.935376,1.82935376,1.82935376,"Cumulative grain yield","NA","NA","NA","NA","NA",37.4290151333333,1.37429015133333,"2.0195198539999999","1.0643115999999999","NA","1.039039","Win-Win"
332,582,"Snapp S.S., Grabowski P., Chikowo R., Smith A., Anders E., Sirrine D., Chimonyo V., Bekunda M.",2018,"Maize yield and profitability tradeoffs with social, human and environmental performance: Is sustainable intensification feasible?","Snapp, S. S., Grabowski, P., Chikowo, R., Smith, A., Anders, E., Sirrine, D., . . . Bekunda, M. (2018). Maize yield and profitability tradeoffs with social, human and environmental performance: Is sustainable intensification feasible? Agricultural Systems, 162, 77-88. doi:10.1016/j.agsy.2018.01.016","Plot","Experiment (on farm)","Malawi","Africa","LIC","Synthetic - below threshold","rainfed",434.979461,5.34979461,5.34979461,"Cumulative grain yield","NA","NA","NA","NA","NA",179.584387233333,2.79584387233333,"6.0757521170000004","1.2096773999999999","NA","1.1021021","Win-Win"
333,582,"Snapp S.S., Grabowski P., Chikowo R., Smith A., Anders E., Sirrine D., Chimonyo V., Bekunda M.",2018,"Maize yield and profitability tradeoffs with social, human and environmental performance: Is sustainable intensification feasible?","Snapp, S. S., Grabowski, P., Chikowo, R., Smith, A., Anders, E., Sirrine, D., . . . Bekunda, M. (2018). Maize yield and profitability tradeoffs with social, human and environmental performance: Is sustainable intensification feasible? Agricultural Systems, 162, 77-88. doi:10.1016/j.agsy.2018.01.017","Plot","Experiment (on farm)","Malawi","Africa","LIC","Synthetic - below threshold","rainfed",323.51908,4.2351908,4.2351908,"Cumulative grain yield","NA","NA","NA","NA","NA",166.110758766667,2.66110758766667,"5.7346063630000002","1.2096773999999999","NA","1.039039","Win-Win"
335,589,"Soriano J.B., Wani S.P., Rao A.N., Hanumanthappa A.K., Gowda J.A.C., Rathore A.",2017,"On-farm evaluation of dry-seeded rice cultivars and cropping systems in the semi-arid region of India","Soriano, J. B., Wani, S. P., Rao, A. N., Hanumanthappa, A. K., Gowda, J. A. C., & Rathore, A. (2017). On-farm evaluation of dry-seeded rice cultivars and cropping systems in the semi-arid region of India. Philippine Journal of Science, 146(3), 223-235.","Field","Experiment (on farm)","India","Asia","LMIC","Synthetic - below threshold","irrigation",28.12729,1.2812729,1.2812729,"Cumulative grain yield","NA","NA","NA","NA","NA",33.843085,1.33843085,"1.3384308499999999","NA","Negative","Negative","Win-Mix"
336,589,"Soriano J.B., Wani S.P., Rao A.N., Hanumanthappa A.K., Gowda J.A.C., Rathore A.",2017,"On-farm evaluation of dry-seeded rice cultivars and cropping systems in the semi-arid region of India","Soriano, J. B., Wani, S. P., Rao, A. N., Hanumanthappa, A. K., Gowda, J. A. C., & Rathore, A. (2017). On-farm evaluation of dry-seeded rice cultivars and cropping systems in the semi-arid region of India. Philippine Journal of Science, 146(3), 223-235.","Field","Experiment (on farm)","India","Asia","LMIC","Synthetic - below threshold","irrigation",12.49313,1.1249313,1.1249313,"Cumulative grain yield","NA","NA","NA","NA","NA",26.795213,1.26795213,"1.2679521300000001","NA","Negative","Negative","Win-Mix"
337,727,"Suhi AA, Mia S, Khanam S, et al",2022,"How Does Maize-Cowpea Intercropping Maximize Land Use and Economic Return? A Field Trial in Bangladesh","Suhi, A. A., Mia, S., Khanam, S., Mithu, M. H., Uddin, M. K., Muktadir, M. A., . . . Jindo, K. (2022). How Does Maize-Cowpea Intercropping Maximize Land Use and Economic Return? A Field Trial in Bangladesh. Land, 11(4), 18. doi:10.3390/land11040581","Plot","Experiment (research station)","Bangladesh","Asia","LMIC","Synthetic - below threshold","irrigation",-6.3153961136024,0.936846038863976,0.936846038863976,"Equivalent yield","NA","NA","NA","NA","NA",12.4595938105716,1.12459593810572,"1.1958743406664094","1.0533175355450237","NA","NA","Lose-Win"
338,726,"Sun T, Feng XM, Lal R, et al",2021,"Crop diversification practice faces a tradeoff between increasing productivity and reducing carbon footprints","Sun, T., Feng, X. M., Lal, R., Cao, T. H., Guo, J. R., Deng, A. X., . . . Zhang, W. J. (2021). Crop diversification practice faces a tradeoff between increasing productivity and reducing carbon footprints. Agriculture Ecosystems & Environment, 321, 10. doi:10.1016/j.agee.2021.107614","Plot","Experiment (research station)","China","Asia","UMIC","Synthetic - below threshold","rainfed",-5.30221201028974,0.946977879897103,0.946977879897103,"Equivalent yield","NA","NA","NA","NA","NA",7.26062748306884,1.07260627483069,"1.048170586520152","1.0970419631412249","NA","NA","Mix-Win"
339,726,"Sun T, Feng XM, Lal R, et al",2021,"Crop diversification practice faces a tradeoff between increasing productivity and reducing carbon footprints","Sun, T., Feng, X. M., Lal, R., Cao, T. H., Guo, J. R., Deng, A. X., . . . Zhang, W. J. (2021). Crop diversification practice faces a tradeoff between increasing productivity and reducing carbon footprints. Agriculture Ecosystems & Environment, 321, 10. doi:10.1016/j.agee.2021.107615","Plot","Experiment (research station)","China","Asia","UMIC","Synthetic - below threshold","rainfed",-3.87538499177932,0.961246150082207,0.961246150082207,"Equivalent yield","NA","NA","NA","NA","NA",10.3791362166154,1.10379136216615,"1.0743670884505532","1.1332156358817556","NA","NA","Mix-Win"
340,599,"Syafruddin, Suwardi",2020,"Intercropping of maize-mungbean to increase the farmer's income","Syafruddin, S. (2020). Intercropping of maize-mungbean to increase the farmer's income. Paper presented at the IOP Conf. Series: Earth and Environmental Science.","Plot","Experiment (research station)","Indonesia","Asia","LMIC","Synthetic - below threshold","rainfed",40.6928214,1.406928214,1.406928214,"Equivalent yield","NA","NA","NA","NA","NA",53.33469,1.5333469,"1.5333469","NA","Negative","Negative","Win-Mix"
341,609,"Telkar S.G., Singh A.K.",2018,"Productivity, profitability and soil biochemical properties in maize (Zea mays) and soybean (Glycine max) intercropping as influenced by population proportion of component crops","Telkar, S. G., & Singh, A. K. (2018). Productivity, profitability and soil biochemical properties in maize (Zea mays) and soybean (Glycine max) intercropping as influenced by population proportion of component crops. Indian Journal of Agricultural Sciences, 88(3), 458-462.","Plot","Experiment (research station)","India","Asia","LMIC","Synthetic - below threshold","rainfed",-3.044872,0.96955128,0.96955128,"Cumulative grain yield","NA","NA","NA","NA","NA",19.381839,1.19381839,"1.1938183899999999","NA","Negative","Negative","Mix-Mix"
342,725,"Temeche D, Getachew E, Hailu G, Abebe A",2022,"Effect of Sorghum-Mung Bean Intercropping on Sorghum-Based Cropping System in the Lowlands of North Shewa, Ethiopia","Temeche, D., Getachew, E., Hailu, G., & Abebe, A. (2022). Effect of Sorghum-Mung Bean Intercropping on Sorghum-Based Cropping System in the Lowlands of North Shewa, Ethiopia. Advances in Agriculture, 2022, 7. doi:10.1155/2022/6987871","Farm","Experiment (on farm)","Ethiopia","Africa","LIC","Synthetic - below threshold","rainfed",-6.0825892857143,0.939174107142857,0.939174107142857,"Cumulative grain yield","NA","NA","NA","NA","NA",7.49866095340117,1.07498660953401,"1.0749866095340117","NA","NA","NA","Lose-Win"
343,613,"Tetarwal J.P., Rana K.S.",2006,"Impact of cropping system, fertility level and moisture-conservation practice on productivity, nutrient uptake, water use and profitability of pearlmillet (Pennisetum glaucum) under rainfed conditions","Tetarwal, J. P., & Rana, K. S. (2006). Impact of cropping system, fertility level and moisture-conservation practice on productivity, nutrient uptake, water use and profitability of pearlmillet (Pennisetum glaucum) under rainfed conditions. Indian Journal of Agronomy, 51(4), 263-266.","Plot","Experiment (research station)","India","Asia","LMIC","Synthetic - below threshold","rainfed",11.2781954887218,1.11278195488722,1.11278195488722,"Equivalent yield","NA","NA","NA","NA","NA",12.0101645044804,1.1201016450448,"1.120101645044804","NA","NA","NA","Mix-Win"
346,618,"Thomas G.A., Dalal R.C., Weston E.J., King A.J., Holmes C.J., Orange D.N., Lehane K.J.",2011,"Crop rotations for sustainable grain production on a vertisol in the semi-arid subtropics","Thomas, G. A., Dalal, R. C., Weston, E. J., King, A. J., Holmes, C. J., Orange, D. N., & Lehane, K. J. (2010). Crop Rotations for Sustainable Grain Production on a Vertisol in the Semi-Arid Subtropics. Journal of Sustainable Agriculture, 35(1), 2-26. doi:10.1080/10440046.2011.530195","Plot","Experiment (on farm)","Australia","Australia","HIC","Synthetic - below threshold","rainfed",16.259274,1.16259274,1.16259274,"Cumulative grain yield","NA","NA","NA","NA","NA",137.6328502,2.376328502,"2.3763285019999998","NA","NA","NA","Mix-Win"
347,622,"Tonitto C., Ricker-Gilbert J.E.",2016,"Nutrient management in African sorghum cropping systems: applying meta-analysis to assess yield and profitability","Tonitto, C., & Ricker-Gilbert, J. E. (2016). Nutrient management in African sorghum cropping systems: applying meta-analysis to assess yield and profitability. Agronomy for Sustainable Development, 36(1), 1-19. doi:10.1007/s13593-015-0336-8","Farm","Review (meta-analysis) of experiments","Burkina Faso","Africa","LIC","Unknown","rainfed",-56.25,0.4375,0.4375,"Non-legume yield only","NA","NA","NA","NA","NA",53.6842105263158,1.53684210526316,"1.5368421052631578","NA","NA","NA","Lose-Win"
348,622,"Tonitto C., Ricker-Gilbert J.E.",2016,"Nutrient management in African sorghum cropping systems: applying meta-analysis to assess yield and profitability","Tonitto, C., & Ricker-Gilbert, J. E. (2016). Nutrient management in African sorghum cropping systems: applying meta-analysis to assess yield and profitability. Agronomy for Sustainable Development, 36(1), 1-19. doi:10.1007/s13593-015-0336-9","Farm","Review (meta-analysis) of experiments","Ethiopia","Africa","LIC","Unknown","rainfed",-32.0512820512821,0.67948717948718,0.67948717948718,"Non-legume yield only","NA","NA","NA","NA","NA",235.616438356164,3.35616438356164,"3.3561643835616439","NA","NA","NA","Lose-Win"
349,622,"Tonitto C., Ricker-Gilbert J.E.",2016,"Nutrient management in African sorghum cropping systems: applying meta-analysis to assess yield and profitability","Tonitto, C., & Ricker-Gilbert, J. E. (2016). Nutrient management in African sorghum cropping systems: applying meta-analysis to assess yield and profitability. Agronomy for Sustainable Development, 36(1), 1-19. doi:10.1007/s13593-015-0336-10","Farm","Review (meta-analysis) of experiments","Zimbabwe","Africa","LMIC","Unknown","rainfed",-49.5689655172414,0.504310344827586,0.504310344827586,"Non-legume yield only","NA","NA","NA","NA","NA",592.105263157895,6.92105263157895,"6.9210526315789478","NA","NA","NA","Lose-Win"
350,622,"Tonitto C., Ricker-Gilbert J.E.",2016,"Nutrient management in African sorghum cropping systems: applying meta-analysis to assess yield and profitability","Tonitto, C., & Ricker-Gilbert, J. E. (2016). Nutrient management in African sorghum cropping systems: applying meta-analysis to assess yield and profitability. Agronomy for Sustainable Development, 36(1), 1-19. doi:10.1007/s13593-015-0336-11","Farm","Review (meta-analysis) of experiments","Burkina Faso","Africa","LIC","Unknown","rainfed",-38.8888888888889,0.611111111111111,0.611111111111111,"Non-legume yield only","NA","NA","NA","NA","NA",-20,0.8,"0.8","NA","NA","NA","Lose-Lose"
351,622,"Tonitto C., Ricker-Gilbert J.E.",2016,"Nutrient management in African sorghum cropping systems: applying meta-analysis to assess yield and profitability","Tonitto, C., & Ricker-Gilbert, J. E. (2016). Nutrient management in African sorghum cropping systems: applying meta-analysis to assess yield and profitability. Agronomy for Sustainable Development, 36(1), 1-19. doi:10.1007/s13593-015-0336-12","Farm","Review (meta-analysis) of experiments","Ethiopia","Africa","LIC","Unknown","rainfed",-38.4615384615385,0.615384615384615,0.615384615384615,"Non-legume yield only","NA","NA","NA","NA","NA",-17.8082191780822,0.821917808219178,"0.82191780821917804","NA","NA","NA","Lose-Lose"
352,622,"Tonitto C., Ricker-Gilbert J.E.",2016,"Nutrient management in African sorghum cropping systems: applying meta-analysis to assess yield and profitability","Tonitto, C., & Ricker-Gilbert, J. E. (2016). Nutrient management in African sorghum cropping systems: applying meta-analysis to assess yield and profitability. Agronomy for Sustainable Development, 36(1), 1-19. doi:10.1007/s13593-015-0336-13","Farm","Review (meta-analysis) of experiments","Zimbabwe","Africa","LMIC","Unknown","rainfed",-39.6551724137931,0.603448275862069,0.603448275862069,"Non-legume yield only","NA","NA","NA","NA","NA",42.1052631578947,1.42105263157895,"1.4210526315789473","NA","NA","NA","Lose-Win"
353,626,"Tripathi S.C., Singh R.P.",2008,"Effect of crop diversification on productivity and profitability of rice (Oryza sativa) - Wheat (triticum aestivum) cropping system","Tripathi, S. C., & Singh, R. P. (2008). Effect of crop diversification on productivity and profitability of rice (Oryza sativa) - Wheat (triticum aestivum) cropping system. Indian Journal of Agronomy, 53(1), 27-31.","Plot","Experiment (research station)","India","Asia","LMIC","Synthetic - below threshold","irrigation",2.84995808885162,1.02849958088852,1.02849958088852,"Equivalent yield","NA","NA","NA","NA","NA",34.4262295081967,1.34426229508197,"1.3442622950819672","NA","NA","NA","Win-Win"
354,626,"Tripathi S.C., Singh R.P.",2008,"Effect of crop diversification on productivity and profitability of rice (Oryza sativa) - Wheat (triticum aestivum) cropping system","Tripathi, S. C., & Singh, R. P. (2008). Effect of crop diversification on productivity and profitability of rice (Oryza sativa) - Wheat (triticum aestivum) cropping system. Indian Journal of Agronomy, 53(1), 27-31.","Plot","Experiment (research station)","India","Asia","LMIC","Synthetic - below threshold","irrigation",27.9128248113998,1.279128248114,1.279128248114,"Equivalent yield","NA","NA","NA","NA","NA",38.9344262295082,1.38934426229508,"1.389344262295082","NA","NA","NA","Win-Win"
355,631,"ul Haq M.I., Ahmad R., Jabbar A., Khalid M.",2018,"The effect of different planting techniques on productivity and profitability of barley-lentil intercrops under semi-arid subtropical climate","ul Haq, M. I., Ahmad, R., Jabbar, A., & Khalid, M. (2018). The effect of different planting techniques on productivity and profitability of barley-lentil intercrops under semi-arid subtropical climate. International Journal of Agriculture and Biology, 20(11), 2437-2445. doi:10.17957/IJAB/15.0787","Plot","Experiment (research station)","Pakistan","Asia","LMIC","Synthetic - below threshold","irrigation",13.89157,1.1389157,1.1389157,"Cumulative grain yield","NA","NA","NA","NA","NA",217.7909763,3.177909763,"3.1779097630000002","NA","Negative","Negative","Win-Mix"
357,647,"Wade M.K., Sanchez P.A.",1984,"Productive potential of an annual intercropping scheme in the Amazon","Wade, M. K., & Sanchez, P. A. (1984). Productive potential of an annual intercropping scheme in the Amazon. Field Crops Research, 9(C), 253-263. doi:10.1016/0378-4290(84)90030-3","Plot","Experiment (on farm)","Peru","South America","UMIC","Synthetic - below threshold","rainfed",-27.027483,0.72972517,0.72972517,"Cumulative grain yield","NA","NA","NA","NA","NA",28.7509239,1.287509239,"1.287509239","Positive","NA","NA","Mix-Win"
358,647,"Wade M.K., Sanchez P.A.",1984,"Productive potential of an annual intercropping scheme in the Amazon","Wade, M. K., & Sanchez, P. A. (1984). Productive potential of an annual intercropping scheme in the Amazon. Field Crops Research, 9(C), 253-263. doi:10.1016/0378-4290(84)90030-4","Plot","Experiment (on farm)","Peru","South America","UMIC","Synthetic - below threshold","rainfed",-30.489355,0.69510645,0.69510645,"Cumulative grain yield","NA","NA","NA","NA","NA",78.0776846846847,1.78077684684685,"1.7807768468468466","Positive","NA","NA","Mix-Win"
359,720,"Walburger AM, McKenzie RH, Seward K, Ulrich K",2004,"The economics of sustainable agriculture alternatives on the semiarid Canadian prairies: The case for legumes and organic amendments","Walburger, A. M., McKenzie, R. H., Seward, K., & Ulrich, K. (2004). The economics of sustainable agriculture alternatives on the semiarid Canadian prairies: The case for legumes and organic amendments. Journal of Sustainable Agriculture, 24(3), 51-69. doi:10.1300/J064v24n03_05","Plot","Experiment (research station)","Canada","North America","HIC","Synthetic - below threshold","rainfed",44.3045262969434,1.44304526296943,1.44304526296943,"Cumulative grain yield","NA","NA","NA","NA","NA",9.93288716807863,1.09932887168079,"1.2362774902324212","Positive","0.96238025312915143","NA","Win-Mix"
360,666,"Workayehu T., Wortmann C.S.",2011,"Maize-bean intercrop weed suppression and profitability in Southern Ethiopia","Workayehu, T., & Wortmann, C. S. (2011). Maize-Bean Intercrop Weed Suppression and Profitability in Southern Ethiopia. Agronomy Journal, 103(4), 1058-1063. doi:10.2134/agronj2010.0493","Plot","Experiment (research station)","Ethiopia","Africa","LIC","Synthetic - below threshold","rainfed",3.06671700000001,1.03066717,1.03066717,"Cumulative grain yield","NA","NA","NA","NA","NA",10.4110539,1.104110539,"1.1041105389999999","Positive","NA","NA","Mix-Win"
361,668,"Worku W., Temeche D., Gossa R., Abate B.",2021,"Agronomic management options to enhance adoption of maize–common bean–common bean sequential intercropping in southern Ethiopia","Worku, W., Temeche, D., Gossa, R., & Abate, B. (2021). Agronomic management options to enhance adoption of maize–common bean–common bean sequential intercropping in southern Ethiopia. Journal of Crop Science and Biotechnology, 24(3), 307-318. doi:10.1007/s12892-020-00078-x","Plot","Experiment (research station)","Ethiopia","Africa","LIC","Synthetic - below threshold","rainfed",25.403226,1.25403226,1.25403226,"Cumulative grain yield","NA","NA","NA","NA","NA",30,1.3,"1.3","NA","NA","Negative","Win-Mix"
362,671,"Xing H., Liu D.L., Li G., Wang B., Anwar M.R., Crean J., Lines-Kelly R., Yu Q.",2017,"Incorporating grain legumes in cereal-based cropping systems to improve profitability in southern New South Wales, Australia","Xing, H., Liu, D. L., Li, G., Wang, B., Anwar, M. R., Crean, J., . . . Yu, Q. (2017). Incorporating grain legumes in cereal-based cropping systems to improve profitability in southern New South Wales, Australia. Agricultural Systems, 154, 112-123. doi:10.1016/j.agsy.2017.03.010","Plot","Experiment (on farm)","Australia","Australia","HIC","Synthetic - below threshold","rainfed",65.07051,1.6507051,1.6507051,"Non-legume yield only","NA","NA","NA","NA","NA",23.4022722,1.234022722,"1.234022722","NA","NA","NA","Win-Win"
363,671,"Xing H., Liu D.L., Li G., Wang B., Anwar M.R., Crean J., Lines-Kelly R., Yu Q.",2017,"Incorporating grain legumes in cereal-based cropping systems to improve profitability in southern New South Wales, Australia","Xing, H., Liu, D. L., Li, G., Wang, B., Anwar, M. R., Crean, J., . . . Yu, Q. (2017). Incorporating grain legumes in cereal-based cropping systems to improve profitability in southern New South Wales, Australia. Agricultural Systems, 154, 112-123. doi:10.1016/j.agsy.2017.03.011","Plot","Experiment (on farm)","Australia","Australia","HIC","Synthetic - below threshold","rainfed",54.60772,1.5460772,1.5460772,"Non-legume yield only","NA","NA","NA","NA","NA",17.0261858,1.170261858,"1.1702618579999999","NA","NA","NA","Win-Win"
364,673,"Yadav M.R., Parihar C.M., Jat S.L., Singh A.K., Kumar R., Yadav R.K., Kuri B.R., Parihar M.D., Yadav B., Verma A.P., Jat M.L.",2017,"Long term effect of legume intensified crop rotations and tillage practices on productivity and profitability of maize vis-a-vis soil fertility in North-Western Indo-Gangetic Plains of India","Yadav, M. R., Parihar, C. M., Jat, S. L., Singh, A. K., Kumar, R., Yadav, R. K., . . . Jat, M. L. (2017). Long term effect of legume intensified crop rotations and tillage practices on productivity and profitability of maize vis-a-vis soil fertility in North-Western Indo-Gangetic Plains of India. Legume Research, 40(2), 282-290. doi:10.18805/1r.v0i0.7583","Plot","Experiment (research station)","India","Asia","LMIC","Synthetic - below threshold","irrigation",12.441717791411,1.12441717791411,1.12441717791411,"Non-legume yield only","NA","NA","NA","NA","NA",20.8431857265692,1.20843185726569,"1.2084318572656922","NA","Negative","NA","Win-Mix"
365,676,"Yamoah C.F., Varvel G.E., Francis C.A., Waltman W.J.",1998,"Weather and management impact on crop yield variability in rotations","Yamoah, C. F., Francis, C. A., Varvel, G. E., & Waltman, W. J. (1998). Weather and Management Impact on Crop Yield Variability in Rotations. Journal of Production Agriculture, 11(2), 219-225. doi:10.2134/jpa1998.0219","Plot","Experiment (on farm)","USA","North America","HIC","Synthetic - below threshold","rainfed",61.9047619047619,1.61904761904762,1.61904761904762,"Non-legume yield only","NA","NA","NA","NA","NA",-30.2325581395349,0.697674418604651,"NA","0.69767441860465118","NA","NA","Win-Lose"
366,676,"Yamoah C.F., Varvel G.E., Francis C.A., Waltman W.J.",1998,"Weather and management impact on crop yield variability in rotations","Yamoah, C. F., Francis, C. A., Varvel, G. E., & Waltman, W. J. (1998). Weather and Management Impact on Crop Yield Variability in Rotations. Journal of Production Agriculture, 11(2), 219-225. doi:10.2134/jpa1998.0220","Plot","Experiment (on farm)","USA","North America","HIC","Synthetic - below threshold","rainfed",78,1.78,1.78,"Non-legume yield only","NA","NA","NA","NA","NA",-2.04081632653061,0.979591836734694,"NA","0.97959183673469385","NA","NA","Win-Lose"
367,715,"Yang CH, Fan ZL, Chai Q",2018,"Agronomic and Economic Benefits of Pea/Maize Intercropping Systems in Relation to N Fertilizer and Maize Density","Yang, C. H., Fan, Z. L., & Chai, Q. (2018). Agronomic and Economic Benefits of Pea/Maize Intercropping Systems in Relation to N Fertilizer and Maize Density. Agronomy-Basel, 8(4), 14. doi:10.3390/agronomy8040052","Plot","Experiment (research station)","China","Asia","UMIC","Synthetic - above threshold","irrigation",2.41163693600681,1.02411636936007,1.02411636936007,"Cumulative grain yield","NA","NA","NA","NA","NA",0.792505424244161,1.00792505424244,"1.0319950651483787","1.0023310940619468","NA","0.98944900351699894","Win-Mix"
368,682,"Yang X., Chen Y., Pacenka S., Gao W., Ma L., Wang G., Yan P., Sui P., Steenhuis T.S.",2015,"Effect of diversified crop rotations on groundwater levels and crop water productivity in the North China Plain","Yang, X., Chen, Y., Pacenka, S., Gao, W., Ma, L., Wang, G., . . . Steenhuis, T. S. (2015). Effect of diversified crop rotations on groundwater levels and crop water productivity in the North China Plain. Journal of Hydrology, 522, 428-438. doi:10.1016/j.jhydrol.2015.01.010","Plot","Experiment (on farm)","China","Asia","UMIC","Synthetic - below threshold","irrigation",32.2192710638926,1.32219271063893,1.32219271063893,"Cumulative grain yield","NA","NA","NA","NA","NA",15.7277332961149,1.15727733296115,"1.1572773329611494","NA","Positive","NA","Win-Win"
369,711,"Zentner RP, Campbell CA, Selles F, et al",2007,"Economics of spring wheat production systems using conventional tillage management in the Brown soil zone - Revisited","Zentner, R. P., Wall, D. D., Nagy, C. N., Smith, E. G., Young, D. L., Miller, P. R., . . . Derksen, D. A. (2002). Economics of crop diversification and soil tillage opportunities in the Canadian prairies. Agronomy Journal, 94(2), 216-230. doi:10.2134/agronj2002.0220","Plot","Experiment (research station)","Canada","North America","HIC","Synthetic - below threshold","rainfed",61.8681318681319,1.61868131868132,1.61868131868132,"Cumulative grain yield","NA","NA","NA","NA","NA",89.795918367347,1.89795918367347,"1.8979591836734695","NA","Negative","NA","Win-Mix"
370,710,"Zentner RP, Wall DD, Nagy CN, et al",2002,"Economics of crop diversification and soil tillage opportunities in the Canadian prairies","Zentner, R. P., Wall, D. D., Nagy, C. N., Smith, E. G., Young, D. L., Miller, P. R., . . . Derksen, D. A. (2002). Economics of crop diversification and soil tillage opportunities in the Canadian prairies. Agronomy Journal, 94(2), 216-230. doi:10.2134/agronj2002.0216","Farm","Experiment (on farm)","Canada","North America","HIC","Unknown","rainfed",14.307495341999,1.14307495341999,1.14307495341999,"Non-legume yield only","NA","NA","NA","NA","NA",263.283475783476,3.63283475783476,"3.632834757834758","NA","NA","NA","Win-Win"
371,710,"Zentner RP, Wall DD, Nagy CN, et al",2002,"Economics of crop diversification and soil tillage opportunities in the Canadian prairies","Zentner, R. P., Wall, D. D., Nagy, C. N., Smith, E. G., Young, D. L., Miller, P. R., . . . Derksen, D. A. (2002). Economics of crop diversification and soil tillage opportunities in the Canadian prairies. Agronomy Journal, 94(2), 216-230. doi:10.2134/agronj2002.0217","Farm","Experiment (on farm)","Canada","North America","HIC","Unknown","rainfed",15.8089140879355,1.15808914087936,1.15808914087936,"Non-legume yield only","NA","NA","NA","NA","NA",107.478632478632,2.07478632478632,"2.074786324786325","NA","NA","NA","Win-Win"
372,710,"Zentner RP, Wall DD, Nagy CN, et al",2002,"Economics of crop diversification and soil tillage opportunities in the Canadian prairies","Zentner, R. P., Wall, D. D., Nagy, C. N., Smith, E. G., Young, D. L., Miller, P. R., . . . Derksen, D. A. (2002). Economics of crop diversification and soil tillage opportunities in the Canadian prairies. Agronomy Journal, 94(2), 216-230. doi:10.2134/agronj2002.0218","Farm","Experiment (on farm)","Canada","North America","HIC","Unknown","rainfed",12.8659184130871,1.12865918413087,1.12865918413087,"Non-legume yield only","NA","NA","NA","NA","NA",239.74358974359,3.3974358974359,"3.3974358974358974","NA","NA","NA","Win-Win"
373,710,"Zentner RP, Wall DD, Nagy CN, et al",2002,"Economics of crop diversification and soil tillage opportunities in the Canadian prairies","Zentner, R. P., Wall, D. D., Nagy, C. N., Smith, E. G., Young, D. L., Miller, P. R., . . . Derksen, D. A. (2002). Economics of crop diversification and soil tillage opportunities in the Canadian prairies. Agronomy Journal, 94(2), 216-230. doi:10.2134/agronj2002.0219","Farm","Experiment (on farm)","Canada","North America","HIC","Unknown","rainfed",-15.4077284860743,0.845922715139257,0.845922715139257,"Non-legume yield only","NA","NA","NA","NA","NA",22.1690590111643,1.22169059011164,"1.2216905901116426","NA","NA","NA","Lose-Win"
374,709,"Zhang X, Chen T, Qi YK, et al",2022,"Optimization of Rice-Based Double-Cropping System with Conservation Practice Mitigates Carbon Emission While Ensuring Profitability","Zhang, X., Chen, T., Qi, Y. K., Yang, R. P., Deng, A. X., Wang, T. S., . . . Zhang, W. J. (2022). Optimization of Rice-Based Double-Cropping System with Conservation Practice Mitigates Carbon Emission While Ensuring Profitability. Agronomy-Basel, 12(4), 13. doi:10.3390/agronomy12040924","Plot","Experiment (research station)","China","Asia","UMIC","Synthetic - below threshold","rainfed",3.49341455014465,1.03493414550145,1.03451475564936,"Non-legume yield only","NA","NA","NA","1.0353535353535352","NA",351.338582677165,4.51338582677165,"4.5133858267716533","NA","NA","NA","Mix-Win"
375,708,"Zhao Y, Wang L, Lei X, et al",2021,"Reducing carbon footprint without compromising grain security through relaxing cropping rotation system in the North China Plain","Zhao, Y. X., Wang, L., Lei, X. Y., Wang, B., Cui, J. X., Xu, Y. N., . . . Sui, P. (2021). Reducing carbon footprint without compromising grain security through relaxing cropping rotation system in the North China Plain. Journal of Cleaner Production, 318, 11. doi:10.1016/j.jclepro.2021.128465","Plot","Experiment (research station)","China","Asia","UMIC","Synthetic - above threshold","rainfed",3.90261367704976,1.0390261367705,1.0390261367705,"Cumulative grain yield","NA","NA","NA","NA","NA",63.5838150289017,1.63583815028902,"1.6358381502890174","NA","NA","NA","Mix-Win"
376,708,"Zhao Y, Wang L, Lei X, et al",2021,"Reducing carbon footprint without compromising grain security through relaxing cropping rotation system in the North China Plain","Zhao, Y. X., Wang, L., Lei, X. Y., Wang, B., Cui, J. X., Xu, Y. N., . . . Sui, P. (2021). Reducing carbon footprint without compromising grain security through relaxing cropping rotation system in the North China Plain. Journal of Cleaner Production, 318, 11. doi:10.1016/j.jclepro.2021.128466","Plot","Experiment (research station)","China","Asia","UMIC","Synthetic - above threshold","rainfed",3.23422013562857,1.03234220135629,1.03234220135629,"Cumulative grain yield","NA","NA","NA","NA","NA",177.966101694915,2.77966101694915,"2.7796610169491527","NA","NA","NA","Mix-Win"
377,707,"Zingore S, Murwira HK, Delve RJ, Giller KE",2008,"Variable grain legume yields, responses to phosphorus and rotational effects on maize across soil fertility gradients on African smallholder farms","Zingore, S., Murwira, H. K., Delve, R. J., & Giller, K. E. (2008). Variable grain legume yields, responses to phosphorus and rotational effects on maize across soil fertility gradients on African smallholder farms. Nutrient Cycling in Agroecosystems, 80(1), 1-18. doi:10.1007/s10705-007-9117-3","Farm","Experiment (on farm)","Zimbabwe","Africa","LMIC","Synthetic - below threshold","rainfed",133.1208257,2.331208257,2.331208257,"Cumulative grain yield","NA","NA","NA","NA","NA",43.0123456790123,1.43012345679012,"1.4301234567901233","NA","NA","NA","Win-Win"
