uniqueID,StudyID_IDALL,Authors,Year,Title,Citation,Unit of analysis,Data type,data.collection,Setting Type,Time period,Time scale (years),Total treatments (including controls),Number of intercrop or rotation treatments including grain legumes (not sole legumes),Number of nonintercrop or non rotation treatments not including grain legumes (including sole-cropping controls),Total number of replicates per treatment,Number of study regions/sites,time.simpl,replicates.simp,Are the authors studying/identifying legume introduction intensification as the main source of ES change?,Are the authors studying/identifying legume introduction as the main source of wellbeing change?,What other drivers are identified as key to ES or well-being change?,Case_countries,Regional_groupings,Regional_groupings_ID,"Subnational 
 case area (specify province/region)",Continent,WorldBank National Income Group,Latitude_Decimal_Degrees_N,Longitude (Decimal Degrees) E,Is intensification defined?,Authors' intensification definition,Study design,Intensification actors,Actors.categories,Type of land use intensification described,Simplified cropping system,Intensification type: Crop Change/Addition,Intensification type: Increased Rows/Strip width,Intensification type: Increased rotations,Spatial arrangement of intercropping,Other agro-ecological innovations,Recoded other agro-ecological innovations - Primary ,Recoded other agro-ecological innovations - Secondary,Food system classification ,Non-legume main crop,Legume_category,Grain legume product: Chickpea,Grain legume product: Cowpea,Grain legume product: Groundnut,Grain legume product: Lentil,Grain legume product: Mung bean,Grain legume product: Pigeonpea,Grain legume product: Faba Bean,Grain legume product: Common Bean,Grain legume product: Soybean,Grain legume product: Pea,Grain legume product: Grain legumes (unspecified/other),Other products not target of intensification,"Mineral Fertiliser
 N–P2O5–K2O kgha?1",Synthetic fertiliser category,Water source,Prov_services_average_percent_transf,Prov_services_average,Yield,Freshwater,Fuelwood,Fiber,Biochemicals,Genetic_resources,Econ_wellbeing_average_percent_transf,Econ_wellbeing_average,Profit,Financial_security,Physical_capital,Savings_labour_cost,Combined ecological-social outcome,Is the intensification (according to authors) causing changes in demand/ preferences for certain ES?,"If intensification is leading to changed demands, specify whose demand and which ES",IF Yes to changed demands: Are the changes disaggregated by different groups?,"If disaggregated by different groups, specify categorization (e.g. rich/poor, men/women, land-owners/labourers, other)","If disaggregated by groups, specify for which ES/ wellbeing aspects the results are disaggregated","If disaggregated by groups, specify the reported difference","Trade-offs mentioned between 1) different ES, 2) different wellbeing aspects, or 3) ES and wellbeing",General factors enabling adoption,General factors constraining adoption,Factors identified as enabling ecosystem services,Factors identified as constraining ecosystem services,Factors identified as enabling well being,Factors identified as constraining well being,Notes,Documentation of methods of data extraction,Secondary reference,Study spatial design (do they have enough replicates?),Study temporal design (do they collect data over multiple points in time?),Confounding variables (Were baseline characteristics of the intervention comparable with the control or were potential confounders at baseline approximately adjusted for in analysis?),Reporting,Risk of bias,Tools for assessment (Were valid and reliable tools used to assess  outcomes?),Sum.Quality
346,618,"Thomas G.A., Dalal R.C., Weston E.J., King A.J., Holmes C.J., Orange D.N., Lehane K.J.",2011,Crop rotations for sustainable grain production on a vertisol in the semi-arid subtropics,"Thomas, G. A., Dalal, R. C., Weston, E. J., King, A. J., Holmes, C. J., Orange, D. N., & Lehane, K. J. (2010). Crop Rotations for Sustainable Grain Production on a Vertisol in the Semi-Arid Subtropics. Journal of Sustainable Agriculture, 35(1), 2-26. doi:10.1080/10440046.2011.530195",Plot,Quantitative,Experiment (on farm),RC,1996-2005,10,3,2,1,3,1, 5-10, 3-4,Yes,Yes,"Soil fertility decline, climate",Australia,High Income Countries,3,"St George, Queensland",Australia,HIC,-28.5,148.75,No,NA,Experiment (on farm),Farmer-led + support by researchers,Farmer-led + researcher/extension,Rotation,Rotation,1,0,0,Rotation,"Zero tillage; Two levels of N application (0, 70)",Tillage practices,Fertilizer rates/type,Grain / Chickpea,Wheat,Chickpea,1,0,0,0,0,0,0,0,0,0,0,,"4-8-0, 74-8-0",Synthetic - below threshold,rainfed,16.259274,1.16259274,1.16259274,NA,NA,NA,NA,NA,137.6328502,2.376328502,2.376328502,NA,NA,NA,Mix-Win,NA,NA,NA,NA,NA,NA,NA,NA,NA,"Seasonal conditions; Reduction of disease by chickpeas: ""The increase in grain yield in wheat following chickpea, compared with continuous wheat, was apparently due to the combined effects of the chickpea phase in providing soil nitrogen benefit and in reducing the build-up of plant disease"";","Drought: ""Due to drought, no winter crops were grown in 2000 and 2002 and crops sown in 2003 failed to produce grain""; History of nutrification of soil: ""chickpea biomass and N2 fixation for a particular value of soil nitrate-N may decrease as rainfall decreases and potential evapotranspiration increases, which may explain the lower N2 fixation values in south-west Queensland to some extent. Peoples et al. (2001) concluded that N2 fixation by legumes in summer-dominant rainfall regions of eastern Australia was greatly influenced by large variations in %Ndfa caused by yearly fluctuations in growing season (April to October) rainfall and farmer practice which resulted in a build up of soil mineral-N prior to sowing. The net result was a lower average reliance of legumes on N2 fixation for growth and more variable relationships between N2 fixation and dry matter accumulation than in winter-dominant rainfall areas""",Grain prices favourable for crop choice,"Drought: ""Due to drought, no winter crops were grown in 2000 and 2002 and crops sown in 2003 failed to produce grain""",,Table 5,,2,2,2,2,2,2,12
203,418,"Nel A.A., Purchase J.L., Barnard A.",2003,Productivity and stability of grain yield in wheat and maize as affected by rotational cropping systems in the eastern Free State,"Nel, A. A., Purchase, J. L., & Barnard, A. (2013). Productivity and stability of grain yield in wheat and maize as affected by rotational cropping systems in the eastern Free State. South African Journal of Plant and Soil, 20(2), 81-86. doi:10.1080/02571862.2003.10634913",Field,Quantitative,Experiment (research station),E/M,1992-2001,19,5,3,2,4,1,>10, 3-4,Yes,Yes,Switch to monoculture practices,South Africa,Subsaharan Africa,1,"ARC-Small Grain Institute, Bethlehem, Eastern Free State",Africa,UMIC,-28.16493064,28.3095209,No,,Experiment (research station),Researcher-led,Researcher-led,Intercropping: Cereal-legume (wheat),Intercrop,1,0,0,Rotation,Application of fertiliser and weeding + existing farmers practices,Fertilizer rates/type,,Grain / Lupin,Wheat,Other,0,0,0,0,0,0,0,0,0,0,Lupin,0,31-21-10 for wheat.,Synthetic - below threshold,rainfed,97.96980739,1.979698074,1.979698074,NA,NA,NA,NA,NA,5.128205128,1.051282051,NA,1.051282051,NA,NA,Win-Win,NA,NA,NA,NA,NA,NA,NA,NA,NA,"Long-term view: ""Crop rotation as a measure against low profitability and risk should be seen as a long-term strategy and not as a measure against drought, disease or weeds for short term gain.""",Fluctuation of commodity prices.,NA,NA,"Protein content was only measured in wheat, not in maize, so that aspect of well-being is not incorporated in this row.",Tables 1&4 (yield); Table 2 (Nutrient cycling); Table 3 (income) Table5 + p84 (Protein content)  ,,2,2,2,2,2,2,12
204,418,"Nel A.A., Purchase J.L., Barnard A.",2003,Productivity and stability of grain yield in wheat and maize as affected by rotational cropping systems in the eastern Free State,"Nel, A. A., Purchase, J. L., & Barnard, A. (2013). Productivity and stability of grain yield in wheat and maize as affected by rotational cropping systems in the eastern Free State. South African Journal of Plant and Soil, 20(2), 81-86. doi:10.1080/02571862.2003.10634913",Field,Quantitative,Experiment (research station),E/M,1992-2001,19,5,3,2,4,1,>10, 3-4,Yes,Yes,Switch to monoculture practices,South Africa,Subsaharan Africa,1,"ARC-Small Grain Institute, Bethlehem, Eastern Free State",Africa,UMIC,-28.16493064,28.3095209,No,,Experiment (research station),Researcher-led,Researcher-led,Intercropping: Cereal-legume (wheat + maize),Intercrop,1,0,0,Rotation,Application of fertiliser and weeding + existing farmers practices,Fertilizer rates/type,,Grain / Dry bean,Maize-wheat,Other,0,0,0,0,0,0,0,0,0,0,Dry bean,0,31-21-10 for wheat and 65-8.4-4.5 for dry beans.,Synthetic - below threshold,rainfed,51.86388244,1.518638824,1.518638824,NA,NA,NA,NA,NA,-10.25641026,0.897435897,NA,0.897435897,NA,NA,Mix-Mix,NA,NA,NA,NA,NA,NA,NA,NA,NA,"Long-term view: ""Crop rotation as a measure against low profitability and risk should be seen as a long-term strategy and not as a measure against drought, disease or weeds for short term gain.""",Fluctuation of commodity prices.,NA,NA,"Protein content was only measured in wheat, not in maize, so that aspect of well-being is not incorporated in this row.",Tables 1&4 (yield); Table 2 (Nutrient cycling); Table 3 (income) Table5 + p84 (Protein content)  ,,2,2,2,2,2,2,12
205,418,"Nel A.A., Purchase J.L., Barnard A.",2003,Productivity and stability of grain yield in wheat and maize as affected by rotational cropping systems in the eastern Free State,"Nel, A. A., Purchase, J. L., & Barnard, A. (2013). Productivity and stability of grain yield in wheat and maize as affected by rotational cropping systems in the eastern Free State. South African Journal of Plant and Soil, 20(2), 81-86. doi:10.1080/02571862.2003.10634913",Field,Quantitative,Experiment (research station),E/M,1992-2001,19,5,3,2,4,1,>10, 3-4,Yes,Yes,Switch to monoculture practices,South Africa,Subsaharan Africa,1,"ARC-Small Grain Institute, Bethlehem, Eastern Free State",Africa,UMIC,-28.162878,28.309212,No,,Experiment (research station),Researcher-led,Researcher-led,Intercropping: Cereal-legume (maize),Intercrop,1,0,0,Rotation,Application of fertiliser and weeding + existing farmers practices,Fertilizer rates/type,,Grain / Soybean,Maize,Soybean,0,0,0,0,0,0,0,0,1,0,0,0,"21-14-7 for maize and 18-13-6 for soyabeans (but only in 1999 for soyabeans, not fertiliser was used in the other years)",Synthetic - below threshold,rainfed,57.28433099,1.57284331,1.57284331,NA,NA,NA,NA,NA,10.86956522,1.108695652,NA,1.108695652,NA,NA,Win-Win,NA,NA,NA,NA,NA,NA,NA,NA,NA,"Long-term view: ""Crop rotation as a measure against low profitability and risk should be seen as a long-term strategy and not as a measure against drought, disease or weeds for short term gain.""",Fluctuation of commodity prices.,NA,NA,"Protein content was only measured in wheat, not in maize, so that aspect of well-being is not incorporated in this row.",Tables 1&4 (yield); Table 2 (Nutrient cycling); Table 3 (income) Table5 + p84 (Protein content)  ,,2,2,2,2,2,2,12
105,217,"Halpin N.V., Wang W., Rehbein W.E., Reeves S.H.",2015,Sugarcane productivity response to different fallow and soybean residue management practices in the Bundaberg district,"Halpin, N. V., Wang, W., Rehbein, W. E., & Reeves, S. H. (2015). Sugarcane productivity response to different fallow and soybean residue management practices in the Bundaberg district. 37th Annual Conference of the Australian Society of Sugar Cane Technologists, ASSCT 2015, 23-32.",Plot,Quantitative,Experiment (research station),RC ,2013-2014,1,6,4,2,4,1,1, 3-4,Yes,No,Climate change and global warming,Australia,High Income Countries,3,Bundaberg,Australia,HIC,-24.856815,152.352818,No,,Experiment (research station),Researcher-led,Researcher-led,Rotation,Rotation,1,0,0,Rotation,"Fertiliser + insecticide + herbicide; 4 alternative management practices (tilled, not tilled, residue sprayed with nitrification inhibitor (DMPP) prior to tillage or had a triticale ‘catch crop’ sown between the soybean and sugarcane crops)",Conservation ag (residue + tillage),,Non-Grain / Soybean,Sugarcane,Soybean,0,0,0,0,0,0,0,0,1,0,0,,13-27-60,Synthetic - below threshold,irrigation,11.34529148,1.113452915,1.113452915,NA,NA,NA,NA,NA,21.52737333,1.215273733,1.215273733,NA,NA,NA,Mix-Win,NA,NA,NA,NA,NA,NA,"Yes: sugar yield not increased by legumes, but increased profit: ""the soybean rotation didn’t significantly
 improve productivity of the subsequent cane crop compared to the bare fallow, it has to be kept inmind that the soybean crop produced a gross margin of $1015/ha (data not shown) thus increasing farm profitability""",NA,NA,Reduced tillage management techniques,Fertiliser addition (increases nitrous oxide GHG emissions),NA,NA,"""Legume break crops are a strategic component to reduce the impact of yield decline which is
 defined as the loss in the productive capacity of soils under long-term monoculture""",Table 5 & 2 = yield,,2,1,2,1,2,2,10
276,514,"Rusinamhodzi L., Corbeels M., Nyamangara J., Giller K.E.",2012,Maize-grain legume intercropping is an attractive option for ecological intensification that reduces climatic risk for smallholder farmers in central Mozambique,"Rusinamhodzi, L., Corbeels, M., Nyamangara, J., & Giller, K. E. (2012). Maize–grain legume intercropping is an attractive option for ecological intensification that reduces climatic risk for smallholder farmers in central Mozambique. Field Crops Research, 136, 12-22. doi:10.1016/j.fcr.2012.07.014",Field,Quantitative,Experiment (on farm),RC,2008-2011,3,4,3,1,16,2, 2-4, 11-100,Yes,Yes,"Soil degradation, national policy and development agencies",Mozambique,Subsaharan Africa,1,Ruaca,Africa,LIC,-18.833333,33.183333,No,"""an approach to produce more food per unit resource to achieve positive social outcomes without negative effects on the environment""",Experiment (on farm),Farmer-led + support by researchers,Farmer-led + researcher/extension,Intercroppping + Rotation (Maize–pigeonpea),Intercrop-Rotation,1,0,0,Within-row,"Different fertiliser rates, no tillage",Fertilizer rates/type,Tillage practice,Grain / Pigeonpea,Maize,Pigeonpea,0,0,0,0,0,1,0,0,0,0,0,,0:0:0 - 60:20:0,Synthetic - below threshold,rainfed,3.344482,1.03344482,1.03344482,NA,NA,NA,NA,NA,-38.35227273,0.616477273,NA,NA,NA,0.616477273,Win-Mix,NA,NA,NA,NA,NA,NA,Labour needs vs increased productivity and yields of intercrops,"Market price for legumes: ""high selling price for pigeonpea was particularly attractive to farmers as it was four times that of maize""","Labour availability: ""Labour shortages often lead to severe weed pressure which is only controlled by burning the entire field before seeding of the next crop.""","Drought and associated weed infestation of main crop (maize): ""sole maize yields in Ruaca were strongly suppressed (<0.8 t ha?1) by heavy infestation with striga (S. asiatica (L.) Kuntze) that was not observed in the intercrops or the sole pigeonpea plots""; Fertiliser application: ""Pigeonpea yield responded significantly to the largest N input of 60 kg ha?1.""; Poor soil quality- ""The low N status of the soils is favourable to stimulate legume N2-fixation but deficiencies of P and K potentially limit the process.""","Soil quality- ""The low N status of the soils is favourable to stimulate legume N2-fixation but deficiencies of P and K potentially limit the process.""","Fertiliser application: ""Pigeonpea yield responded significantly to the largest N input of 60 kg ha?1.""; Market availability: ""In our study area, although maize was commonly sold, it was often sold only when the household food requirements have been achieved whilst pigeonpea could be sold immediately after harvest""","Labour for weeding: ""Weeding time was increased by 36% in intercrops although the
 increase was not related to weed intensity but to the need to take care of pigeonpea which grows slowly compared to maize as well as difficulty in navigating through the crop mixtures.""","""Our results showed that maize–legume intercropping required extra labour compared with sole crops; in Vunduzi land sizes were small and farmers were more likely to meet the labour requirements of intercropping than farmers in Ruaca. In Ruaca, farmers needed to reduce the land cultivated per season to be able to manage the intercropping systems or to hire extra labour. However, the loss in production due to reduction in land area could be compensated by the greater productivity of the intercrops.""","Supporting calc. (Yield, LER); Section 3.4 (H2O runoff); section 3.5 (Labour)  ",,2,2,2,2,2,2,12
186,396,"Mudita I.I., Chiduza C., Richardson-Kageler S., Murungu F.S.",2008,Evaluation of different strategies of intercropping maize (Zea mays L.) and soya bean (Glycine max (L.) Merrill) under small-holder production in sub-humid Zimbabwe,"Mudita, I. I., Chiduza, C., Richardson, S., & Murungu, F. S. (2008). Evaluation of Different Strategies of Intercropping Maize (Zea mays L.) and Soya Bean (Glycine max (L.) Merrill) Under Small-Holder Production in Sub-Humid Zimbabwe. Journal of Agronomy, 7(3), 237-243. doi:10.3923/ja.2008.237.243",Plot,Quantitative,Experiment (on farm),E/M,2003-2004,2,3,1,2,3,3, 2-4, 5-10,Yes,Yes,"Climate/weather variability (erratic and low rainfall), low soil fertility due to historical agricultural exploitation; human-wildlife conflict (damage to crops from wild animals)",Zimbabwe,Subsaharan Africa,1,"Chinyika, Thornpark farm and a Save Valley Experiment Station (SVES)",Africa,LMIC,-18.166667,32.416667,No,,Experiment (on farm),Farmer-led + support by researchers,Farmer-led + researcher/extension,Intercropping: Cereal-legume,Intercrop,1,0,0,Inter-row,Different intercropping arrangements,Varied spacing/timing,,Grain / Soybean,Maize,Soybean,0,0,0,0,0,0,0,0,1,0,0,,40315,Synthetic - below threshold,rainfed,-12.825705,0.87174295,0.87174295,NA,NA,NA,NA,NA,-6.0324854,0.939675146,0.939675146,NA,NA,NA,Lose-Mix,NA,NA,NA,NA,NA,NA,NA,poor soil fertility,Access to machinery - mechanical weeding entails investment in new equiptment to cultivate rows,"Crop pattern/arrangement- soy bean growth depressed by maize shading, strip cropping higher yield than row",Dry weather - irrigation may increase productivity during dry periods,"Crop pattern/arrangement- soy bean growth depressed by maize shading, strip cropping higher yield than row",Dry weather/low rainfall,,Sup. Calc (Table 1) ,,2,2,2,2,2,2,12
187,396,"Mudita I.I., Chiduza C., Richardson-Kageler S., Murungu F.S.",2008,Evaluation of different strategies of intercropping maize (Zea mays L.) and soya bean (Glycine max (L.) Merrill) under small-holder production in sub-humid Zimbabwe,"Mudita, I. I., Chiduza, C., Richardson, S., & Murungu, F. S. (2008). Evaluation of Different Strategies of Intercropping Maize (Zea mays L.) and Soya Bean (Glycine max (L.) Merrill) Under Small-Holder Production in Sub-Humid Zimbabwe. Journal of Agronomy, 7(3), 237-243. doi:10.3923/ja.2008.237.243",Plot,Quantitative,Experiment (on farm),E/M,2003-2004,2,3,1,2,3,3, 2-4, 5-10,Yes,Yes,"Climate/weather variability (erratic and low rainfall), low soil fertility due to historical agricultural exploitation; human-wildlife conflict (damage to crops from wild animals)",Zimbabwe,Subsaharan Africa,1,"Chinyika, Thornpark farm and a Save Valley Experiment Station (SVES)",Africa,LMIC,-18.166667,32.416667,No,,Experiment (on farm),Farmer-led + support by researchers,Farmer-led + researcher/extension,Intercropping: Cereal-legume,Intercrop,1,0,0,Row,Different intercropping arrangements,Varied spacing/timing,,Grain / Soybean,Maize,Soybean,0,0,0,0,0,0,0,0,1,0,0,,40315,Synthetic - below threshold,rainfed,-16.106386,0.83893614,0.83893614,NA,NA,NA,NA,NA,-8.0343949,0.919656051,0.919656051,NA,NA,NA,Lose-Mix,NA,NA,NA,NA,NA,NA,NA,poor soil fertility,Access to machinery - mechanical weeding entails investment in new equiptment to cultivate rows,"Crop pattern/arrangement- soy bean growth depressed by maize shading, strip cropping higher yield than row",Dry weather - irrigation may increase productivity during dry periods,"Crop pattern/arrangement- soy bean growth depressed by maize shading, strip cropping higher yield than row",Dry weather/low rainfall,,Sup. Calc (Table 1) ,,2,2,2,2,2,2,12
188,396,"Mudita I.I., Chiduza C., Richardson-Kageler S., Murungu F.S.",2008,Evaluation of different strategies of intercropping maize (Zea mays L.) and soya bean (Glycine max (L.) Merrill) under small-holder production in sub-humid Zimbabwe,"Mudita, I. I., Chiduza, C., Richardson, S., & Murungu, F. S. (2008). Evaluation of Different Strategies of Intercropping Maize (Zea mays L.) and Soya Bean (Glycine max (L.) Merrill) Under Small-Holder Production in Sub-Humid Zimbabwe. Journal of Agronomy, 7(3), 237-243. doi:10.3923/ja.2008.237.243",Plot,Quantitative,Experiment (on farm),E/M,2003-2004,2,5,3,2,3,3, 2-4, 5-10,Yes,Yes,"Climate/weather variability (erratic and low rainfall), low soil fertility due to historical agricultural exploitation; human-wildlife conflict (damage to crops from wild animals)",Zimbabwe,Subsaharan Africa,1,"Chinyika, Thornpark farm and a Save Valley Experiment Station (SVES)",Africa,LMIC,-18.166667,32.416667,No,,Experiment (on farm),Farmer-led + support by researchers,Farmer-led + researcher/extension,Intercropping: Cereal-legume,Intercrop,1,1,0,Strip,Existing farmers' practices,Existing farmers' practices,,Grain / Soybean,Maize,Soybean,0,0,0,0,0,0,0,0,1,0,0,,40315,Synthetic - below threshold,rainfed,-2.992665,0.97007335,0.97007335,NA,NA,NA,NA,NA,8.9019701,1.089019701,1.089019701,NA,NA,NA,Lose-Win,NA,NA,NA,NA,NA,NA,NA,poor soil fertility,Access to machinery - mechanical weeding entails investment in new equiptment to cultivate rows,"Crop pattern/arrangement- soy bean growth depressed by maize shading, strip cropping higher yield than row",Dry weather - irrigation may increase productivity during dry periods,"Crop pattern/arrangement- soy bean growth depressed by maize shading, strip cropping higher yield than row",Dry weather/low rainfall,,Sup. Calc  / Table 1,,2,2,2,2,2,2,12
377,707,"Zingore S, Murwira HK, Delve RJ, Giller KE",2008,"Variable grain legume yields, responses to phosphorus and rotational effects on maize across soil fertility gradients on African smallholder farms","Zingore, S., Murwira, H. K., Delve, R. J., & Giller, K. E. (2008). Variable grain legume yields, responses to phosphorus and rotational effects on maize across soil fertility gradients on African smallholder farms. Nutrient Cycling in Agroecosystems, 80(1), 1-18. doi:10.1007/s10705-007-9117-3",Farm,Quantitative,Experiment (on farm),RC,2002-2005,3,8,6,2,3,2, 2-4, 5-10,"Not exclusively (also studying impact of P inputs, and soil fertility gradients)","Not exclusively (also studying impact of P inputs, and soil fertility gradients)","soybeans contributing to income generation, food security and soil N, maize as sole crop with no nutrients leads to soil depletion",Zimbabwe,Subsaharan Africa,1,Murewa district,Africa,LMIC,-17.816667,31.566667,No,NA,Experiment (on farm) ,Farmer-led,Farmer-led,Rotation,Rotation,0,1,0,NA,impact of P inputs,Fertilizer rates/type,,Grain / Soybean,Maize,Soybean,0,0,0,0,0,0,0,0,1,0,0,0,124-30-50.5 (average of three seasons),Synthetic - below threshold,rainfed,133.1208257,2.331208257,2.331208257,NA,NA,NA,NA,NA,43.01234568,1.430123457,1.430123457,NA,NA,NA,Win-Win,"Yes, more profitable on fertile soils",NA,NA,NA,NA,NA,NA,"soybean help controlling weeds, pests & diseases",Low fertility soils may affect legumes production--- higher prices of soybean when compared to maize is not an incentive-need of manure or fertiliser to increase productivity,"pest control, weed control, disease control","Soil type, soil fertility",NA,low prices of soybean when compared to maize,,"Sup, calc Fig. 1 & 2 Grain yields (t ha1) on diff soils---Table 5 Gross margins (US$ ha-1)",,2,2,1,2,1,2,10
323,583,"Snapp S.S., Blackie M.J., Gilbert R.A., Bezner-Kerr R., Kanyama-Phiri G.Y.",2010,Biodiversity can support a greener revolution in Africa,"Snapp, S. S., Blackie, M. J., Gilbert, R. A., Bezner-Kerr, R., & Kanyama-Phiri, G. Y. (2010). Biodiversity can support a greener revolution in Africa. Proc Natl Acad Sci U S A, 107(48), 20840-20845. doi:10.1073/pnas.1007199110",Plot,Quantitative + Qualitative,Experiment (on farm),RC,1998,2,6,3,3,50,2, 2-4,>100 ,Yes,Yes,,Malawi,Subsaharan Africa,1,Songani,Africa,LIC,-15.306301,35.429677,Yes,"""increases in production",Experiment (on farm) ,Farmer-led + National policy (Malawi Government Maize Productivity Task Force (MPTF)),Farmer-led + policy,Rotation,Rotation,0,0,1,Rotation,Existing farmers' practices,Existing farmers' practices,,Grain / Groundnut,Maize,Groundnut,0,0,1,0,0,1,0,0,0,0,0,Tephrosia,20-0-0,Synthetic - below threshold,rainfed,-10.620347,0.89379653,0.89379653,NA,NA,NA,NA,NA,82.111437,1.82111437,1.82111437,NA,NA,NA,Mix-Win,NA,NA,NA,NA,NA,NA,NA,Fertiliser prices; Insect-deterrent legumes; Gender:nutritional benefits of legume diversification were particularly valued by female farmers,"Access to seeds; Labour availability and wealth ""labor constraints were frequently noted by poorer households""","Choice of legume (shrubby, perform well across diverse soil types and rainfall, even at low soil fertility); Low levels of fertiliser addition: ""low productivity observed reflects soil degradation and in particular the highly N-deficient status of these soils "", ""The nitrophilic nature of the maize crop was illustrated by a consistent response to N fertilizer, which almost doubled yields""; Insect herbivory on pigeonpea: ""pigeonpea grain is highly edible with few antiquality factors, but herbivore competition was severe and contributed to the low grain yields observed""","highly degraded soils: ""degraded soils and limited access to improved seeds and superior rhizobia have often led to poor performance of annual legumes""","High fertiliser prices: ""If fertilizer prices were to double relative to grain market prices, which has occurred in recent years, then the fertilized, diversified systems tested here remained economically attractive with VCRs >3.6, whereas fertilized monoculture declined to <2.5 """,Low fertiliser prices,nutritional benefits of legume diversification were particularly valued by female farmers and labor constraints were frequently noted by poorer households,"Fig1 - nutrient cycling; Fig2 - health, food yield",,2,2,2,2,2,2,12
324,583,"Snapp S.S., Blackie M.J., Gilbert R.A., Bezner-Kerr R., Kanyama-Phiri G.Y.",2010,Biodiversity can support a greener revolution in Africa,"Snapp, S. S., Blackie, M. J., Gilbert, R. A., Bezner-Kerr, R., & Kanyama-Phiri, G. Y. (2010). Biodiversity can support a greener revolution in Africa. Proc Natl Acad Sci U S A, 107(48), 20840-20845. doi:10.1073/pnas.1007199111",Plot,Quantitative + Qualitative,Experiment (on farm),RC,1998,2,6,3,3,50,2, 2-4,>100 ,Yes,Yes,,Malawi,Subsaharan Africa,1,Songani,Africa,LIC,-15.306301,35.429677,Yes,"""increases in production",Experiment (on farm) ,Farmer-led + National policy (Malawi Government Maize Productivity Task Force (MPTF)),Farmer-led + policy,Intercropping,Intercrop,1,0,0,Row,Existing farmers' practices,Existing farmers' practices,,Grain / Pigeonpea,Maize,Pigeonpea,0,0,0,0,0,1,0,0,0,0,0,Tephrosia,20-0-0,Synthetic - below threshold,rainfed,-15.980149,0.84019851,0.84019851,NA,NA,NA,NA,NA,-5.5718475,0.944281525,0.944281525,NA,NA,NA,Mix-Mix,NA,NA,NA,NA,NA,NA,NA,Fertiliser prices; Insect-deterrent legumes; Gender:nutritional benefits of legume diversification were particularly valued by female farmers,"Access to seeds; Labour availability and wealth ""labor constraints were frequently noted by poorer households""","Choice of legume (shrubby, perform well across diverse soil types and rainfall, even at low soil fertility); Low levels of fertiliser addition: ""low productivity observed reflects soil degradation and in particular the highly N-deficient status of these soils "", ""The nitrophilic nature of the maize crop was illustrated by a consistent response to N fertilizer, which almost doubled yields""; Insect herbivory on pigeonpea: ""pigeonpea grain is highly edible with few antiquality factors, but herbivore competition was severe and contributed to the low grain yields observed""","highly degraded soils: ""degraded soils and limited access to improved seeds and superior rhizobia have often led to poor performance of annual legumes""","High fertiliser prices: ""If fertilizer prices were to double relative to grain market prices, which has occurred in recent years, then the fertilized, diversified systems tested here remained economically attractive with VCRs >3.6, whereas fertilized monoculture declined to <2.5 """,Low fertiliser prices,,"Fig1 - nutrient cycling; Fig2 - health, food yield",,2,2,2,2,2,2,12
206,423,"Ngwira A.R., Aune J.B., Mkwinda S.",2012,On-farm evaluation of yield and economic benefit of short term maize legume intercropping systems under conservation agriculture in Malawi,"Ngwira, A. R., Aune, J. B., & Mkwinda, S. (2012). On-farm evaluation of yield and economic benefit of short term maize legume intercropping systems under conservation agriculture in Malawi. Field Crops Research, 132, 149-157. doi:10.1016/j.fcr.2011.12.014",Plot,Quantitative,Experiment (on farm),E/M,2008-2011,3,5,3,2,12,2, 2-4, 11-100,Yes,Yes,"Growing population and resource demands, land degradation, national policy",Malawi,Subsaharan Africa,1,"Balaka market section in Manjawira Extension Planning Area (EPA), Ntcheu district, Lilongwe Agricultural Development Division (ADD): 14?56'S, 34?53'E",Africa,LIC,-14.966667,34.733333,No,,Experiment (on farm),Farmer-led,Farmer-led,Intercropping: cereal-legume + rotation: cereal-legume,Intercrop-Rotation,1,0,0,Row,Conservation agriculture + herbicides,Conservation ag (residue + tillage),Pest management,Grain / Pigeonpea,Maize,Pigeonpea,0,0,0,0,0,1,0,0,0,0,0,Lablab; Mucuna,69:21:00,Synthetic - below threshold,rainfed,-2.874031798,0.971259682,0.971259682,NA,NA,NA,NA,NA,-2.167164204,0.978328358,1.118443316,NA,NA,0.8382134,Mix-Mix,NA,NA,NA,NA,NA,NA,NA,"Multiple uses for legume: Although all the three legumes tested are edible and produced adequate biomass; pigeonpea appears to be of most interest to farmers. ""Pigeonpea offers attractive market for its grain and its stems are used as fuelwood in Malawi""; community awareness on the role of crop residues in reversing soil degradation,",Communal goat grazing (eat legumes); lack of developed markets for grain legumes - better markets are needed before farmers can invest in more balanced cereal-legume associations,"type of legume: ""Pigeonpea with its deep rooting could assist in breaking the widespread existing hoe pans commonly prevalent in most smallholder farmers’ fields in Malawi. Changes in soil porosity created by roots could allow water to infiltrate into the soil other than ponding on the soil surface. The leaves that fall from legumes could provide mulch and substrates for soil fauna which could also help in improving soil physical fertility in mixing soil with organic carbon forming stable aggregates ""","Water stress: ""Low yield observed for lablab may be due to its sensitive nature to water stress since both sites were hit by poor distribution at some critical stage of crop growth that might have affected its pod formation and grain filling.""",Conservation agriculture (reduced labour requirements compared with conventional tillage practices),Market prices and access (farmers could not find market to sell legume produce),"Note - 3 types of legume were experimented with (mucuna, lablab, pigeon pea), but only presented well-being outcomes for pigeon pea; organic C levels in soils of Balaka market fall below critical values adequate to maintain soil structure and support crop production","Biomass from Table 2, yield from tables 3 and 4, wellbeing from table 6",,2,2,2,2,2,2,12
207,423,"Ngwira A.R., Aune J.B., Mkwinda S.",2012,On-farm evaluation of yield and economic benefit of short term maize legume intercropping systems under conservation agriculture in Malawi,"Ngwira, A. R., Aune, J. B., & Mkwinda, S. (2012). On-farm evaluation of yield and economic benefit of short term maize legume intercropping systems under conservation agriculture in Malawi. Field Crops Research, 132, 149-157. doi:10.1016/j.fcr.2011.12.015",Plot,Quantitative,Experiment (on farm),RC,2008-2011,3,5,3,2,12,2, 2-4, 11-100,Yes,Yes,"Growing population and resource demands, land degradation, national policy",Malawi,Subsaharan Africa,1,"Ntonda section in Manjawira Extension Planning Area (EPA), Ntcheu district, Lilongwe Agricultural Development Division (ADD): 14?58'S, 34?44'E",Africa,LIC,-14.966667,34.733333,No,,Experiment (on farm),Farmer-led,Farmer-led,Intercropping: cereal-legume + rotation: cereal-legume,Intercrop-Rotation,1,0,0,Row,Conservation agriculture + herbicides,Conservation ag (residue + tillage),,Grain / Pigeonpea,Maize,Pigeonpea,0,0,0,0,0,1,0,0,0,0,0,Lablab; Mucuna,69:21:00,Synthetic - below threshold,rainfed,-3.915850864,0.960841491,0.960841491,NA,NA,NA,NA,NA,-2.167164204,0.978328358,1.118443316,NA,NA,0.8382134,Mix-Mix,NA,NA,NA,NA,NA,NA,NA,"Multiple uses for legume: Although all the three legumes tested are edible and produced adequate biomass; pigeonpea appears to be of most interest to farmers. ""Pigeonpea offers attractive market for its grain and its stems are used as fuelwood in Malawi""; community awareness on the role of crop residues in reversing soil degradation,",Communal goat grazing (eat legumes); lack of developed markets for grain legumes - better markets are needed before farmers can invest in more balanced cereal-legume associations,"type of legume: ""Pigeonpea with its deep rooting could assist in breaking the widespread existing hoe pans commonly prevalent in most smallholder farmers’ fields in Malawi. Changes in soil porosity created by roots could allow water to infiltrate into the soil other than ponding on the soil surface. The leaves that fall from legumes could provide mulch and substrates for soil fauna which could also help in improving soil physical fertility in mixing soil with organic carbon forming stable aggregates ""","Water stress: ""Low yield observed for lablab may be due to its sensitive nature to water stress since both sites were hit by poor distribution at some critical stage of crop growth that might have affected its pod formation and grain filling.""",Conservation agriculture (reduced labour requirements compared with conventional tillage practices),Market prices and access (farmers could not find market to sell legume produce),"Note - 3 types of legume were experimented with (mucuna, lablab, pigeon pea), but only presented well-being outcomes for pigeon pea","Biomass from Table 2, yield from tables 3 and 4, wellbeing from table 6",,2,2,2,2,2,2,12
328,582,"Snapp S.S., Grabowski P., Chikowo R., Smith A., Anders E., Sirrine D., Chimonyo V., Bekunda M.",2018,"Maize yield and profitability tradeoffs with social, human and environmental performance: Is sustainable intensification feasible?","Snapp, S. S., Grabowski, P., Chikowo, R., Smith, A., Anders, E., Sirrine, D., . . . Bekunda, M. (2018). Maize yield and profitability tradeoffs with social, human and environmental performance: Is sustainable intensification feasible? Agricultural Systems, 162, 77-88. doi:10.1016/j.agsy.2018.01.012",Plot,Quantitative + Qualitative,Experiment (on farm),RC,2012-2015,3,4,2,2,6,3, 2-4, 11-100,Yes,Yes,,Malawi,Subsaharan Africa,1,"Kandeu,Malawi",Africa,LIC,-14.623311,34.597237,Yes,"""Sustainable intensification (SI) has been put forward as the pathway to address global requirements for food, fuel and fiber production, while simultaneously protecting environmental services and conserving resources"" ""Initial definitions put forward for SI focused primarily on agronomic production, profitability and protecting the environment (Baulcombe et al., 2009; Tilman et al., 2002). Recently there have been important efforts to broaden the definition of SI to include social aspects such as gender equity and human capacity (Godfray, 2015; Pretty et al., 2011; Loos et al., 2014). """,Experiment (on farm) ,Farmer-led + National policy (Malawi Government Maize Productivity Task Force (MPTF)),Farmer-led + policy,Intercropping,Intercrop,1,0,0,Row,"""The full suite of technologies evaluated in the mother trials included
 maize grown at different fertilizer rates, manure and fertilizer applied to maize, intensified soybean (Glycine max L.) production (double rows, inoculum and micro-dosing of fertilizer), and maize intercropped with pigeonpea (Cajanus cajan (L.) Millsp.), and sequenced with a DLR, pigeonpea grown with an understory grain legume species (Snapp et al., 2010; Van Vugt et al., 2016). """,Fertilizer rates/type,,Grain /  Pigeonpea ,Maize,Pigeonpea,0,0,0,0,0,1,0,0,0,0,0,,34.5:4.5:0,Synthetic - below threshold,rainfed,199.312147,2.99312147,2.99312147,NA,NA,NA,NA,NA,71.63417883,1.716341788,3.025184165,1.0217391,NA,1.1021021,Win-Mix,Reduced demand for intercrops by women (prefered the sole maize system),Food,Yes,Men/women,Food,"women prefered the sole maize crop, and intercrop was less prefered",Yes,"Soil fertility: ""If legumes are grown for soil fertility improvement, then they may be valued by both genders. ""; Reduced fertiliser requirements: ""The amount of fertilizer required to support farming system productivity was halved through the introduction of a PP-Mz intercrop...and halved again in a DLR rotation""","Gender (females did not prefer legume systems): ""When a legume becomes a cash crop, literature provides precedents whereby there is a shift towards male production of the crop and control of generated cash (Njuki et al., 2011). This could have negative impacts, if women and children are worse off due to legume crop sales and reduced consumption of legume products. Malawi's groundnut exports have increased by 18% per year from 2004 to 2014 (Edelman and Aberman, 2015).""; Uncertain labour requirements; Potential crop-livestock conflict",Increased soil fertility,"Knowledge of residue management practices: ""Currently many farmers burn residues, while others transport legume residues to the home with the harvest, where they may be consumed by livestock or composted (Mungai et al., 2016). More research is required to document farmer perceptions and practices around residue management but other studies in Malawi have indicated little knowledge regarding long-term negative consequences of burning residues, and widespread concerns about pests associated with residue incorporation practices ""","Market price of legume: ""Similar results were observed in Kenya, where an on-farm study evaluated economic performance of legume-diversified maize systems where legume:maize price ratios were varied from 1:1 to 4:1 (Rao and Mathuva, 2000). As the price of legume grain increased relative to maize, netpresent-value returns associated with a PP-Mz intercrop increased by ~20 to 80%, compared with continuous maize. A maize-DLR rotation system with a pigeonpea-cowpea intercrop, had modest returns relative to a PP-Mz intercrop, with the exception of the highest (4:1) legume:maize price ratio where DLR performed well (Rao and Mathuva, 2000). Similarly, in our study the DLR system performed as well as the PP-Mz intercrop but only at high legume grain prices""; Legume crop traits e.g. productivity: ""The long duration of growth, indeterminant yield production, combined with soil cover from senesce of pigeonpea leaves (which drops leaves throughout the growing season), together these traits may contribute to environmental services and buffering of risk economically.""; Reduced requirements for fertiliser: ""The amount of fertilizer required to support farming system productivity was halved through the introduction of a PP-Mz intercrop""","Market price of maize - seasonal high of maize market price led to lower profitability of legume-intercropped system; Gender: ""There are complex gender effects related to the legume systems
 (dashed arrow to the left in Fig. 5). Through application of a SI indicator framework we explicitly considered women's preferences for technologies, which provided novel insights at two locations (Figs. 2 and 4). Women are primarily responsible for growing crops for nutrition in Malawi and this should be taken into consideration if human nutrition is a policy goal. Indeed, we found that women ranked PP-Mz intercrops and DLRs substantially higher than men at two of the Africa RISING sites. When a legume becomes a cash crop, literature provides precedents whereby there is a shift towards male production of the crop and control of generated cash (Njuki et al., 2011). This could have negative impacts, if women and children are worse off due to legume crop sales and reduced consumption of legume products. Malawi's groundnut exports have increased by 18% per year from 2004 to 2014 (Edelman and Aberman, 2015).""; Uncertain labour requirements : ""Initial feedback from farmers is that harvesting pigeonpea requires an extra trip to the field during a time of processing the maize harvest (dashed double-lined arrow pointing down in Fig. 5), yet overall farmer ratings of labor requirements were similar across technologies ""","REALLY GOOD STUDY- ""Many assessments of SI technologies focus on tradeoffs, and commonly find inverse relationships between productivity and environmental services (Droppelmann et al., 2017). Our assessment used the SI framework to move beyond productivity vs. environment, to consider aspects of SI such as women's ratings of technologies, and modeled food security risks. Our results are consistent with others in that diversified SI technologies did not produce the highest amount of grain yield or income (Snapp et al., 2010), but were highly associated with conservation of resources. In addition, pigeonpea diversified technologies were highly ranked by women farmers at two out of three sites, and had no out-sized risks of food insecurity""",Table 4,,2,2,2,2,2,2,12
329,582,"Snapp S.S., Grabowski P., Chikowo R., Smith A., Anders E., Sirrine D., Chimonyo V., Bekunda M.",2018,"Maize yield and profitability tradeoffs with social, human and environmental performance: Is sustainable intensification feasible?","Snapp, S. S., Grabowski, P., Chikowo, R., Smith, A., Anders, E., Sirrine, D., . . . Bekunda, M. (2018). Maize yield and profitability tradeoffs with social, human and environmental performance: Is sustainable intensification feasible? Agricultural Systems, 162, 77-88. doi:10.1016/j.agsy.2018.01.013",Plot,Quantitative + Qualitative,Experiment (on farm),RC,2012-2015,3,4,2,2,6,3, 2-4, 11-100,Yes,Yes,,Malawi,Subsaharan Africa,1,"Kandeu,Malawi",Africa,LIC,-14.623311,34.597237,Yes,"""Sustainable intensification (SI) has been put forward as the pathway to address global requirements for food, fuel and fiber production, while simultaneously protecting environmental services and conserving resources"" ""Initial definitions put forward for SI focused primarily on agronomic production, profitability and protecting the environment (Baulcombe et al., 2009; Tilman et al., 2002). Recently there have been important efforts to broaden the definition of SI to include social aspects such as gender equity and human capacity (Godfray, 2015; Pretty et al., 2011; Loos et al., 2014). """,Experiment (on farm) ,Farmer-led + National policy (Malawi Government Maize Productivity Task Force (MPTF)),Farmer-led + policy,Intercropping,Intercrop,1,1,0,Row,"""The full suite of technologies evaluated in the mother trials included
 maize grown at different fertilizer rates, manure and fertilizer applied to maize, intensified soybean (Glycine max L.) production (double rows, inoculum and micro-dosing of fertilizer), and maize intercropped with pigeonpea (Cajanus cajan (L.) Millsp.), and sequenced with a DLR, pigeonpea grown with an understory grain legume species (Snapp et al., 2010; Van Vugt et al., 2016). """,Fertilizer rates/type,,Grain / Groundnut + Soybean,Maize,Multiple,0,0,1,0,0,0,0,0,1,0,0,,17.3:2.3:0,Synthetic - below threshold,rainfed,55.517902,1.55517902,1.55517902,NA,NA,NA,NA,NA,22.6536246,1.226536246,1.618830638,1.0217391,NA,1.039039,Win-Mix,Reduced demand for intercrops by women (prefered the sole maize system),Food,Yes,Men/women,Food,"women prefered the sole maize crop, and intercrop was less prefered",Yes,"Soil fertility: ""If legumes are grown for soil fertility improvement, then they may be valued by both genders. ""; Reduced fertiliser requirements: ""The amount of fertilizer required to support farming system productivity was halved through the introduction of a PP-Mz intercrop...and halved again in a DLR rotation""","Gender (females did not prefer legume systems): ""When a legume becomes a cash crop, literature provides precedents whereby there is a shift towards male production of the crop and control of generated cash (Njuki et al., 2011). This could have negative impacts, if women and children are worse off due to legume crop sales and reduced consumption of legume products. Malawi's groundnut exports have increased by 18% per year from 2004 to 2014 (Edelman and Aberman, 2015).""; Uncertain labour requirements; Potential crop-livestock conflict",Increased soil fertility,"Knowledge of residue management practices: ""Currently many farmers burn residues, while others transport legume residues to the home with the harvest, where they may be consumed by livestock or composted (Mungai et al., 2016). More research is required to document farmer perceptions and practices around residue management but other studies in Malawi have indicated little knowledge regarding long-term negative consequences of burning residues, and widespread concerns about pests associated with residue incorporation practices ""","Market price of legume: ""Similar results were observed in Kenya, where an on-farm study evaluated economic performance of legume-diversified maize systems where legume:maize price ratios were varied from 1:1 to 4:1 (Rao and Mathuva, 2000). As the price of legume grain increased relative to maize, netpresent-value returns associated with a PP-Mz intercrop increased by ~20 to 80%, compared with continuous maize. A maize-DLR rotation system with a pigeonpea-cowpea intercrop, had modest returns relative to a PP-Mz intercrop, with the exception of the highest (4:1) legume:maize price ratio where DLR performed well (Rao and Mathuva, 2000). Similarly, in our study the DLR system performed as well as the PP-Mz intercrop but only at high legume grain prices""; Legume crop traits e.g. productivity: ""The long duration of growth, indeterminant yield production, combined with soil cover from senesce of pigeonpea leaves (which drops leaves throughout the growing season), together these traits may contribute to environmental services and buffering of risk economically.""; Reduced requirements for fertiliser: ""The amount of fertilizer required to support farming system productivity was halved through the introduction of a PP-Mz intercrop""","Market price of maize - seasonal high of maize market price led to lower profitability of legume-intercropped system; Gender: ""There are complex gender effects related to the legume systems
 (dashed arrow to the left in Fig. 5). Through application of a SI indicator framework we explicitly considered women's preferences for technologies, which provided novel insights at two locations (Figs. 2 and 4). Women are primarily responsible for growing crops for nutrition in Malawi and this should be taken into consideration if human nutrition is a policy goal. Indeed, we found that women ranked PP-Mz intercrops and DLRs substantially higher than men at two of the Africa RISING sites. When a legume becomes a cash crop, literature provides precedents whereby there is a shift towards male production of the crop and control of generated cash (Njuki et al., 2011). This could have negative impacts, if women and children are worse off due to legume crop sales and reduced consumption of legume products. Malawi's groundnut exports have increased by 18% per year from 2004 to 2014 (Edelman and Aberman, 2015).""; Uncertain labour requirements : ""Initial feedback from farmers is that harvesting pigeonpea requires an extra trip to the field during a time of processing the maize harvest (dashed double-lined arrow pointing down in Fig. 5), yet overall farmer ratings of labor requirements were similar across technologies ""","REALLY GOOD STUDY- ""Many assessments of SI technologies focus on tradeoffs, and commonly find inverse relationships between productivity and environmental services (Droppelmann et al., 2017). Our assessment used the SI framework to move beyond productivity vs. environment, to consider aspects of SI such as women's ratings of technologies, and modeled food security risks. Our results are consistent with others in that diversified SI technologies did not produce the highest amount of grain yield or income (Snapp et al., 2010), but were highly associated with conservation of resources. In addition, pigeonpea diversified technologies were highly ranked by women farmers at two out of three sites, and had no out-sized risks of food insecurity""",Table 4,,2,2,2,2,2,2,12
332,582,"Snapp S.S., Grabowski P., Chikowo R., Smith A., Anders E., Sirrine D., Chimonyo V., Bekunda M.",2018,"Maize yield and profitability tradeoffs with social, human and environmental performance: Is sustainable intensification feasible?","Snapp, S. S., Grabowski, P., Chikowo, R., Smith, A., Anders, E., Sirrine, D., . . . Bekunda, M. (2018). Maize yield and profitability tradeoffs with social, human and environmental performance: Is sustainable intensification feasible? Agricultural Systems, 162, 77-88. doi:10.1016/j.agsy.2018.01.016",Plot,Quantitative + Qualitative,Experiment (on farm),RC,2012-2015,3,4,2,2,6,3, 2-4, 11-100,Yes,Yes,,Malawi,Subsaharan Africa,1,Golomoti,Africa,LIC,-14.428235,34.594959,Yes,"""Sustainable intensification (SI) has been put forward as the pathway to address global requirements for food, fuel and fiber production, while simultaneously protecting environmental services and conserving resources"" ""Initial definitions put forward for SI focused primarily on agronomic production, profitability and protecting the environment (Baulcombe et al., 2009; Tilman et al., 2002). Recently there have been important efforts to broaden the definition of SI to include social aspects such as gender equity and human capacity (Godfray, 2015; Pretty et al., 2011; Loos et al., 2014). """,Experiment (on farm) ,Farmer-led + National policy (Malawi Government Maize Productivity Task Force (MPTF)),Farmer-led + policy,Intercropping,Intercrop,1,0,0,Row,"""The full suite of technologies evaluated in the mother trials included  maize grown at different fertilizer rates, manure and fertilizer applied to maize, intensified soybean (Glycine max L.) production (double rows, inoculum and micro-dosing of fertilizer), and maize intercropped with pigeonpea (Cajanus cajan (L.) Millsp.), and sequenced with a DLR, pigeonpea grown with an understory grain legume species (Snapp et al., 2010; Van Vugt et al., 2016). """,Fertilizer rates/type,,Grain / Pigeonpea,Maize,Pigeonpea,0,0,0,0,0,1,0,0,0,0,0,,34.5:4.5:0,Synthetic - below threshold,rainfed,434.979461,5.34979461,5.34979461,NA,NA,NA,NA,NA,179.5843872,2.795843872,6.075752117,1.2096774,NA,1.1021021,Win-Win,Increased demand for intercrops by women,Food,Yes,Men/women,Food,"women ""prefer the PP-Mz intercrop, presumably for direct access to the nutritious pigeonpea grain along with maize grain at this marginal site with moderate access to markets (Table 5 and Fig. 4).""","Yes- ""In the marginal Golomoti site, by contrast, the tradeoff was little to nil in a PP-Mz intercrop""","Gender (Female farmers at two sites, Linthipe and Golomoti, preferred PP-Mz over all other technologies. Notably, a large majority of women at Golomoti prefer the PP-Mz intercrop, presumably for direct access to the nutritious pigeonpea grain along with maize grain at this marginal site with moderate access to markets); Reduced fertiliser requirements: ""The amount of fertilizer required to support farming system productivity was halved through the introduction of a PP-Mz intercrop...and halved again in a DLR rotation""",Uncertain labour requirements; potential crop-livestock conflict,Increased soil fertility,"Knowledge of residue management practices: ""Currently many farmers burn residues, while others transport legume residues to the home with the harvest, where they may be consumed by livestock or composted (Mungai et al., 2016). More research is required to document farmer perceptions and practices around residue management but other studies in Malawi have indicated little knowledge regarding long-term negative consequences of burning residues, and widespread concerns about pests associated with residue incorporation practices ""","Market price of legume: ""Similar results were observed in Kenya, where an on-farm study evaluated economic performance of legume-diversified maize systems where legume:maize price ratios were varied from 1:1 to 4:1 (Rao and Mathuva, 2000). As the price of legume grain increased relative to maize, netpresent-value returns associated with a PP-Mz intercrop increased by ~20 to 80%, compared with continuous maize. A maize-DLR rotation system with a pigeonpea-cowpea intercrop, had modest returns relative to a PP-Mz intercrop, with the exception of the highest (4:1) legume:maize price ratio where DLR performed well (Rao and Mathuva, 2000). Similarly, in our study the DLR system performed as well as the PP-Mz intercrop but only at high legume grain prices""; Legume crop traits e.g. productivity: ""The long duration of growth, indeterminant yield production, combined with soil cover from senesce of pigeonpea leaves (which drops leaves throughout the growing season), together these traits may contribute to environmental services and buffering of risk economically.""; Reduced requirements for fertiliser: ""The amount of fertilizer required to support farming system productivity was halved through the introduction of a PP-Mz intercrop""","Market price of maize - seasonal high of maize market price led to lower profitability of legume-intercropped system; Gender: ""There are complex gender effects related to the legume systems
 (dashed arrow to the left in Fig. 5). Through application of a SI indicator framework we explicitly considered women's preferences for technologies, which provided novel insights at two locations (Figs. 2 and 4). Women are primarily responsible for growing crops for nutrition in Malawi and this should be taken into consideration if human nutrition is a policy goal. Indeed, we found that women ranked PP-Mz intercrops and DLRs substantially higher than men at two of the Africa RISING sites. When a legume becomes a cash crop, literature provides precedents whereby there is a shift towards male production of the crop and control of generated cash (Njuki et al., 2011). This could have negative impacts, if women and children are worse off due to legume crop sales and reduced consumption of legume products. Malawi's groundnut exports have increased by 18% per year from 2004 to 2014 (Edelman and Aberman, 2015).""; Labour requirements : ""Initial feedback from farmers is that harvesting pigeonpea requires an extra trip to the field during a time of processing the maize harvest (dashed double-lined arrow pointing down in Fig. 5), yet overall farmer ratings of labor requirements were similar across technologies ""","REALLY GOOD STUDY- ""Many assessments of SI technologies focus on tradeoffs, and commonly find inverse relationships between productivity and environmental services (Droppelmann et al., 2017). Our assessment used the SI framework to move beyond productivity vs. environment, to consider aspects of SI such as women's ratings of technologies, and modeled food security risks. Our results are consistent with others in that diversified SI technologies did not produce the highest amount of grain yield or income (Snapp et al., 2010), but were highly associated with conservation of resources. In addition, pigeonpea diversified technologies were highly ranked by women farmers at two out of three sites, and had no out-sized risks of food insecurity""",Table 5,,2,2,2,2,2,2,12
333,582,"Snapp S.S., Grabowski P., Chikowo R., Smith A., Anders E., Sirrine D., Chimonyo V., Bekunda M.",2018,"Maize yield and profitability tradeoffs with social, human and environmental performance: Is sustainable intensification feasible?","Snapp, S. S., Grabowski, P., Chikowo, R., Smith, A., Anders, E., Sirrine, D., . . . Bekunda, M. (2018). Maize yield and profitability tradeoffs with social, human and environmental performance: Is sustainable intensification feasible? Agricultural Systems, 162, 77-88. doi:10.1016/j.agsy.2018.01.017",Plot,Quantitative + Qualitative,Experiment (on farm),RC,2012-2015,3,4,2,2,6,3, 2-4, 11-100,Yes,Yes,,Malawi,Subsaharan Africa,1,Golomoti,Africa,LIC,-14.428235,34.594959,Yes,"""Sustainable intensification (SI) has been put forward as the pathway to address global requirements for food, fuel and fiber production, while simultaneously protecting environmental services and conserving resources"" ""Initial definitions put forward for SI focused primarily on agronomic production, profitability and protecting the environment (Baulcombe et al., 2009; Tilman et al., 2002). Recently there have been important efforts to broaden the definition of SI to include social aspects such as gender equity and human capacity (Godfray, 2015; Pretty et al., 2011; Loos et al., 2014). """,Experiment (on farm) ,Farmer-led + National policy (Malawi Government Maize Productivity Task Force (MPTF)),Farmer-led + policy,Intercropping,Intercrop,1,1,0,Row,"""The full suite of technologies evaluated in the mother trials included  maize grown at different fertilizer rates, manure and fertilizer applied to maize, intensified soybean (Glycine max L.) production (double rows, inoculum and micro-dosing of fertilizer), and maize intercropped with pigeonpea (Cajanus cajan (L.) Millsp.), and sequenced with a DLR, pigeonpea grown with an understory grain legume species (Snapp et al., 2010; Van Vugt et al., 2016). """,Fertilizer rates/type,,Grain / Groundnut + Pigeonpea + Soybean,Maize,Multiple,0,0,1,0,0,1,0,0,1,0,0,,17.3:2.3:0,Synthetic - below threshold,rainfed,323.51908,4.2351908,4.2351908,NA,NA,NA,NA,NA,166.1107588,2.661107588,5.734606363,1.2096774,NA,1.039039,Win-Win,Increased demand for intercrops by women,Food,Yes,Men/women,Food,"women ""prefer the PP-Mz intercrop, presumably for direct access to the nutritious pigeonpea grain along with maize grain at this marginal site with moderate access to markets (Table 5 and Fig. 4).""",Yes,"Gender (Female farmers at two sites, Linthipe and Golomoti, preferred PP-Mz over all other technologies. Notably, a large majority of women at Golomoti prefer the PP-Mz intercrop, presumably for direct access to the nutritious pigeonpea grain along with maize grain at this marginal site with moderate access to markets); Reduced fertiliser requirements: ""The amount of fertilizer required to support farming system productivity was halved through the introduction of a PP-Mz intercrop...and halved again in a DLR rotation""",Uncertain labour requirements; potential crop-livestock conflict,Increased soil fertility,"Knowledge of residue management practices: ""Currently many farmers burn residues, while others transport legume residues to the home with the harvest, where they may be consumed by livestock or composted (Mungai et al., 2016). More research is required to document farmer perceptions and practices around residue management but other studies in Malawi have indicated little knowledge regarding long-term negative consequences of burning residues, and widespread concerns about pests associated with residue incorporation practices ""","Market price of legume: ""Similar results were observed in Kenya, where an on-farm study evaluated economic performance of legume-diversified maize systems where legume:maize price ratios were varied from 1:1 to 4:1 (Rao and Mathuva, 2000). As the price of legume grain increased relative to maize, netpresent-value returns associated with a PP-Mz intercrop increased by ~20 to 80%, compared with continuous maize. A maize-DLR rotation system with a pigeonpea-cowpea intercrop, had modest returns relative to a PP-Mz intercrop, with the exception of the highest (4:1) legume:maize price ratio where DLR performed well (Rao and Mathuva, 2000). Similarly, in our study the DLR system performed as well as the PP-Mz intercrop but only at high legume grain prices""; Legume crop traits e.g. productivity: ""The long duration of growth, indeterminant yield production, combined with soil cover from senesce of pigeonpea leaves (which drops leaves throughout the growing season), together these traits may contribute to environmental services and buffering of risk economically.""; Reduced requirements for fertiliser: ""The amount of fertilizer required to support farming system productivity was halved through the introduction of a PP-Mz intercrop""","Market price of maize - seasonal high of maize market price led to lower profitability of legume-intercropped system; Gender: ""There are complex gender effects related to the legume systems
 (dashed arrow to the left in Fig. 5). Through application of a SI indicator framework we explicitly considered women's preferences for technologies, which provided novel insights at two locations (Figs. 2 and 4). Women are primarily responsible for growing crops for nutrition in Malawi and this should be taken into consideration if human nutrition is a policy goal. Indeed, we found that women ranked PP-Mz intercrops and DLRs substantially higher than men at two of the Africa RISING sites. When a legume becomes a cash crop, literature provides precedents whereby there is a shift towards male production of the crop and control of generated cash (Njuki et al., 2011). This could have negative impacts, if women and children are worse off due to legume crop sales and reduced consumption of legume products. Malawi's groundnut exports have increased by 18% per year from 2004 to 2014 (Edelman and Aberman, 2015).""; Labour requirements : ""Initial feedback from farmers is that harvesting pigeonpea requires an extra trip to the field during a time of processing the maize harvest (dashed double-lined arrow pointing down in Fig. 5), yet overall farmer ratings of labor requirements were similar across technologies ""","REALLY GOOD STUDY- ""Many assessments of SI technologies focus on tradeoffs, and commonly find inverse relationships between productivity and environmental services (Droppelmann et al., 2017). Our assessment used the SI framework to move beyond productivity vs. environment, to consider aspects of SI such as women's ratings of technologies, and modeled food security risks. Our results are consistent with others in that diversified SI technologies did not produce the highest amount of grain yield or income (Snapp et al., 2010), but were highly associated with conservation of resources. In addition, pigeonpea diversified technologies were highly ranked by women farmers at two out of three sites, and had no out-sized risks of food insecurity""",Table 5,,2,2,2,2,2,2,12
330,582,"Snapp S.S., Grabowski P., Chikowo R., Smith A., Anders E., Sirrine D., Chimonyo V., Bekunda M.",2018,"Maize yield and profitability tradeoffs with social, human and environmental performance: Is sustainable intensification feasible?","Snapp, S. S., Grabowski, P., Chikowo, R., Smith, A., Anders, E., Sirrine, D., . . . Bekunda, M. (2018). Maize yield and profitability tradeoffs with social, human and environmental performance: Is sustainable intensification feasible? Agricultural Systems, 162, 77-88. doi:10.1016/j.agsy.2018.01.014",Plot,Quantitative + Qualitative,Experiment (on farm),RC,2012-2015,3,4,2,2,6,3, 2-4, 11-100,Yes,Yes,,Malawi,Subsaharan Africa,1,"Linthipe,Malawi",Africa,LIC,-14.205708,34.09632,Yes,"""Sustainable intensification (SI) has been put forward as the pathway to address global requirements for food, fuel and fiber production, while simultaneously protecting environmental services and conserving resources"" ""Initial definitions put forward for SI focused primarily on agronomic production, profitability and protecting the environment (Baulcombe et al., 2009; Tilman et al., 2002). Recently there have been important efforts to broaden the definition of SI to include social aspects such as gender equity and human capacity (Godfray, 2015; Pretty et al., 2011; Loos et al., 2014). """,Experiment (on farm) ,Farmer-led + National policy (Malawi Government Maize Productivity Task Force (MPTF)),Farmer-led + policy,Intercropping,Intercrop,1,0,0,Row,"""The full suite of technologies evaluated in the mother trials included  maize grown at different fertilizer rates, manure and fertilizer applied to maize, intensified soybean (Glycine max L.) production (double rows, inoculum and micro-dosing of fertilizer), and maize intercropped with pigeonpea (Cajanus cajan (L.) Millsp.), and sequenced with a DLR, pigeonpea grown with an understory grain legume species (Snapp et al., 2010; Van Vugt et al., 2016). """,Fertilizer rates/type,,Grain / Pigeonpea ,Maize,Pigeonpea,0,0,0,0,0,1,0,0,0,0,0,,34.5:4.5:0,Synthetic - below threshold,rainfed,173.558914,2.73558914,2.73558914,NA,NA,NA,NA,NA,64.28686687,1.642868669,2.762192306,1.0643116,NA,1.1021021,Win-Win,Increased demand for intercrops by women,Food,Yes,Men/women,Food,"women ""prefer the PP-Mz intercrop, presumably for direct access to the nutritious pigeonpea grain along with maize grain at this marginal site with moderate access to markets (Table 5 and Fig. 4).""","Yes- ""potential competition with maize, illustrated here by the high potential site – Linthipe - where maize yield was suppressed in a PP-Mz intercrop (Fig. 2). There is a maize yield penalty, although overall yield (combined maize and legume grain) is often maintained.""","Gender (Female farmers at two sites, Linthipe and Golomoti, preferred PP-Mz over all other technologies. Notably, a large majority of women at Golomoti prefer the PP-Mz intercrop, presumably for direct access to the nutritious pigeonpea grain along with maize grain at this marginal site with moderate access to markets); Reduced fertiliser requirements: ""The amount of fertilizer required to support farming system productivity was halved through the introduction of a PP-Mz intercrop...and halved again in a DLR rotation""",Uncertain labour requirements; potential crop-livestock conflict,Increased soil fertility,"Knowledge of residue management practices: ""Currently many farmers burn residues, while others transport legume residues to the home with the harvest, where they may be consumed by livestock or composted (Mungai et al., 2016). More research is required to document farmer perceptions and practices around residue management but other studies in Malawi have indicated little knowledge regarding long-term negative consequences of burning residues, and widespread concerns about pests associated with residue incorporation practices ""","Market price of legume: ""Similar results were observed in Kenya, where an on-farm study evaluated economic performance of legume-diversified maize systems where legume:maize price ratios were varied from 1:1 to 4:1 (Rao and Mathuva, 2000). As the price of legume grain increased relative to maize, netpresent-value returns associated with a PP-Mz intercrop increased by ~20 to 80%, compared with continuous maize. A maize-DLR rotation system with a pigeonpea-cowpea intercrop, had modest returns relative to a PP-Mz intercrop, with the exception of the highest (4:1) legume:maize price ratio where DLR performed well (Rao and Mathuva, 2000). Similarly, in our study the DLR system performed as well as the PP-Mz intercrop but only at high legume grain prices""; Legume crop traits e.g. productivity: ""The long duration of growth, indeterminant yield production, combined with soil cover from senesce of pigeonpea leaves (which drops leaves throughout the growing season), together these traits may contribute to environmental services and buffering of risk economically.""; Reduced requirements for fertiliser: ""The amount of fertilizer required to support farming system productivity was halved through the introduction of a PP-Mz intercrop""","Market price of maize - seasonal high of maize market price led to lower profitability of legume-intercropped system; Gender: ""There are complex gender effects related to the legume systems
 (dashed arrow to the left in Fig. 5). Through application of a SI indicator framework we explicitly considered women's preferences for technologies, which provided novel insights at two locations (Figs. 2 and 4). Women are primarily responsible for growing crops for nutrition in Malawi and this should be taken into consideration if human nutrition is a policy goal. Indeed, we found that women ranked PP-Mz intercrops and DLRs substantially higher than men at two of the Africa RISING sites. When a legume becomes a cash crop, literature provides precedents whereby there is a shift towards male production of the crop and control of generated cash (Njuki et al., 2011). This could have negative impacts, if women and children are worse off due to legume crop sales and reduced consumption of legume products. Malawi's groundnut exports have increased by 18% per year from 2004 to 2014 (Edelman and Aberman, 2015).""; Labour requirements : ""Initial feedback from farmers is that harvesting pigeonpea requires an extra trip to the field during a time of processing the maize harvest (dashed double-lined arrow pointing down in Fig. 5), yet overall farmer ratings of labor requirements were similar across technologies ""","REALLY GOOD STUDY- ""Many assessments of SI technologies focus on tradeoffs, and commonly find inverse relationships between productivity and environmental services (Droppelmann et al., 2017). Our assessment used the SI framework to move beyond productivity vs. environment, to consider aspects of SI such as women's ratings of technologies, and modeled food security risks. Our results are consistent with others in that diversified SI technologies did not produce the highest amount of grain yield or income (Snapp et al., 2010), but were highly associated with conservation of resources. In addition, pigeonpea diversified technologies were highly ranked by women farmers at two out of three sites, and had no out-sized risks of food insecurity""",Table 3,,2,2,2,2,2,2,12
331,582,"Snapp S.S., Grabowski P., Chikowo R., Smith A., Anders E., Sirrine D., Chimonyo V., Bekunda M.",2018,"Maize yield and profitability tradeoffs with social, human and environmental performance: Is sustainable intensification feasible?","Snapp, S. S., Grabowski, P., Chikowo, R., Smith, A., Anders, E., Sirrine, D., . . . Bekunda, M. (2018). Maize yield and profitability tradeoffs with social, human and environmental performance: Is sustainable intensification feasible? Agricultural Systems, 162, 77-88. doi:10.1016/j.agsy.2018.01.015",Plot,Quantitative + Qualitative,Experiment (on farm),RC,2012-2015,3,4,2,2,6,3, 2-4, 11-100,Yes,Yes,,Malawi,Subsaharan Africa,1,"Linthipe,Malawi",Africa,LIC,-14.205708,34.09632,Yes,"""Sustainable intensification (SI) has been put forward as the pathway to address global requirements for food, fuel and fiber production, while simultaneously protecting environmental services and conserving resources"" ""Initial definitions put forward for SI focused primarily on agronomic production, profitability and protecting the environment (Baulcombe et al., 2009; Tilman et al., 2002). Recently there have been important efforts to broaden the definition of SI to include social aspects such as gender equity and human capacity (Godfray, 2015; Pretty et al., 2011; Loos et al., 2014). """,Experiment (on farm) ,Farmer-led + National policy (Malawi Government Maize Productivity Task Force (MPTF)),Farmer-led + policy,Intercropping,Intercrop,1,1,0,Row,"""The full suite of technologies evaluated in the mother trials included  maize grown at different fertilizer rates, manure and fertilizer applied to maize, intensified soybean (Glycine max L.) production (double rows, inoculum and micro-dosing of fertilizer), and maize intercropped with pigeonpea (Cajanus cajan (L.) Millsp.), and sequenced with a DLR, pigeonpea grown with an understory grain legume species (Snapp et al., 2010; Van Vugt et al., 2016). """,Fertilizer rates/type,,Grain / Groundnut + Pigeonpea + Soybean,Maize,Multiple,0,0,1,0,0,1,0,0,1,0,0,,17.3:2.3:0,Synthetic - below threshold,rainfed,82.935376,1.82935376,1.82935376,NA,NA,NA,NA,NA,37.42901513,1.374290151,2.019519854,1.0643116,NA,1.039039,Win-Win,Increased demand for intercrops by women,Food,Yes,Men/women,Food,"women ""prefer the PP-Mz intercrop, presumably for direct access to the nutritious pigeonpea grain along with maize grain at this marginal site with moderate access to markets (Table 5 and Fig. 4).""",Yes,"Gender (Female farmers at two sites, Linthipe and Golomoti, preferred PP-Mz over all other technologies. Notably, a large majority of women at Golomoti prefer the PP-Mz intercrop, presumably for direct access to the nutritious pigeonpea grain along with maize grain at this marginal site with moderate access to markets); Reduced fertiliser requirements: ""The amount of fertilizer required to support farming system productivity was halved through the introduction of a PP-Mz intercrop...and halved again in a DLR rotation""",Uncertain labour requirements; potential crop-livestock conflict,Increased soil fertility,"Knowledge of residue management practices: ""Currently many farmers burn residues, while others transport legume residues to the home with the harvest, where they may be consumed by livestock or composted (Mungai et al., 2016). More research is required to document farmer perceptions and practices around residue management but other studies in Malawi have indicated little knowledge regarding long-term negative consequences of burning residues, and widespread concerns about pests associated with residue incorporation practices ""","Market price of legume: ""Similar results were observed in Kenya, where an on-farm study evaluated economic performance of legume-diversified maize systems where legume:maize price ratios were varied from 1:1 to 4:1 (Rao and Mathuva, 2000). As the price of legume grain increased relative to maize, netpresent-value returns associated with a PP-Mz intercrop increased by ~20 to 80%, compared with continuous maize. A maize-DLR rotation system with a pigeonpea-cowpea intercrop, had modest returns relative to a PP-Mz intercrop, with the exception of the highest (4:1) legume:maize price ratio where DLR performed well (Rao and Mathuva, 2000). Similarly, in our study the DLR system performed as well as the PP-Mz intercrop but only at high legume grain prices""; Legume crop traits e.g. productivity: ""The long duration of growth, indeterminant yield production, combined with soil cover from senesce of pigeonpea leaves (which drops leaves throughout the growing season), together these traits may contribute to environmental services and buffering of risk economically.""; Reduced requirements for fertiliser: ""The amount of fertilizer required to support farming system productivity was halved through the introduction of a PP-Mz intercrop""","Market price of maize - seasonal high of maize market price led to lower profitability of legume-intercropped system; Gender: ""There are complex gender effects related to the legume systems
 (dashed arrow to the left in Fig. 5). Through application of a SI indicator framework we explicitly considered women's preferences for technologies, which provided novel insights at two locations (Figs. 2 and 4). Women are primarily responsible for growing crops for nutrition in Malawi and this should be taken into consideration if human nutrition is a policy goal. Indeed, we found that women ranked PP-Mz intercrops and DLRs substantially higher than men at two of the Africa RISING sites. When a legume becomes a cash crop, literature provides precedents whereby there is a shift towards male production of the crop and control of generated cash (Njuki et al., 2011). This could have negative impacts, if women and children are worse off due to legume crop sales and reduced consumption of legume products. Malawi's groundnut exports have increased by 18% per year from 2004 to 2014 (Edelman and Aberman, 2015).""; Labour requirements : ""Initial feedback from farmers is that harvesting pigeonpea requires an extra trip to the field during a time of processing the maize harvest (dashed double-lined arrow pointing down in Fig. 5), yet overall farmer ratings of labor requirements were similar across technologies ""","REALLY GOOD STUDY- ""Many assessments of SI technologies focus on tradeoffs, and commonly find inverse relationships between productivity and environmental services (Droppelmann et al., 2017). Our assessment used the SI framework to move beyond productivity vs. environment, to consider aspects of SI such as women's ratings of technologies, and modeled food security risks. Our results are consistent with others in that diversified SI technologies did not produce the highest amount of grain yield or income (Snapp et al., 2010), but were highly associated with conservation of resources. In addition, pigeonpea diversified technologies were highly ranked by women farmers at two out of three sites, and had no out-sized risks of food insecurity""",Table 3,,2,2,2,2,2,2,12
320,583,"Snapp S.S., Blackie M.J., Gilbert R.A., Bezner-Kerr R., Kanyama-Phiri G.Y.",2010,Biodiversity can support a greener revolution in Africa,"Snapp, S. S., Blackie, M. J., Gilbert, R. A., Bezner-Kerr, R., & Kanyama-Phiri, G. Y. (2010). Biodiversity can support a greener revolution in Africa. Proc Natl Acad Sci U S A, 107(48), 20840-20845. doi:10.1073/pnas.1007199107",Plot,Quantitative + Qualitative,Experiment (on farm),RC,1998,2,5,3,2,1000,2, 2-4,>100 ,Yes,Yes,,Malawi,Subsaharan Africa,1,Malawi (countrywide),Africa,LIC,-13.5,33.9,Yes,"""increases in production",Experiment (on farm) ,Farmer-led + National policy (Malawi Government Maize Productivity Task Force (MPTF)),Farmer-led + policy,Rotation,Rotation,0,0,1,Rotation,Existing farmers' practices,Existing farmers' practices,,Grain / Groundnut,Maize,Groundnut,0,0,1,0,0,0,0,0,0,0,Mucuna,,20-0-0,Synthetic - below threshold,rainfed,-25.491541,0.74508459,0.74508459,NA,NA,NA,NA,NA,43.4316354,1.434316354,1.434316354,NA,NA,NA,Mix-Mix,NA,NA,NA,NA,NA,NA,NA,Fertiliser prices; Insect-deterrent legumes; Gender:nutritional benefits of legume diversification were particularly valued by female farmers,"Access to seeds; Labour availability and wealth ""labor constraints were frequently noted by poorer households""","Choice of legume (shrubby, perform well across diverse soil types and rainfall, even at low soil fertility); Low levels of fertiliser addition: ""low productivity observed reflects soil degradation and in particular the highly N-deficient status of these soils "", ""The nitrophilic nature of the maize crop was illustrated by a consistent response to N fertilizer, which almost doubled yields""; Insect herbivory on pigeonpea: ""pigeonpea grain is highly edible with few antiquality factors, but herbivore competition was severe and contributed to the low grain yields observed""","highly degraded soils: ""degraded soils and limited access to improved seeds and superior rhizobia have often led to poor performance of annual legumes""","High fertiliser prices: ""If fertilizer prices were to double relative to grain market prices, which has occurred in recent years, then the fertilized, diversified systems tested here remained economically attractive with VCRs >3.6, whereas fertilized monoculture declined to <2.5 """,Low fertiliser prices,"nutritional benefits of legume diversification were particularly valued by female farmers and labor constraints were frequently noted by poorer households; ""fertilizer efficiency could be substantially enhanced through diversification with SP legumes: from 24 to 31 kg grain kg N?1 in monoculture maize to 38–67 kg grain kg N?1 in SP rotation. This gain in efficiency occurred across >1,000 farms, with diverse soil types (soil C by agroecozone ranged from 0.7% to 1.8%) and variable climate (annual rainfall of 660–1,060 mm).""","Fig1 - nutrient cycling; Fig2 - health, food yield",,2,2,2,2,2,2,12
321,583,"Snapp S.S., Blackie M.J., Gilbert R.A., Bezner-Kerr R., Kanyama-Phiri G.Y.",2010,Biodiversity can support a greener revolution in Africa,"Snapp, S. S., Blackie, M. J., Gilbert, R. A., Bezner-Kerr, R., & Kanyama-Phiri, G. Y. (2010). Biodiversity can support a greener revolution in Africa. Proc Natl Acad Sci U S A, 107(48), 20840-20845. doi:10.1073/pnas.1007199108",Plot,Quantitative + Qualitative,Experiment (on farm),RC,1998,2,5,3,2,1000,2, 2-4,>100 ,Yes,Yes,,Malawi,Subsaharan Africa,1,Malawi (countrywide),Africa,LIC,-13.5,33.9,Yes,"""increases in production",Experiment (on farm) ,Farmer-led + National policy (Malawi Government Maize Productivity Task Force (MPTF)),Farmer-led + policy,Intercropping,Intercrop,1,0,0,Row,Existing farmers' practices,Existing farmers' practices,,Grain / Pigeonpea,Maize,Pigeonpea,0,0,0,0,0,1,0,0,0,0,Mucuna,,20-0-0,Synthetic - below threshold,rainfed,-14.837677,0.85162323,0.85162323,NA,NA,NA,NA,NA,-48.5254692,0.514745308,0.514745308,NA,NA,NA,Mix-Mix,NA,NA,NA,NA,NA,NA,NA,Fertiliser prices; Insect-deterrent legumes; Gender:nutritional benefits of legume diversification were particularly valued by female farmers,"Access to seeds; Labour availability and wealth ""labor constraints were frequently noted by poorer households""","Choice of legume (shrubby, perform well across diverse soil types and rainfall, even at low soil fertility); Low levels of fertiliser addition: ""low productivity observed reflects soil degradation and in particular the highly N-deficient status of these soils "", ""The nitrophilic nature of the maize crop was illustrated by a consistent response to N fertilizer, which almost doubled yields""; Insect herbivory on pigeonpea: ""pigeonpea grain is highly edible with few antiquality factors, but herbivore competition was severe and contributed to the low grain yields observed""","highly degraded soils: ""degraded soils and limited access to improved seeds and superior rhizobia have often led to poor performance of annual legumes""","High fertiliser prices: ""If fertilizer prices were to double relative to grain market prices, which has occurred in recent years, then the fertilized, diversified systems tested here remained economically attractive with VCRs >3.6, whereas fertilized monoculture declined to <2.5 """,Low fertiliser prices,nutritional benefits of legume diversification were particularly valued by female farmers and labor constraints were frequently noted by poorer households,"Fig1 - nutrient cycling; Fig2 - health, food yield",,2,2,2,2,2,2,12
322,583,"Snapp S.S., Blackie M.J., Gilbert R.A., Bezner-Kerr R., Kanyama-Phiri G.Y.",2010,Biodiversity can support a greener revolution in Africa,"Snapp, S. S., Blackie, M. J., Gilbert, R. A., Bezner-Kerr, R., & Kanyama-Phiri, G. Y. (2010). Biodiversity can support a greener revolution in Africa. Proc Natl Acad Sci U S A, 107(48), 20840-20845. doi:10.1073/pnas.1007199109",Plot,Quantitative + Qualitative,Experiment (on farm),RC,1998,2,5,3,2,1000,2, 2-4,>100 ,Yes,Yes,,Malawi,Subsaharan Africa,1,Malawi (countrywide),Africa,LIC,-13.5,33.9,Yes,"""increases in production",Experiment (on farm) ,Farmer-led + National policy (Malawi Government Maize Productivity Task Force (MPTF)),Farmer-led + policy,Rotation,Rotation,0,0,1,Rotation,Existing farmers' practices,Existing farmers' practices,,Grain / Mucuna,Maize,Other,0,0,0,0,0,0,0,0,0,0,Mucuna,,35-0-0,Synthetic - below threshold,rainfed,-3.6123,0.963877,0.963877,NA,NA,NA,NA,NA,0,1,1,NA,NA,NA,Mix-Mix,NA,NA,NA,NA,NA,NA,NA,Fertiliser prices; Insect-deterrent legumes; Gender:nutritional benefits of legume diversification were particularly valued by female farmers,"Access to seeds; Labour availability and wealth ""labor constraints were frequently noted by poorer households""","Choice of legume (shrubby, perform well across diverse soil types and rainfall, even at low soil fertility); Low levels of fertiliser addition: ""low productivity observed reflects soil degradation and in particular the highly N-deficient status of these soils "", ""The nitrophilic nature of the maize crop was illustrated by a consistent response to N fertilizer, which almost doubled yields""; Insect herbivory on pigeonpea: ""pigeonpea grain is highly edible with few antiquality factors, but herbivore competition was severe and contributed to the low grain yields observed""","highly degraded soils: ""degraded soils and limited access to improved seeds and superior rhizobia have often led to poor performance of annual legumes""","High fertiliser prices: ""If fertilizer prices were to double relative to grain market prices, which has occurred in recent years, then the fertilized, diversified systems tested here remained economically attractive with VCRs >3.6, whereas fertilized monoculture declined to <2.5 """,Low fertiliser prices,nutritional benefits of legume diversification were particularly valued by female farmers and labor constraints were frequently noted by poorer households,"Fig1 - nutrient cycling; Fig2 - health, food yield",,2,2,2,2,2,2,12
215,422,"Ngwira A.R., Thierfelder C., Lambert D.M.",2013,"Conservation agriculture systems for Malawian smallholder farmers: Long-term effects on crop productivity, profitability and soil quality","Ngwira, A. R., Thierfelder, C., & Lambert, D. M. (2012). Conservation agriculture systems for Malawian smallholder farmers: long-term effects on crop productivity, profitability and soil quality. Renewable Agriculture and Food Systems, 28(4), 350-363. doi:10.1017/s1742170512000257",Field,Quantitative,Participatory Action Research,RC,2005-2011,6,3,1,2,6,2, 5-10, 11-100,Yes,Yes,Poverty,Malawi,Subsaharan Africa,1,Zidyana,Africa,LIC,-12.84342021,34.18786266,No,,Experiment (on farm),Farmer-led,Farmer-led,Intercropping: cereal-legume + rotation: cereal-legume,Intercrop-Rotation,1,0,0,Row,Conservation agriculture + herbicides,Tillage practices,Pest management,Grain / Cowpea,Maize,Cowpea,0,1,0,0,0,0,0,0,0,0,0,,69:21:00,Synthetic - below threshold,rainfed,11.59064327,1.115906433,1.115906433,NA,NA,NA,NA,NA,-15.38036476,0.846196352,0.930487943,NA,NA,0.761904762,Mix-Lose,NA,NA,NA,NA,NA,NA,NA,NA,Farmers are hesitant to grow more legumes if there are no readily available markets for the sale of produce,"Conservation agriculture (combination of differences in tillage and land preparation methods, residue management, cropping systems and weed control strategies): ""Mulch cover improved water infiltration even after the first season, especially under drier or moisture-limited conditions, thereby improving the effect on soil water balance""","Pest infestation and rainfall variability with dry spells caused grain yields lower than the potential: ""inadequate number of sprays against insect pests such as aphids (Aphis gossypii) and elegant grasshoppers (Dichromorpha elegans) as well as dry spells causing flower abortion""",NA,Dry spells (rainfall variability),"biodiversity: Differences between treatments in the faunal groups of earthworm and termites were only observed in Zidyana (Table 5). At Lemu, spatial variability of these faunal groups was too large to detect any significant difference between treatments. In Zidyana, the earthworm population was highest (48earthwormsm?2) in CAM, followed by CAML (40earthwormsm?2) and lowest (9earthwormsm?2) in CPM treatment. At both sites centipede populations were higher in the top 30cm of soil of CAM than CPM, whereas the rest of the faunal populations did not show significant difference between treatments.",Figure 5+Table 1 (Yield); Table 6 (H2O infoltration); Table 4 (Soil organic C); Figure 6 (Biomass); Table 5 (Biodiversity); Table 3 (Income) ,,2,2,2,2,2,2,12
325,583,"Snapp S.S., Blackie M.J., Gilbert R.A., Bezner-Kerr R., Kanyama-Phiri G.Y.",2010,Biodiversity can support a greener revolution in Africa,"Snapp, S. S., Blackie, M. J., Gilbert, R. A., Bezner-Kerr, R., & Kanyama-Phiri, G. Y. (2010). Biodiversity can support a greener revolution in Africa. Proc Natl Acad Sci U S A, 107(48), 20840-20845. doi:10.1073/pnas.1007199112",Plot,Quantitative + Qualitative,Experiment (on farm),RC,1998,2,6,3,3,90,2, 2-4,>100 ,Yes,Yes,,Malawi,Subsaharan Africa,1,Ekwendeni,Africa,LIC,-11.359399,33.884173,Yes,"""increases in production",Experiment (on farm) ,Farmer-led + National policy (Malawi Government Maize Productivity Task Force (MPTF)),Farmer-led + policy,Rotation,Rotation,0,0,1,Rotation,Existing farmers' practices,Existing farmers' practices,,Grain / Groundnut + Pigeonpea,Maize,Multiple,0,0,1,0,0,1,0,0,0,0,0,,20-0-0,Synthetic - below threshold,rainfed,10.245265,1.10245265,1.10245265,NA,NA,NA,NA,NA,185.0241546,2.850241546,2.850241546,NA,NA,NA,Mix-Win,NA,NA,NA,NA,NA,NA,NA,Fertiliser prices; Insect-deterrent legumes; Gender:nutritional benefits of legume diversification were particularly valued by female farmers,"Access to seeds; Labour availability and wealth ""labor constraints were frequently noted by poorer households""","Choice of legume (shrubby, perform well across diverse soil types and rainfall, even at low soil fertility); Low levels of fertiliser addition: ""low productivity observed reflects soil degradation and in particular the highly N-deficient status of these soils "", ""The nitrophilic nature of the maize crop was illustrated by a consistent response to N fertilizer, which almost doubled yields""; Insect herbivory on pigeonpea: ""pigeonpea grain is highly edible with few antiquality factors, but herbivore competition was severe and contributed to the low grain yields observed""","highly degraded soils: ""degraded soils and limited access to improved seeds and superior rhizobia have often led to poor performance of annual legumes""","High fertiliser prices: ""If fertilizer prices were to double relative to grain market prices, which has occurred in recent years, then the fertilized, diversified systems tested here remained economically attractive with VCRs >3.6, whereas fertilized monoculture declined to <2.5 """,Low fertiliser prices,,"Fig1 - nutrient cycling; Fig2 - health, food yield",,2,2,2,2,2,2,12
326,583,"Snapp S.S., Blackie M.J., Gilbert R.A., Bezner-Kerr R., Kanyama-Phiri G.Y.",2010,Biodiversity can support a greener revolution in Africa,"Snapp, S. S., Blackie, M. J., Gilbert, R. A., Bezner-Kerr, R., & Kanyama-Phiri, G. Y. (2010). Biodiversity can support a greener revolution in Africa. Proc Natl Acad Sci U S A, 107(48), 20840-20845. doi:10.1073/pnas.1007199113",Plot,Quantitative + Qualitative,Experiment (on farm),RC,1998,2,6,3,3,90,2, 2-4,>100 ,Yes,Yes,,Malawi,Subsaharan Africa,1,Ekwendeni,Africa,LIC,-11.359399,33.884173,Yes,"""increases in production",Experiment (on farm) ,Farmer-led + National policy (Malawi Government Maize Productivity Task Force (MPTF)),Farmer-led + policy,Intercropping,Intercrop,1,0,0,Row,Existing farmers' practices,Existing farmers' practices,,Grain / Pigeonpea,Maize,Pigeonpea,0,0,0,0,0,1,0,0,0,0,0,,20-0-0,Synthetic - below threshold,rainfed,4.004967,1.04004967,1.04004967,NA,NA,NA,NA,NA,61.8357488,1.618357488,1.618357488,NA,NA,NA,Win-Mix,NA,NA,NA,NA,NA,NA,NA,Fertiliser prices; Insect-deterrent legumes; Gender:nutritional benefits of legume diversification were particularly valued by female farmers,"Access to seeds; Labour availability and wealth ""labor constraints were frequently noted by poorer households""","Choice of legume (shrubby, perform well across diverse soil types and rainfall, even at low soil fertility); Low levels of fertiliser addition: ""low productivity observed reflects soil degradation and in particular the highly N-deficient status of these soils "", ""The nitrophilic nature of the maize crop was illustrated by a consistent response to N fertilizer, which almost doubled yields""; Insect herbivory on pigeonpea: ""pigeonpea grain is highly edible with few antiquality factors, but herbivore competition was severe and contributed to the low grain yields observed""","highly degraded soils: ""degraded soils and limited access to improved seeds and superior rhizobia have often led to poor performance of annual legumes""","High fertiliser prices: ""If fertilizer prices were to double relative to grain market prices, which has occurred in recent years, then the fertilized, diversified systems tested here remained economically attractive with VCRs >3.6, whereas fertilized monoculture declined to <2.5 """,Low fertiliser prices,,"Fig1 - nutrient cycling; Fig2 - health, food yield",,2,2,2,2,2,2,12
327,583,"Snapp S.S., Blackie M.J., Gilbert R.A., Bezner-Kerr R., Kanyama-Phiri G.Y.",2010,Biodiversity can support a greener revolution in Africa,"Snapp, S. S., Blackie, M. J., Gilbert, R. A., Bezner-Kerr, R., & Kanyama-Phiri, G. Y. (2010). Biodiversity can support a greener revolution in Africa. Proc Natl Acad Sci U S A, 107(48), 20840-20845. doi:10.1073/pnas.1007199114",Plot,Quantitative + Qualitative,Experiment (on farm),RC,1998,2,6,3,3,90,2, 2-4,>100 ,Yes,Yes,,Malawi,Subsaharan Africa,1,Ekwendeni,Africa,LIC,-11.359399,33.884173,Yes,"""increases in production",Experiment (on farm) ,Farmer-led + National policy (Malawi Government Maize Productivity Task Force (MPTF)),Farmer-led + policy,Rotation,Rotation,0,0,1,Rotation,Existing farmers' practices,Existing farmers' practices,,Grain / Groundnut,Maize,Groundnut,0,0,1,0,0,0,0,0,0,0,0,,20-0-0,Synthetic - below threshold,rainfed,-6.8302,0.931698,0.931698,NA,NA,NA,NA,NA,132.3671498,2.323671498,2.323671498,NA,NA,NA,Mix-Mix,NA,NA,NA,NA,NA,NA,NA,Fertiliser prices; Insect-deterrent legumes; Gender:nutritional benefits of legume diversification were particularly valued by female farmers,"Access to seeds; Labour availability and wealth ""labor constraints were frequently noted by poorer households""","Choice of legume (shrubby, perform well across diverse soil types and rainfall, even at low soil fertility); Low levels of fertiliser addition: ""low productivity observed reflects soil degradation and in particular the highly N-deficient status of these soils "", ""The nitrophilic nature of the maize crop was illustrated by a consistent response to N fertilizer, which almost doubled yields""; Insect herbivory on pigeonpea: ""pigeonpea grain is highly edible with few antiquality factors, but herbivore competition was severe and contributed to the low grain yields observed""","highly degraded soils: ""degraded soils and limited access to improved seeds and superior rhizobia have often led to poor performance of annual legumes""","High fertiliser prices: ""If fertilizer prices were to double relative to grain market prices, which has occurred in recent years, then the fertilized, diversified systems tested here remained economically attractive with VCRs >3.6, whereas fertilized monoculture declined to <2.5 """,Low fertiliser prices,,"Fig1 - nutrient cycling; Fig2 - health, food yield",,2,2,2,2,2,2,12
113,251,"Islami T., Guritno B., Utomo W.H.",2011,"Performance of cassava (Manihot esculenta Crantz) based cropping systems and associated soil quality changes in the degraded tropical uplands of East Java, Indonesia","Islami, T., Guritno, B., & Utomo, W. H. (2011). Performance of cassava (Manihot esculenta Crantz) based cropping systems and associated soil quality changes in the degraded tropical uplands of East Java, Indonesia. Journal of Tropical Agriculture, 49, 31-39.",Plot,Quantitative,Experiment (on farm),RC,2006-2009,4,14,6,8,4,1, 2-4, 3-4,Yes,Yes,Land degradation,Indonesia,South-east Asia,4,"Wringinrejo, South Blitar, East Java, Indonesia",Asia,LMIC,-8.083333,112.033333,No,,Experiment (on farm),Farmer-led + support by researchers,Farmer-led + researcher/extension,Intercropping: Cereal-legume,Intercrop,1,0,0,Row,Fertiliser; manure vs no manure,Fertilizer rates/type,,Non-Grain /  Groundnut,Cassava,Groundnut,0,0,1,0,0,0,0,0,0,0,0,,14-6-9,Synthetic - below threshold,irrigation,-8.585858586,0.914141414,0.914141414,NA,NA,NA,NA,NA,203.75,3.0375,3.0375,NA,NA,NA,Mix-Mix,NA,NA,NA,NA,NA,NA,NA,NA,NA,Organic fertiliser (manure): increased soil fertility and crop productivity,NA,NA,"High costs of seeds: ""The high cost for growing leguminous intercrops may be due to the high price of seeds and the additional costs involved in pest control""",NA,"See SuppCalc sheet- Tables 1, 2, 3",,2,2,2,2,2,2,12
114,251,"Islami T., Guritno B., Utomo W.H.",2011,"Performance of cassava (Manihot esculenta Crantz) based cropping systems and associated soil quality changes in the degraded tropical uplands of East Java, Indonesia","Islami, T., Guritno, B., & Utomo, W. H. (2011). Performance of cassava (Manihot esculenta Crantz) based cropping systems and associated soil quality changes in the degraded tropical uplands of East Java, Indonesia. Journal of Tropical Agriculture, 49, 31-39.",Plot,Quantitative,Experiment (on farm),RC,2006-2009,4,14,6,8,4,1, 2-4, 3-4,Yes,Yes,Land degradation,Indonesia,South-east Asia,4,"Wringinrejo, South Blitar, East Java, Indonesia",Asia,LMIC,-8.083333,112.033333,No,,Experiment (on farm),Farmer-led + support by researchers,Farmer-led + researcher/extension,Intercropping: Cereal-legume,Intercrop,1,0,0,Row,Fertiliser; manure vs no manure,Fertilizer rates/type,,Non-Grain / Soybean,Cassava,Soybean,0,0,0,0,0,0,0,0,1,0,0,,14-6-9,Synthetic - below threshold,irrigation,-15.65656566,0.843434343,0.843434343,NA,NA,NA,NA,NA,27.5,1.275,1.275,NA,NA,NA,Mix-Mix,NA,NA,NA,NA,NA,NA,NA,NA,NA,Organic fertiliser (manure): increased soil fertility and crop productivity,NA,NA,"High costs of seeds: ""The high cost for growing leguminous intercrops may be due to the high price of seeds and the additional costs involved in pest control""",NA,"See SuppCalc sheet- Tables 1, 2, 3",,2,2,2,2,2,2,12
115,251,"Islami T., Guritno B., Utomo W.H.",2011,"Performance of cassava (Manihot esculenta Crantz) based cropping systems and associated soil quality changes in the degraded tropical uplands of East Java, Indonesia","Islami, T., Guritno, B., & Utomo, W. H. (2011). Performance of cassava (Manihot esculenta Crantz) based cropping systems and associated soil quality changes in the degraded tropical uplands of East Java, Indonesia. Journal of Tropical Agriculture, 49, 31-39.",Plot,Quantitative,Experiment (on farm),RC,2006-2009,4,14,6,8,4,1, 2-4, 3-4,Yes,Yes,Land degradation,Indonesia,South-east Asia,4,"Wringinrejo, South Blitar, East Java, Indonesia",Asia,LMIC,-8.083333,112.033333,No,,Experiment (on farm),Farmer-led + support by researchers,Farmer-led + researcher/extension,Intercropping: Cereal-legume,Intercrop,1,0,0,Row,Fertiliser; manure vs no manure,Fertilizer rates/type,,Non-Grain / Mungbean,Cassava,Mungbean,0,0,0,0,1,0,0,0,0,0,0,,14-6-9,Synthetic - below threshold,irrigation,-15.15151515,0.848484848,0.848484848,NA,NA,NA,NA,NA,-32.5,0.675,0.675,NA,NA,NA,Mix-Mix,NA,NA,NA,NA,NA,NA,NA,NA,NA,Organic fertiliser (manure): increased soil fertility and crop productivity,NA,NA,"High costs of seeds: ""The high cost for growing leguminous intercrops may be due to the high price of seeds and the additional costs involved in pest control""",NA,"See SuppCalc sheet- Tables 1, 2, 3",,2,2,2,2,2,2,12
116,251,"Islami T., Guritno B., Utomo W.H.",2011,"Performance of cassava (Manihot esculenta Crantz) based cropping systems and associated soil quality changes in the degraded tropical uplands of East Java, Indonesia","Islami, T., Guritno, B., & Utomo, W. H. (2011). Performance of cassava (Manihot esculenta Crantz) based cropping systems and associated soil quality changes in the degraded tropical uplands of East Java, Indonesia. Journal of Tropical Agriculture, 49, 31-39.",Plot,Quantitative,Experiment (on farm),RC,2006-2009,4,14,6,8,4,1, 2-4, 3-4,Yes,Yes,Land degradation,Indonesia,South-east Asia,4,"Wringinrejo, South Blitar, East Java, Indonesia",Asia,LMIC,-8.083333,112.033333,No,,Experiment (on farm),Farmer-led + support by researchers,Farmer-led + researcher/extension,Intercropping: Cereal-legume,Intercrop,1,0,0,Row,Fertiliser; manure vs no manure,Fertilizer rates/type,,Non-Grain /  Cowpea,Cassava,Cowpea,0,1,0,0,0,0,0,0,0,0,0,,14-6-9,Synthetic - below threshold,irrigation,-15.65656566,0.843434343,0.843434343,NA,NA,NA,NA,NA,-58.75,0.4125,0.4125,NA,NA,NA,Mix-Mix,NA,NA,NA,NA,NA,NA,NA,NA,NA,Organic fertiliser (manure): increased soil fertility and crop productivity,NA,NA,"High costs of seeds: ""The high cost for growing leguminous intercrops may be due to the high price of seeds and the additional costs involved in pest control""",NA,"See SuppCalc sheet- Tables 1, 2, 3",,2,2,2,2,2,2,12
106,220,"Harsono A., Elisabeth D.A.A., Muzaiyanah S., Rianto S.A.",2020,"Soybean-maize intercropping feasibility under drought-prone area in East Java, Indonesia","Harsono, A., Elisabeth, D. A. A., Muzaiyanah, S., & Rianto, S. A. (2020). Soybean-maize intercropping feasibility under drought-prone area in East Java, Indonesia. Biodiversitas, 21(8), 3744-3754. doi:10.13057/biodiv/d210842",Plot,Quantitative,Experiment (on farm),RC,2019,1,3,2,1,3,2,1, 5-10,Yes,Yes,"Weather fluctuation (drought), food security",Indonesia,South-east Asia,4,East Java - Gesing Village of Semanding Subdistrict,Asia,LMIC,-6.970069,112.111381,Yes,"""increase land productivity""",Experiment (on farm),Farmer-led,Farmer-led,Intercropping: Cereal-legume,Intercrop,1,0,0,Row,Seed improvement (legume cultivar diversification),Seed improvement,,Grain / Soybean,Maize,Soybean,0,0,0,0,0,0,0,0,1,0,0,,Maize: 300-150-50; soybean: 30-60-30,Synthetic - above threshold,rainfed,34.505588,1.34505588,1.34505588,NA,NA,NA,NA,NA,22.5742337,1.225742337,1.225742337,NA,NA,NA,Win-Mix,NA,NA,NA,NA,NA,NA,"Yes: increased cost of production but increased benefits (yield, revenue)",NA,NA,"Low rainfall - caused miaze to grow more slowly and provide less competition for soybean, resulting in higher soybean productivity; planting pattern: ""Soybean intercropping with maize in double row with plant spacing of (40 x 20) cm x 200 cm on DLDC of Tuban District was able to produce maize seeds which were not different from maize monoculture""","Soil quality (low fertility, high alkalinity, not optimal for soybean cultivation); Low rainfall/drought stress (particularly affected maize, rainfall met soybean crop needs)","Planting pattern: ""Soybean intercropping with maize in double row with plant spacing of (40 x 20) cm x 200 cm on DLDC of Tuban District was able to produce maize seeds which were not different from maize monoculture""",Low rainfall/drought stress,,"Table 3 = yield, Table 4=LER Table 5= income",,2,1,2,2,2,2,11
107,220,"Harsono A., Elisabeth D.A.A., Muzaiyanah S., Rianto S.A.",2020,"Soybean-maize intercropping feasibility under drought-prone area in East Java, Indonesia","Harsono, A., Elisabeth, D. A. A., Muzaiyanah, S., & Rianto, S. A. (2020). Soybean-maize intercropping feasibility under drought-prone area in East Java, Indonesia. Biodiversitas, 21(8), 3744-3754. doi:10.13057/biodiv/d210842",Plot,Quantitative,Experiment (on farm),RC,2019,1,3,2,1,3,2,1, 5-10,Yes,Yes,"Weather fluctuation (drought), food security",Indonesia,South-east Asia,4,East Java - Temandang Village of Merakurak Subdistrict,Asia,LMIC,-6.866056,111.929733,Yes,"""increase land productivity""",Experiment (on farm),Farmer-led,Farmer-led,Intercropping: Cereal-legume,Intercrop,1,0,0,Row,Seed improvement (legume cultivar diversification),Seed improvement,,Grain / Soybean,Maize,Soybean,0,0,0,0,0,0,0,0,1,0,0,,Maize: 300-150-50; soybean: 30-60-31,Synthetic - above threshold,irrigation,7.472494,1.07472494,1.07472494,NA,NA,NA,NA,NA,-5.2172658,0.947827342,0.947827342,NA,NA,NA,Win-Mix,NA,NA,NA,NA,NA,NA,"Yes: increased cost of production but increased benefits (yield, revenue)",NA,NA,"Irrigation; planting pattern: ""Soybean intercropping with maize in double row with plant spacing of (40 x 20) cm x 200 cm on DLDC of Tuban District was able to produce maize seeds which were not different from maize monoculture""","Soil quality (low fertility, high alkalinity, not optimal for soybean cultivation); High rainfall - caused maize crops to grow higher than soybean and outcompete soybean","Planting pattern: ""Soybean intercropping with maize in double row with plant spacing of (40 x 20) cm x 200 cm on DLDC of Tuban District was able to produce maize seeds which were not different from maize monoculture""",High rainfall - caused maize crops to grow higher than soybean and outcompete soybean,,"Table 3 = yield, Table 4=LER Table 5= income",,2,1,2,2,2,2,11
357,647,"Wade M.K., Sanchez P.A.",1984,Productive potential of an annual intercropping scheme in the Amazon,"Wade, M. K., & Sanchez, P. A. (1984). Productive potential of an annual intercropping scheme in the Amazon. Field Crops Research, 9(C), 253-263. doi:10.1016/0378-4290(84)90030-3",Plot,Quantitative,Experiment (research station),E/M,1974,1,16,12,4,3,1,1, 3-4,Yes,Yes,,Peru,Latin America,6,Yurimaguas Experiment Station,South America,UMIC,-5.935857,-76.123391,No,NA,Experiment (research station),Researcher-led,Researcher-led,Intercropping,Intercrop,1,1,0,Row,Increasing fertiliser,Fertilizer rates/type,,Grain + Non-Grain / Cowpea +Soybean,Corn-Cassava,Multiple,0,1,0,0,0,0,0,0,1,0,0,,0-50-50 to 120-50-50,Synthetic - below threshold,rainfed,-27.027483,0.72972517,0.72972517,NA,NA,NA,NA,NA,28.7509239,1.287509239,1.287509239,NA,NA,NA,Mix-Win,NA,NA,NA,NA,NA,NA,NA,"Weeds: ""reduced risk, reduced weed
 pressures and less susceptibility to soil erosion were noted. For the intercropping
 systems, only two weedings per year were required to satisfactorily
 control weeds. The monocultures needed two to four weedings per crop""",NA,NA,NA,Prices of grain and labour,"Market availability (corn and rice are the only commodities that presently have a reliable market in the
 Yurimaguas area.)",,See SuppCalc Sheet - control is Corn + Cassava,,2,1,2,2,2,2,11
358,647,"Wade M.K., Sanchez P.A.",1984,Productive potential of an annual intercropping scheme in the Amazon,"Wade, M. K., & Sanchez, P. A. (1984). Productive potential of an annual intercropping scheme in the Amazon. Field Crops Research, 9(C), 253-263. doi:10.1016/0378-4290(84)90030-4",Plot,Quantitative,Experiment (research station),E/M,1975,1,16,12,4,3,1,1, 3-4,Yes,Yes,,Peru,Latin America,6,Yurimaguas Experiment Station,South America,UMIC,-5.935857,-76.123391,No,NA,Experiment (research station),Researcher-led,Researcher-led,Intercropping,Intercrop,1,1,0,Row,Increasing fertiliser,Fertilizer rates/type,,Grain + Non-Grain / Cowpea + Groundnut,Corn-Rice-Cassava,Multiple,0,1,1,0,0,0,0,0,0,0,0,,0-50-50 to 120-50-50,Synthetic - below threshold,rainfed,-30.489355,0.69510645,0.69510645,NA,NA,NA,NA,NA,78.07768468,1.780776847,1.780776847,NA,NA,NA,Mix-Win,NA,NA,NA,NA,NA,NA,NA,"Weeds: ""reduced risk, reduced weed
 pressures and less susceptibility to soil erosion were noted. For the intercropping
 systems, only two weedings per year were required to satisfactorily
 control weeds. The monocultures needed two to four weedings per crop""",NA,NA,NA,Prices of grain and labour,"Market availability (corn and rice are the only commodities that presently have a reliable market in the
 Yurimaguas area.)",,See SuppCalc Sheet - control is Corn + Cassava,,2,1,2,2,2,2,11
340,599,"Syafruddin, Suwardi",2020,Intercropping of maize-mungbean to increase the farmer's income,"Syafruddin, S. (2020). Intercropping of maize-mungbean to increase the farmer's income. Paper presented at the IOP Conf. Series: Earth and Environmental Science.",Plot,Quantitative,Experiment (research station),E/M,2015,1,6,4,2,1,1,1, 1-2,Yes,Yes,Land size,Indonesia,South-east Asia,4,"Gowa, South Sulawesi",Asia,LMIC,-5.286306,119.569389,No,NA,Experiment (research station),Researcher-led,Researcher-led,Intercropping,Intercrop,1,1,0,Row,Different intercrop spacings,Varied spacing/timing,,Grain / Mungbean,Maize,Mungbean,0,0,0,0,1,0,0,0,0,0,0,,184-60-60,Synthetic - below threshold,rainfed,40.6928214,1.406928214,1.406928214,NA,NA,NA,NA,NA,53.33469,1.5333469,1.5333469,NA,NA,NA,Win-Mix,NA,NA,NA,NA,NA,NA,NA,Technical feasibility,Production costs,Spatial arrangement of intercrops: 2:2R,NA,Spatial arrangement of intercrops: 2:2R; High market price of mungbeans,NA,,See SuppCalc Sheet (Table 2) for economic well-being; material assets reduction also in Table 2 (increased costs of production); food (maize equivalent yield = Table 1); LER = Table 1 (control = monoculture maize),,0,1,2,1,2,2,8
70,118,"da Silva J.N., Neto F.B., de Lima J.S.S., Chaves A.P., Nunes R.L.C., Rodrigues G.S.O., Lino V.A.D.S., de Sá J.M., Dos Santos E.C.",2020,Sustainability of carrot-cowpea intercropping systems through optimization of green manuring and spatial arrangements [Sustentabilidade de sistemas consorciados de cenoura e feijão-caupi por meio da otimização da adubação verde e arranjos espaciais],"da Silva, J. N., Neto, F. B., de Lima, J. S. S., Chaves, A. P., Nunes, R. L. C., Rodrigues, G. S. O., . . . Dos Santos, E. C. (2020). Sustainability of carrot-cowpea intercropping systems through optimization of green manuring and spatial arrangements. Ciencia Rural, 51(1), 1-13. doi:10.1590/0103-8478cr20190838",Plot,Quantitative,Experiment (on farm),E/M,2017-2018,2,4,3,1,4,1, 2-4, 3-4,Yes,Yes,,Brazil,Latin America,6,"Rafael Fernandes Experimental Farm, located in the Lagoinha district, 20 km from Mossoró-RN",South America,UMIC,-5.191944,-37.344444,No,,Experiment (on farm),Farmer-led,Farmer-led,Intercropping: Vegetable-legume,Intercrop,1,0,0,Row,"Existing farmers' practices, including Merremia aegyptia green manure",Existing farmers' practices,,Non-Grain / Cowpea,Carrot,Cowpea,0,1,0,0,0,0,0,0,0,0,0,,0-0-0,No synthetic,irrigation,58.5,1.585,1.585,NA,NA,NA,NA,NA,619.5,7.195,7.195,NA,NA,NA,Win-Win,NA,NA,NA,NA,NA,NA,NA,NA,NA,"Soil quality (history of legume intercropping- ""In the second cropping year, we observed the highest values for the indicators of economic advantage, most likely because of the better nutritional conditions, which resulted in a greater productive capacity, a higher green grain yield, and; consequently, a higher economic efficiency of the intercropping system"")",NA,Intercrop spatial arrangement,NA,NA,NA,,2,2,2,2,2,2,12
108,765,"Harsono, A., & Pratiwi, H. (2017, May). ",2017,The increase of Ultisol productivity based on intercropping cassava with peanut and soybean,"Harsono, A., & Pratiwi, H. (2017). The increase of Ultisol productivity based on intercropping cassava with peanut and soybean. Nusantara Bioscience, 9(2), 157-163. doi:10.13057/nusbiosci/n090209",Plot,Quantitative,Experiment (research station),RC,2011,1,8,4,4,4,4,1, 11-100,Not exclusively ( also studying improved cassava varieties and different fertilizer rates),Not exclusively ( also studying improved cassava varieties and different fertilizer rates),"Food demand, lack of agricultural land availability, need to grow food on acidic soils.",Indonesia,South-east Asia,4,"Sukadana District, East Lampung during",Asia,LMIC,-5.060818001,105.5454186,No,NA,Experiment (research station),Researcher-led (in collaboration with farmers),Researcher-led,Intercropping:cassava-legume,Intercrop,1,0,0,NA,also studying improved cassava varieties and different fertilizer rates,Fertilizer rates/type,improved variety,Non-Grain / Groundnut,Cassava,Groundnut,0,0,1,0,0,0,0,0,0,0,0,0,"200N (farmer monoculture cassava), 150 & 200N (IMPROVED MONOCULTURE CASSAVA ALTERNATIVE & recommended fertilisation), 25 &150 (cassava-peanut improved fertilisation, 150,200 (cassava-peanut recommednded fertilisation",Synthetic - above threshold,rainfed,124.2554741,2.242554741,2.242554741,NA,NA,NA,NA,NA,39.4194512,1.394194512,2.062533645,0.725855379,NA,NA,Win-Mix,NA,NA,NA,NA,NA,NA,NA,NA,NA,land productivity could be further increased by intercropping cassava with peanut,NA,The intercropping system significantly increased the net income of monoculture system,NA,,"Harsono_2017_table5_LER & yield, table6_economic analysis",,2,1,2,1,2,2,10
260,496,"Rao M.R., Mathuva M.N.",2000,Legumes for improving maize yields and income in semi-arid Kenya,"Rao, M. R., & Mathuva, M. N. (2000). Legumes for improving maize yields and income in semi-arid Kenya. Agriculture, Ecosystems & Environment, 78(2), 123-137. doi:10.1016/s0167-8809(99)00125-5",Plot,Quantitative,Experiment (research station),E/M,1989-1996,7,6,5,1,3,1, 5-10, 3-4,Yes,Yes,"High population density, nutrient depletion, no rotations, legumes improve soilfertility, biomass, and profit",Kenya,Subsaharan Africa,1,International Centre for Research in Agroforestry (ICRAF) at Machakos,Africa,LMIC,-1.55,37.233333,No,,Experiment (research station),Researcher-led,Researcher-led,Rotation+ Intercropping (legume+cereal),Intercrop-Rotation,1,0,1,Row,Existing farmers' practices,Existing farmers' practices,,Grain / Cowpea,Maize,Cowpea,0,1,0,0,0,0,0,0,0,0,0,0,No fertiliser used,No synthetic,rainfed,50.81300813,1.508130081,1.508130081,NA,NA,NA,NA,NA,15.9676952,1.159676952,1.3150804,NA,NA,1.004273504,Win-Win,YES,"Legumes rotation and intercropping is more profitable for farmers, in
terms of returns to land and labour",NA,NA,NA,NA,NA,"Grain legumes usually command two to four
times the price of maize and are marketed easily
in most tropical countries, including Kenya. As maize is more sensitive to drought than grain
legumes, which occurs frequently in the semi-arid
tropics, systems involving grain legumes are likely
to be less risky and more attractive to farmers than
continuous cultivation of maize",NA,NA,Pests affecting legumes,"Grain legumes usually command two to four
times the price of maize and are marketed easily
in most tropical countries, including Kenya.",NA,"The study leads to the conclusion that cropping systems
based on grain legumes are more profitable, in
terms of returns to land and labour, than continuous
cropping of cereals with or without green manuring
and hedgerow intercropping in semi-arid tropics. The
choice between cowpea and pigeonpea is a matter of
farmers’ preference for home consumption, market
prices and long-term rotational needs to avoid pests
and diseases. See Supporting Calculations Tab","Supporting calculation. Table 2-Maize grain yield (t ha?1), Table3-grain yields of legumes, Table7.Costs&net benefits, Table6.inorganic nitrogen ",,2,2,2,2,2,2,12
261,496,"Rao M.R., Mathuva M.N.",2000,Legumes for improving maize yields and income in semi-arid Kenya,"Rao, M. R., & Mathuva, M. N. (2000). Legumes for improving maize yields and income in semi-arid Kenya. Agriculture, Ecosystems & Environment, 78(2), 123-137. doi:10.1016/s0167-8809(99)00125-6",Plot,Quantitative,Experiment (research station),E/M,1989-1996,7,6,5,1,3,1, 5-10, 3-4,Yes,Yes,"High population density, nutrient depletion, no rotations, legumes improve soilfertility, biomass, and profit",Kenya,Subsaharan Africa,1,International Centre for Research in Agroforestry (ICRAF) at Machakos,Africa,LMIC,-1.55,37.233333,No,,Experiment (research station),Researcher-led,Researcher-led,Rotation + Intercropping (legume+legume),Intercrop-Rotation,1,0,1,Row,Existing farmers' practices,Existing farmers' practices,,Grain / Cowpea + Pigeonpea,Maize,Multiple,0,1,0,0,0,1,0,0,0,0,0,0,No fertiliser used,No synthetic,rainfed,52.03252033,1.520325203,1.520325203,NA,NA,NA,NA,NA,31.72895842,1.317289584,1.485006519,NA,NA,1.14957265,Mix-Win,YES,"Legumes rotation and intercropping is more profitable for farmers, in
terms of returns to land and labour",NA,NA,NA,NA,NA,"Grain legumes usually command two to four
times the price of maize and are marketed easily
in most tropical countries, including Kenya. As maize is more sensitive to drought than grain
legumes, which occurs frequently in the semi-arid
tropics, systems involving grain legumes are likely
to be less risky and more attractive to farmers than
continuous cultivation of maize. Pigeonpea is more profitable because
they required less labour for cultivation",NA,Weather- Optimum rainfall,Pests affecting legumes,"Grain legumes usually command two to four
times the price of maize and are marketed easily
in most tropical countries, including Kenya.",NA,"The study leads to the conclusion that cropping systems
based on grain legumes are more profitable, in
terms of returns to land and labour, than continuous
cropping of cereals with or without green manuring
and hedgerow intercropping in semi-arid tropics. The
choice between cowpea and pigeonpea is a matter of
farmers’ preference for home consumption, market
prices and long-term rotational needs to avoid pests
and diseases. See Supporting Calculations Tab","Table 2-Maize grain yield (t ha?1), Table3-grain yields of legumes, Table7.Costs&net benefits, Table6.inorganic nitrogen ",,2,2,2,2,2,2,12
262,496,"Rao M.R., Mathuva M.N.",2000,Legumes for improving maize yields and income in semi-arid Kenya,"Rao, M. R., & Mathuva, M. N. (2000). Legumes for improving maize yields and income in semi-arid Kenya. Agriculture, Ecosystems & Environment, 78(2), 123-137. doi:10.1016/s0167-8809(99)00125-7",Plot,Quantitative,Experiment (research station),E/M,1989-1996,7,6,5,1,3,1, 5-10, 3-4,Yes,Yes,"High population density, nutrient depletion, no rotations, legumes improve soilfertility, biomass, and profit",Kenya,Subsaharan Africa,1,International Centre for Research in Agroforestry (ICRAF) at Machakos,Africa,LMIC,-1.55,37.233333,No,,Experiment (research station),Researcher-led,Researcher-led,Intercropping (Cereal-legume),Intercrop,1,0,0,Row,Existing farmers' practices,Existing farmers' practices,,Grain / Pigeonpea,Maize,Pigeonpea,0,0,0,0,0,1,0,0,0,0,0,0,No fertiliser used,No synthetic,rainfed,56.09756098,1.56097561,1.56097561,NA,NA,NA,NA,NA,40.51861509,1.405186151,1.494132986,NA,NA,1.316239316,Mix-Win,YES,"Legumes rotation and intercropping is more profitable for farmers, in
terms of returns to land and labour",NA,NA,NA,NA,NA,"Grain legumes usually command two to four
times the price of maize and are marketed easily
in most tropical countries, including Kenya. As maize is more sensitive to drought than grain
legumes, which occurs frequently in the semi-arid
tropics, systems involving grain legumes are likely
to be less risky and more attractive to farmers than
continuous cultivation of maize. Pigeonpea is more profitable because
they required less labour for cultivation",NA,NA,Pests affecting legumes,"Grain legumes usually command two to four
times the price of maize and are marketed easily
in most tropical countries, including Kenya.",NA,"The study leads to the conclusion that cropping systems
based on grain legumes are more profitable, in
terms of returns to land and labour, than continuous
cropping of cereals with or without green manuring
and hedgerow intercropping in semi-arid tropics. The
choice between cowpea and pigeonpea is a matter of
farmers’ preference for home consumption, market
prices and long-term rotational needs to avoid pests
and diseases. See Supporting Calculations Tab","Table 2-Maize grain yield (t ha?1), Table3-grain yields of legumes, Table7.Costs&net benefits, Table6.inorganic nitrogen ",,2,2,2,2,2,2,12
93,199,"Gitari H.I., Gachene C.K.K., Karanja N.N., Kamau S., Nyawade S., Sharma K., Schulte-Geldermann E.",2018,Optimizing yield and economic returns of rain-fed potato (Solanum tuberosum L.) through water conservation under potato-legume intercropping systems,"Gitari, H. I., Gachene, C. K. K., Karanja, N. N., Kamau, S., Nyawade, S., Sharma, K., & Schulte-Geldermann, E. (2018). Optimizing yield and economic returns of rain-fed potato (Solanum tuberosum L.) through water conservation under potato-legume intercropping systems. Agricultural Water Management, 208, 59-66. doi:10.1016/j.agwat.2018.06.005",Plot,Quantitative,Experiment (research station),E/M,2014-2016,3,4,3,1,4,1, 2-4, 3-4,Yes,Yes,Weather fluctuation,Kenya,Subsaharan Africa,1,"Upper Kabete Campus, University of Nairobi, Nairobi",Africa,LMIC,-1.252234405,36.72876471,No,,Experiment (research station),Researcher-led,Researcher-led,Intercropping: Cereal-legume,Intercrop,1,0,0,Row,"Pesticide to control potato blight and aphids on legumes; fertiliser, weeding, staking for beans and ridging for potatoes",Weed/pest management,Fertilizer rates/type,Non-Grain / Dolichos,Potato,Other,0,0,0,0,0,0,0,0,0,0,Dolichos (lablab bean),Dolichos (lablab bean),88-34-34,Synthetic - below threshold,rainfed,21.25,1.2125,1.2125,NA,NA,NA,NA,NA,23.52,1.2352,1.2352,NA,NA,NA,Win-Mix,NA,NA,NA,NA,NA,NA,"Yes: cultivation cost (material assets - cost of inputs ie seed, fertilizer, fungicides, pesticides + labour) vs income gain (""highest cost of
 production was incurred under potato-legume intercropping systems ranging from US$ 1550 ha?1 in PG to US$ 1600 ha?1 in PD, compared
 to US$ 1450 ha?1 in PS. Nevertheless, these potato-legume intercropping
 systems were the most profitable with net income of US$ 9174,
 8496, 7884 ha?1 for PD, PB and PG, respectively compared to PS (US$
 7436 ha?1). This resulted in higher benefit: cost ratios"")","Smallholder farmers reliant on rain-fed agriculture, especially women- dolichos also has high socio-economic value to many African communities",NA,"Rainfall fluctuation (below average, highly concentrated into one rain event: legumes use available soil water more effectively than cereals due to higher groundcover which helps intercept rainfall)",NA,High market price of legumes over potato; Gender: dolichos also has high socio-economic value to many African communities as consumed by lactating mothers,NA,NA,NA,,2,2,2,2,2,2,12
94,199,"Gitari H.I., Gachene C.K.K., Karanja N.N., Kamau S., Nyawade S., Sharma K., Schulte-Geldermann E.",2018,Optimizing yield and economic returns of rain-fed potato (Solanum tuberosum L.) through water conservation under potato-legume intercropping systems,"Gitari, H. I., Gachene, C. K. K., Karanja, N. N., Kamau, S., Nyawade, S., Sharma, K., & Schulte-Geldermann, E. (2018). Optimizing yield and economic returns of rain-fed potato (Solanum tuberosum L.) through water conservation under potato-legume intercropping systems. Agricultural Water Management, 208, 59-66. doi:10.1016/j.agwat.2018.06.005",Plot,Quantitative,Experiment (research station),E/M,2014-2016,3,4,3,1,4,1, 2-4, 3-4,Yes,Yes,Weather fluctuation,Kenya,Subsaharan Africa,1,"Upper Kabete Campus, University of Nairobi, Nairobi",Africa,LMIC,-1.252234405,36.72876471,No,,Experiment (research station),Researcher-led,Researcher-led,Intercropping: Cereal-legume,Intercrop,1,0,0,Row,"Pesticide to control potato blight and aphids on legumes; fertiliser, weeding, staking for beans and ridging for potatoes",Weed/pest management,Fertilizer rates/type,Non-Grain / Pea,Potato,Pea,0,0,0,0,0,0,0,0,0,1,0,,88-34-34,Synthetic - below threshold,rainfed,6.26,1.0626,1.0626,NA,NA,NA,NA,NA,6.14,1.0614,1.0614,NA,NA,NA,Win-Mix,NA,NA,NA,NA,NA,NA,"Yes: cultivation cost (material assets - cost of inputs ie seed, fertilizer, fungicides, pesticides + labour) vs income gain (""highest cost of
 production was incurred under potato-legume intercropping systems ranging from US$ 1550 ha?1 in PG to US$ 1600 ha?1 in PD, compared
 to US$ 1450 ha?1 in PS. Nevertheless, these potato-legume intercropping
 systems were the most profitable with net income of US$ 9174,
 8496, 7884 ha?1 for PD, PB and PG, respectively compared to PS (US$
 7436 ha?1). This resulted in higher benefit: cost ratios"")",Smallholder farmers reliant on rain-fed agriculture,NA,"Rainfall fluctuation (below average, highly concentrated into one rain event: legumes use available soil water more effectively than cereals due to higher groundcover which helps intercept rainfall)",NA,High market price of legumes over potato,NA,NA,NA,,2,2,2,2,2,2,12
95,199,"Gitari H.I., Gachene C.K.K., Karanja N.N., Kamau S., Nyawade S., Sharma K., Schulte-Geldermann E.",2018,Optimizing yield and economic returns of rain-fed potato (Solanum tuberosum L.) through water conservation under potato-legume intercropping systems,"Gitari, H. I., Gachene, C. K. K., Karanja, N. N., Kamau, S., Nyawade, S., Sharma, K., & Schulte-Geldermann, E. (2018). Optimizing yield and economic returns of rain-fed potato (Solanum tuberosum L.) through water conservation under potato-legume intercropping systems. Agricultural Water Management, 208, 59-66. doi:10.1016/j.agwat.2018.06.005",Plot,Quantitative,Experiment (research station),E/M,2014-2016,3,4,3,1,4,1, 2-4, 3-4,Yes,Yes,Weather fluctuation,Kenya,Subsaharan Africa,1,"Upper Kabete Campus, University of Nairobi, Nairobi",Africa,LMIC,-1.252234405,36.72876471,No,,Experiment (research station),Researcher-led,Researcher-led,Intercropping: Cereal-legume,Intercrop,1,0,0,Row,"Pesticide to control potato blight and aphids on legumes; fertiliser, weeding, staking for beans and ridging for potatoes",Weed/pest management,Fertilizer rates/type,Non-Grain / Common bean,Potato,Common bean,0,0,0,0,0,0,0,1,0,0,0,,88-34-34,Synthetic - below threshold,rainfed,14.3,1.143,1.143,NA,NA,NA,NA,NA,15.17,1.1517,1.1517,NA,NA,NA,Win-Mix,NA,NA,NA,NA,NA,NA,"Yes: cultivation cost (material assets - cost of inputs ie seed, fertilizer, fungicides, pesticides + labour) vs income gain (""highest cost of
 production was incurred under potato-legume intercropping systems ranging from US$ 1550 ha?1 in PG to US$ 1600 ha?1 in PD, compared
 to US$ 1450 ha?1 in PS. Nevertheless, these potato-legume intercropping
 systems were the most profitable with net income of US$ 9174,
 8496, 7884 ha?1 for PD, PB and PG, respectively compared to PS (US$
 7436 ha?1). This resulted in higher benefit: cost ratios"")",Smallholder farmers reliant on rain-fed agriculture,NA,"Rainfall fluctuation (below average, highly concentrated into one rain event: legumes use available soil water more effectively than cereals due to higher groundcover which helps intercept rainfall)",NA,High market price of legumes over potato,NA,NA,NA,,2,2,2,2,2,2,12
96,198,"Gitari H.I., Nyawade S.O., Kamau S., Karanja N.N., Gachene C.K.K., Raza M.A., Maitra S., Schulte-Geldermann E.",2020,Revisiting intercropping indices with respect to potato-legume intercropping systems,"Gitari, H. I., Nyawade, S. O., Kamau, S., Karanja, N. N., Gachene, C. K. K., Raza, M. A., . . . Schulte-Geldermann, E. (2020). Revisiting intercropping indices with respect to potato-legume intercropping systems. Field Crops Research, 258. doi:10.1016/j.fcr.2020.107957",Plot,Quantitative,Experiment (research station),E/M,2015-2016,2,7,6,1,4,1, 2-4, 3-4,Yes,Yes,Rapid population growth and food insecurity,Kenya,Subsaharan Africa,1,"Upper Kabete Campus, University of Nairobi, Nairobi",Africa,LMIC,-1.252234405,36.72876471,No,,Experiment (research station),Researcher-led,Researcher-led,Intercropping: Cereal-legume,Intercrop,1,1,0,Row,Pesticide to control potato blight and aphids on legumes; fertiliser application to both potatoes and legumes,Weed/pest management,Fertilizer rates/type,Non-Grain / Dolichos,Potato,Other,0,0,0,0,0,0,0,0,0,0,Dolichos (lablab bean),Dolichos (lablab bean),90-55-0,Synthetic - below threshold,rainfed,3.238,1.03238,1.03238,NA,NA,NA,NA,NA,2.0325,1.020325,1.04065,NA,1,NA,Win-Win,NA,NA,NA,NA,NA,NA,No,Smallholder farmers,Perception by farmers that intercropping can cause competition between crops and thus lower yields,"Planting pattern: higher density intercrop increases yield (""Generally, treatment PD (1:2.4) and PB (1:2.4) significantly improved legume yield by 46 % and 47 %, respectively, as compared to respective yields in PD (1:1.2) and PB (1:1.2).""",NA,Planting pattern: higher density intercrop increases income,NA,,"Table 2 - yield, economics; Figure 3 - total LER (average of 2015 and 2016)",,2,2,2,2,2,2,12
97,198,"Gitari H.I., Nyawade S.O., Kamau S., Karanja N.N., Gachene C.K.K., Raza M.A., Maitra S., Schulte-Geldermann E.",2020,Revisiting intercropping indices with respect to potato-legume intercropping systems,"Gitari, H. I., Nyawade, S. O., Kamau, S., Karanja, N. N., Gachene, C. K. K., Raza, M. A., . . . Schulte-Geldermann, E. (2020). Revisiting intercropping indices with respect to potato-legume intercropping systems. Field Crops Research, 258. doi:10.1016/j.fcr.2020.107957",Plot,Quantitative,Experiment (research station),E/M,2015-2016,2,7,6,1,4,1, 2-4, 3-4,Yes,Yes,Rapid population growth and food insecurity,Kenya,Subsaharan Africa,1,"Upper Kabete Campus, University of Nairobi, Nairobi",Africa,LMIC,-1.252234405,36.72876471,No,,Experiment (research station),Researcher-led,Researcher-led,Intercropping: Cereal-legume,Intercrop,1,1,0,Row,Pesticide to control potato blight and aphids on legumes; fertiliser application to both potatoes and legumes,Weed/pest management,Fertilizer rates/type,Non-Grain / Common bean,Potato,Common bean,0,0,0,0,0,0,0,1,0,0,0,,90-55-0,Synthetic - below threshold,rainfed,0.097,1.00097,1.00097,NA,NA,NA,NA,NA,-0.15,0.9985,0.997,NA,1,NA,Win-Mix,NA,NA,NA,NA,NA,NA,No,Smallholder farmers,Perception by farmers that intercropping can cause competition between crops and thus lower yields,"Planting pattern: higher density intercrop increases yield (""Generally, treatment PD (1:2.4) and PB (1:2.4) significantly improved legume yield by 46 % and 47 %, respectively, as compared to respective yields in PD (1:1.2) and PB (1:1.2).""",NA,Planting pattern: higher density intercrop increases income,NA,,"Table 2 - yield, economics; Figure 3 - total LER (average of 2015 and 2016)",,2,2,2,2,2,2,12
238,436,"Onduru D.D., Du Preezb C.C.",2007,Ecological and agro-economic study of small farms in sub-Saharan Africa,"Onduru, D. D., & Preez, C. C. (2007). Ecological and agro-economic study of small farms in sub-Saharan Africa. Agronomy for Sustainable Development, 27(3), 197-208. doi:10.1051/agro:2007003",Plot,Quantitative,Experiment (on farm),RC,2002,1,5,1,5,30,1,1, 11-100,Yes,Yes,"Land degradation, rising population and poverty",Kenya,Subsaharan Africa,1,"Mbeere District, Eastern
 Kenya",Africa,LMIC,-0.5,37.5,No,,Experiment (on farm),Farmer-led,Farmer-led,Intercropping: Cereal-legume,Intercrop,1,0,0,Row,Existing farmers' practices,Existing farmers' practices,,Grain / Common bean,Maize,Common bean,0,0,0,0,0,0,0,1,0,0,0,,0,No synthetic,rainfed,79.159159,1.79159159,1.79159159,NA,NA,NA,NA,NA,3.0434783,1.030434783,1.030434783,NA,NA,NA,Win-Mix,NA,NA,NA,NA,NA,NA,NA,NA,NA,NA,NA,NA,NA,NA,Table 6,,1,1,2,2,2,2,10
226,435,"Ojiem J.O., Franke A.C., Vanlauwe B., de Ridder N., Giller K.E.",2014,Benefits of legume-maize rotations: Assessing the impact of diversity on the productivity of smallholders in Western Kenya,"Ojiem, J. O., Franke, A. C., Vanlauwe, B., de Ridder, N., & Giller, K. E. (2014). Benefits of legume–maize rotations: Assessing the impact of diversity on the productivity of smallholders in Western Kenya. Field Crops Research, 168, 75-85. doi:10.1016/j.fcr.2014.08.010",Plot,Quantitative,Experiment (on farm),E/M,2003-2004,2,12,6,6,2,1, 2-4, 1-2,Yes,Yes,"Soil degradation & low soil fertility, poverty, inequity (biophysical and socio-economic heterogeneity in smallholder systems",Kenya,Subsaharan Africa,1,Majengo,Africa,LMIC,0,34.683333,Yes,"""enhance system productivity""",Experiment (on farm),Farmer-led,Farmer-led,Rotation,Rotation,1,0,0,Rotation,"Existing farmers' practices (green manures, no rhizobium innoculation)",Existing farmers' practices,,Grain / Soybean,Maize,Soybean,0,0,0,0,0,0,0,0,1,0,0,,0.020833333,Synthetic - below threshold,rainfed,12.39872,1.1239872,1.1239872,NA,NA,NA,NA,NA,19.5795125,1.195795125,1.71755725,NA,NA,0.674033,Win-Mix,NA,NA,NA,NA,NA,NA,NA,NA,"Diminishing returns to increasing legume-N application rates, and less returns in lower rainfall areas: ""while legumes offer scope to immediately improve productivity and economic returns also in low potential areas and fields, the relatively poor responses and the time and investments that are probably required to improve responses are likely to impede adoption.""","Biophysical conditions: ""The productivity of legumes and maize varied with AEZ and soil fertility status.""; History of management: . Soil C and available P were generally greater in fields in higher fertility classes - trial fields in better soil fertility classes had received more organic inputs in the past (e.g. animal manure application)","Soil health: shallow soils or poor drainage, which was not captured through soil analyses","type of legume and N-fixing capabilities: ""superior returns of rotations with soybean and groundnut were due to the higher prices of these crops, relative to bean, and probably the poor N fixation rate by bean"", but ""Under low fertility conditions and in AEZ3, the differences in yield between legumes (in absolute terms) were less pronounced (i.e. all yields were small) than under high fertility and high rainfall conditions (AEZ1 and AEZ2)""; combination of high soil feritlity with high rainfall, or low soil fertility with low rainfall: ""In the trial, fertile fields and AEZs with higher rainfall generally
 provided higher returns to land and labour than poorly fertile fields.""",,AEZ2 - medium rainfall area,"Yield from Table 4, Economic returns from Table 7, Labour from Table 6",,1,2,2,2,2,2,11
227,435,"Ojiem J.O., Franke A.C., Vanlauwe B., de Ridder N., Giller K.E.",2014,Benefits of legume-maize rotations: Assessing the impact of diversity on the productivity of smallholders in Western Kenya,"Ojiem, J. O., Franke, A. C., Vanlauwe, B., de Ridder, N., & Giller, K. E. (2014). Benefits of legume–maize rotations: Assessing the impact of diversity on the productivity of smallholders in Western Kenya. Field Crops Research, 168, 75-85. doi:10.1016/j.fcr.2014.08.011",Plot,Quantitative,Experiment (on farm),E/M,2003-2004,2,12,6,6,2,1, 2-4, 1-2,Yes,Yes,"Soil degradation & low soil fertility, poverty, inequity (biophysical and socio-economic heterogeneity in smallholder systems",Kenya,Subsaharan Africa,1,Majengo,Africa,LMIC,0,34.683333,Yes,"""enhance system productivity""",Experiment (on farm),Farmer-led,Farmer-led,Rotation + Intercropping,Intercrop-Rotation,1,0,0,Row,"Existing farmers' practices (green manures, no rhizobium innoculation)",Existing farmers' practices,,Grain / Common bean + Soybean,Maize,Multiple,0,0,0,0,0,0,0,1,1,0,0,,0.020833333,Synthetic - below threshold,rainfed,26.31967,1.2631967,1.2631967,NA,NA,NA,NA,NA,27.848877,1.27848877,1.78625954,NA,NA,0.770718,Win-Mix,NA,NA,NA,NA,NA,NA,NA,NA,"Diminishing returns to increasing legume-N application rates, and less returns in lower rainfall areas: ""while legumes offer scope to immediately improve productivity and economic returns also in low potential areas and fields, the relatively poor responses and the time and investments that are probably required to improve responses are likely to impede adoption.""","Rainfall and soil fertility: ""Intercropping bean with maize in the long rains season provided an additional bean yield that did not come at the expense of maize yield and improved returns to land and labour, but more so in the high potential zones.""; Biophysical conditions: ""The productivity of legumes and maize varied with AEZ and soil fertility status.""; History of management: . Soil C and available P were generally greater in fields in higher fertility classes - trial fields in better soil fertility classes had received more organic inputs in the past (e.g. animal manure application)","Soil health: shallow soils or poor drainage, which was not captured through soil analyses","type of legume and N-fixing capabilities: ""superior returns of rotations with soybean and groundnut were due to the higher prices of these crops, relative to bean, and probably the poor N fixation rate by bean"", but ""Under low fertility conditions and in AEZ3, the differences in yield between legumes (in absolute terms) were less pronounced (i.e. all yields were small) than under high fertility and high rainfall conditions (AEZ1 and AEZ2)""; combination of high soil feritlity with high rainfall, or low soil fertility with low rainfall: ""In the trial, fertile fields and AEZs with higher rainfall generally
 provided higher returns to land and labour than poorly fertile fields.""",,AEZ2 - medium rainfall area,"Yield from Table 4, Economic returns from Table 7, Labour from Table 6",,1,2,2,2,2,2,11
228,435,"Ojiem J.O., Franke A.C., Vanlauwe B., de Ridder N., Giller K.E.",2014,Benefits of legume-maize rotations: Assessing the impact of diversity on the productivity of smallholders in Western Kenya,"Ojiem, J. O., Franke, A. C., Vanlauwe, B., de Ridder, N., & Giller, K. E. (2014). Benefits of legume–maize rotations: Assessing the impact of diversity on the productivity of smallholders in Western Kenya. Field Crops Research, 168, 75-85. doi:10.1016/j.fcr.2014.08.012",Plot,Quantitative,Experiment (on farm),E/M,2003-2004,2,12,6,6,2,1, 2-4, 1-2,Yes,Yes,"Soil degradation & low soil fertility, poverty, inequity (biophysical and socio-economic heterogeneity in smallholder systems",Kenya,Subsaharan Africa,1,Majengo,Africa,LMIC,0,34.683333,Yes,"""enhance system productivity""",Experiment (on farm),Farmer-led,Farmer-led,Rotation,Rotation,1,0,0,Rotation,"Existing farmers' practices (green manures, no rhizobium innoculation)",Existing farmers' practices,,Grain / Groundnut,Maize,Groundnut,0,0,1,0,0,0,0,0,0,0,0,,0.020833333,Synthetic - below threshold,rainfed,30.07611,1.3007611,1.3007611,NA,NA,NA,NA,NA,23.6472535,1.236472535,1.83206107,NA,NA,0.640884,Win-Mix,NA,NA,NA,NA,NA,NA,NA,NA,"Diminishing returns to increasing legume-N application rates, and less returns in lower rainfall areas: ""while legumes offer scope to immediately improve productivity and economic returns also in low potential areas and fields, the relatively poor responses and the time and investments that are probably required to improve responses are likely to impede adoption.""","Biophysical conditions: ""The productivity of legumes and maize varied with AEZ and soil
 fertility status.""; History of management: . Soil C and available P were generally greater in fields in higher fertility classes - trial fields in better soil fertility classes had received more organic inputs in the past (e.g. animal manure application)","Soil health: shallow soils or poor drainage, which was not captured through soil analyses","type of legume and N-fixing capabilities: ""superior returns of rotations with soybean and groundnut were due to the higher prices of these crops, relative to bean, and probably the poor N fixation rate by bean"", but ""Under low fertility conditions and in AEZ3, the differences in yield between legumes (in absolute terms) were less pronounced (i.e. all yields were small) than under high fertility and high rainfall conditions (AEZ1 and AEZ2)""; combination of high soil feritlity with high rainfall, or low soil fertility with low rainfall: ""In the trial, fertile fields and AEZs with higher rainfall generally
 provided higher returns to land and labour than poorly fertile fields.""",,AEZ2 - medium rainfall area,"Yield from Table 4, Economic returns from Table 7, Labour from Table 6",,1,2,2,2,2,2,11
229,435,"Ojiem J.O., Franke A.C., Vanlauwe B., de Ridder N., Giller K.E.",2014,Benefits of legume-maize rotations: Assessing the impact of diversity on the productivity of smallholders in Western Kenya,"Ojiem, J. O., Franke, A. C., Vanlauwe, B., de Ridder, N., & Giller, K. E. (2014). Benefits of legume–maize rotations: Assessing the impact of diversity on the productivity of smallholders in Western Kenya. Field Crops Research, 168, 75-85. doi:10.1016/j.fcr.2014.08.013",Plot,Quantitative,Experiment (on farm),E/M,2003-2004,2,12,6,6,2,1, 2-4, 1-2,Yes,Yes,"Soil degradation & low soil fertility, poverty, inequity (biophysical and socio-economic heterogeneity in smallholder systems",Kenya,Subsaharan Africa,1,Majengo,Africa,LMIC,0,34.683333,Yes,"""enhance system productivity""",Experiment (on farm),Farmer-led,Farmer-led,Rotation,Rotation,1,0,0,Rotation,different soil fertility status for different Agroeconological zones,Soil fertility,,Grain / Common bean,Maize,Common bean,0,0,0,0,0,0,0,1,0,0,0,,0.020833333,Synthetic - below threshold,rainfed,-17.8738,0.821262,0.821262,NA,NA,NA,NA,NA,-6.2481705,0.937518295,1.00763359,NA,NA,0.867403,Lose-Mix,NA,NA,NA,NA,NA,NA,NA,NA,"Diminishing returns to increasing legume-N application rates, and less returns in lower rainfall areas: ""while legumes offer scope to immediately improve productivity and economic returns also in low potential areas and fields, the relatively poor responses and the time and investments that are probably required to improve responses are likely to impede adoption.""","Biophysical conditions: ""The productivity of legumes and maize varied with AEZ and soil
 fertility status.""; History of management: . Soil C and available P were generally greater in fields in higher fertility classes - trial fields in better soil fertility classes had received more organic inputs in the past (e.g. animal manure application)","Soil health: shallow soils or poor drainage, which was not captured through soil analyses","type of legume and N-fixing capabilities: ""superior returns of rotations with soybean and groundnut were due to the higher prices of these crops, relative to bean, and probably the poor N fixation rate by bean"", but ""Under low fertility conditions and in AEZ3, the differences in yield between legumes (in absolute terms) were less pronounced (i.e. all yields were small) than under high fertility and high rainfall conditions (AEZ1 and AEZ2)""; combination of high soil feritlity with high rainfall, or low soil fertility with low rainfall: ""In the trial, fertile fields and AEZs with higher rainfall generally
 provided higher returns to land and labour than poorly fertile fields.""",Absence of bean inoculation,AEZ2 - medium rainfall area,"Yield from Table 4, Economic returns from Table 7, Labour from Table 6",,1,2,2,2,2,2,11
230,435,"Ojiem J.O., Franke A.C., Vanlauwe B., de Ridder N., Giller K.E.",2014,Benefits of legume-maize rotations: Assessing the impact of diversity on the productivity of smallholders in Western Kenya,"Ojiem, J. O., Franke, A. C., Vanlauwe, B., de Ridder, N., & Giller, K. E. (2014). Benefits of legume–maize rotations: Assessing the impact of diversity on the productivity of smallholders in Western Kenya. Field Crops Research, 168, 75-85. doi:10.1016/j.fcr.2014.08.014",Plot,Quantitative,Experiment (on farm),E/M,2003-2004,2,12,6,6,2,1, 2-4, 1-2,Yes,Yes,"Soil degradation & low soil fertility, poverty, inequity (biophysical and socio-economic heterogeneity in smallholder systems",Kenya,Subsaharan Africa,1,Majengo,Africa,LMIC,0,34.683333,Yes,"""enhance system productivity""",Experiment (on farm),Farmer-led,Farmer-led,Rotation,Rotation,1,0,0,Rotation,"Existing farmers' practices (green manures, no rhizobium innoculation)",Existing farmers' practices,,Grain / Lima bean,Maize,Other,0,0,0,0,0,0,0,0,0,0,Lima bean,Lima bean,0.020833333,Synthetic - below threshold,rainfed,5.7697,1.057697,1.057697,NA,NA,NA,NA,NA,-3.7577535,0.962422465,1.16793893,NA,NA,0.756906,Win-Mix,NA,NA,NA,NA,NA,NA,NA,NA,"Diminishing returns to increasing legume-N application rates, and less returns in lower rainfall areas: ""while legumes offer scope to immediately improve productivity and economic returns also in low potential areas and fields, the relatively poor responses and the time and investments that are probably required to improve responses are likely to impede adoption.""; Seed availability of newer legumes (lima beans, lablab): ""Seed availability is likely to be a major limitation to adoption of these relatively new legumes""","Biophysical conditions: ""The productivity of legumes and maize varied with AEZ and soil
 fertility status.""; History of management: . Soil C and available P were generally greater in fields in higher fertility classes - trial fields in better soil fertility classes had received more organic inputs in the past (e.g. animal manure application)","Soil health: shallow soils or poor drainage, which was not captured through soil analyses","type of legume and N-fixing capabilities: ""superior returns of rotations with soybean and groundnut were due to the higher prices of these crops, relative to bean, and probably the poor N fixation rate by bean"", but ""Under low fertility conditions and in AEZ3, the differences in yield between legumes (in absolute terms) were less pronounced (i.e. all yields were small) than under high fertility and high rainfall conditions (AEZ1 and AEZ2)""; combination of high soil feritlity with high rainfall, or low soil fertility with low rainfall: ""In the trial, fertile fields and AEZs with higher rainfall generally
 provided higher returns to land and labour than poorly fertile fields.""","Unflexible markets for new bean products """"Lima bean and lablab are relatively new legume species in western Kenya and markets may be inelastic if many farmers increase their production"" ",AEZ2 - medium rainfall area,"Yield from Table 4, Economic returns from Table 7, Labour from Table 6",,1,2,2,2,2,2,11
231,435,"Ojiem J.O., Franke A.C., Vanlauwe B., de Ridder N., Giller K.E.",2014,Benefits of legume-maize rotations: Assessing the impact of diversity on the productivity of smallholders in Western Kenya,"Ojiem, J. O., Franke, A. C., Vanlauwe, B., de Ridder, N., & Giller, K. E. (2014). Benefits of legume–maize rotations: Assessing the impact of diversity on the productivity of smallholders in Western Kenya. Field Crops Research, 168, 75-85. doi:10.1016/j.fcr.2014.08.015",Plot,Quantitative,Experiment (on farm),E/M,2003-2004,2,12,6,6,2,1, 2-4, 1-2,Yes,Yes,"Soil degradation & low soil fertility, poverty, inequity (biophysical and socio-economic heterogeneity in smallholder systems",Kenya,Subsaharan Africa,1,Majengo,Africa,LMIC,0,34.683333,Yes,"""enhance system productivity""",Experiment (on farm),Farmer-led,Farmer-led,Rotation,Rotation,1,0,0,Rotation,"Existing farmers' practices (green manures, no rhizobium innoculation)",Existing farmers' practices,,Grain / Lablab,Maize,Other,0,0,0,0,0,0,0,0,0,0,Lablab,,0.020833333,Synthetic - below threshold,rainfed,51.73091,1.5173091,1.5173091,NA,NA,NA,NA,NA,30.5491365,1.305491365,1.67175573,NA,NA,0.939227,Win-Mix,NA,NA,NA,NA,NA,NA,NA,NA,"Diminishing returns to increasing legume-N application rates, and less returns in lower rainfall areas: ""while legumes offer scope to immediately improve productivity and economic returns also in low potential areas and fields, the relatively poor responses and the time and investments that are probably required to improve responses are likely to impede adoption.""; Seed availability of newer legumes (lima beans, lablab): ""Seed availability is likely to be a major limitation to adoption of these relatively new legumes""","Biophysical conditions: ""The productivity of legumes and maize varied with AEZ and soil
 fertility status.""; History of management: . Soil C and available P were generally greater in fields in higher fertility classes - trial fields in better soil fertility classes had received more organic inputs in the past (e.g. animal manure application)","Soil health: shallow soils or poor drainage, which was not captured through soil analyses","type of legume and N-fixing capabilities: ""superior returns of rotations with soybean and groundnut were due to the higher prices of these crops, relative to bean, and probably the poor N fixation rate by bean"", but ""Under low fertility conditions and in AEZ3, the differences in yield between legumes (in absolute terms) were less pronounced (i.e. all yields were small) than under high fertility and high rainfall conditions (AEZ1 and AEZ2)""; combination of high soil feritlity with high rainfall, or low soil fertility with low rainfall: ""In the trial, fertile fields and AEZs with higher rainfall generally
 provided higher returns to land and labour than poorly fertile fields.""","Unflexible markets for new bean products """"Lima bean and lablab are relatively new legume species in western Kenya and markets may be inelastic if many farmers increase their production"" ",AEZ2 - medium rainfall area,"Yield from Table 4, Economic returns from Table 7, Labour from Table 6",,1,2,2,2,2,2,11
233,435,"Ojiem J.O., Franke A.C., Vanlauwe B., de Ridder N., Giller K.E.",2014,Benefits of legume-maize rotations: Assessing the impact of diversity on the productivity of smallholders in Western Kenya,"Ojiem, J. O., Franke, A. C., Vanlauwe, B., de Ridder, N., & Giller, K. E. (2014). Benefits of legume–maize rotations: Assessing the impact of diversity on the productivity of smallholders in Western Kenya. Field Crops Research, 168, 75-85. doi:10.1016/j.fcr.2014.08.017",Plot,Quantitative,Experiment (on farm),E/M,2003-2004,2,12,6,6,2,1, 2-4, 1-2,Yes,Yes,"Soil degradation & low soil fertility, poverty, inequity (biophysical and socio-economic heterogeneity in smallholder systems",Kenya,Subsaharan Africa,1,Ndori,Africa,LMIC,0.033333,34.333333,Yes,"""enhance system productivity""",Experiment (on farm),Farmer-led,Farmer-led,Rotation + Intercropping,Intercrop-Rotation,1,0,0,Row,"Existing farmers' practices (green manures, no rhizobium innoculation)",Existing farmers' practices,,Grain / Common bean + Soybean,Maize,Multiple,0,0,0,0,0,0,0,1,1,0,0,,0.020833333,Synthetic - below threshold,rainfed,51.68317,1.5168317,1.5168317,NA,NA,NA,NA,NA,44.7859,1.447859,2.125,NA,NA,0.770718,Win-Mix,NA,NA,NA,NA,NA,NA,NA,NA,"Diminishing returns to increasing legume-N application rates, and less returns in lower rainfall areas: ""while legumes offer scope to immediately improve productivity and economic returns also in low potential areas and fields, the relatively poor responses and the time and investments that are probably required to improve responses are likely to impede adoption.""","Rainfall and soil fertility: ""Intercropping bean with maize in the long rains season provided an additional bean yield that did not come at the expense of maize yield and improved returns to land and labour, but more so in the high potential zones.""; Biophysical conditions: ""The productivity of legumes and maize varied with AEZ and soil fertility status.""; History of management: . Soil C and available P were generally greater in fields in higher fertility classes - trial fields in better soil fertility classes had received more organic inputs in the past (e.g. animal manure application)","Soil health: shallow soils or poor drainage, which was not captured through soil analyses","type of legume and N-fixing capabilities: ""superior returns of rotations with soybean and groundnut were due to the higher prices of these crops, relative to bean, and probably the poor N fixation rate by bean"", but ""Under low fertility conditions and in AEZ3, the differences in yield between legumes (in absolute terms) were less pronounced (i.e. all yields were small) than under high fertility and high rainfall conditions (AEZ1 and AEZ2)""; combination of high soil feritlity with high rainfall, or low soil fertility with low rainfall: ""In the trial, fertile fields and AEZs with higher rainfall generally
 provided higher returns to land and labour than poorly fertile fields.""",,AEZ3 - high rainfall area,"Yield from Table 4, Economic returns from Table 7, Labour from Table 6",,1,2,2,2,2,2,11
234,435,"Ojiem J.O., Franke A.C., Vanlauwe B., de Ridder N., Giller K.E.",2014,Benefits of legume-maize rotations: Assessing the impact of diversity on the productivity of smallholders in Western Kenya,"Ojiem, J. O., Franke, A. C., Vanlauwe, B., de Ridder, N., & Giller, K. E. (2014). Benefits of legume–maize rotations: Assessing the impact of diversity on the productivity of smallholders in Western Kenya. Field Crops Research, 168, 75-85. doi:10.1016/j.fcr.2014.08.018",Plot,Quantitative,Experiment (on farm),E/M,2003-2004,2,12,6,6,2,1, 2-4, 1-2,Yes,Yes,"Soil degradation & low soil fertility, poverty, inequity (biophysical and socio-economic heterogeneity in smallholder systems",Kenya,Subsaharan Africa,1,Ndori,Africa,LMIC,0.033333,34.333333,Yes,"""enhance system productivity""",Experiment (on farm),Farmer-led,Farmer-led,Rotation,Rotation,1,0,0,Rotation,"Existing farmers' practices (green manures, no rhizobium innoculation)",Existing farmers' practices,,Grain / Groundnut,Maize,Groundnut,0,0,1,0,0,0,0,0,0,0,0,,0.020833333,Synthetic - below threshold,rainfed,38.81188,1.3881188,1.3881188,NA,NA,NA,NA,NA,38.2942,1.382942,2.125,NA,NA,0.640884,Win-Mix,NA,NA,NA,NA,NA,NA,NA,NA,"Diminishing returns to increasing legume-N application rates, and less returns in lower rainfall areas: ""while legumes offer scope to immediately improve productivity and economic returns also in low potential areas and fields, the relatively poor responses and the time and investments that are probably required to improve responses are likely to impede adoption.""","Biophysical conditions: ""The productivity of legumes and maize varied with AEZ and soil fertility status.""; History of management: . Soil C and available P were generally greater in fields in higher fertility classes - trial fields in better soil fertility classes had received more organic inputs in the past (e.g. animal manure application); High rainfall: ""In the high rainfall areas, maize was better able to take advantage of large amounts of legume-N applied than in the low rainfall area.""","Soil health: shallow soils or poor drainage, which was not captured through soil analyses","type of legume and N-fixing capabilities: ""superior returns of rotations with soybean and groundnut were due to the higher prices of these crops, relative to bean, and probably the poor N fixation rate by bean"", but ""Under low fertility conditions and in AEZ3, the differences in yield between legumes (in absolute terms) were less pronounced (i.e. all yields were small) than under high fertility and high rainfall conditions (AEZ1 and AEZ2)""; combination of high soil feritlity with high rainfall, or low soil fertility with low rainfall: ""In the trial, fertile fields and AEZs with higher rainfall generally
 provided higher returns to land and labour than poorly fertile fields.""",,AEZ3 - high rainfall area,"Yield from Table 4, Economic returns from Table 7, Labour from Table 6",,1,2,2,2,2,2,11
235,435,"Ojiem J.O., Franke A.C., Vanlauwe B., de Ridder N., Giller K.E.",2014,Benefits of legume-maize rotations: Assessing the impact of diversity on the productivity of smallholders in Western Kenya,"Ojiem, J. O., Franke, A. C., Vanlauwe, B., de Ridder, N., & Giller, K. E. (2014). Benefits of legume–maize rotations: Assessing the impact of diversity on the productivity of smallholders in Western Kenya. Field Crops Research, 168, 75-85. doi:10.1016/j.fcr.2014.08.019",Plot,Quantitative,Experiment (on farm),E/M,2003-2004,2,12,6,6,2,1, 2-4, 1-2,Yes,Yes,"Soil degradation & low soil fertility, poverty, inequity (biophysical and socio-economic heterogeneity in smallholder systems",Kenya,Subsaharan Africa,1,Ndori,Africa,LMIC,0.033333,34.333333,Yes,"""enhance system productivity""",Experiment (on farm),Farmer-led,Farmer-led,Rotation,Rotation,1,0,0,Rotation,"Existing farmers' practices (green manures, no rhizobium innoculation)",Existing farmers' practices,,Grain / Common bean,Maize,Common bean,0,0,0,0,0,0,0,1,0,0,0,,0.020833333,Synthetic - below threshold,rainfed,1.18812,1.0118812,1.0118812,NA,NA,NA,NA,NA,2.74515,1.0274515,1.1875,NA,NA,0.867403,Win-Mix,NA,NA,NA,NA,NA,NA,NA,NA,"Diminishing returns to increasing legume-N application rates, and less returns in lower rainfall areas: ""while legumes offer scope to immediately improve productivity and economic returns also in low potential areas and fields, the relatively poor responses and the time and investments that are probably required to improve responses are likely to impede adoption.""","Biophysical conditions: ""The productivity of legumes and maize varied with AEZ and soil fertility status.""; History of management: . Soil C and available P were generally greater in fields in higher fertility classes - trial fields in better soil fertility classes had received more organic inputs in the past (e.g. animal manure application); High rainfall: ""In the high rainfall areas, maize was better able to take advantage of large amounts of legume-N applied than in the low rainfall area.""","Soil health: shallow soils or poor drainage, which was not captured through soil analyses","type of legume and N-fixing capabilities: ""superior returns of rotations with soybean and groundnut were due to the higher prices of these crops, relative to bean, and probably the poor N fixation rate by bean"", but ""Under low fertility conditions and in AEZ3, the differences in yield between legumes (in absolute terms) were less pronounced (i.e. all yields were small) than under high fertility and high rainfall conditions (AEZ1 and AEZ2)""; combination of high soil feritlity with high rainfall, or low soil fertility with low rainfall: ""In the trial, fertile fields and AEZs with higher rainfall generally
 provided higher returns to land and labour than poorly fertile fields.""",Absence of bean inoculation,AEZ3 - high rainfall area,"Yield from Table 4, Economic returns from Table 7, Labour from Table 6",,1,2,2,2,2,2,11
236,435,"Ojiem J.O., Franke A.C., Vanlauwe B., de Ridder N., Giller K.E.",2014,Benefits of legume-maize rotations: Assessing the impact of diversity on the productivity of smallholders in Western Kenya,"Ojiem, J. O., Franke, A. C., Vanlauwe, B., de Ridder, N., & Giller, K. E. (2014). Benefits of legume–maize rotations: Assessing the impact of diversity on the productivity of smallholders in Western Kenya. Field Crops Research, 168, 75-85. doi:10.1016/j.fcr.2014.08.020",Plot,Quantitative,Experiment (on farm),E/M,2003-2004,2,12,6,6,2,1, 2-4, 1-2,Yes,Yes,"Soil degradation & low soil fertility, poverty, inequity (biophysical and socio-economic heterogeneity in smallholder systems",Kenya,Subsaharan Africa,1,Ndori,Africa,LMIC,0.033333,34.333333,Yes,"""enhance system productivity""",Experiment (on farm),Farmer-led,Farmer-led,Rotation,Rotation,1,0,0,Rotation,"Existing farmers' practices (green manures, no rhizobium innoculation)",Existing farmers' practices,,Grain / Lima bean,Maize,Other,0,0,0,0,0,0,0,0,0,0,Lima bean,Lima bean,0.020833333,Synthetic - below threshold,rainfed,37.82178,1.3782178,1.3782178,NA,NA,NA,NA,NA,25.3453,1.253453,1.75,NA,NA,0.756906,Win-Mix,NA,NA,NA,NA,NA,NA,NA,NA,"Diminishing returns to increasing legume-N application rates, and less returns in lower rainfall areas: ""while legumes offer scope to immediately improve productivity and economic returns also in low potential areas and fields, the relatively poor responses and the time and investments that are probably required to improve responses are likely to impede adoption.""; Seed availability of newer legumes (lima beans, lablab): ""Seed availability is likely to be a major limitation to adoption of these relatively new legumes""","Biophysical conditions: ""The productivity of legumes and maize varied with AEZ and soil fertility status.""; History of management: . Soil C and available P were generally greater in fields in higher fertility classes - trial fields in better soil fertility classes had received more organic inputs in the past (e.g. animal manure application); High rainfall: ""In the high rainfall areas, maize was better able to take advantage of large amounts of legume-N applied than in the low rainfall area.""","Soil health: shallow soils or poor drainage, which was not captured through soil analyses","type of legume and N-fixing capabilities: ""superior returns of rotations with soybean and groundnut were due to the higher prices of these crops, relative to bean, and probably the poor N fixation rate by bean"", but ""Under low fertility conditions and in AEZ3, the differences in yield between legumes (in absolute terms) were less pronounced (i.e. all yields were small) than under high fertility and high rainfall conditions (AEZ1 and AEZ2)""; combination of high soil feritlity with high rainfall, or low soil fertility with low rainfall: ""In the trial, fertile fields and AEZs with higher rainfall generally
 provided higher returns to land and labour than poorly fertile fields.""","Unflexible markets for new bean products """"Lima bean and lablab are relatively new legume species in western Kenya and markets may be inelastic if many farmers increase their production"" ",AEZ3 - high rainfall area,"Yield from Table 4, Economic returns from Table 7, Labour from Table 6",,1,2,2,2,2,2,11
237,435,"Ojiem J.O., Franke A.C., Vanlauwe B., de Ridder N., Giller K.E.",2014,Benefits of legume-maize rotations: Assessing the impact of diversity on the productivity of smallholders in Western Kenya,"Ojiem, J. O., Franke, A. C., Vanlauwe, B., de Ridder, N., & Giller, K. E. (2014). Benefits of legume–maize rotations: Assessing the impact of diversity on the productivity of smallholders in Western Kenya. Field Crops Research, 168, 75-85. doi:10.1016/j.fcr.2014.08.021",Plot,Quantitative,Experiment (on farm),E/M,2003-2004,2,12,6,6,2,1, 2-4, 1-2,Yes,Yes,"Soil degradation & low soil fertility, poverty, inequity (biophysical and socio-economic heterogeneity in smallholder systems",Kenya,Subsaharan Africa,1,Ndori,Africa,LMIC,0.033333,34.333333,Yes,"""enhance system productivity""",Experiment (on farm),Farmer-led,Farmer-led,Rotation,Rotation,1,0,0,Rotation,"Existing farmers' practices (green manures, no rhizobium innoculation)",Existing farmers' practices,,Grain / Lablab,Maize,Other,0,0,0,0,0,0,0,0,0,0,Lablab,,0.020833333,Synthetic - below threshold,rainfed,64.9505,1.649505,1.649505,NA,NA,NA,NA,NA,43.83635,1.4383635,1.9375,NA,NA,0.939227,Win-Mix,NA,NA,NA,NA,NA,NA,NA,NA,"Diminishing returns to increasing legume-N application rates, and less returns in lower rainfall areas: ""while legumes offer scope to immediately improve productivity and economic returns also in low potential areas and fields, the relatively poor responses and the time and investments that are probably required to improve responses are likely to impede adoption.""; Seed availability of newer legumes (lima beans, lablab): ""Seed availability is likely to be a major limitation to adoption of these relatively new legumes""","Biophysical conditions: ""The productivity of legumes and maize varied with AEZ and soil fertility status.""; History of management: . Soil C and available P were generally greater in fields in higher fertility classes - trial fields in better soil fertility classes had received more organic inputs in the past (e.g. animal manure application); High rainfall: ""In the high rainfall areas, maize was better able to take advantage of large amounts of legume-N applied than in the low rainfall area.""","Soil health: shallow soils or poor drainage, which was not captured through soil analyses","type of legume and N-fixing capabilities: ""superior returns of rotations with soybean and groundnut were due to the higher prices of these crops, relative to bean, and probably the poor N fixation rate by bean"", but ""Under low fertility conditions and in AEZ3, the differences in yield between legumes (in absolute terms) were less pronounced (i.e. all yields were small) than under high fertility and high rainfall conditions (AEZ1 and AEZ2)""; combination of high soil feritlity with high rainfall, or low soil fertility with low rainfall: ""In the trial, fertile fields and AEZs with higher rainfall generally
 provided higher returns to land and labour than poorly fertile fields.""","Unflexible markets for new bean products """"Lima bean and lablab are relatively new legume species in western Kenya and markets may be inelastic if many farmers increase their production"" ",AEZ3 - high rainfall area,"Yield from Table 4, Economic returns from Table 7, Labour from Table 6",,1,2,2,2,2,2,11
232,435,"Ojiem J.O., Franke A.C., Vanlauwe B., de Ridder N., Giller K.E.",2014,Benefits of legume-maize rotations: Assessing the impact of diversity on the productivity of smallholders in Western Kenya,"Ojiem, J. O., Franke, A. C., Vanlauwe, B., de Ridder, N., & Giller, K. E. (2014). Benefits of legume–maize rotations: Assessing the impact of diversity on the productivity of smallholders in Western Kenya. Field Crops Research, 168, 75-85. doi:10.1016/j.fcr.2014.08.016",Plot,Quantitative,Experiment (on farm),E/M,2003-2004,2,12,6,6,2,1, 2-4, 1-2,Yes,Yes,"Soil degradation & low soil fertility, poverty, inequity (biophysical and socio-economic heterogeneity in smallholder systems",Kenya,Subsaharan Africa,1,Ndori,Africa,LMIC,0.083333,34.333333,Yes,"""enhance system productivity""",Experiment (on farm),Farmer-led,Farmer-led,Rotation,Rotation,1,0,0,Rotation,"Existing farmers' practices (green manures, no rhizobium innoculation)",Existing farmers' practices,,Grain / Soybean,Maize,Soybean,0,0,0,0,0,0,0,0,1,0,0,,0.020833333,Synthetic - below threshold,rainfed,44.35644,1.4435644,1.4435644,NA,NA,NA,NA,NA,36.82665,1.3682665,2.0625,NA,NA,0.674033,Win-Mix,NA,NA,NA,NA,NA,NA,NA,NA,"Diminishing returns to increasing legume-N application rates, and less returns in lower rainfall areas: ""while legumes offer scope to immediately improve productivity and economic returns also in low potential areas and fields, the relatively poor responses and the time and investments that are probably required to improve responses are likely to impede adoption.""","Biophysical conditions: ""The productivity of legumes and maize varied with AEZ and soil fertility status.""; History of management: . Soil C and available P were generally greater in fields in higher fertility classes - trial fields in better soil fertility classes had received more organic inputs in the past (e.g. animal manure application); High rainfall: ""In the high rainfall areas, maize was better able to take advantage of large amounts of legume-N applied than in the low rainfall area.""","Soil health: shallow soils or poor drainage, which was not captured through soil analyses","type of legume and N-fixing capabilities: ""superior returns of rotations with soybean and groundnut were due to the higher prices of these crops, relative to bean, and probably the poor N fixation rate by bean"", but ""Under low fertility conditions and in AEZ3, the differences in yield between legumes (in absolute terms) were less pronounced (i.e. all yields were small) than under high fertility and high rainfall conditions (AEZ1 and AEZ2)""; combination of high soil feritlity with high rainfall, or low soil fertility with low rainfall: ""In the trial, fertile fields and AEZs with higher rainfall generally
 provided higher returns to land and labour than poorly fertile fields.""",,AEZ3 - high rainfall area,"Yield from Table 4, Economic returns from Table 7, Labour from Table 6",,1,2,2,2,2,2,11
148,297,"Kihara J., Vanlauwe B., Waswa B., Kimetu J.M., Chianu J., Bationo A.",2010,Strategic phosphorus application in legume-cereal rotations increases land productivity and profitability in western Kenya,"Kihara, J., Vanlauwe, B., Waswa, B., Kimetu, J. M., Chianu, J., & Bationo, A. (2010). Strategic phosphorus application in legume-cereal rotations increases land productivity and profitability in western Kenya. Experimental Agriculture, 46(1), 35-52. doi:10.1017/S0014479709990810",Plot,Quantitative,Experiment (on farm),RC,2001-2003,2,12,8,4,3,1, 2-4, 3-4,Yes,Yes,,Kenya,Subsaharan Africa,1,"Nyabeda, western Kenya",Africa,LMIC,0.116667,34.383333,No,,Experiment (on farm),Farmer-led + support by researchers,Farmer-led + researcher/extension,Rotation,Rotation,1,0,0,Rotation,Fertiliser vs no fertiliser,Fertilizer rates/type,,Grain / Soybean + Mucuna,Maize,Soybean,0,0,0,0,0,0,0,0,1,0,Mucuna,,0-0-60 to 90-50-30,Synthetic - below threshold,rainfed,10.555556,1.10555556,1.10555556,NA,NA,NA,NA,NA,94.0817551,1.940817551,1.940817551,NA,NA,NA,Win-Win,NA,NA,NA,NA,NA,NA,NA,NA,NA,"Fertiliser addition ""Lower yields observed in treatments without P application"", ""P has been shown to increase the efficiency of legumes to fixN(Sanginga et al., 2001), enhance nodulation and nodule functioning, increase nodule mass, aboveground biomass and total N in legume residues""; ""use ofP during the legume phase could increase not only the productivity of the legume crop but will also lead to significant residual effects on the succeeding cereal crop""","Low soil quality: P is a main limiting factor to crop growth in this area, and neither mucuna nor soyabean can supply both the needed P and N without some application ofmineral P.","Addition of small amounts of fertiliser: ""Since legume data showed response to residual P, even in the third season, for a legume-cereal rotation system, we suggest application ofP first to the legume followed by maize (without P) and then legume (without P) before applying P again to maize in the fourth season""","Low soil quality: P is a main limiting factor to crop growth in this area, and neither mucuna nor soyabean can supply both the needed P and N without some application ofmineral P.",,"Supporting calculation; Tables: 4: yields, cost/profits; 3: NPK",,2,2,2,2,2,2,12
99,202,"Gnahoua J.G., Ettien D.J.B., N’zué B., De Neve S., Boeckx P.",2016,Assessment of low-input technologies to improve productivity of early harvested cassava in Côte d’Ivoire,"Gnahoua, J. G., Ettien, D. J. B., N’zué, B., De Neve, S., & Boeckx, P. (2016). Assessment of low-input technologies to improve productivity of early harvested cassava in Côte d’Ivoire. Agroecology and Sustainable Food Systems, 40(9), 941-964. doi:10.1080/21683565.2016.1209610",Plot,Quantitative,Experiment (on farm),RC,2012-2013,1,8,6,2,3,2,1, 5-10,Yes,Yes,"High land pressure, high demand for food",Côte d’Ivoire,Subsaharan Africa,1,Dabou,Africa,LMIC,5.326445746,-4.369359648,Yes,"""increase cassava productivity""",Experiment (on farm),Farmer-led + support by researchers,Farmer-led + researcher/extension,Intercropping: Vegetable-legume,Intercrop,1,1,0,Row,Fertiliser + manure addition,Fertilizer rates/type,,Non-Grain / Cowpea,Cassava,Cowpea,0,1,0,0,0,0,0,0,0,0,0,,"0-0-0,15-15-15",Synthetic - below threshold,rainfed,5.14,1.0514,1.0514,NA,NA,NA,NA,NA,614.81,7.1481,7.1481,NA,NA,NA,Win-Win,NA,NA,NA,NA,NA,NA,NA,"Smallholder farming culture: ""Subsistence farming and poor resource endowments limit the adoption of input-intensive technologies, such as optimal nutrient inputs via conventional fertilizers, which have been proven effective to counteract low yields""","Access to manure: ""broad-scale adoption by farmers is hampered, since most cassava farmers cannot access manure in sufficient quantity""; Land scarcity","Fertiliser addition ""a moderate dose of (mineral or organic) fertilizer""; Historical cultural practices: ""clearance of the experimental sites by burning, in accordance with the local practices, could have contributed to the higher levels of phosphorus in the soil through ash depositions""",Soil fertility status; farmers’ resource endowment,"Fertiliser addition ""a moderate dose of (mineral or organic) fertilizer""; grain legume market prices: ""dependence of the system’s profitability on legumes means that it could vary with the market value of legumes, which depends on the period and demand""",Soil fertility status; farmers’ resource endowment,,NA,,2,1,2,2,2,2,11
100,202,"Gnahoua J.G., Ettien D.J.B., N’zué B., De Neve S., Boeckx P.",2016,Assessment of low-input technologies to improve productivity of early harvested cassava in Côte d’Ivoire,"Gnahoua, J. G., Ettien, D. J. B., N’zué, B., De Neve, S., & Boeckx, P. (2016). Assessment of low-input technologies to improve productivity of early harvested cassava in Côte d’Ivoire. Agroecology and Sustainable Food Systems, 40(9), 941-964. doi:10.1080/21683565.2016.1209611",Plot,Quantitative,Experiment (on farm),RC,2012-2013,1,8,6,2,3,2,1, 5-10,Yes,Yes,"High land pressure, high demand for food",Côte d’Ivoire,Subsaharan Africa,1,Dabou,Africa,LMIC,5.326445746,-4.369359648,Yes,"""increase cassava productivity""",Experiment (on farm),Farmer-led + support by researchers,Farmer-led + researcher/extension,Intercropping: Vegetable-legume,Intercrop,1,1,0,Row,Fertiliser + manure addition,Fertilizer rates/type,,Non-Grain / Groundnut,Cassava,Groundnut,0,0,1,0,0,0,0,0,0,0,0,,"0-0-0,15-15-15",Synthetic - below threshold,rainfed,26.81,1.2681,1.2681,NA,NA,NA,NA,NA,737.56,8.3756,8.3756,NA,NA,NA,Win-Win,NA,NA,NA,NA,NA,NA,NA,"Smallholder farming culture: ""Subsistence farming and poor resource endowments limit the adoption of input-intensive technologies, such as optimal nutrient inputs via conventional fertilizers, which have been proven effective to counteract low yields""","Access to manure: ""broad-scale adoption by farmers is hampered, since most cassava farmers cannot access manure in sufficient quantity""; Land scarcity","Fertiliser addition ""a moderate dose of (mineral or organic) fertilizer""; Historical cultural practices: ""clearance of the experimental sites by burning, in accordance with the local practices, could have contributed to the higher levels of phosphorus in the soil through ash depositions""",Soil fertility status; farmers’ resource endowment,"Fertiliser addition ""a moderate dose of (mineral or organic) fertilizer""; grain legume market prices: ""dependence of the system’s profitability on legumes means that it could vary with the market value of legumes, which depends on the period and demand""",Soil fertility status; farmers’ resource endowment,,NA,,2,1,2,2,2,2,11
101,202,"Gnahoua J.G., Ettien D.J.B., N’zué B., De Neve S., Boeckx P.",2016,Assessment of low-input technologies to improve productivity of early harvested cassava in Côte d’Ivoire,"Gnahoua, J. G., Ettien, D. J. B., N’zué, B., De Neve, S., & Boeckx, P. (2016). Assessment of low-input technologies to improve productivity of early harvested cassava in Côte d’Ivoire. Agroecology and Sustainable Food Systems, 40(9), 941-964. doi:10.1080/21683565.2016.1209612",Plot,Quantitative,Experiment (on farm),RC,2012-2013,1,8,6,2,3,2,1, 5-10,Yes,Yes,"High land pressure, high demand for food",Côte d’Ivoire,Subsaharan Africa,1,Bingerville,Africa,LMIC,5.350437589,-3.877366137,Yes,"""increase cassava productivity""",Experiment (on farm),Farmer-led + support by researchers,Farmer-led + researcher/extension,Intercropping: Vegetable-legume,Intercrop,1,1,0,Row,Fertiliser + manure addition,Fertilizer rates/type,,Non-Grain / Cowpea,Cassava,Cowpea,0,1,0,0,0,0,0,0,0,0,0,,"0-0-0,15-15-15",Synthetic - below threshold,rainfed,15.31,1.1531,1.1531,NA,NA,NA,NA,NA,228.54,3.2854,3.2854,NA,NA,NA,Win-Win,NA,NA,NA,NA,NA,NA,NA,"Smallholder farming culture: ""Subsistence farming and poor resource endowments limit the adoption of input-intensive technologies, such as optimal nutrient inputs via conventional fertilizers, which have been proven effective to counteract low yields""","Access to manure: ""broad-scale adoption by farmers is hampered, since most cassava farmers cannot access manure in sufficient quantity""; Land scarcity","Fertiliser addition ""a moderate dose of (mineral or organic) fertilizer""; Historical cultural practices: ""clearance of the experimental sites by burning, in accordance with the local practices, could have contributed to the higher levels of phosphorus in the soil through ash depositions""",Soil fertility status; farmers’ resource endowment,"Fertiliser addition ""a moderate dose of (mineral or organic) fertilizer""; grain legume market prices: ""dependence of the system’s profitability on legumes means that it could vary with the market value of legumes, which depends on the period and demand""",Soil fertility status; farmers’ resource endowment,,NA,,2,1,2,2,2,2,11
102,202,"Gnahoua J.G., Ettien D.J.B., N’zué B., De Neve S., Boeckx P.",2016,Assessment of low-input technologies to improve productivity of early harvested cassava in Côte d’Ivoire,"Gnahoua, J. G., Ettien, D. J. B., N’zué, B., De Neve, S., & Boeckx, P. (2016). Assessment of low-input technologies to improve productivity of early harvested cassava in Côte d’Ivoire. Agroecology and Sustainable Food Systems, 40(9), 941-964. doi:10.1080/21683565.2016.1209613",Plot,Quantitative,Experiment (on farm),RC,2012-2013,1,8,6,2,3,2,1, 5-10,Yes,Yes,"High land pressure, high demand for food",Côte d’Ivoire,Subsaharan Africa,1,Bingerville,Africa,LMIC,5.350437589,-3.877366137,Yes,"""increase cassava productivity""",Experiment (on farm),Farmer-led + support by researchers,Farmer-led + researcher/extension,Intercropping: Vegetable-legume,Intercrop,1,1,0,Row,Fertiliser + manure addition,Fertilizer rates/type,,Non-Grain / Groundnut,Cassava,Groundnut,0,0,1,0,0,0,0,0,0,0,0,,"0-0-0,15-15-15",Synthetic - below threshold,rainfed,16.372,1.16372,1.16372,NA,NA,NA,NA,NA,303.57,4.0357,4.0357,NA,NA,NA,Win-Win,NA,NA,NA,NA,NA,NA,NA,"Smallholder farming culture: ""Subsistence farming and poor resource endowments limit the adoption of input-intensive technologies, such as optimal nutrient inputs via conventional fertilizers, which have been proven effective to counteract low yields""","Access to manure: ""broad-scale adoption by farmers is hampered, since most cassava farmers cannot access manure in sufficient quantity""; Land scarcity","Fertiliser addition ""a moderate dose of (mineral or organic) fertilizer""; Historical cultural practices: ""clearance of the experimental sites by burning, in accordance with the local practices, could have contributed to the higher levels of phosphorus in the soil through ash depositions""",Soil fertility status; farmers’ resource endowment,"Fertiliser addition ""a moderate dose of (mineral or organic) fertilizer""; grain legume market prices: ""dependence of the system’s profitability on legumes means that it could vary with the market value of legumes, which depends on the period and demand""",Soil fertility status; farmers’ resource endowment,,NA,,2,1,2,2,2,2,11
219,432,"Nwofia G.E., Jiwuba F., Okpara D.A., Mbah E.U.",2017,Yield and Productivity of Eggplant Genotypes Intercropped with Vegetable Cowpea in the Humid Tropics,"Nwofia, G. E., Jiwuba, F., Okpara, D. A., & Mbah, E. U. (2017). Yield and Productivity of Eggplant Genotypes Intercropped with Vegetable Cowpea in the Humid Tropics. International Journal of Vegetable Science, 23(5), 400-410. doi:10.1080/19315260.2017.1310779",Plot,Quantitative,Experiment (research station),E/M,2011-2012,2,12,5,7,3,1, 2-4, 3-4,Yes,Yes,,Nigeria,Subsaharan Africa,1,"National Horticultural Research Institute, Mbato substation (latitude 5°33? N, longitude 7°23? E, altitude 130 m asl), Okigwe, Imo State",Africa,LMIC,5.533333,7.383333,No,,Experiment (research station),Researcher-led,Researcher-led,Intercropping: Cereal-legume,Intercrop,1,0,0,Row,Existing farmers' practices (compost manure); different eggplant varieties (genotypes),Existing farmers' practices,Different cultivar,Non-Grain / Cowpea,Eggplant,Cowpea,0,1,0,0,0,0,0,0,0,0,0,,0,No synthetic,rainfed,0,1,1,NA,NA,NA,NA,NA,32.50514445,1.325051445,1.901493338,NA,0.748609551,NA,Mix-Mix,NA,NA,NA,NA,NA,NA,NA,NA,NA,Genotype of main crop affects yield,,Genotype of main crop affects profits,,,"LER from Table 8, Net returns from Table 9",,2,2,2,1,2,2,11
239,441,"Oyeogbe A., Otoadese J., Ehanire B.",2021,"Diversification of maize-based intercropping systems in tropical rainforest agroecosystem of Nigeria: Productivity, profitability and soil fertility","Oyeogbe, A., Otoadese, J., & Ehanire, B. (2021). Diversification of maize-based intercropping systems in tropical rainforest agroecosystem of Nigeria: Productivity, profitability and soil fertility. Future of Food: Journal on Food, Agriculture and Society, 9(1), 1-7. doi:10.17170/kobra-202011192213",Plot,Quantitative,Experiment (on farm),E/M ,2017-2018,1,4,2,2,4,1,1, 3-4,Yes,Yes,"weather variability such as drought, flood, and pests and disease outbreaks (armyworm infestations",Nigeria,Subsaharan Africa,1,tropical rainforest,Africa,LMIC,6.316619592,5.577270124,No,,Experiment (on farm),Farmer-led,Farmer-led,Intercropping: Cereal-legume,Intercrop,1,0,0,Row,Existing farmers' practices,Existing farmers' practices,,Grain / Cowpea,Maize,Cowpea,0,1,0,0,0,0,0,0,0,0,0,,1.680787037,Synthetic - below threshold,rainfed,25.769231,1.25769231,1.25769231,NA,NA,NA,NA,NA,58.3024063,1.583024063,1.583024063,NA,NA,NA,Win-Win,NA,NA,NA,NA,NA,NA,NA,NA,NA,"type of legume: ""Increased availability of N and P under the maize/ cowpea system is a function of biological N fixation by cowpea""",NA,NA,NA,NA,"Table 2. grain yields; Table 4. Soil nutrients (N, OC), Table 3 economics; Figure 1. System productivity",,2,1,2,1,2,2,10
240,441,"Oyeogbe A., Otoadese J., Ehanire B.",2021,"Diversification of maize-based intercropping systems in tropical rainforest agroecosystem of Nigeria: Productivity, profitability and soil fertility","Oyeogbe, A., Otoadese, J., & Ehanire, B. (2021). Diversification of maize-based intercropping systems in tropical rainforest agroecosystem of Nigeria: Productivity, profitability and soil fertility. Future of Food: Journal on Food, Agriculture and Society, 9(1), 1-7. doi:10.17170/kobra-202011192214",Plot,Quantitative,Experiment (on farm),E/M ,2017-2018,1,4,2,2,4,1,1, 3-4,Yes,Yes,"weather variability such as drought, flood, and pests and disease outbreaks (armyworm infestations",Nigeria,Subsaharan Africa,1,tropical rainforest,Africa,LMIC,6.316619592,5.577270124,No,,Experiment (on farm),Farmer-led,Farmer-led,Intercropping: Cereal-legume,Intercrop,1,0,0,Row,Existing farmers' practices,Existing farmers' practices,,Grain / Groundnut,Maize,Groundnut,0,0,1,0,0,0,0,0,0,0,0,,1.680787037,Synthetic - below threshold,rainfed,18.076923,1.18076923,1.18076923,NA,NA,NA,NA,NA,25.4639052,1.254639052,1.254639052,NA,NA,NA,Win-Win,NA,NA,NA,NA,NA,NA,NA,NA,NA,NA,NA,NA,NA,NA,"Table 2. grain yields; Table 4. Soil nutrients (N, OC), Table 3 economics; Figure 1. System productivity",,2,1,2,1,2,2,10
360,666,"Workayehu T., Wortmann C.S.",2011,Maize-bean intercrop weed suppression and profitability in Southern Ethiopia,"Workayehu, T., & Wortmann, C. S. (2011). Maize-Bean Intercrop Weed Suppression and Profitability in Southern Ethiopia. Agronomy Journal, 103(4), 1058-1063. doi:10.2134/agronj2010.0493",Plot,Quantitative,Experiment (research station),RC,1996-2000,5,12,6,6,4,1, 5-10, 3-4,Yes,Yes,"Population growth, declining land availability for food production, poverty, urban expansion",Ethiopia,Subsaharan Africa,1,Awassa,Africa,LIC,7.083333,38.5,No,NA,Experiment (research station),Researcher-led,Researcher-led,Intercropping,Intercrop,1,1,0,Row,Weeding frequency,Weed/pest management,,Grain / Common bean,Maize,Common bean,0,0,0,0,0,0,0,1,0,0,0,,46-0-0,Synthetic - below threshold,rainfed,3.066717,1.03066717,1.03066717,NA,NA,NA,NA,NA,10.4110539,1.104110539,1.104110539,NA,NA,NA,Mix-Win,NA,NA,NA,NA,NA,NA,NA,NA,Weeds and associated labour requirements,"Weeding frequency (increased maize and bean yield); Planting density (intercropping did not affect weed growth but that weed growth was affected by crop plant density); soil water deficits: ""Maize was less competitive
 than bean in 1999 when soil water defi cits were perceived
 to be severe based on little rainfall in late July and August.""","Low rainfall/soil water - Weed biomass was much greater in 1999, a year with relatively poor crop performance due to below-average rainfall, enabling weed growth in bare soil patches: ""Weed growth was greatest in a year with soil
 water defi cit stress during the maize reproductive stage and low
 maize yield, compared with the other years, indicating less weed
 suppression by maize under such stress conditions""","Time of planting: ""providing a bean harvest early enough to contribute to
 food security by partially resolving food shortages of May to July""","Labour requirements to weed legumes (more weeds in beans than in maize, maize suppresses weeds",,See SuppCalc Sheet,,2,2,2,2,2,2,12
361,668,"Worku W., Temeche D., Gossa R., Abate B.",2021,Agronomic management options to enhance adoption of maize–common bean–common bean sequential intercropping in southern Ethiopia,"Worku, W., Temeche, D., Gossa, R., & Abate, B. (2021). Agronomic management options to enhance adoption of maize–common bean–common bean sequential intercropping in southern Ethiopia. Journal of Crop Science and Biotechnology, 24(3), 307-318. doi:10.1007/s12892-020-00078-x",Plot,Quantitative,Experiment (research station),E/M,2016-2017,2,12,11,1,3,1, 2-4, 3-4,Yes,Yes,"Population growth, declining land availability for food production, poverty, urban expansion",Ethiopia,Subsaharan Africa,1,Farm Center of Hawassa University,Africa,LIC,7.083333,38.5,Yes,"""intensification of the current crop land through mixed cropping and intercropping among others (Kebede et al. 2019). Intercropping, which allows growing of two or more crops on a given plot helps to intensify crop production in time and space dimensions. """,Experiment (research station),Researcher-led,Researcher-led,Intercropping,Intercrop,1,1,0,Row,"Existing farmers' practices, including weed control; increasing fertiliser",Existing farmers' practices,,Grain / Common bean,Maize,Common bean,0,0,0,0,0,0,0,1,0,0,0,,92-46-0,Synthetic - below threshold,rainfed,25.403226,1.25403226,1.25403226,NA,NA,NA,NA,NA,30,1.3,1.3,NA,NA,NA,Win-Mix,NA,NA,NA,NA,NA,NA,NA,Absence of significant variation in net revenue among the intercrops could allow farmers to choose from the wider alternative combinations based on their objectives,"Increased production costs of intercropping (sowing, weeding, harvesting)","Climatic conditions - season was normally sufficient to grow a single crop of maize, but two common bean crops sequentially; spatial arrangement of intercrops (lower bean densities, within-row and single-row arrangements enhanced maize dominance and allowed it to maintain its productivity by suppressing bean growth. Conversely, double row and greater bean densities favored competitiveness of bean and enhanced its productivity.)",NA,Consistent benefits regardless of spatial planting arrangement: Absence of significant variation in net revenue among the intercrops could allow farmers to choose from the wider alternative combinations based on their objectives,Labour availability (intercropping more labour-intensive to plant + harvest than sole cropping),"Four planting densities of common bean involving 25% (62,500 plants ha?1), 50% (125,000), 75% (187,500) and 100% (250,000) of sole density were combined with three spatial bean arrangements identified as single row (single row of bean alternated with a single row of maize), double row (two rows of bean alternated with a single of maize) and within row (beans grown within maize row)",See SuppCalc Sheet,,2,2,2,2,2,2,12
189,741,"Muoneke, C.O., Ogwuche, M.A.O., Kalu, B.A., 2007. .",2007,Effect of maize planting density on the performance of maize/soybean intercropping system in a guinea savannah agroecosystem,"Muoneke, C. O., Ogwuche, M. A. O., & Kalu, B. A. (2007). Effect of maize planting density on the performance of maize/soybean intercropping system in a guinea savannah agroecosystem. African Journal of Agricultural Research, 2(12), 667-677. ",Plot,Quantitative,Experiment (research station),E/M,2004 (late season),1,9,7,2,3,1,1, 3-4,Not exclusively (also studying impact of different maize plant densities and two soybean varieties) ,Not exclusively (also studying impact of different maize plant densities and two soybean varieties) ,"Soybean has potential of fixing
atmospheric nitrogen (N) besides meeting its own N
requirement and serves as a viable and low cost medium
for soil fertility improvement. Soybean has the
potential for improving human diet through supplying high
quality protein as well as animal feed and serves as a
source of raw material base for agro-industries. Grain legume/cereal crop mixtures are very popular
among small scale farmers in West Africa. The traditional
farmers have adopted mixed cropping for various
reasons which include increased monetary returns,
insurance against crop failure and reduction of pests and
diseases due to biological diversity within the system,
among others",Nigeria,Subsaharan Africa,1,"Agricultural Vocational Training Centre, Otobi, Otukpo",Africa,LMIC,7.216667,8.166667,No,NA,Experiment (research station),Researcher-led,Researcher-led,Intercropping:maize-legume,Intercrop,1,0,0,NA,also studying impact of different maize plant densities and two soybean varieties,Varied spacing/timing,,Grain / Soybean,Maize,Soybean,0,0,0,0,0,0,0,0,1,0,0,0,10-36-20 (21DAP - soybean) & 90-45-45(21DAP-Maize),Synthetic - below threshold,rainfed,12.00463487,1.120046349,1.120046349,NA,NA,NA,NA,NA,31.34124504,1.31341245,1.31341245,NA,NA,NA,Win-Win,NA,NA,NA,NA,NA,NA,"Maize should be grown at lower
density in intercrop with soybean in late season with low
rainfall to avoid severely depressing soybean yield.",NA,NA,NA,NA,"The
result of the study also showed that farmers would earn
more income intercropping the crops than growing them
in sole cropping.",NA,,"Table5_yield soybean, Table7_yield maize, Table9_gross monetary return  ",,2,1,2,2,2,2,11
220,435,"Ojiem J.O., Franke A.C., Vanlauwe B., de Ridder N., Giller K.E.",2014,Benefits of legume-maize rotations: Assessing the impact of diversity on the productivity of smallholders in Western Kenya,"Ojiem, J. O., Franke, A. C., Vanlauwe, B., de Ridder, N., & Giller, K. E. (2014). Benefits of legume–maize rotations: Assessing the impact of diversity on the productivity of smallholders in Western Kenya. Field Crops Research, 168, 75-85. doi:10.1016/j.fcr.2014.08.004",Plot,Quantitative,Experiment (on farm),E/M,2003-2004,2,12,6,6,2,1, 2-4, 1-2,Yes,Yes,"Soil degradation & low soil fertility, poverty, inequity (biophysical and socio-economic heterogeneity in smallholder systems",Kenya,Subsaharan Africa,1,Museno,Africa,LMIC,7.383333,34.733333,Yes,"""enhance system productivity""",Experiment (on farm),Farmer-led,Farmer-led,Rotation,Rotation,1,0,0,Rotation,"Existing farmers' practices (green manures, no rhizobium innoculation)",Existing farmers' practices,,Grain / Soybean,Maize,Soybean,0,0,0,0,0,0,0,0,1,0,0,,0.020833333,Synthetic - below threshold,rainfed,6.21062,1.0621062,1.0621062,NA,NA,NA,NA,NA,3.344507,1.03344507,1.39285714,NA,NA,0.674033,Win-Mix,NA,NA,NA,NA,NA,NA,NA,NA,"Diminishing returns to increasing legume-N application rates, and less returns in lower rainfall areas: ""while legumes offer scope to immediately improve productivity and economic returns also in low potential areas and fields, the relatively poor responses and the time and investments that are probably required to improve responses are likely to impede adoption.""","Biophysical conditions: ""The productivity of legumes and maize varied with AEZ and soil fertility status.""; History of management: . Soil C and available P were generally greater in fields in higher fertility classes - trial fields in better soil fertility classes had received more organic inputs in the past (e.g. animal manure application)","Soil health: shallow soils or poor drainage, which was not captured through soil analyses; high rainfall:","type of legume and N-fixing capabilities: ""superior returns of rotations with soybean and groundnut were due to the higher prices of these crops, relative to bean, and probably the poor N fixation rate by bean"", but ""Under low fertility conditions and in AEZ3, the differences in yield between legumes (in absolute terms) were less pronounced (i.e. all yields were small) than under high fertility and high rainfall conditions (AEZ1 and AEZ2)""; combination of high soil feritlity with high rainfall, or low soil fertility with low rainfall: ""In the trial, fertile fields and AEZs with higher rainfall generally
 provided higher returns to land and labour than poorly fertile fields.""; On poorer soils in low rainfall areas, benefits of incorporating legumes are smaller and additional interventions would be needed to make farming economically attractive",,AEZ1 - low rainfall area,"Yield from Table 4, Economic returns from Table 7, Labour from Table 6",,1,2,2,2,2,2,11
221,435,"Ojiem J.O., Franke A.C., Vanlauwe B., de Ridder N., Giller K.E.",2014,Benefits of legume-maize rotations: Assessing the impact of diversity on the productivity of smallholders in Western Kenya,"Ojiem, J. O., Franke, A. C., Vanlauwe, B., de Ridder, N., & Giller, K. E. (2014). Benefits of legume–maize rotations: Assessing the impact of diversity on the productivity of smallholders in Western Kenya. Field Crops Research, 168, 75-85. doi:10.1016/j.fcr.2014.08.005",Plot,Quantitative,Experiment (on farm),E/M,2003-2004,2,12,6,6,2,1, 2-4, 1-2,Yes,Yes,"Soil degradation & low soil fertility, poverty, inequity (biophysical and socio-economic heterogeneity in smallholder systems",Kenya,Subsaharan Africa,1,Museno,Africa,LMIC,7.383333,34.733333,Yes,"""enhance system productivity""",Experiment (on farm),Farmer-led,Farmer-led,Rotation + Intercropping,Intercrop-Rotation,1,0,0,Row,"Existing farmers' practices (green manures, no rhizobium innoculation)",Existing farmers' practices,,Grain / Common bean + Soybean,Maize,Multiple,0,0,0,0,0,0,0,1,1,0,0,,0.020833333,Synthetic - below threshold,rainfed,22.9523,1.229523,1.229523,NA,NA,NA,NA,NA,13.5359,1.135359,1.5,NA,NA,0.770718,Win-Mix,NA,NA,NA,NA,NA,NA,NA,NA,"Diminishing returns to increasing legume-N application rates, and less returns in lower rainfall areas: ""while legumes offer scope to immediately improve productivity and economic returns also in low potential areas and fields, the relatively poor responses and the time and investments that are probably required to improve responses are likely to impede adoption.""","Rainfall and soil fertility: ""Intercropping bean with maize in the long rains season provided an additional bean yield that did not come at the expense of maize yield and improved returns to land and labour, but more so in the high potential zones.""; Biophysical conditions: ""The productivity of legumes and maize varied with AEZ and soil fertility status.""; History of management: . Soil C and available P were generally greater in fields in higher fertility classes - trial fields in better soil fertility classes had received more organic inputs in the past (e.g. animal manure application)","Soil health: shallow soils or poor drainage, which was not captured through soil analyses","type of legume and N-fixing capabilities: ""superior returns of rotations with soybean and groundnut were due to the higher prices of these crops, relative to bean, and probably the poor N fixation rate by bean"", but ""Under low fertility conditions and in AEZ3, the differences in yield between legumes (in absolute terms) were less pronounced (i.e. all yields were small) than under high fertility and high rainfall conditions (AEZ1 and AEZ2)""; combination of high soil feritlity with high rainfall, or low soil fertility with low rainfall: ""In the trial, fertile fields and AEZs with higher rainfall generally
 provided higher returns to land and labour than poorly fertile fields.""; On poorer soils in low rainfall areas, benefits of incorporating legumes are smaller and additional interventions would be needed to make farming economically attractive",,AEZ1 - low rainfall area,"Yield from Table 4, Economic returns from Table 7, Labour from Table 6",,1,2,2,2,2,2,11
222,435,"Ojiem J.O., Franke A.C., Vanlauwe B., de Ridder N., Giller K.E.",2014,Benefits of legume-maize rotations: Assessing the impact of diversity on the productivity of smallholders in Western Kenya,"Ojiem, J. O., Franke, A. C., Vanlauwe, B., de Ridder, N., & Giller, K. E. (2014). Benefits of legume–maize rotations: Assessing the impact of diversity on the productivity of smallholders in Western Kenya. Field Crops Research, 168, 75-85. doi:10.1016/j.fcr.2014.08.006",Plot,Quantitative,Experiment (on farm),E/M,2003-2004,2,12,6,6,2,1, 2-4, 1-2,Yes,Yes,"Soil degradation & low soil fertility, poverty, inequity (biophysical and socio-economic heterogeneity in smallholder systems",Kenya,Subsaharan Africa,1,Museno,Africa,LMIC,7.383333,34.733333,Yes,"""enhance system productivity""",Experiment (on farm),Farmer-led,Farmer-led,Rotation,Rotation,1,0,0,Rotation,"Existing farmers' practices (green manures, no rhizobium innoculation)",Existing farmers' practices,,Grain / Groundnut,Maize,Groundnut,0,0,1,0,0,0,0,0,0,0,0,,0.020833333,Synthetic - below threshold,rainfed,13.14131,1.1314131,1.1314131,NA,NA,NA,NA,NA,-5.0093715,0.949906285,1.25892857,NA,NA,0.640884,Win-Mix,NA,NA,NA,NA,NA,NA,NA,NA,"Diminishing returns to increasing legume-N application rates, and less returns in lower rainfall areas: ""while legumes offer scope to immediately improve productivity and economic returns also in low potential areas and fields, the relatively poor responses and the time and investments that are probably required to improve responses are likely to impede adoption.""","Biophysical conditions: ""The productivity of legumes and maize varied with AEZ and soil fertility status.""; History of management: . Soil C and available P were generally greater in fields in higher fertility classes - trial fields in better soil fertility classes had received more organic inputs in the past (e.g. animal manure application)","Soil health: shallow soils or poor drainage, which was not captured through soil analyses","type of legume and N-fixing capabilities: ""superior returns of rotations with soybean and groundnut were due to the higher prices of these crops, relative to bean, and probably the poor N fixation rate by bean"", but ""Under low fertility conditions and in AEZ3, the differences in yield between legumes (in absolute terms) were less pronounced (i.e. all yields were small) than under high fertility and high rainfall conditions (AEZ1 and AEZ2)""; combination of high soil feritlity with high rainfall, or low soil fertility with low rainfall: ""In the trial, fertile fields and AEZs with higher rainfall generally
 provided higher returns to land and labour than poorly fertile fields.""; On poorer soils in low rainfall areas, benefits of incorporating legumes are smaller and additional interventions would be needed to make farming economically attractive",,AEZ1 - low rainfall area,"Yield from Table 4, Economic returns from Table 7, Labour from Table 6",,1,2,2,2,2,2,11
223,435,"Ojiem J.O., Franke A.C., Vanlauwe B., de Ridder N., Giller K.E.",2014,Benefits of legume-maize rotations: Assessing the impact of diversity on the productivity of smallholders in Western Kenya,"Ojiem, J. O., Franke, A. C., Vanlauwe, B., de Ridder, N., & Giller, K. E. (2014). Benefits of legume–maize rotations: Assessing the impact of diversity on the productivity of smallholders in Western Kenya. Field Crops Research, 168, 75-85. doi:10.1016/j.fcr.2014.08.007",Plot,Quantitative,Experiment (on farm),E/M,2003-2004,2,12,6,6,2,1, 2-4, 1-2,Yes,Yes,"Soil degradation & low soil fertility, poverty, inequity (biophysical and socio-economic heterogeneity in smallholder systems",Kenya,Subsaharan Africa,1,Museno,Africa,LMIC,7.383333,34.733333,Yes,"""enhance system productivity""",Experiment (on farm),Farmer-led,Farmer-led,Rotation,Rotation,1,0,0,Rotation,"Existing farmers' practices (green manures, no rhizobium innoculation)",Existing farmers' practices,,Grain / Common bean,Maize,Common bean,0,0,0,0,0,0,0,1,0,0,0,,0.020833333,Synthetic - below threshold,rainfed,-19.26193,0.8073807,0.8073807,NA,NA,NA,NA,NA,-8.4155645,0.915844355,0.96428571,NA,NA,0.867403,Lose-Lose,NA,NA,NA,NA,NA,NA,NA,NA,"Diminishing returns to increasing legume-N application rates, and less returns in lower rainfall areas: ""while legumes offer scope to immediately improve productivity and economic returns also in low potential areas and fields, the relatively poor responses and the time and investments that are probably required to improve responses are likely to impede adoption.""","Biophysical conditions: ""The productivity of legumes and maize varied with AEZ and soil fertility status.""; History of management: . Soil C and available P were generally greater in fields in higher fertility classes - trial fields in better soil fertility classes had received more organic inputs in the past (e.g. animal manure application)","Soil health: shallow soils or poor drainage, which was not captured through soil analyses","type of legume and N-fixing capabilities: ""superior returns of rotations with soybean and groundnut were due to the higher prices of these crops, relative to bean, and probably the poor N fixation rate by bean"", but ""Under low fertility conditions and in AEZ3, the differences in yield between legumes (in absolute terms) were less pronounced (i.e. all yields were small) than under high fertility and high rainfall conditions (AEZ1 and AEZ2)""; combination of high soil feritlity with high rainfall, or low soil fertility with low rainfall: ""In the trial, fertile fields and AEZs with higher rainfall generally
 provided higher returns to land and labour than poorly fertile fields.""; On poorer soils in low rainfall areas, benefits of incorporating legumes are smaller and additional interventions would be needed to make farming economically attractive",Absence of bean inoculation,AEZ1 - low rainfall area,"Yield from Table 4, Economic returns from Table 7, Labour from Table 6",,1,2,2,2,2,2,11
224,435,"Ojiem J.O., Franke A.C., Vanlauwe B., de Ridder N., Giller K.E.",2014,Benefits of legume-maize rotations: Assessing the impact of diversity on the productivity of smallholders in Western Kenya,"Ojiem, J. O., Franke, A. C., Vanlauwe, B., de Ridder, N., & Giller, K. E. (2014). Benefits of legume–maize rotations: Assessing the impact of diversity on the productivity of smallholders in Western Kenya. Field Crops Research, 168, 75-85. doi:10.1016/j.fcr.2014.08.008",Plot,Quantitative,Experiment (on farm),E/M,2003-2004,2,12,6,6,2,1, 2-4, 1-2,Yes,Yes,"Soil degradation & low soil fertility, poverty, inequity (biophysical and socio-economic heterogeneity in smallholder systems",Kenya,Subsaharan Africa,1,Museno,Africa,LMIC,7.383333,34.733333,Yes,"""enhance system productivity""",Experiment (on farm),Farmer-led,Farmer-led,Rotation,Rotation,1,0,0,Rotation,"Existing farmers' practices (green manures, no rhizobium innoculation)",Existing farmers' practices,,Grain / Lima bean,Maize,Other,0,0,0,0,0,0,0,0,0,0,Lima bean,Lima bean,0.020833333,Synthetic - below threshold,rainfed,1.62016,1.0162016,1.0162016,NA,NA,NA,NA,NA,-5.9047,0.940953,1.125,NA,NA,0.756906,Win-Mix,NA,NA,NA,NA,NA,NA,NA,NA,"Diminishing returns to increasing legume-N application rates, and less returns in lower rainfall areas: ""while legumes offer scope to immediately improve productivity and economic returns also in low potential areas and fields, the relatively poor responses and the time and investments that are probably required to improve responses are likely to impede adoption.""; Seed availability of newer legumes (lima beans, lablab): ""Seed availability is likely to be a major limitation to adoption of these relatively new legumes""","Biophysical conditions: ""The productivity of legumes and maize varied with AEZ and soil fertility status.""; History of management: . Soil C and available P were generally greater in fields in higher fertility classes - trial fields in better soil fertility classes had received more organic inputs in the past (e.g. animal manure application)","Soil health: shallow soils or poor drainage, which was not captured through soil analyses","type of legume and N-fixing capabilities: ""superior returns of rotations with soybean and groundnut were due to the higher prices of these crops, relative to bean, and probably the poor N fixation rate by bean"", but ""Under low fertility conditions and in AEZ3, the differences in yield between legumes (in absolute terms) were less pronounced (i.e. all yields were small) than under high fertility and high rainfall conditions (AEZ1 and AEZ2)""; combination of high soil feritlity with high rainfall, or low soil fertility with low rainfall: ""In the trial, fertile fields and AEZs with higher rainfall generally
 provided higher returns to land and labour than poorly fertile fields.""; On poorer soils in low rainfall areas, benefits of incorporating legumes are smaller and additional interventions would be needed to make farming economically attractive","Unflexible markets for new bean products """"Lima bean and lablab are relatively new legume species in western Kenya and markets may be inelastic if many farmers increase their production"" ",AEZ1 - low rainfall area,"Yield from Table 4, Economic returns from Table 7, Labour from Table 6",,1,2,2,2,2,2,11
225,435,"Ojiem J.O., Franke A.C., Vanlauwe B., de Ridder N., Giller K.E.",2014,Benefits of legume-maize rotations: Assessing the impact of diversity on the productivity of smallholders in Western Kenya,"Ojiem, J. O., Franke, A. C., Vanlauwe, B., de Ridder, N., & Giller, K. E. (2014). Benefits of legume–maize rotations: Assessing the impact of diversity on the productivity of smallholders in Western Kenya. Field Crops Research, 168, 75-85. doi:10.1016/j.fcr.2014.08.009",Plot,Quantitative,Experiment (on farm),E/M,2003-2004,2,12,6,6,2,1, 2-4, 1-2,Yes,Yes,"Soil degradation & low soil fertility, poverty, inequity (biophysical and socio-economic heterogeneity in smallholder systems",Kenya,Subsaharan Africa,1,Museno,Africa,LMIC,7.383333,34.733333,Yes,"""enhance system productivity""",Experiment (on farm),Farmer-led,Farmer-led,Rotation,Rotation,1,0,0,Rotation,"Existing farmers' practices (green manures, no rhizobium innoculation)",Existing farmers' practices,,Grain / Lablab,Maize,Other,0,0,0,0,0,0,0,0,0,0,Lablab,,0.020833333,Synthetic - below threshold,rainfed,27.18272,1.2718272,1.2718272,NA,NA,NA,NA,NA,19.2827785,1.192827785,1.44642857,NA,NA,0.939227,Win-Mix,NA,NA,NA,NA,NA,NA,NA,NA,"Diminishing returns to increasing legume-N application rates, and less returns in lower rainfall areas: ""while legumes offer scope to immediately improve productivity and economic returns also in low potential areas and fields, the relatively poor responses and the time and investments that are probably required to improve responses are likely to impede adoption.""; Seed availability of newer legumes (lima beans, lablab): ""Seed availability is likely to be a major limitation to adoption of these relatively new legumes""","Biophysical conditions: ""The productivity of legumes and maize varied with AEZ and soil fertility status.""; History of management: . Soil C and available P were generally greater in fields in higher fertility classes - trial fields in better soil fertility classes had received more organic inputs in the past (e.g. animal manure application)","Soil health: shallow soils or poor drainage, which was not captured through soil analyses","type of legume and N-fixing capabilities: ""superior returns of rotations with soybean and groundnut were due to the higher prices of these crops, relative to bean, and probably the poor N fixation rate by bean"", but ""Under low fertility conditions and in AEZ3, the differences in yield between legumes (in absolute terms) were less pronounced (i.e. all yields were small) than under high fertility and high rainfall conditions (AEZ1 and AEZ2)""; combination of high soil feritlity with high rainfall, or low soil fertility with low rainfall: ""In the trial, fertile fields and AEZs with higher rainfall generally
 provided higher returns to land and labour than poorly fertile fields.""; On poorer soils in low rainfall areas, benefits of incorporating legumes are smaller and additional interventions would be needed to make farming economically attractive","Unflexible markets for new bean products """"Lima bean and lablab are relatively new legume species in western Kenya and markets may be inelastic if many farmers increase their production"" ",AEZ1 - low rainfall area,"Yield from Table 4, Economic returns from Table 7, Labour from Table 6",,1,2,2,2,2,2,11
12,16,"Akinola A.A., Alene A.D., Adeyemo R., Sanogo D., Olanrewaju A.S.",2009,Impacts of balanced nutrient management systems technologies in the northern Guinea savanna of Nigeria,"Akinola, A. A., Alene, A. D., Adeyemo, R., Sanogo, D., & Olanrewaju, A. S. (2009). Impacts of balanced nutrient management systems technologies in the northern Guinea savanna of Nigeria. Journal of Food, Agriculture and Environment, 7(2), 496-504.",Village,Quantitative + Qualitative,Participatory Action Research,RC,1997-2006,11,4,1,3,9,1,>10, 5-10,Yes,Yes,"Land degradation, Poverty",Nigeria,Subsaharan Africa,1,northern Guinea savanna,Africa,LMIC,7.514776,9.172446,No,,Experiment (on farm),Farmer-led + support by national government & researchers,Farmer-led + researcher/extension,Rotation,Rotation,1,0,1,Rotation,Reduced fertiliser application (Balanced Nutrient Management System (BNMS) project),Fertilizer rates/type,,Grain / Soybean,Maize,Soybean,0,0,0,0,0,0,0,0,1,0,0,,0-0-0,No synthetic,rainfed,112.261429,2.12261429,2.12261429,NA,NA,NA,NA,NA,105,2.05,2.05,NA,NA,NA,Win-Win,NA,NA,NA,NA,NA,NA,NA,Access to credit; education (literacy),NA,Policies that create better access for farmers to technologies will help alleviate hunger/poverty,NA,"market prices (food value)""the higher the price, the more food secure was the households""; education (literacy): ""attainment of higher level of education by household head and male members would tend to increase the welfare situation""; Policies that create better access for farmers to technologies will help alleviate hunger/poverty; policy plan that strengthens the rural health centers with qualified medical practitioners that would educate the farming households on family planning will also help to reduce poverty through a decrease in high dependency ratio in the study area",household size/lack of access to family planning,"Balanced Nutrient Management System (BNMS) project.
 ""The findings showed that the BNMS technologies
 contributed to improved food security and thereby poverty alleviation through calorie and protein
 intake and food expenditure. The results revealed that large households having many young
 educated members, favored by high price and had adopted BNMS technologies consumed more
 calorie and protein than others. Such households were more food-secure and therefore more
 prosperous.""",NA,,2,2,2,2,2,2,12
37,64,"Belay D., Schulthess F., Omwega C.",2009,The profitability of maize-haricot bean intercropping techniques to control maize stem borers under low pest densities in Ethiopia,"Belay, D., Schulthess, F., & Omwega, C. (2009). The profitability of maize-haricot bean intercropping techniques to control maize stem borers under low pest densities in Ethiopia. Phytoparasitica, 37(1), 43-50. doi:10.1007/s12600-008-0002-7",Plot,Quantitative,Experiment (on farm),RC,2004,1,5,4,1,NA,3,1, 3-4,Yes,No,,Ethiopia,Subsaharan Africa,1,Melkassa,Africa,LIC,8.4,39.183333,No,,Experiment (on farm),Farmer-led,Farmer-led,Intercropping: Cereal-legume,Intercrop,1,0,0,Row,Existing farmers' practices,Existing farmers' practices,,Grain / Common bean,Maize,Common bean,0,0,0,0,0,0,0,1,0,0,0,,0 - 85kg N/ha,Synthetic - below threshold,rainfed,-1.025,0.98975,0.98975,NA,NA,NA,NA,NA,0,1,1,NA,NA,NA,Mix-Mix,NA,NA,NA,NA,NA,NA,NA,NA,NA,NA,"low pest densities (""benefits of mixed cropping decreased with a decrease of pest infestations."")",NA,NA,"""farmers in
 the Central Rift Valley of Ethiopia can obtain an
 economic advantage by intercropping haricot bean
 with maize at the ratio of 1:1 to 2:1, as indicated by
 higher LER and overall farm income, instead of
 monocropping of both maize and haricot bean.""",NA,,0,1,2,2,2,2,9
38,64,"Belay D., Schulthess F., Omwega C.",2009,The profitability of maize-haricot bean intercropping techniques to control maize stem borers under low pest densities in Ethiopia,"Belay, D., Schulthess, F., & Omwega, C. (2009). The profitability of maize-haricot bean intercropping techniques to control maize stem borers under low pest densities in Ethiopia. Phytoparasitica, 37(1), 43-50. doi:10.1007/s12600-008-0002-7",Plot,Quantitative,Experiment (on farm),RC,2005,1,5,4,1,NA,3,1, 3-4,Yes,No,,Ethiopia,Subsaharan Africa,1,Melkassa,Africa,LIC,8.4,39.183333,No,,Experiment (on farm),Farmer-led,Farmer-led,Intercropping: Cereal-legume,Intercrop,1,0,0,Row,Existing farmers' practices,Existing farmers' practices,,Grain / Common bean,Maize,Common bean,0,0,0,0,0,0,0,1,0,0,0,,0 - 85kg N/ha,Synthetic - below threshold,rainfed,15.37,1.1537,1.1537,NA,NA,NA,NA,NA,15,1.15,1.15,NA,NA,NA,Win-Win,NA,NA,NA,NA,NA,NA,NA,NA,NA,NA,"low pest densities (""benefits of mixed cropping decreased with a decrease of pest infestations."")",NA,NA,"""farmers in
 the Central Rift Valley of Ethiopia can obtain an
 economic advantage by intercropping haricot bean
 with maize at the ratio of 1:1 to 2:1, as indicated by
 higher LER and overall farm income, instead of
 monocropping of both maize and haricot bean.""",NA,,0,1,2,2,2,2,9
39,64,"Belay D., Schulthess F., Omwega C.",2009,The profitability of maize-haricot bean intercropping techniques to control maize stem borers under low pest densities in Ethiopia,"Belay, D., Schulthess, F., & Omwega, C. (2009). The profitability of maize-haricot bean intercropping techniques to control maize stem borers under low pest densities in Ethiopia. Phytoparasitica, 37(1), 43-50. doi:10.1007/s12600-008-0002-7",Plot,Quantitative,Experiment (on farm),RC,2005,1,5,4,1,NA,3,1, 3-4,Yes,No,,Ethiopia,Subsaharan Africa,1,Mieso,Africa,LIC,9.333333,41.183333,No,,Experiment (on farm),Farmer-led,Farmer-led,Intercropping: Cereal-legume,Intercrop,1,0,0,Row,Existing farmers' practices,Existing farmers' practices,,Grain / Common bean,Maize,Common bean,0,0,0,0,0,0,0,1,0,0,0,,0 - 85kg N/ha,Synthetic - below threshold,rainfed,7.27,1.0727,1.0727,NA,NA,NA,NA,NA,5,1.05,1.05,NA,NA,NA,Mix-Win,NA,NA,NA,NA,NA,NA,NA,NA,NA,NA,"low pest densities (""benefits of mixed cropping decreased with a decrease of pest infestations."")",NA,NA,"""farmers in
 the Central Rift Valley of Ethiopia can obtain an
 economic advantage by intercropping haricot bean
 with maize at the ratio of 1:1 to 2:1, as indicated by
 higher LER and overall farm income, instead of
 monocropping of both maize and haricot bean.""",NA,,0,1,2,2,2,2,9
2,1,"Abdul Rahman N., Larbi A., Kotu B., Asante M.O., Akakpo D.B., Mellon-Bedi S., Hoeschle-Zeledon I.",2021,"Maize–legume strip cropping effect on productivity, income, and income risk of farmers in northern Ghana","Abdul Rahman, N., Larbi, A., Kotu, B., Asante, M. O., Akakpo, D. B., Mellon-Bedi, S., & Hoeschle-Zeledon, I. (2021). Maize–legume strip cropping effect on productivity, income, and income risk of farmers in northern Ghana. Agronomy Journal, 113(2), 1574-1585. doi:10.1002/agj2.20536",Community,Quantitative,Participatory Action Research,RC,2014-2016,3,7,4,3,5,2, 2-4, 5-10,Yes,Yes,"Population increase, land accessibility, climate change",Ghana,Subsaharan Africa,1,Northern Region,Africa,LMIC,9.5,-1.166667,No,"""cropping strategy that increases productivity, income, and resource utilization per unit area of available arable lands to improve land use"".
 ""intervention communities in northern Ghana for the Africa Research In Sustainable Intensification for the Next Generation (Africa RISING) project""",Experiment (on farm),Farmer-led + support by global NGO & researchers,Farmer-led + researcher/extension,Intercropping: Cereal-legume,Intercrop,1,1,0,Strip,Existing farmers' practices,Existing farmers' practices,,Grain / Chickpea + Cowpea,Maize,Multiple,0,1,1,0,0,0,0,0,0,0,0,NA,40-40-40,Synthetic - below threshold,rainfed,1,1.01,1.01,NA,NA,NA,NA,NA,89,1.89,1.89,NA,NA,NA,Win-Win,NA,NA,NA,NA,NA,NA,None,"Gender, livestock",Female farmers need to cultivate legumes; crop/livestock farmers use cowpea and groundnut residues for livestock feeding,rainfall fluctuation,NA,market prices; rainfall fluctuation- legumes more steady food supply increase food security,insect pest infestation of cowpea,"Quantitative values provided as mean, SD, min-max",NA,,2,2,2,2,2,2,12
134,282,"Kermah M., Franke A.C., Adjei-Nsiah S., Ahiabor B.D.K., Abaidoo R.C., Giller K.E.",2017,Maize-grain legume intercropping for enhanced resource use efficiency and crop productivity in the Guinea savanna of northern Ghana,"Kermah, M., Franke, A. C., Adjei-Nsiah, S., Ahiabor, B. D. K., Abaidoo, R. C., & Giller, K. E. (2017). Maize-grain legume intercropping for enhanced resource use efficiency and crop productivity in the Guinea savanna of northern Ghana. Field Crops Research, 213, 38-50. doi:10.1016/j.fcr.2017.07.008",Field,Quantitative,Experiment (on farm),RC,2013-2014,2,5,3,2,4,2, 2-4, 5-10,Yes,Yes,"Soil degradation, weather fluctuation and risk of crop failure",Ghana,Subsaharan Africa,1,Kpataribogu - southern Guinea savanna,Africa,LMIC,9.966667,-0.666667,No,,Experiment (on farm),Farmer-led + support by researchers,Farmer-led + researcher/extension,Intercropping: Cereal-legume,Intercrop,1,1,0,Row,"Soil fertility experiment (At each site, three field types representing a highly fertile field (HF), a medium fertile field (MF) and a field low in fertility (LF) were selected)",Soil fertility,,Grain / Cowpea,Maize,Cowpea,0,1,0,0,0,0,0,0,0,0,0,,25-25-30,Synthetic - below threshold,rainfed,-8.72093,0.9127907,0.9127907,NA,NA,NA,NA,NA,42.5287356,1.425287356,1.425287356,NA,NA,NA,Mix-Mix,NA,NA,NA,NA,NA,NA,NA,NA,NA,"Planting pattern: ""within row intercrop was more productive than the other intercrop planting patterns""; low soil fertility conditions + historical management practices (retention of crop residues)","High soil N conditions: ""the maize is more competitive than the legume under high soil N conditions as in the SGS leading to a relatively small contribution of legume""",NA,"Low soil fertility: net monetary benefits of grain legume declined with soil fertility and were highest in high-fertility soils ""Greater LERs in the poorly fertile fields""",,Supporting calculation ,,2,2,2,2,2,2,12
135,282,"Kermah M., Franke A.C., Adjei-Nsiah S., Ahiabor B.D.K., Abaidoo R.C., Giller K.E.",2017,Maize-grain legume intercropping for enhanced resource use efficiency and crop productivity in the Guinea savanna of northern Ghana,"Kermah, M., Franke, A. C., Adjei-Nsiah, S., Ahiabor, B. D. K., Abaidoo, R. C., & Giller, K. E. (2017). Maize-grain legume intercropping for enhanced resource use efficiency and crop productivity in the Guinea savanna of northern Ghana. Field Crops Research, 213, 38-50. doi:10.1016/j.fcr.2017.07.009",Field,Quantitative,Experiment (on farm),RC,2013-2014,2,5,3,2,4,2, 2-4, 5-10,Yes,Yes,"Soil degradation, weather fluctuation and risk of crop failure",Ghana,Subsaharan Africa,1,Kpataribogu - southern Guinea savanna,Africa,LMIC,9.966667,-0.666667,No,,Experiment (on farm),Farmer-led + support by researchers,Farmer-led + researcher/extension,Intercropping: Cereal-legume,Intercrop,1,1,0,Row,"Soil fertility experiment (At each site, three field types representing a highly fertile field (HF), a medium fertile field (MF) and a field low in fertility (LF) were selected)",Soil fertility,,Grain / Soybean,Maize,Soybean,0,0,0,0,0,0,0,0,1,0,0,,25-25-30,Synthetic - below threshold,rainfed,8.67052,1.0867052,1.0867052,NA,NA,NA,NA,NA,107.7777778,2.077777778,2.077777778,NA,NA,NA,Win-Mix,NA,NA,NA,NA,NA,NA,NA,NA,NA,"Planting pattern: ""within row intercrop was more productive than the other intercrop planting patterns""; low soil fertility conditions + historical management practices (retention of crop residues)","High soil N conditions: ""the maize is more competitive than the legume under high soil N conditions as in the SGS leading to a relatively small contribution of legume""",NA,"Low soil fertility: net monetary benefits of grain legume declined with soil fertility and were highest in high-fertility soils ""Greater LERs in the poorly fertile fields""",,Supporting calculation ,,2,2,2,2,2,2,12
136,282,"Kermah M., Franke A.C., Adjei-Nsiah S., Ahiabor B.D.K., Abaidoo R.C., Giller K.E.",2017,Maize-grain legume intercropping for enhanced resource use efficiency and crop productivity in the Guinea savanna of northern Ghana,"Kermah, M., Franke, A. C., Adjei-Nsiah, S., Ahiabor, B. D. K., Abaidoo, R. C., & Giller, K. E. (2017). Maize-grain legume intercropping for enhanced resource use efficiency and crop productivity in the Guinea savanna of northern Ghana. Field Crops Research, 213, 38-50. doi:10.1016/j.fcr.2017.07.010",Field,Quantitative,Experiment (on farm),RC,2013-2014,2,5,3,2,4,2, 2-4, 5-10,Yes,Yes,"Soil degradation, weather fluctuation and risk of crop failure",Ghana,Subsaharan Africa,1,Kpataribogu - southern Guinea savanna,Africa,LMIC,9.966667,-0.666667,No,,Experiment (on farm),Farmer-led + support by researchers,Farmer-led + researcher/extension,Intercropping: Cereal-legume,Intercrop,1,1,0,Row,"Soil fertility experiment (At each site, three field types representing a highly fertile field (HF), a medium fertile field (MF) and a field low in fertility (LF) were selected)",Soil fertility,,Grain / Groundnut,Maize,Groundnut,0,0,1,0,0,0,0,0,0,0,0,,25-25-30,Synthetic - below threshold,rainfed,-10.365854,0.89634146,0.89634146,NA,NA,NA,NA,NA,20,1.2,1.2,NA,NA,NA,Mix-Mix,NA,NA,NA,NA,NA,NA,NA,NA,NA,"Planting pattern: ""within row intercrop was more productive than the other intercrop planting patterns""; low soil fertility conditions + historical management practices (retention of crop residues)","High soil N conditions: ""the maize is more competitive than the legume under high soil N conditions as in the SGS leading to a relatively small contribution of legume""",NA,"Low soil fertility: net monetary benefits of grain legume declined with soil fertility and were highest in high-fertility soils ""Greater LERs in the poorly fertile fields""",,Supporting calculation ,,2,2,2,2,2,2,12
1,1,"Abdul Rahman N., Larbi A., Kotu B., Asante M.O., Akakpo D.B., Mellon-Bedi S., Hoeschle-Zeledon I.",2021,"Maize–legume strip cropping effect on productivity, income, and income risk of farmers in northern Ghana","Abdul Rahman, N., Larbi, A., Kotu, B., Asante, M. O., Akakpo, D. B., Mellon-Bedi, S., & Hoeschle-Zeledon, I. (2021). Maize–legume strip cropping effect on productivity, income, and income risk of farmers in northern Ghana. Agronomy Journal, 113(2), 1574-1585. doi:10.1002/agj2.20536",Community,Quantitative,Participatory Action Research,RC,2014-2016,3,7,4,3,5,2, 2-4, 5-10,Yes,Yes,"Population increase, land accessibility, climate change",Ghana,Subsaharan Africa,1,Upper West region,Africa,LMIC,10.5,-2.333333,No,"""cropping strategy that increases productivity, income, and resource utilization per unit area of available arable lands to improve land use"".
 ""intervention communities in northern Ghana for the Africa Research In Sustainable Intensification for the Next Generation (Africa RISING) project""",Experiment (on farm),Farmer-led + support by global NGO & researchers,Farmer-led + researcher/extension,Intercropping: Cereal-legume,Intercrop,1,1,0,Strip,Existing farmers' practices,Existing farmers' practices,,Grain / Chickpea + Cowpea,Maize,Multiple,0,1,1,0,0,0,0,0,0,0,0,NA,40-40-40,Synthetic - below threshold,rainfed,15,1.15,1.15,NA,NA,NA,NA,NA,112,2.12,2.12,NA,NA,NA,Win-Win,NA,NA,NA,NA,NA,NA,None,"Gender, livestock",Female farmers need to cultivate legumes; crop/livestock farmers use cowpea and groundnut residues for livestock feeding,rainfall fluctuation,NA,market prices; rainfall fluctuation- legumes more steady food supply increase food security,insect pest infestation of cowpea,"Quantitative values provided as mean, SD, min-max",NA,,2,2,2,2,2,2,12
46,776,"Bitew, Y., Alemayehu, G., Adego, E., & Assefa, A. (2019, Dec). ",2019,"Boosting land use efficiency, profitability and productivity of finger millet by intercropping with grain legumes","Bitew, Y., Alemayehu, G., Adego, E., & Assefa, A. (2019). Boosting land use efficiency, profitability and productivity of finger millet by intercropping with grain legumes. Cogent Food & Agriculture, 5(1), 22. doi:10.1080/23311932.2019.1702826",Plot,Quantitative,Experiment (on farm),RC,2017-2018,3,16,12,4,3,2, 2-4, 5-10,yes,yes,Planting ratio,Ethiopia,Subsaharan Africa,1,South Achefere and Mecha districts,Africa,LIC,11.340569,36.934292,Yes,"""Sustainable intensification of agriculture is a means of reducing the demand for increased land resources. [...] . Indeed, several authors described
intercropping as an eco-functional intensification practice which has been widely used to boost
crop productivity, increase the land utilization ratio (Laurent et al., 2015), provide a balanced diet,
reduce labor peaks, minimize crop failure due to adverse effects of biotic and abiotic factors,
protect soil against erosion, improve the use of limited resources, increase stability of yield and
provide higher returns (Getachew et al., 2008; Tsubo, Walker, & Ogindo, 2005). """,Experiment (on farm),Farmer-led,Farmer-led,Intercropping millet-legume,Intercrop,1,1,0,Row/Mixed,"also studying the relationships between yield of finger millet and planting ratios in row and mixed finger millet-legume
additive design intercropping. ",Varied spacing/timing,,Grain / Common bean,Finger Millet,Common bean,0,0,0,0,0,0,0,1,0,0,0,0,46-46-0 (finger millet) 18-46-0 (legumes),Synthetic - below threshold,rainfed,10.3073646,1.103073646,1.103073646,NA,NA,NA,NA,NA,23.10123953,1.231012395,1.231012395,NA,NA,NA,Win-Win,NA,NA,NA,NA,NA,NA,NA,NA,A treatment is considered a worthy investment by the farmer if the MRR is higher than the minimal acceptable rate of return of 100%,"All LER values obtained from scenario 1, 2 and 3 were
above one indicating that an advantage of intercropping over sole cropping",,"it could be concluded
that FM+HB RI at 100:50 planting ratio offers much opportunity to smallholder farmers for increasing
productivity of finger millet, land use efficiency and profitability and hence it would be a viable option
for increasing household food security",NA,"Specifically, it could be concluded that FM+HB RI at 100:50 planting ratio offers much opportunity to smallholder farmers for increasing
productivity of finger millet, land use efficiency and profitability and hence it would be a viable option for increasing household food security.",Sup calculation,,2,2,2,2,2,2,12
47,776,"Bitew, Y., Alemayehu, G., Adego, E., & Assefa, A. (2019, Dec). ",2019,"Boosting land use efficiency, profitability and productivity of finger millet by intercropping with grain legumes","Bitew, Y., Alemayehu, G., Adego, E., & Assefa, A. (2019). Boosting land use efficiency, profitability and productivity of finger millet by intercropping with grain legumes. Cogent Food & Agriculture, 5(1), 22. doi:10.1080/23311932.2019.1702826",Plot,Quantitative,Experiment (on farm),RC,2017-2018,3,16,12,4,3,2, 2-4, 5-10,yes,yes,Planting ratio,Ethiopia,Subsaharan Africa,1,South Achefere and Mecha districts,Africa,LIC,11.340569,36.934292,Yes,"""Sustainable intensification of agriculture is a means of reducing the demand for increased land resources. [...] . Indeed, several authors described
intercropping as an eco-functional intensification practice which has been widely used to boost
crop productivity, increase the land utilization ratio (Laurent et al., 2015), provide a balanced diet,
reduce labor peaks, minimize crop failure due to adverse effects of biotic and abiotic factors,
protect soil against erosion, improve the use of limited resources, increase stability of yield and
provide higher returns (Getachew et al., 2008; Tsubo, Walker, & Ogindo, 2005). """,Experiment (on farm),Farmer-led,Farmer-led,Intercropping millet-legume,Intercrop,1,1,0,Row/Mixed,"also studying the relationships between yield of finger millet and planting ratios in row and mixed finger millet-legume
additive design intercropping. ",Varied spacing/timing,,Grain / Lupin,Finger Millet,Other,0,0,0,0,0,0,0,0,0,0,Lupin,0,46-46-0 (finger millet) 18-46-0 (legumes),Synthetic - below threshold,rainfed,22.8667072,1.228667072,1.228667072,NA,NA,NA,NA,NA,35.35989806,1.353598981,1.353598981,NA,NA,NA,Win-Win,NA,NA,NA,NA,NA,NA,NA,NA,A treatment is considered a worthy investment by the farmer if the MRR is higher than the minimal acceptable rate of return of 100%,"All LER values obtained from scenario 1, 2 and 3 were
above one indicating that an advantage of intercropping over sole cropping",,"it could be concluded
that FM+HB RI at 100:50 planting ratio offers much opportunity to smallholder farmers for increasing
productivity of finger millet, land use efficiency and profitability and hence it would be a viable option
for increasing household food security",NA,"Specifically, it could be concluded that FM+HB RI at 100:50 planting ratio offers much opportunity to smallholder farmers for increasing
productivity of finger millet, land use efficiency and profitability and hence it would be a viable option for increasing household food security.",Sup calculation,,2,2,2,2,2,2,12
311,564,"Singh B.B., Ajeigbe H.",2007,Improved cowpea-cereals-based cropping systems for household food security and poverty reduction in West Africa,"Singh, B. B., & Ajeigbe, H. (2007). Improved Cowpea-Cereals-Based Cropping Systems for Household Food Security and Poverty Reduction in West Africa. Journal of Crop Improvement, 19(1-2), 157-172. doi:10.1300/J411v19n01_11",Farm,Quantitative,Experiment (on farm),RC,2003,1,2,1,1,14,2,1, 11-100,Yes,Yes,"Population increase, food demands",Nigeria,Subsaharan Africa,1,Kano State,Africa,LMIC,11.81017342,8.860794604,No,NA,Experiment (on farm),Farmer-led,Farmer-led,Intercropping,Intercrop,1,1,0,Row,Different intercrop spacings; insecticide to spray cowpea at flowering and podding stages to protect from insects,Varied spacing/timing,pest management,Grain / Cowpea,Sorghum,Cowpea,0,1,0,0,0,0,0,0,0,0,0,,15:15:15,Synthetic - below threshold,rainfed,22.393,1.22393,1.22393,NA,NA,NA,NA,NA,128.6728464,2.286728464,2.286728464,NA,NA,NA,Win-Win,Yes,"Food, Economic returns (cowpea)",NA,NA,NA,NA,NA,Increased economic returns,NA,Row spacing of intercrops,Row spacing of intercrops,"Profitability: ""all the participating farmers made a profit and were happy with the new system""",Row spacing of intercrops,,"See SuppCalc sheet  - I wasn't sure if ""fodder"" could fit into a well-being category (it provided food for farmer's livestock)",,0,1,1,1,1,2,6
312,564,"Singh B.B., Ajeigbe H.",2007,Improved cowpea-cereals-based cropping systems for household food security and poverty reduction in West Africa,"Singh, B. B., & Ajeigbe, H. (2007). Improved Cowpea-Cereals-Based Cropping Systems for Household Food Security and Poverty Reduction in West Africa. Journal of Crop Improvement, 19(1-2), 157-172. doi:10.1300/J411v19n01_12",Farm,Quantitative,Experiment (on farm),RC,2002-2004,1,2,1,1,39 - 334,2,1,>100 ,Yes,Yes,"Population increase, food demands",Nigeria,Subsaharan Africa,1,Kano State,Africa,LMIC,11.81017342,8.860794604,No,NA,Experiment (on farm),Farmer-led,Farmer-led,Intercropping,Intercrop,1,1,0,Row,Different intercrop spacings; insecticide to spray cowpea at flowering and podding stages to protect from insects,Varied spacing/timing,pest management,Grain / Cowpea,Sorghum,Cowpea,0,1,0,0,0,0,0,0,0,0,0,,15:15:15,Synthetic - below threshold,rainfed,279.435364,3.79435364,3.79435364,NA,NA,NA,NA,NA,276.8846784,3.768846784,3.768846784,NA,NA,NA,Win-Win,Yes,"Food, Economic returns (cowpea)",NA,NA,NA,NA,NA,Increased economic returns,NA,Row spacing of intercrops,Row spacing of intercrops,"Profitability: ""Rabi Abdulrahman, a woman farmer in Bichi, Kano states, “I depended on my husband for everything. And with the household having more than one wife, there was a strain on who was to get the provisions and who was to be left out. Now that I have income from the improved cowpea, I am able to make decisions concerning the household without bothering my husband. In the past my husband would buy standard books to be shared among all the wives’ children, but I am now able to buy specialized books that can help my children. I am also able to supplement my children’s diet with additional food that I grow myself.”",Row spacing of intercrops,,"See SuppCalc sheet  - I wasn't sure if ""fodder"" could fit into a well-being category (it provided food for farmer's livestock)",,0,1,1,1,1,0,4
308,564,"Singh B.B., Ajeigbe H.",2007,Improved cowpea-cereals-based cropping systems for household food security and poverty reduction in West Africa,"Singh, B. B., & Ajeigbe, H. (2007). Improved Cowpea-Cereals-Based Cropping Systems for Household Food Security and Poverty Reduction in West Africa. Journal of Crop Improvement, 19(1-2), 157-172. doi:10.1300/J411v19n01_08",Plot,Quantitative,Experiment (research station),E/M,2001,1,6,4,2,1,1,1, 1-2,Yes,Yes,"Population increase, food demands",Nigeria,Subsaharan Africa,1,"International Institute of Tropical Agriculture, Kano State",Africa,LMIC,11.980343,8.558196,No,NA,Experiment (research station),Researcher-led,Researcher-led,Intercropping,Intercrop,1,1,0,Row,Different intercrop spacings; insecticide to spray cowpea at flowering and podding stages to protect from insects,Varied spacing/timing,pest management,Grain / Cowpea,Millet,Cowpea,0,1,0,0,0,0,0,0,0,0,0,,15:15:15,Synthetic - below threshold,rainfed,-17.892504,0.82107496,0.82107496,NA,NA,NA,NA,NA,34.2054691,1.342054691,1.342054691,NA,NA,NA,Lose-Mix,NA,NA,NA,NA,NA,NA,NA,NA,NA,Row spacing of intercrops,"type of main crop - ""the cowpea yield under the 1 row millet-1 row cowpea system was much lower than expected due to a severe competition with millet""",,,,See SuppCalc sheet ,,0,1,1,1,1,2,6
309,564,"Singh B.B., Ajeigbe H.",2007,Improved cowpea-cereals-based cropping systems for household food security and poverty reduction in West Africa,"Singh, B. B., & Ajeigbe, H. (2007). Improved Cowpea-Cereals-Based Cropping Systems for Household Food Security and Poverty Reduction in West Africa. Journal of Crop Improvement, 19(1-2), 157-172. doi:10.1300/J411v19n01_09",Plot,Quantitative,Experiment (research station),E/M,2001,1,6,4,2,1,1,1, 1-2,Yes,Yes,"Population increase, food demands",Nigeria,Subsaharan Africa,1,"International Institute of Tropical Agriculture, Kano State",Africa,LMIC,11.980343,8.558196,No,NA,Experiment (research station),Researcher-led,Researcher-led,Intercropping,Intercrop,1,1,0,Row,Different intercrop spacings; insecticide to spray cowpea at flowering and podding stages to protect from insects,Varied spacing/timing,pest management,Grain / Cowpea,Sorghum,Cowpea,0,1,0,0,0,0,0,0,0,0,0,,15:15:15,Synthetic - below threshold,rainfed,-1.647768,0.98352232,0.98352232,NA,NA,NA,NA,NA,65.2636712,1.652636712,1.652636712,NA,NA,NA,Lose-Mix,NA,NA,NA,NA,NA,NA,NA,NA,NA,Row spacing of intercrops,"type of main crop - ""the cowpea yield under the 1 row millet-1 row cowpea system was much lower than expected due to a severe competition [with main crop]""",,,,See SuppCalc sheet ,,0,1,1,1,1,2,6
310,564,"Singh B.B., Ajeigbe H.",2007,Improved cowpea-cereals-based cropping systems for household food security and poverty reduction in West Africa,"Singh, B. B., & Ajeigbe, H. (2007). Improved Cowpea-Cereals-Based Cropping Systems for Household Food Security and Poverty Reduction in West Africa. Journal of Crop Improvement, 19(1-2), 157-172. doi:10.1300/J411v19n01_10",Farm,Quantitative,Experiment (on farm),RC,2003,1,2,1,1,13,2,1, 11-100,Yes,Yes,"Population increase, food demands",Nigeria,Subsaharan Africa,1,Kaduna State (Ungwa Namama),Africa,LMIC,12.760556,4.0375,No,NA,Experiment (on farm),Farmer-led,Farmer-led,Intercropping,Intercrop,1,1,0,Row,Different intercrop spacings; insecticide to spray cowpea at flowering and podding stages to protect from insects,Varied spacing/timing,pest management,Grain / Cowpea,Maize,Cowpea,0,1,0,0,0,0,0,0,0,0,0,,15:15:15,Synthetic - below threshold,rainfed,6.546415,1.06546415,1.06546415,NA,NA,NA,NA,NA,41.5435044,1.415435044,1.415435044,NA,NA,NA,Win-Win,Yes,"Food, Economic returns (cowpea)",NA,NA,NA,NA,NA,Increased economic returns,NA,Row spacing of intercrops,Row spacing of intercrops,"Profitability: ""all the participating farmers made a profit and were happy with the new system""",Row spacing of intercrops,,"See SuppCalc sheet  - I wasn't sure if ""fodder"" could fit into a well-being category (it provided food for farmer's livestock)",,0,1,1,1,1,2,6
313,564,"Singh B.B., Ajeigbe H.",2007,Improved cowpea-cereals-based cropping systems for household food security and poverty reduction in West Africa,"Singh, B. B., & Ajeigbe, H. (2007). Improved Cowpea-Cereals-Based Cropping Systems for Household Food Security and Poverty Reduction in West Africa. Journal of Crop Improvement, 19(1-2), 157-172. doi:10.1300/J411v19n01_13",Farm,Quantitative,Experiment (on farm),RC,2002-2004,1,2,1,1,55 - 324,2,1,>100 ,Yes,Yes,"Population increase, food demands",Nigeria,Subsaharan Africa,1,Kaduna State (Ungwa Namama),Africa,LMIC,12.760556,4.0375,No,NA,Experiment (on farm),Farmer-led,Farmer-led,Intercropping,Intercrop,1,1,0,Row,Different intercrop spacings; insecticide to spray cowpea at flowering and podding stages to protect from insects,Varied spacing/timing,pest management,Grain / Cowpea,Maize,Cowpea,0,1,0,0,0,0,0,0,0,0,0,,15:15:15,Synthetic - below threshold,rainfed,181.400084,2.81400084,2.81400084,NA,NA,NA,NA,NA,244.1132347,3.441132347,3.441132347,NA,NA,NA,Win-Win,Yes,"Food, Economic returns (cowpea)",NA,NA,NA,NA,NA,Increased economic returns,NA,Row spacing of intercrops,Row spacing of intercrops,"Profitability: ""all the participating farmers made a profit and were happy with the new system""",Row spacing of intercrops,,"See SuppCalc sheet  - I wasn't sure if ""fodder"" could fit into a well-being category (it provided food for farmer's livestock)",,0,1,1,1,1,0,4
185,390,"Montgomery S., Guppy C., Martin R., Wright G., Flavel R., Phan S., Im S., Tighe M.",2017,Productivity and profitability of upland crop rotations in Northwest Cambodia,"Montgomery, S., Guppy, C., Martin, R., Wright, G., Flavel, R., Phan, S., . . . Tighe, M. (2017). Productivity and profitability of upland crop rotations in Northwest Cambodia. Field Crops Research, 203, 150-162. doi:10.1016/j.fcr.2016.12.010",Plot,Quantitative,Experiment (on farm),RC,2013-2014,2,4,2,2,4,2, 2-4, 5-10,Yes,Yes,Peace (cessation of human warfare conflict); climate change; Weather variability,Cambodia,South-east Asia,4,Pailin (Northwest Cambodia),Asia,LMIC,12.870833,102.610556,Yes,"""increase productivity and profitability """,Experiment (on farm),Researcher-led,Researcher-led,Rotation,Rotation,1,0,0,Rotation,No-till + best management agronomic practices,Tillage practices, best management practices,Grain / Soybean,Maize,Soybean,0,0,0,0,0,0,0,0,1,0,0,Sunflower,62-20-60,Synthetic - below threshold,rainfed,-16.93811075,0.830618893,0.830618893,NA,NA,NA,NA,NA,-6.424076266,0.935759237,0.935759237,NA,NA,NA,Lose-Lose,NA,NA,NA,NA,NA,NA,NA,poor soil fertility,"risk aversion; market demand for traditional crops (maize, cassave)","Suitability of crop choice (soybean) for weather conditions: ""majority of sequences trialled did not produce harvestable yields, with only a 26% success rate at Pailin and 40% at Samlout, due in part to agronomic issues and in part to climatic conditions"";","Dry weather (lack of rain) + Pests- ""majority of the sequence problems experienced were crop failure in the post-monsoon seasons for mungbean, peanut and sesame. This was driven by poor plant density establishment due to rapid soil drying after sowing. Further to this there was continued insect pressure from bean fly (Ophiomyia phaseoli) in mungbean""; Limited seed availability: ""If more suitable crop varieties were available commercially in Cambodia, with shorter time to maturity (Chan et al., 2009), this may allow the landholder to complete three crop cycles in one year. However, crop varietal choice is limited with little range in maturities ""; Erratic weather patterns","Variation in gross margins driven by season: ""available water affected crop yield and profitability in all seasons ""","Sowing window not aligned with weather to maximise soil moisture: ""importance of soil moisture conservation is emphasised in variable climates like Northwest Cambodia, where pre-monsoon conditions with high temperatures and erratic rainfall are not favourable for plant growth and development...highlights the problems upland farmers experience with their current sowing windows, often resulting in crop failure in the pre-monsoon as seen at Pailin, or lack of sowing opportunity in the traditional windows as occurred at Samlout in both years. This limits the profitability of the annual crop sequence as a whole and farmers tend to resolve this by planting what they consider to be risk-averse crops that are in high demand from traders, such as maize and cassava""; High input prices for seeds; Erratic weather pattterns","""agricultural statistics and farmer surveys show a trend for a decline in crop diversity and soybean plantings in the Northwest region""",Tables: A2 = NPK; 4 = Yield; 6= return,,2,2,2,2,2,2,12
304,731,"Shivaramu HS, Shivashankar K. ",1992,PERFORMANCE OF SUNFLOWER (HELIANTHUS-ANNUUS) AND SOYBEAN (GLYCINE-MAX) IN INTERCROPPING WITH DIFFERENT PLANT-POPULATIONS AND PLANTING PATTERNS,"Shivaramu, H. S., & Shivashankar, K. (1992). PERFORMANCE OF SUNFLOWER (HELIANTHUS-ANNUUS) AND SOYBEAN (GLYCINE-MAX) IN INTERCROPPING WITH DIFFERENT PLANT-POPULATIONS AND PLANTING PATTERNS. Indian Journal of Agronomy, 37(2), 231-236.",Plot,Quantitative,Experiment (research station),E/M,1988-1989,2,14,12,2,3,1, 2-4, 3-4,Yes (but also studying different population levels (planting density) & planting patterns(geometry)),Yes (but also studying different population levels & planting patterns),Need for higher poroductivity and returns,India,South Asia,2,Bangalore,Asia,LMIC,12.979119,77.5913,No,NA,Experiment (research station),Researcher-led,Researcher-led,Intercropping:sunflower-soybean,Intercrop,1,0,0,NA,different population levels (planting density) & planting patterns(geometry)),Varied spacing/timing,,Grain / Soybean,Sunflower,Soybean,0,0,0,0,0,0,0,0,1,0,0,0,NA,Unknown,rainfed,19.70066133,1.197006613,1.197006613,NA,NA,NA,NA,NA,44.86727386,1.448672739,1.448672739,NA,NA,NA,Win-Win,NA,NA,NA,NA,NA,NA,NA,"intercropping generated higher mean income, better LERm higher productivity",NA,NA,NA,"intercropping generated higher mean income, better LERm higher productivity",NA,,"table 1_yields sunflower, table 2 yields soybean, table3_biomass, gross income, LER Shivaramu1992_",,2,2,1,1,2,2,10
273,510,"Ruangsanka S., Sanfan S., Chaiwong U.",2021,"Does intercropping of baby corn (Zea mays l.) with pulse legumes improve soil fertility, crop productivity and profitability?","Ruangsanka, S., Sanfan, S., & Chaiwong, U. (2021). Does Intercropping of Baby Corn (Zea mays L.) with Pulse Legumes Improve Soil Fertility, Crop Productivity and Profitability? Journal of Agricultural Sciences, 16(1), 19-27. doi:10.4038/jas.v16i1.9180",Plot,Quantitative,Experiment (research station),E/M,2018-2019,1,4,3,1,3,1,1, 3-4,Yes,Yes,Legume intercropping useful for increased fertility - nitrogen fixing - green manure - increased income by adding legumes,Thailand,South-east Asia,4,Sorghum Research Centre (Suwan Farm),Asia,UMIC,14.642869,101.315256,No,NA,Experiment (research station),Researcher-led,Researcher-led,Intercropping (Cereal grain-legume),Intercrop,1,0,0,Row,Existing farmers' practices,Existing farmers' practices,,Grain / Mungbean,Corn,Mungbean,0,0,0,0,1,0,0,0,0,0,0,,15-15-15 600kg/ha,Synthetic - above threshold,irrigation,-5.953501676,0.940464983,0.940464983,NA,NA,NA,NA,NA,-3.326583138,0.966734169,0.966734169,NA,NA,NA,Lose-Lose,NA,NA,NA,NA,NA,NA,NA,NA,NA,NA,"Reductions in
growth and productivity of baby corn were not
surprising as pulse legumes acted as weeds that
competed with baby corn for water, nutrients and
solar radiation (Silva et al., 2015).",NA,"legume
crops reduced income from baby corn and the
incomes from legume crops could not reimburse
for crop loss. Reduction in income was the
highest in baby corn with crawling cowpea
(-1581.18 USD ha-1) followed by baby corn with
soybean (-1298.38 USD ha-1), whereas baby corn
with mungbean was the lowest (-254.62 USD
ha-1).---However, the information obtained from the
experiment did not support the assumption of
the study. Intercropping of baby corn with pulse
legumes reduced growth and yield of baby corn.
The additional incomes from all pulse legumes
did not exceed the values of crop losses for
all treatment combinations of intercropping.
Therefore, intercropping of baby corn with
pulse legumes is not recommended.",,"Table 2 corn + legume yields, Table3_total nitrogen, Table4_total income",,2,1,2,2,2,1,10
274,510,"Ruangsanka S., Sanfan S., Chaiwong U.",2021,"Does intercropping of baby corn (Zea mays l.) with pulse legumes improve soil fertility, crop productivity and profitability?","Ruangsanka, S., Sanfan, S., & Chaiwong, U. (2021). Does Intercropping of Baby Corn (Zea mays L.) with Pulse Legumes Improve Soil Fertility, Crop Productivity and Profitability? Journal of Agricultural Sciences, 16(1), 19-27. doi:10.4038/jas.v16i1.9181",Plot,Quantitative,Experiment (research station),E/M,2018-2019,1,4,3,1,3,1,1, 3-4,Yes,Yes,Legume intercropping useful for increased fertility - nitrogen fixing - green manure - increased income by adding legumes,Thailand,South-east Asia,4,Sorghum Research Centre (Suwan Farm),Asia,UMIC,14.642869,101.315256,No,NA,Experiment (research station),Researcher-led,Researcher-led,Intercropping (Cereal grain-legume),Intercrop,1,0,0,Row,Existing farmers' practices,Existing farmers' practices,,Grain / Soybean,Corn,Soybean,0,0,0,0,0,0,0,0,1,0,0,,15-15-15 600kg/ha,Synthetic - above threshold,irrigation,18.91459905,1.189145991,1.189145991,NA,NA,NA,NA,NA,-16.9631962,0.830368038,0.830368038,NA,NA,NA,Win-Lose,NA,NA,NA,NA,NA,NA,NA,NA,NA,NA,"Reductions in
growth and productivity of baby corn were not
surprising as pulse legumes acted as weeds that
competed with baby corn for water, nutrients and
solar radiation (Silva et al., 2015).",NA,"legume
crops reduced income from baby corn and the
incomes from legume crops could not reimburse
for crop loss. Reduction in income was the
highest in baby corn with crawling cowpea
(-1581.18 USD ha-1) followed by baby corn with
soybean (-1298.38 USD ha-1), whereas baby corn
with mungbean was the lowest (-254.62 USD
ha-1).---However, the information obtained from the
experiment did not support the assumption of
the study. Intercropping of baby corn with pulse
legumes reduced growth and yield of baby corn.
The additional incomes from all pulse legumes
did not exceed the values of crop losses for
all treatment combinations of intercropping.
Therefore, intercropping of baby corn with
pulse legumes is not recommended.",,"Table 2 corn + legume yields, Table3_total nitrogen, Table4_total income",,2,1,2,2,2,1,10
275,510,"Ruangsanka S., Sanfan S., Chaiwong U.",2021,"Does intercropping of baby corn (Zea mays l.) with pulse legumes improve soil fertility, crop productivity and profitability?","Ruangsanka, S., Sanfan, S., & Chaiwong, U. (2021). Does Intercropping of Baby Corn (Zea mays L.) with Pulse Legumes Improve Soil Fertility, Crop Productivity and Profitability? Journal of Agricultural Sciences, 16(1), 19-27. doi:10.4038/jas.v16i1.9182",Plot,Quantitative,Experiment (research station),E/M,2018-2019,1,4,3,1,3,1,1, 3-4,Yes,Yes,Legume intercropping useful for increased fertility - nitrogen fixing - green manure - increased income by adding legumes,Thailand,South-east Asia,4,Sorghum Research Centre (Suwan Farm),Asia,UMIC,14.642869,101.315256,No,NA,Experiment (research station),Researcher-led,Researcher-led,Intercropping (Cereal grain-legume),Intercrop,1,0,0,Row,Existing farmers' practices,Existing farmers' practices,,Grain / Cowpea,Corn,Cowpea,0,1,0,0,0,0,0,0,0,0,0,,15-15-15 600kg/ha,Synthetic - above threshold,irrigation,34.01924621,1.340192462,1.340192462,NA,NA,NA,NA,NA,-20.65794803,0.79342052,0.79342052,NA,NA,NA,Win-Lose,NA,NA,NA,NA,NA,NA,NA,NA,NA,NA,"Reductions in
growth and productivity of baby corn were not
surprising as pulse legumes acted as weeds that
competed with baby corn for water, nutrients and
solar radiation (Silva et al., 2015).",NA,"legume
crops reduced income from baby corn and the
incomes from legume crops could not reimburse
for crop loss. Reduction in income was the
highest in baby corn with crawling cowpea
(-1581.18 USD ha-1) followed by baby corn with
soybean (-1298.38 USD ha-1), whereas baby corn
with mungbean was the lowest (-254.62 USD
ha-1).---However, the information obtained from the
experiment did not support the assumption of
the study. Intercropping of baby corn with pulse
legumes reduced growth and yield of baby corn.
The additional incomes from all pulse legumes
did not exceed the values of crop losses for
all treatment combinations of intercropping.
Therefore, intercropping of baby corn with
pulse legumes is not recommended.",,"Table 2 corn + legume yields, Table3_total nitrogen, Table4_total income",,2,1,2,2,2,1,10
182,742,"Mohan, H.M., Chittapur, B.M., Hiremath, S.M",2013,EVALUATION OF RICEBEAN AND FRENCHBEAN AS INTERCROPS WITH MAIZE UNDER DIFFERENT ROW PROPORTIONS IN THE PENINSULAR REGION,"Mohan, H. M., Chittapur, B. M., & Hiremath, S. M. (2013). EVALUATION OF RICEBEAN AND FRENCHBEAN AS INTERCROPS WITH MAIZE UNDER DIFFERENT ROW PROPORTIONS IN THE PENINSULAR REGION. Legume Research, 36(4), 338-343. ",Plot,Quantitative,Experiment (research station),E/M,2022,1,11,6,5,3,1,1, 3-4,Not exclusively (also studying impact of differen row spacing and plants density ratio) ,Not exclusively (also studying impact of differen row spacing and plants density ratio) ,"Food security,nutritional security, nutirtional security, need to find another legume because soybean has been affected by rust disease.",India,South Asia,2,"Main Agricultural Research Station, Dharwad, Karnataka",Asia,LMIC,15.463467,75.045458,No,NA,Experiment (research station),Researcher-led,Researcher-led,Intercropping:maize-legume,Intercrop,1,1,0,NA,also studying impact of differen row spacing and plants density ratio),Varied spacing/timing,,Grain / Rice bean,Maize,Ricebean,0,0,0,0,0,0,0,0,0,0,Rice bean (Vigna umbellate),0,75-75-37.5,Synthetic - below threshold,rainfed,34.3625498,1.343625498,1.343625498,NA,NA,NA,NA,NA,26.01382873,1.260138287,1.371451509,1.148825065,NA,NA,Win-Win,NA,NA,NA,NA,NA,NA,"study revealed the possibility of
intercropping of non-conventional legumes namely
ricebean and frenchbean in 1:2 row proportions with
maize, while maize + frenchbean assured more
income due higher market price of frenchbean,
ricebean produced comparable maize equivalent
yield as that of recommended maize + soybean
system. However, protein yield was the highest with
the latter intercropping","Frenchbean as row intercrop in maize grown
in 1:2 row proportion in the Northern transitional
zone of Karnataka produced higher maize equivalent
yield (8068 kg ha-1) and assured more income (Rs.
29 054/- ha-1) while, intercropped ricebean was
comparable to maize + soybean in productivity.
Maize + soybean had higher protein output (851 kg
ha-1) than other systems.",NA,"All the intercropping systems
assured better utilization of natural resources viz.,
land, light nutrients and water besides maintained
better available soil nitrogen status after crop harvest.",NA,NA,NA,,"Table 3_ yield, LER, BC ratio, protein yield, N uptake",,2,1,2,2,2,2,11
183,742,"Mohan, H.M., Chittapur, B.M., Hiremath, S.M",2013,EVALUATION OF RICEBEAN AND FRENCHBEAN AS INTERCROPS WITH MAIZE UNDER DIFFERENT ROW PROPORTIONS IN THE PENINSULAR REGION,"Mohan, H. M., Chittapur, B. M., & Hiremath, S. M. (2013). EVALUATION OF RICEBEAN AND FRENCHBEAN AS INTERCROPS WITH MAIZE UNDER DIFFERENT ROW PROPORTIONS IN THE PENINSULAR REGION. Legume Research, 36(4), 338-343. ",Plot,Quantitative,Experiment (research station),E/M,2022,1,11,9,2,3,1,1, 3-4,Not exclusively (also studying impact of differen row spacing and plants density ratio) ,Not exclusively (also studying impact of differen row spacing and plants density ratio) ,"Food security,nutritional security, nutirtional security, need to find another legume because soybean has been affected by rust disease.",India,South Asia,2,"Main Agricultural Research Station, Dharwad, Karnataka",Asia,LMIC,15.463467,75.045458,No,NA,Experiment (research station),Researcher-led,Researcher-led,Intercropping:maize-legume,Intercrop,1,1,0,NA,also studying impact of differen row spacing and plants density ratio),Varied spacing/timing,,Grain / Common bean,Maize,Common bean,0,0,0,0,0,0,0,1,0,0,0,0,75-75-37.5,Synthetic - below threshold,rainfed,68.1938911,1.681938911,1.681938911,NA,NA,NA,NA,NA,51.74742718,1.517474272,1.750353243,1.2845953,NA,NA,Win-Win,NA,NA,NA,NA,NA,NA,"study revealed the possibility of
intercropping of non-conventional legumes namely
ricebean and frenchbean in 1:2 row proportions with
maize, while maize + frenchbean assured more
income due higher market price of frenchbean,
ricebean produced comparable maize equivalent
yield as that of recommended maize + soybean
system. However, protein yield was the highest with
the latter intercropping","Frenchbean as row intercrop in maize grown
in 1:2 row proportion in the Northern transitional
zone of Karnataka produced higher maize equivalent
yield (8068 kg ha-1) and assured more income (Rs.
29 054/- ha-1) while, intercropped ricebean was
comparable to maize + soybean in productivity.
Maize + soybean had higher protein output (851 kg
ha-1) than other systems.",NA,"All the intercropping systems
assured better utilization of natural resources viz.,
land, light nutrients and water besides maintained
better available soil nitrogen status after crop harvest.",NA,NA,NA,,"Table 3_ yield, LER, BC ratio, protein yield, N uptake",,2,1,2,2,2,2,11
184,742,"Mohan, H.M., Chittapur, B.M., Hiremath, S.M",2013,EVALUATION OF RICEBEAN AND FRENCHBEAN AS INTERCROPS WITH MAIZE UNDER DIFFERENT ROW PROPORTIONS IN THE PENINSULAR REGION,"Mohan, H. M., Chittapur, B. M., & Hiremath, S. M. (2013). EVALUATION OF RICEBEAN AND FRENCHBEAN AS INTERCROPS WITH MAIZE UNDER DIFFERENT ROW PROPORTIONS IN THE PENINSULAR REGION. Legume Research, 36(4), 338-343. ",Plot,Quantitative,Experiment (research station),E/M,2022,1,11,9,2,3,1,1, 3-4,Not exclusively (also studying impact of differen row spacing and plants density ratio) ,Not exclusively (also studying impact of differen row spacing and plants density ratio) ,"Food security,nutritional security, nutirtional security, need to find another legume because soybean has been affected by rust disease.",India,South Asia,2,"Main Agricultural Research Station, Dharwad, Karnataka",Asia,LMIC,15.463467,75.045458,No,NA,Experiment (research station),Researcher-led,Researcher-led,Intercropping:maize-legume,Intercrop,1,1,0,NA,also studying impact of differen row spacing and plants density ratio),Varied spacing/timing,,Grain / Soybean,Maize,Soybean,0,0,0,0,0,0,0,0,1,0,0,0,75-75-37.5,Synthetic - below threshold,rainfed,34.78308986,1.347830899,1.347830899,NA,NA,NA,NA,NA,21.80809399,1.21808094,1.35,1.08616188,NA,NA,Win-Win,NA,NA,NA,NA,NA,NA,"study revealed the possibility of
intercropping of non-conventional legumes namely
ricebean and frenchbean in 1:2 row proportions with
maize, while maize + frenchbean assured more
income due higher market price of frenchbean,
ricebean produced comparable maize equivalent
yield as that of recommended maize + soybean
system. However, protein yield was the highest with
the latter intercropping","Frenchbean as row intercrop in maize grown
in 1:2 row proportion in the Northern transitional
zone of Karnataka produced higher maize equivalent
yield (8068 kg ha-1) and assured more income (Rs.
29 054/- ha-1) while, intercropped ricebean was
comparable to maize + soybean in productivity.
Maize + soybean had higher protein output (851 kg
ha-1) than other systems.",NA,"All the intercropping systems
assured better utilization of natural resources viz.,
land, light nutrients and water besides maintained
better available soil nitrogen status after crop harvest.",NA,NA,NA,,"Table 3_ yield, LER, BC ratio, protein yield, N uptake",,2,1,2,2,2,2,11
168,366,"Manjunath B.L., Paramesh V., Mahajan G.R., Reddy K.V., Das B., Singh N.P.",2018,"A five years study on the selection of rice based cropping systems in Goa, for west coast region of India","Manjunath, B. L., Paramesh, V., Mahajan, G. R., Reddy, K. V., Das, B., & Singh, N. P. (2018). A five years study on the selection of rice based cropping systems in Goa, for west coast region of India. Journal of Environmental Biology, 39(3), 393-399. doi:10.22438/jeb/39/3/MRN-593",Plot,Quantitative,Experiment (research station),E/M,2010-2015,5,5,2,3,1,1, 5-10, 1-2,Yes,Yes,,India,South Asia,2,"ICAR- Central Coastal Agricultural Research Institute, Goa",Asia,LMIC,15.498594,73.916948,No,,Experiment (research station),Researcher-led,Researcher-led,Rotation,Rotation,1,0,0,Rotation,Existing farmers' practices,Existing farmers' practices,,Grain / Cowpea,Rice,Cowpea,0,1,0,0,0,0,0,0,0,0,0,Brinjal. Sweetcorn,0-0-0 (organic - manure),No synthetic,irrigation,78.821363,1.78821363,1.78821363,NA,NA,NA,NA,NA,59.8185242,1.598185242,1.598185242,NA,NA,NA,Mix-Mix,NA,NA,NA,NA,NA,NA,Yes: higher material/physical capital needed to produce legumes which have higher yields and income gains,"Crop choice: short duration, tolerant to terminal water stress, better yielding, disease and pest resistant having a quick ground cover with high local market demand. Crop should have good acceptance by local farmers for capacity to adjust to existing cropping system.",NA,"Crop choice: short duration, tolerant to terminal water stress, better yielding, disease and pest resistant having a quick ground cover with high local market demand; Access to irrigation during dry season",Access to inputs,Local market demand + higher market prices for legumes compared with rice,Access to inputs,"""improved utilization of labour, reduced unemployment and provided a source of livelihood (Thamrongwarangkul, 2001; Van ., 2003)""",NA,,1,2,2,2,2,2,11
169,366,"Manjunath B.L., Paramesh V., Mahajan G.R., Reddy K.V., Das B., Singh N.P.",2018,"A five years study on the selection of rice based cropping systems in Goa, for west coast region of India","Manjunath, B. L., Paramesh, V., Mahajan, G. R., Reddy, K. V., Das, B., & Singh, N. P. (2018). A five years study on the selection of rice based cropping systems in Goa, for west coast region of India. Journal of Environmental Biology, 39(3), 393-399. doi:10.22438/jeb/39/3/MRN-593",Plot,Quantitative,Experiment (research station),E/M,2010-2015,5,5,2,3,1,1, 5-10, 1-2,Yes,Yes,,India,South Asia,2,"ICAR- Central Coastal Agricultural Research Institute, Goa",Asia,LMIC,15.498594,73.916948,No,,Experiment (research station),Researcher-led,Researcher-led,Rotation,Rotation,1,0,0,Rotation,Existing farmers' practices,Existing farmers' practices,,Grain / Groundnut,Rice,Groundnut,0,0,1,0,0,0,0,0,0,0,0,Brinjal. Sweetcorn,0-0-0 (organic - manure),No synthetic,irrigation,65.19337,1.6519337,1.6519337,NA,NA,NA,NA,NA,21.3319637,1.213319637,1.213319637,NA,NA,NA,Mix-Mix,NA,NA,NA,NA,NA,NA,Yes: higher material/physical capital needed to produce legumes which have higher yields and income gains,"Crop choice: short duration, tolerant to terminal water stress, better yielding, disease and pest resistant having a quick ground cover with high local market demand. Crop should have good acceptance by local farmers for capacity to adjust to existing cropping system.",NA,"Crop choice: short duration, tolerant to terminal water stress, better yielding, disease and pest resistant having a quick ground cover with high local market demand; Access to irrigation during dry season",Access to inputs,Local market demand + higher market prices for legumes compared with rice,Access to inputs,"""improved utilization of labour, reduced unemployment and provided a source of livelihood (Thamrongwarangkul, 2001; Van ., 2003)""",NA,,1,2,2,2,2,2,11
170,367,"Manjunath M.G., Salakinkop S.R., Somanagouda G.",2018,Productivity and profitability of soybean based millets intercropping systems,"Manjunath, M. G., Salakinkop, S. R., & Somanagouda, G. (2018). Productivity and profitability of soybean based millets intercropping systems. Research on Crops, 19(1), 43-47. doi:10.5958/2348-7542.2018.00006.2",Plot,Quantitative,Experiment (research station),E/M,2016,1,10,7,3,3,1,1, 3-4,Yes,Yes,"Intercropping reduces crop failure, is barrier for pests, improve soil fertility and make farmers self-sufficient",India,South Asia,2,"Agricultural Research Station, Bailhongal, Belagavi district, Karnataka",Asia,LMIC,15.826447,74.786961,No,,Experiment (research station),Researcher-led,Researcher-led,Intercropping: Cereal-legume,Intercrop,1,1,0,Row,Existing farmers' practices,Existing farmers' practices,,Grain / Soybean,Millet (foxtail),Soybean,0,0,0,0,0,0,0,0,1,0,0,,NA,Unknown,rainfed,22.146239,1.22146239,1.22146239,NA,NA,NA,NA,NA,119.3680249,2.193680249,2.193680249,NA,NA,NA,Mix-Win,NA,NA,NA,NA,NA,NA,NA,NA,NA,"Crop choice: ""efficient utilization of available resources viz., space, nutrients and light compared to other intercropping systems""",Planting pattern: lower dry matter production and leaf area in less dense planting (4:2 legume/cereal vs 2:1),"Market prices, crop combination: ""higher market prices coupled with better utilization of resources""",Planting pattern: slight economic benefit of denser planting (4:2 legume/cereal vs 2:1),See supporting alculations tab,"Table 4. Production and profitability of soybean and millets in intercropping systems, Table 1. Growth attributes of soybean and millets in intercropping systems, Table 2. Total dry matter production in soybean and millets in intercropping systems (g plant -1)",,2,1,2,1,2,2,10
171,367,"Manjunath M.G., Salakinkop S.R., Somanagouda G.",2018,Productivity and profitability of soybean based millets intercropping systems,"Manjunath, M. G., Salakinkop, S. R., & Somanagouda, G. (2018). Productivity and profitability of soybean based millets intercropping systems. Research on Crops, 19(1), 43-47. doi:10.5958/2348-7542.2018.00006.3",Plot,Quantitative,Experiment (research station),E/M,2016,1,10,7,3,3,1,1, 3-4,Yes,Yes,"Intercropping reduces crop failure, is barrier for pests, improve soil fertility and make farmers self-sufficient",India,South Asia,2,"Agricultural Research Station, Bailhongal, Belagavi district, Karnataka",Asia,LMIC,15.826447,74.786961,No,,Experiment (research station),Researcher-led,Researcher-led,Intercropping: Cereal-legume,Intercrop,1,1,0,Row,Existing farmers' practices,Existing farmers' practices,,Grain / Soybean,Millet (finger),Soybean,0,0,0,0,0,0,0,0,1,0,0,,NA,Unknown,rainfed,17.34072,1.1734072,1.1734072,NA,NA,NA,NA,NA,117.0420393,2.170420393,2.170420393,NA,NA,NA,Mix-Win,NA,NA,NA,NA,NA,NA,NA,NA,NA,"Crop choice: ""efficient utilization of available resources viz., space, nutrients and light compared to other intercropping systems""",Planting pattern: lower dry matter production and leaf area in less dense planting (4:2 legume/cereal vs 2:1),"Market prices, crop combination: ""higher market prices coupled with better utilization of resources""",Planting pattern: slight economic benefit of denser planting (4:2 legume/cereal vs 2:1),See supporting alculations tab,"Table 4. Production and profitability of soybean and millets in intercropping systems, Table 1. Growth attributes of soybean and millets in intercropping systems, Table 2. Total dry matter production in soybean and millets in intercropping systems (g plant -1)",,2,1,2,1,2,2,10
172,367,"Manjunath M.G., Salakinkop S.R., Somanagouda G.",2018,Productivity and profitability of soybean based millets intercropping systems,"Manjunath, M. G., Salakinkop, S. R., & Somanagouda, G. (2018). Productivity and profitability of soybean based millets intercropping systems. Research on Crops, 19(1), 43-47. doi:10.5958/2348-7542.2018.00006.4",Plot,Quantitative,Experiment (research station),E/M,2016,1,10,7,3,3,1,1, 3-4,Yes,Yes,"Intercropping reduces crop failure, is barrier for pests, improve soil fertility and make farmers self-sufficient",India,South Asia,2,"Agricultural Research Station, Bailhongal, Belagavi district, Karnataka",Asia,LMIC,15.826447,74.786961,No,,Experiment (research station),Researcher-led,Researcher-led,Intercropping: Cereal-legume,Intercrop,1,1,0,Row,Existing farmers' practices,Existing farmers' practices,,Grain / Soybean,Millet (little),Soybean,0,0,0,0,0,0,0,0,1,0,0,,NA,Unknown,rainfed,28.172255,1.28172255,1.28172255,NA,NA,NA,NA,NA,161.6705962,2.616705962,2.616705962,NA,NA,NA,Mix-Win,NA,NA,NA,NA,NA,NA,NA,NA,NA,"Crop choice: ""efficient utilization of available resources viz., space, nutrients and light compared to other intercropping systems""",Planting pattern: lower dry matter production and leaf area in less dense planting (4:2 legume/cereal vs 2:1),"Market prices, crop combination: ""higher market prices coupled with better utilization of resources""",Planting pattern: slight economic benefit of denser planting (4:2 legume/cereal vs 2:1),See supporting alculations tab,"Table 4. Production and profitability of soybean and millets in intercropping systems, Table 1. Growth attributes of soybean and millets in intercropping systems, Table 2. Total dry matter production in soybean and millets in intercropping systems (g plant -1)",,2,1,2,1,2,2,10
335,589,"Soriano J.B., Wani S.P., Rao A.N., Hanumanthappa A.K., Gowda J.A.C., Rathore A.",2017,On-farm evaluation of dry-seeded rice cultivars and cropping systems in the semi-arid region of India,"Soriano, J. B., Wani, S. P., Rao, A. N., Hanumanthappa, A. K., Gowda, J. A. C., & Rathore, A. (2017). On-farm evaluation of dry-seeded rice cultivars and cropping systems in the semi-arid region of India. Philippine Journal of Science, 146(3), 223-235.",Field,Quantitative,Experiment (on farm),RC,2013-2014,2,4,2,2,5,1, 2-4, 5-10,Yes,Yes,,India,South Asia,2,Raichur Taluka,Asia,LMIC,16.166667,77.2,No,NA,Experiment (on farm),Farmer-led,Farmer-led,Rotation,Rotation,1,0,0,Rotation,Different rice cultivars,Seed improvement,,Grain / Chickpea,Rice,Chickpea,1,0,0,0,0,0,0,0,0,0,0,Mustard,120-60-40,Synthetic - below threshold,irrigation,28.12729,1.2812729,1.2812729,NA,NA,NA,NA,NA,33.843085,1.33843085,1.33843085,NA,NA,NA,Win-Mix,NA,NA,NA,NA,NA,NA,NA,"Profit; Availability of machinery for sowing: ""Commercially available machines for direct sowing of rice and dryland crops may propel farmers to adopt DDSR system during the rainy season and grow dryland crops after rice.""",Machinery,"Irrigation water availability: ""Stable canal water supply and rainfall during the later part of rainy season, which resulted to sufficient residual soil moisture""; Choice of crop- rice cultivar and legume: ""Yield and above-ground biomass was significantly affected by rice cultivar and dryland crop during both years ""; sowing time (early sowing to avoid heat stress and soil moisture deficiency)",NA,NA,Labour availability (intercropping more labour-intensive to plant + harvest than sole cropping),,See SuppCalc Sheet,,2,2,2,2,2,2,12
336,589,"Soriano J.B., Wani S.P., Rao A.N., Hanumanthappa A.K., Gowda J.A.C., Rathore A.",2017,On-farm evaluation of dry-seeded rice cultivars and cropping systems in the semi-arid region of India,"Soriano, J. B., Wani, S. P., Rao, A. N., Hanumanthappa, A. K., Gowda, J. A. C., & Rathore, A. (2017). On-farm evaluation of dry-seeded rice cultivars and cropping systems in the semi-arid region of India. Philippine Journal of Science, 146(3), 223-235.",Field,Quantitative,Experiment (on farm),RC,2013-2014,2,4,2,2,5,1, 2-4, 5-10,Yes,Yes,,India,South Asia,2,Raichur Taluka,Asia,LMIC,16.166667,77.25,No,NA,Experiment (on farm),Farmer-led,Farmer-led,Rotation,Rotation,1,0,0,Rotation,Different rice cultivars,Seed improvement,,Grain / Mungbean,Rice,Mungbean,0,0,0,0,1,0,0,0,0,0,0,Mustard,120-60-40,Synthetic - below threshold,irrigation,12.49313,1.1249313,1.1249313,NA,NA,NA,NA,NA,26.795213,1.26795213,1.26795213,NA,NA,NA,Win-Mix,NA,NA,NA,NA,NA,NA,NA,"Profit; Availability of machinery for sowing: ""Commercially available machines for direct sowing of rice and dryland crops may propel farmers to adopt DDSR system during the rainy season and grow dryland crops after rice.""",Machinery,"Irrigation water availability: ""Stable canal water supply and rainfall during the later part of rainy season, which resulted to sufficient residual soil moisture""; Choice of crop- rice cultivar and legume: ""Yield and above-ground biomass was significantly affected by rice cultivar and dryland crop during both years ""; sowing time (early sowing to avoid heat stress and soil moisture deficiency)",NA,NA,Labour availability (intercropping more labour-intensive to plant + harvest than sole cropping),,See SuppCalc Sheet,,2,2,2,2,2,2,12
218,428,"Novotny I.P., Tittonell P., Fuentes-Ponce M.H., López-Ridaura S., Rossing W.A.H.",2021,"The importance of the traditional milpa in food security and nutritional self-sufficiency in the highlands of Oaxaca, Mexico","Novotny, I. P., Tittonell, P., Fuentes-Ponce, M. H., Lopez-Ridaura, S., & Rossing, W. A. H. (2021). The importance of the traditional milpa in food security and nutritional self-sufficiency in the highlands of Oaxaca, Mexico. PLoS ONE, 16(2), e0246281. doi:10.1371/journal.pone.0246281",Household,Quantitative,Recall/Surveys,RC,2017-2018,2,3,2,1,31,2, 2-4, 11-100,Yes,Yes,National food/agricultural policies and trade agreements,Mexico,Latin America,6,"San Cristobal Amoltepec, Oaxaca",Central America,UMIC,17.28374561,-97.57484918,No,,"Recall - Survey (Household survey, population censuses, agricultural censuses, and production survey)",Farmer-led,Farmer-led,Intercropping: Cereal-legume,Intercrop,1,0,0,NA,Existing farmers' practices,Existing farmers' practices,,Grain / Common bean,Maize,Common bean,0,0,0,0,0,0,0,1,0,0,0,"fava bean, squash",NA,Unknown,rainfed,35.714286,1.35714286,1.35714286,NA,NA,NA,NA,NA,-10,0.9,NA,NA,NA,0.9,Win-Mix,"Decrease in use of milpa (intercropping) leading to reduced food security, food sovereignty and nutritional self-sufficiency",Food,NA,NA,NA,NA,Yes - food volume vs labour,"Tools and resources to assist with weeding (most labor intensive activity): ""designing or adapting tools that would facilitate weeding in the milpa could facilitate weeding management and encourage farmers to use the system""","Labour: ""lack ofinterest in milpa systems to its relatively high labor demand""; ""To bring milpa production back into farmers’ systems for improving food security and nutritional self-sufficiency, efforts should target reducing required labor (or producing more with similar amounts oflabor)""","Labour availability: ""Results showed that the milpa has lower labor self-sufficiency when compared to sole maize. During the survey, farmers in the area showed that they understood that the milpa could produce more food volume but they argued that it required a high degree oflabor""; Low productivity soils: ""in the municipality with lower crop yields, the milpa was particularly important since it provided higher crop diversity and produced more food per area when compared to monocrops ofmaize or bean""","Plant density: ""Common bean yield in the milpa was significantly lower by a factor 3 than when grown as a sole crop (Kruskal-Wallis, P = 0.025). This was largely explained by the difference in plant density. In the milpa, maize constitutes the main crop while other species are normally added to the system in varying densities. Common bean is added as second crop at a plant density of40,000 plants ha-1 compared to 100,000 plants ha-1 when grown as a sole crop. Farmers preferred to keep a lower common bean density in the milpa to avoid competition and consequently decrease ofmaize yield.""; Weeding (labour intensive)","Labour availability: ""Results showed that the milpa has lower labor self-sufficiency when compared to sole maize. During the survey, farmers in the area showed that they understood that the milpa could produce more food volume but they argued that it required a high degree oflabor""; Low productivity soils: ""in the municipality with lower crop yields, the milpa was particularly important since it provided higher crop diversity and produced more food per area when compared to monocrops ofmaize or bean""","Plant density: ""Common bean yield in the milpa was significantly lower by a factor 3 than when grown as a sole crop (Kruskal-Wallis, P = 0.025). This was largely explained by the difference in plant density. In the milpa, maize constitutes the main crop while other species are normally added to the system in varying densities. Common bean is added as second crop at a plant density of40,000 plants ha-1 compared to 100,000 plants ha-1 when grown as a sole crop. Farmers preferred to keep a lower common bean density in the milpa to avoid competition and consequently decrease ofmaize yield.""","""To bring milpa production back into farmers’ systems for improving food security and nutritional self-sufficiency, efforts should target reducing required labor (or producing more with similar amounts of labor). Flores-Sánchez et al. [70] showed that milpa production could be improved through better plant nutrition. Reyna-Ramírez et al. [71] found higher milpa production in organic systems. Since weeding is the most laborious activity in the milpa, Parsons et al. [72] recommended using herbicides mid-season to avoid harming companion crops. Recommendations based on herbicide application should be considered prudently, as herbicides damage edible weeds (called quelites) that are usually also harvested in milpa systems [73]. Mulching has been recommended as a weed-suppression measure for several crops, and it could offer an alternative to hand weeding [74–77]. However, mulching croplands with residues would compete with fodder for animal nutrition. Finally, designing or adapting tools that would facilitate weeding in the milpa could facilitate weeding management and encourage farmers to use the system.""",Calculations = milpa/maize; Food yield and Employment from Table 3; food security in raw data (from Supp S5 table),,2,2,1,1,1,2,9
217,428,"Novotny I.P., Tittonell P., Fuentes-Ponce M.H., López-Ridaura S., Rossing W.A.H.",2021,"The importance of the traditional milpa in food security and nutritional self-sufficiency in the highlands of Oaxaca, Mexico","Novotny, I. P., Tittonell, P., Fuentes-Ponce, M. H., Lopez-Ridaura, S., & Rossing, W. A. H. (2021). The importance of the traditional milpa in food security and nutritional self-sufficiency in the highlands of Oaxaca, Mexico. PLoS ONE, 16(2), e0246281. doi:10.1371/journal.pone.0246281",Household,Quantitative,Recall/Surveys,RC,2017-2018,2,3,2,1,51,2, 2-4,>100 ,Yes,Yes,National food/agricultural policies and trade agreements,Mexico,Latin America,6,"Santa Catarina Tayata, Oaxaca",Central America,UMIC,17.34699932,-97.558249,No,,"Recall - Survey (Household survey, population censuses, agricultural censuses, and production survey)",Farmer-led,Farmer-led,Intercropping: Cereal-legume,Intercrop,1,0,0,NA,Existing farmers' practices,Existing farmers' practices,,Grain / Common bean,Maize,Common bean,0,0,0,0,0,0,0,1,0,0,0,"fava bean, squash",NA,Unknown,rainfed,20,1.2,1.2,NA,NA,NA,NA,NA,-33.86454,0.6613546,NA,NA,NA,0.6613546,Win-Mix,"Decrease in use of milpa (intercropping) leading to reduced food security, food sovereignty and nutritional self-sufficiency",Food,NA,NA,NA,NA,Yes - food volume vs labour,"Tools and resources to assist with weeding (most labor intensive activity): ""designing or adapting tools that would facilitate weeding in the milpa could facilitate weeding management and encourage farmers to use the system""","Labour: ""lack ofinterest in milpa systems to its relatively high labor demand""; ""To bring milpa production back into farmers’ systems for improving food security and nutritional self-sufficiency, efforts should target reducing required labor (or producing more with similar amounts oflabor)""","Labour availability: ""Results showed that the milpa has lower labor self-sufficiency when compared to sole maize. During the survey, farmers in the area showed that they understood that the milpa could produce more food volume but they argued that it required a high degree oflabor""; Low productivity soils: ""in the municipality with lower crop yields, the milpa was particularly important since it provided higher crop diversity and produced more food per area when compared to monocrops ofmaize or bean""","Plant density: ""Common bean yield in the milpa was significantly lower by a factor 3 than when grown as a sole crop (Kruskal-Wallis, P = 0.025). This was largely explained by the difference in plant density. In the milpa, maize constitutes the main crop while other species are normally added to the system in varying densities. Common bean is added as second crop at a plant density of40,000 plants ha-1 compared to 100,000 plants ha-1 when grown as a sole crop. Farmers preferred to keep a lower common bean density in the milpa to avoid competition and consequently decrease ofmaize yield.""; Weeding (labour intensive)","Labour availability: ""Results showed that the milpa has lower labor self-sufficiency when compared to sole maize. During the survey, farmers in the area showed that they understood that the milpa could produce more food volume but they argued that it required a high degree oflabor""; Low productivity soils: ""in the municipality with lower crop yields, the milpa was particularly important since it provided higher crop diversity and produced more food per area when compared to monocrops ofmaize or bean""","Plant density: ""Common bean yield in the milpa was significantly lower by a factor 3 than when grown as a sole crop (Kruskal-Wallis, P = 0.025). This was largely explained by the difference in plant density. In the milpa, maize constitutes the main crop while other species are normally added to the system in varying densities. Common bean is added as second crop at a plant density of40,000 plants ha-1 compared to 100,000 plants ha-1 when grown as a sole crop. Farmers preferred to keep a lower common bean density in the milpa to avoid competition and consequently decrease ofmaize yield.""","""Milpa systems provided more persons per hectare with a complete set of nutrients and vitamins than sole crops of maize or common bean (Fig 5). Except for zinc and vitamins A, C, B9, and B12, milpa systems provided complete nutrition sufficiency for up to 3 persons ha-1 depending on crop yields and crop composition, while sole crops of maize and common bean provided enough to feed up to 2 and 0.5 persons ha-1, respectively"";",Calculations = milpa/maize; Food yield and Employment from Table 3; food security in raw data (from Supp S5 table),,2,2,1,1,1,2,9
192,737,"Nageswara Rao N, Meinke H, Craufurd PQ, et al.",2015,Strategic double cropping on Vertisols: A viable rainfed cropping option in the Indian SAT to increase productivity and reduce risk,"Nageswara Rao, V., Meinke, H., Craufurd, P. Q., Parsons, D., Kropff, M. J., Anten, N. P. R., . . . Rego, T. J. (2015). Strategic double cropping on Vertisols: A viable rainfed cropping option in the Indian SAT to increase productivity and reduce risk. European Journal of Agronomy, 62, 26-37. doi:10.1016/j.eja.2014.09.003",Plot,Quantitative,Experiment (research station),E/M,1983-1997,15,5,4,1,NA,1,>10,Unknown,Not exclusively (also studying impact of different rates of N application) ,Not exclusively (also studying impact of different rates of N application) ,"The sta-tus of rainfed agriculture in India is precarious, with productivitybeing hampered by low cropping intensity which results from risk-averse crop management decisions associated with high incidenceof poverty among small-holder farmers.  legumes provide N inputs, grain and fodder, increase rpoductivity of subsequent crops in rotation systems. ",India,South Asia,2,"ICRISAT Centre, Patancheru",Asia,LMIC,17.5,78.2,No,NA,Experiment (research station),Researcher-led,Researcher-led,Rotation: sorghum-legume,Rotation,0,0,1,NA,"application of different rates of Nitrogen (0,40,80,120)",Fertilizer rates/type,,Grain / Mungbean,Sorghum,Mungbean,0,0,0,0,1,0,0,0,0,0,0,0,"0,40,80,120 (N) + 20kg P ha-1",Synthetic - below threshold,rainfed,38.63546566,1.386354657,1.386354657,NA,NA,NA,NA,NA,404.9511871,5.049511871,5.049511871,NA,NA,NA,Win-Win,NA,NA,NA,NA,NA,NA,"Risk analysis indicates double cropping systems at different rates ofN provide options for decision makers based on their willingnessfor risk, to minimise the economic risks or to maximize systemproductivity compared to traditional fallow systems.",residual N from the legumecrop in the system played a key role in enhancing the productiv-ity of sorghum in the rainy and post-rainy seasons in these doublecropped systems.,NA,"Increased productivity on crops with legumes. In the semi-aridregions of India, post-rainy season crops often suffer from waterand nutrient limitations under receding soil moisture conditions inseveral seasons as seen from this long-term experiment. Intensifieddouble cropping systems had greater annual yields, mainly due toadditional yields coming either from the sorghum or mung beangrown during the rainy season which resulted in a better utilizationof available water and nutrients.",NA,NA,NA,Application of Nitrogen might have influenced yields (confounding variable),"Fig1_grain yield average 15 years, table4_gross profit, Fig2 uptake of Nitrogen",,2,2,2,1,1,2,10
193,737,"Nageswara Rao N, Meinke H, Craufurd PQ, et al.",2015,Strategic double cropping on Vertisols: A viable rainfed cropping option in the Indian SAT to increase productivity and reduce risk,"Nageswara Rao, V., Meinke, H., Craufurd, P. Q., Parsons, D., Kropff, M. J., Anten, N. P. R., . . . Rego, T. J. (2015). Strategic double cropping on Vertisols: A viable rainfed cropping option in the Indian SAT to increase productivity and reduce risk. European Journal of Agronomy, 62, 26-37. doi:10.1016/j.eja.2014.09.004",Plot,Quantitative,Experiment (research station),E/M,1983-1997,15,5,4,1,NA,1,>10,Unknown,Not exclusively (also studying impact of different rates of N application) ,Not exclusively (also studying impact of different rates of N application) ,"The sta-tus of rainfed agriculture in India is precarious, with productivitybeing hampered by low cropping intensity which results from risk-averse crop management decisions associated with high incidenceof poverty among small-holder farmers.  legumes provide N inputs, grain and fodder, increase rpoductivity of subsequent crops in rotation systems. ",India,South Asia,2,"ICRISAT Centre, Patancheru",Asia,LMIC,17.5,78.2,No,NA,Experiment (research station),Researcher-led,Researcher-led,Rotation: sorghum-legume,Rotation,0,0,1,NA,"application of different rates of Nitrogen (0,40,80,120)",Fertilizer rates/type,,Grain / Chickpea,Sorghum,Chickpea,1,0,0,0,0,0,0,0,0,0,0,0,"0,40,80,120 (N) + 20kg P ha-1",Synthetic - below threshold,rainfed,119.219167,2.19219167,2.19219167,NA,NA,NA,NA,NA,419.9235581,5.199235581,5.199235581,NA,NA,NA,Win-Win,NA,NA,NA,NA,NA,NA,"Risk analysis indicates double cropping systems at different rates ofN provide options for decision makers based on their willingnessfor risk, to minimise the economic risks or to maximize systemproductivity compared to traditional fallow systems.",residual N from the legumecrop in the system played a key role in enhancing the productiv-ity of sorghum in the rainy and post-rainy seasons in these doublecropped systems.,NA,"Increased productivity on crops with legumes. In the semi-aridregions of India, post-rainy season crops often suffer from waterand nutrient limitations under receding soil moisture conditions inseveral seasons as seen from this long-term experiment. Intensifieddouble cropping systems had greater annual yields, mainly due toadditional yields coming either from the sorghum or mung beangrown during the rainy season which resulted in a better utilizationof available water and nutrients.",NA,NA,NA,Application of Nitrogen might have influenced yields (confounding variable),"Fig1_grain yield average 15 years, table4_gross profit, Fig2 uptake of Nitrogen",,2,2,2,1,1,2,10
263,497,"Rao M.R., Singh M.",1990,Productivity and risk evaluation in constrasting intercropping systems,"Rao, M. R., & Singh, M. (1990). Productivity and risk evaluation in constrasting intercropping systems. Field Crops Research, 23(3-4), 279-293. doi:10.1016/0378-4290(90)90060-o",Plot,Quantitative,Experiment (research station),E/M,1979-1982,4,8,2,6,3,1, 2-4, 3-4,Yes,Yes,"Intercropping brings higher yields (and income) stability over sole crops. The greater the diversity of crops involved, the more likely
it is that intercropping advantages are enhanced.",India,South Asia,2,"ICRISAT Center, Patancheru, India",Asia,LMIC,17.511047,78.275,No,,Experiment (research station),Researcher-led,Researcher-led,Intercropping (Cereal-legume),Intercrop,1,0,0,Row,Weed/pest management,Weed/pest management,,Grain / Pigeonpea,Sorghum,Pigeonpea,0,0,0,0,0,1,0,0,0,0,0,0,"All sites 18N:20P (at sowing) - cereals both as sole crops and in
intercropping were later top-dressed with 62 kg N ha- 1",Synthetic - below threshold,rainfed,1.707317073,1.017073171,1.017073171,NA,NA,NA,NA,NA,39.47505198,1.39475052,1.39475052,NA,NA,NA,Win-Win,NA,NA,NA,NA,NA,NA,NA,"pigeonpea-based intercropping systems were more profitable with less-variable returns than
either of the respective component sole crops",NA,"Reduced risk from pigeonpea-based intercropping systems was due to the
combined effect of higher yields and reduced variability in yields.",NA,"Reduced risk from pigeonpea-based intercropping systems was due to the
combined effect of higher yields and reduced variability in yields.",NA,"This study brings out clearly that reduced risk from intercropping is not
universal and much depends on crop combination, cultivars, and agronomic
management. Any generalization on intercropping without due recognition of
these variables can be misleading.","Table3mean yields, Table5 income",,2,2,2,2,2,2,12
264,497,"Rao M.R., Singh M.",1990,Productivity and risk evaluation in constrasting intercropping systems,"Rao, M. R., & Singh, M. (1990). Productivity and risk evaluation in constrasting intercropping systems. Field Crops Research, 23(3-4), 279-293. doi:10.1016/0378-4290(90)90060-o",Plot,Quantitative,Experiment (research station),E/M,1979-1982,4,8,2,6,3,1, 2-4, 3-4,Yes,Yes,"Intercropping brings higher yields (and income) stability over sole crops. The greater the diversity of crops involved, the more likely
it is that intercropping advantages are enhanced.",India,South Asia,2,"ICRISAT Center, Patancheru, India",Asia,LMIC,17.511047,78.275,No,,Experiment (research station),Researcher-led,Researcher-led,Intercropping (Cereal-legume),Intercrop,1,0,0,Row,Weed/pest management,Weed/pest management,,Grain / Groundnut,Pearl Millet,Groundnut,0,0,1,0,0,0,0,0,0,0,0,0,"All sites 18N:20P (at sowing) - cereals both as sole crops and in
intercropping were later top-dressed with 62 kg N ha- 1",Synthetic - below threshold,rainfed,-22.50922509,0.774907749,0.774907749,NA,NA,NA,NA,NA,33.07517084,1.330751708,1.330751708,NA,NA,NA,Lose-Win,NA,NA,NA,NA,NA,NA,NA,"pigeonpea-based intercropping systems were more profitable with less-variable returns than
either of the respective component sole crops",NA,"Reduced risk from pigeonpea-based intercropping systems was due to the
combined effect of higher yields and reduced variability in yields.",NA,"Reduced risk from pigeonpea-based intercropping systems was due to the
combined effect of higher yields and reduced variability in yields.",NA,"This study brings out clearly that reduced risk from intercropping is not
universal and much depends on crop combination, cultivars, and agronomic
management. Any generalization on intercropping without due recognition of
these variables can be misleading.","Table3mean yields, Table5 income",,2,2,2,2,2,2,12
194,407,"Nageswara Rao V., Meinke H., Craufurd P.Q., Parsons D., Kropff M.J., Anten N.P.R., Wani S.P., Rego T.J.",2015,Strategic double cropping on Vertisols: A viable rainfed cropping option in the Indian SAT to increase productivity and reduce risk,"Nageswara Rao, V., Meinke, H., Craufurd, P. Q., Parsons, D., Kropff, M. J., Anten, N. P. R., . . . Rego, T. J. (2015). Strategic double cropping on Vertisols: A viable rainfed cropping option in the Indian SAT to increase productivity and reduce risk. European Journal of Agronomy, 62, 26-37. doi:10.1016/j.eja.2014.09.003",Plot,Quantitative,Experiment (research station),E/M,1983-1997,15,5,4,1,4,1,>10, 3-4,Yes,Yes,"Weather, poverty: ""The status of rainfed agriculture in India is precarious, with productivity being hampered by low cropping intensity which results from riskaverse crop management decisions associated with high incidence of poverty among small-holder farmers. Variability in the onset and distribution of monsoonal rains in
 June-July is a key risk for crop production, limiting opportunities for crop intensification on Vertisols""",India,South Asia,2,Patancheru ICRISAT Centre,Asia,LMIC,17.51127948,78.27522609,Yes,"""crop intensification options through sequential double cropping and N application can lead to improved productivity of Vertisols""",Experiment (research station),Researcher-led,Researcher-led,Intercropping: Cereal-legume,Intercrop,1,0,0,Rotation,Different fertiliser regimes + existing farmers practices,Fertilizer rates/type, best management practices,Grain / Mungbean,Sorghum,Mungbean,0,0,0,0,1,0,0,0,0,0,0,,0-20-0 to 120-20-0,Synthetic - below threshold,rainfed,47.75558419,1.477555842,1.477555842,NA,NA,NA,NA,NA,149.9521085,2.499521085,2.499521085,NA,NA,NA,Win-Win,NA,NA,NA,NA,NA,NA,NA,"""Farmers’ decisions to adopt an alternative cropping system
 depend not only on improvements in mean productivity but also on their understanding of the fluctuations in profits and risks associated with the new strategy.""",Low rainfall,"High rainfall (legume cover reduces runoff and N loss compared with fallow); number of legume rotations: ""Intensified double cropping systems had greater annual yields, mainly due to additional yields coming either from the sorghum or mung bean grown during the rainy season which resulted in a better utilization of available water and nutrients.""","High soil N/fertiliser use: ""Overall our results show that the double cropping systems resulted in higher sorghum and total system yields but this advantage declined with increasing level of N fertilizer""; Cropping System × Nitrogen interactions were associated with: very low yields in the FS–FS (fallow-sorghum) system without N application in 1984; a severe effect of leaf spot (Helminthosporium sorghicola Lefebvre & Sherwin) on post-rainy sorghum in 1987; and water stress resulting in lower yield of sorghum for the 120 kg N ha?1 treatment compared to the 80 kg N ha?1 treatment in 1992","Fertiliser use: ""these double cropping systems are on average more profitable and less risky than their traditional fallow counterparts. With increased N, intensified double cropping systems gave higher gross profit margins in the range of 54% to 63%, which is an indication of higher potential for economic viability and maximize efficiency of investment in these systems. By contrast, traditional systems without N application made losses in 5 to 7 out of 15 years,""",Low rainfall,"""traditional system of rainy season fallowing is financially very risky, particularly when combined with low fertilizer application.""",Yield (fig 1/2/3) income (Table 4) N uptake (Figure 7) ,,2,2,1,2,2,2,11
195,407,"Nageswara Rao V., Meinke H., Craufurd P.Q., Parsons D., Kropff M.J., Anten N.P.R., Wani S.P., Rego T.J.",2015,Strategic double cropping on Vertisols: A viable rainfed cropping option in the Indian SAT to increase productivity and reduce risk,"Nageswara Rao, V., Meinke, H., Craufurd, P. Q., Parsons, D., Kropff, M. J., Anten, N. P. R., . . . Rego, T. J. (2015). Strategic double cropping on Vertisols: A viable rainfed cropping option in the Indian SAT to increase productivity and reduce risk. European Journal of Agronomy, 62, 26-37. doi:10.1016/j.eja.2014.09.003",Plot,Quantitative,Experiment (research station),E/M,1983-1997,15,5,4,1,4,1,>10, 3-4,Yes,Yes,"Weather, poverty: ""The status of rainfed agriculture in India is precarious, with productivity being hampered by low cropping intensity which results from riskaverse crop management decisions associated with high incidence of poverty among small-holder farmers. Variability in the onset and distribution of monsoonal rains in
 June-July is a key risk for crop production, limiting opportunities for crop intensification on Vertisols""",India,South Asia,2,Patancheru ICRISAT Centre,Asia,LMIC,17.51127948,78.27522609,Yes,"""crop intensification options through sequential double cropping and N application can lead to improved productivity of Vertisols""",Experiment (research station),Researcher-led,Researcher-led,Intercropping: Cereal-legume,Intercrop,1,0,0,Rotation,Different fertiliser regimes + existing farmers practices,Fertilizer rates/type, best management practices,Grain / Chickpea,Sorghum,Chickpea,1,0,0,0,0,0,0,0,0,0,0,,0-20-0 to 120-20-0,Synthetic - below threshold,rainfed,-8.923969072,0.910760309,0.910760309,NA,NA,NA,NA,NA,37.11862405,1.37118624,1.37118624,NA,NA,NA,Mix-Mix,NA,NA,NA,NA,NA,NA,NA,"""Farmers’ decisions to adopt an alternative cropping system
 depend not only on improvements in mean productivity but also on their understanding of the fluctuations in profits and risks associated with the new strategy.""",Low rainfall,"High rainfall (legume cover reduces runoff and N loss compared with fallow); number of legume rotations: ""Intensified double cropping systems had greater annual yields, mainly due to additional yields coming either from the sorghum or mung bean grown during the rainy season which resulted in a better utilization of available water and nutrients.""","High soil N/fertiliser use: ""Overall our results show that the double cropping systems resulted in higher sorghum and total system yields but this advantage declined with increasing level of N fertilizer""; Cropping System × Nitrogen interactions were associated with: very low yields in the FS–FS (fallow-sorghum) system without N application in 1984; a severe effect of leaf spot (Helminthosporium sorghicola Lefebvre & Sherwin) on post-rainy sorghum in 1987; and water stress resulting in lower yield of sorghum for the 120 kg N ha?1 treatment compared to the 80 kg N ha?1 treatment in 1992","Fertiliser use: ""these double cropping systems are on average more profitable and less risky than their traditional fallow counterparts. With increased N, intensified double cropping systems gave higher gross profit margins in the range of 54% to 63%, which is an indication of higher potential for economic viability and maximize efficiency of investment in these systems. By contrast, traditional systems without N application made losses in 5 to 7 out of 15 years,""","Low rainfall; Fallow rotation: ""the double crop systems exhibited FDSD by having consistently higher profits at all probabilities compared to the three traditional systems [that included a fallow rotation]""","""traditional system of rainy season fallowing is financially very risky, particularly when combined with low fertilizer application.""",Yield (fig 1/2/3) income (Table 4) N uptake (Figure 7) ,,2,2,1,2,2,2,11
196,407,"Nageswara Rao V., Meinke H., Craufurd P.Q., Parsons D., Kropff M.J., Anten N.P.R., Wani S.P., Rego T.J.",2015,Strategic double cropping on Vertisols: A viable rainfed cropping option in the Indian SAT to increase productivity and reduce risk,"Nageswara Rao, V., Meinke, H., Craufurd, P. Q., Parsons, D., Kropff, M. J., Anten, N. P. R., . . . Rego, T. J. (2015). Strategic double cropping on Vertisols: A viable rainfed cropping option in the Indian SAT to increase productivity and reduce risk. European Journal of Agronomy, 62, 26-37. doi:10.1016/j.eja.2014.09.003",Plot,Quantitative,Experiment (research station),E/M,1983-1997,15,5,4,1,4,1,>10, 3-4,Yes,Yes,"Weather, poverty: ""The status of rainfed agriculture in India is precarious, with productivity being hampered by low cropping intensity which results from riskaverse crop management decisions associated with high incidence of poverty among small-holder farmers. Variability in the onset and distribution of monsoonal rains in
 June-July is a key risk for crop production, limiting opportunities for crop intensification on Vertisols""",India,South Asia,2,Patancheru ICRISAT Centre,Asia,LMIC,17.51127948,78.27522609,Yes,"""crop intensification options through sequential double cropping and N application can lead to improved productivity of Vertisols""",Experiment (research station),Researcher-led,Researcher-led,Rotation - double crop,Rotation,1,0,1,Rotation,Different fertiliser regimes + existing farmers practices,Fertilizer rates/type, best management practices,Grain / Chickpea,Sorghum,Chickpea,1,0,0,0,0,0,0,0,0,0,0,,0-20-0 to 120-20-0,Synthetic - below threshold,rainfed,120.6400344,2.206400344,2.206400344,NA,NA,NA,NA,NA,122.4496181,2.224496181,2.224496181,NA,NA,NA,Win-Win,NA,NA,NA,NA,NA,NA,NA,"""Farmers’ decisions to adopt an alternative cropping system
 depend not only on improvements in mean productivity but also on their understanding of the fluctuations in profits and risks associated with the new strategy.""",Low rainfall,"High rainfall (legume cover reduces runoff and N loss compared with fallow); number of legume rotations: ""Intensified double cropping systems had greater annual yields, mainly due to additional yields coming either from the sorghum or mung bean grown during the rainy season which resulted in a better utilization of available water and nutrients.""","High soil N/fertiliser use: ""Overall our results show that the double cropping systems resulted in higher sorghum and total system yields but this advantage declined with increasing level of N fertilizer""; Cropping System × Nitrogen interactions were associated with: very low yields in the FS–FS (fallow-sorghum) system without N application in 1984; a severe effect of leaf spot (Helminthosporium sorghicola Lefebvre & Sherwin) on post-rainy sorghum in 1987; and water stress resulting in lower yield of sorghum for the 120 kg N ha?1 treatment compared to the 80 kg N ha?1 treatment in 1992","Fertiliser use: ""these double cropping systems are on average more profitable and less risky than their traditional fallow counterparts. With increased N, intensified double cropping systems gave higher gross profit margins in the range of 54% to 63%, which is an indication of higher potential for economic viability and maximize efficiency of investment in these systems. By contrast, traditional systems without N application made losses in 5 to 7 out of 15 years,""",Low rainfall,"""traditional system of rainy season fallowing is financially very risky, particularly when combined with low fertilizer application.""",Yield (fig 1/2/3) income (Table 4) N uptake (Figure 7) ,,2,2,1,2,2,2,11
265,505,"Reddy P.R.R., Mohammad S.",2009,Evaluation of cotton (Gossypium hirsutum)-based intercropping system through different approaches under rainfed conditions,"Reddy, P. R. R., & Mohammad, S. (2009). Evaluation of cotton (Gossypium hirsutum)-based intercropping system through different approaches under rainfed conditions. Indian Journal of Agricultural Sciences, 79(3), 210-214.",Plot,Quantitative,Experiment (research station),E/M,2004-2005,2,7,5,2,3,1, 2-4, 3-4,Yes,Yes,"Intercropping increases yields, insurance against crop failure, pest control, soybean provides self consumption and groundnut provides oil",India,South Asia,2,Regional Agricultural Research Station Warangal,Asia,LMIC,18.05,79.366667,No,,Experiment (research station),Researcher-led,Researcher-led,Intercropping (Cereal-legume),Intercrop,1,0,0,Row,Existing farmers' practices,Existing farmers' practices,,Non-Grain / Soybean,Cotton,Soybean,0,0,0,0,0,0,0,0,1,0,0,Sesame,120:60:60,Synthetic - below threshold,rainfed,-3.307529909,0.966924701,0.966924701,NA,NA,NA,NA,NA,3,1.03,1.03,NA,NA,NA,Lose-Win,NA,NA,NA,NA,NA,NA,NA,NA,NA,NA,NA,NA,Relative net returns of intercropping with soybean are not profitable than the sole crop of cotton.,NA,"Table1_Yield, Table 2 land equivalent ratio and net returns",,2,2,2,2,2,2,12
266,505,"Reddy P.R.R., Mohammad S.",2009,Evaluation of cotton (Gossypium hirsutum)-based intercropping system through different approaches under rainfed conditions,"Reddy, P. R. R., & Mohammad, S. (2009). Evaluation of cotton (Gossypium hirsutum)-based intercropping system through different approaches under rainfed conditions. Indian Journal of Agricultural Sciences, 79(3), 210-214.",Plot,Quantitative,Experiment (research station),E/M,2004-2005,2,7,5,2,3,1, 2-4, 3-4,Yes,Yes,"Intercropping increases yields, insurance against crop failure, pest control, soybean provides self consumption and groundnut provides oil",India,South Asia,2,Regional Agricultural Research Station Warangal,Asia,LMIC,18.05,79.366667,No,,Experiment (research station),Researcher-led,Researcher-led,Intercropping (Cereal-legume),Intercrop,1,0,0,Row,Existing farmers' practices,Existing farmers' practices,,Non-Grain / Mungbean,Cotton,Mungbean,0,0,0,0,1,0,0,0,0,0,0,Sesame,5.042361111,Synthetic - below threshold,rainfed,26.5306122,1.265306122,1.265306122,NA,NA,NA,NA,NA,33,1.33,1.33,NA,NA,NA,Win-Win,NA,NA,NA,NA,NA,NA,NA,NA,NA,NA,NA,NA,NA,NA,"Table1_Yield, Table 2 land equivalent ratio and net returns",,2,2,2,2,2,2,12
267,505,"Reddy P.R.R., Mohammad S.",2009,Evaluation of cotton (Gossypium hirsutum)-based intercropping system through different approaches under rainfed conditions,"Reddy, P. R. R., & Mohammad, S. (2009). Evaluation of cotton (Gossypium hirsutum)-based intercropping system through different approaches under rainfed conditions. Indian Journal of Agricultural Sciences, 79(3), 210-214.",Plot,Quantitative,Experiment (research station),E/M,2004-2005,2,7,5,2,3,1, 2-4, 3-4,Yes,Yes,"Intercropping increases yields, insurance against crop failure, pest control, soybean provides self consumption and groundnut provides oil",India,South Asia,2,Regional Agricultural Research Station Warangal,Asia,LMIC,18.05,79.366667,No,,Experiment (research station),Researcher-led,Researcher-led,Intercropping (Cereal-legume),Intercrop,1,0,0,Row,Existing farmers' practices,Existing farmers' practices,,Non-Grain / Black Gram,Cotton,Mungbean/Black gram,0,0,0,0,0,0,0,0,0,0,Black gram,Sesame,120:60:60,Synthetic - below threshold,rainfed,27.79732583,1.277973258,1.277973258,NA,NA,NA,NA,NA,34,1.34,1.34,NA,NA,NA,Win-Win,NA,NA,NA,NA,NA,NA,NA,NA,NA,NA,NA,NA,NA,NA,"Table1_Yield, Table 2 land equivalent ratio and net returns",,2,2,2,2,2,2,12
268,505,"Reddy P.R.R., Mohammad S.",2009,Evaluation of cotton (Gossypium hirsutum)-based intercropping system through different approaches under rainfed conditions,"Reddy, P. R. R., & Mohammad, S. (2009). Evaluation of cotton (Gossypium hirsutum)-based intercropping system through different approaches under rainfed conditions. Indian Journal of Agricultural Sciences, 79(3), 210-214.",Plot,Quantitative,Experiment (research station),E/M,2004-2005,2,7,5,2,3,1, 2-4, 3-4,Yes,Yes,"Intercropping increases yields, insurance against crop failure, pest control, soybean provides self consumption and groundnut provides oil",India,South Asia,2,Regional Agricultural Research Station Warangal,Asia,LMIC,18.05,79.366667,No,,Experiment (research station),Researcher-led,Researcher-led,Intercropping (Cereal-legume),Intercrop,1,0,0,Row,Existing farmers' practices,Existing farmers' practices,,Non-Grain / Cowpea,Cotton,Cowpea,0,1,0,0,0,0,0,0,0,0,0,Sesame,120:60:60,Synthetic - below threshold,rainfed,25.12315271,1.251231527,1.251231527,NA,NA,NA,NA,NA,33.5,1.335,1.335,NA,NA,NA,Win-Win,NA,NA,NA,NA,NA,NA,NA,NA,NA,NA,NA,NA,NA,NA,"Table1_Yield, Table 2 land equivalent ratio and net returns",,2,2,2,2,2,2,12
269,505,"Reddy P.R.R., Mohammad S.",2009,Evaluation of cotton (Gossypium hirsutum)-based intercropping system through different approaches under rainfed conditions,"Reddy, P. R. R., & Mohammad, S. (2009). Evaluation of cotton (Gossypium hirsutum)-based intercropping system through different approaches under rainfed conditions. Indian Journal of Agricultural Sciences, 79(3), 210-214.",Plot,Quantitative,Experiment (research station),E/M,2004-2005,2,7,5,2,3,1, 2-4, 3-4,Yes,Yes,"Intercropping increases yields, insurance against crop failure, pest control, soybean provides self consumption and groundnut provides oil",India,South Asia,2,Regional Agricultural Research Station Warangal,Asia,LMIC,18.05,79.366667,No,,Experiment (research station),Researcher-led,Researcher-led,Intercropping (Cereal-legume),Intercrop,1,0,0,Row,Existing farmers' practices,Existing farmers' practices,,Non-Grain / Groundnut,Cotton,Groundnut,0,0,1,0,0,0,0,0,0,0,0,Sesame,120:60:60,Synthetic - below threshold,rainfed,3.870513723,1.038705137,1.038705137,NA,NA,NA,NA,NA,12.5,1.125,1.125,NA,NA,NA,Win-Win,NA,NA,NA,NA,NA,NA,NA,NA,NA,NA,NA,NA,Relative net returns of intercropping with groundnut are not profitable than the sole crop of cotton.,NA,"Table1_Yield, Table 2 land equivalent ratio and net returns",,2,2,2,2,2,2,12
201,412,"Narkhede W.N., Deshmukh M.S., Bhale V.M., Gill M.S., Gadade G.D., More S.S.",2011,Diversification of cropping systems under assured irrigated conditions in central plateau zone of Maharashtra,"Narkhede, W. N., Deshmukh, M. S., Bhale, V. M., Gill, M. S., Gadade, G. D., & More, S. S. (2011). Diversification of cropping systems under assured irrigated conditions in central plateau zone of Maharashtra. Indian Journal of Agronomy, 56(2), 104-108.",Plot,Quantitative,Experiment (research station),E/M,2005-2007,3,2,1,1,3,1, 2-4, 3-4,Yes,Yes,,India,South Asia,2,"Marathwada Krishi Vidyapeeth, Parbhani",Asia,LMIC,19.266667,76.783333,No,,Experiment (research station),Researcher-led,Researcher-led,Rotation,Rotation,1,0,0,Rotation,Existing farmers' practices,Existing farmers' practices,,Grain / Cowpea,Maize-wheat,Cowpea,0,1,0,0,0,0,0,0,0,0,0,,100-50-50,Synthetic - below threshold,irrigation,16,1.16,1.16,NA,NA,NA,NA,NA,11.29201112,1.112920111,1.016102395,NA,NA,1.209737828,Win-Mix,NA,NA,NA,NA,NA,NA,NA,NA,NA,NA,NA,NA,NA,NA,Table 1 (yield/incom); soil N (Table 4); Labour req. (Table 2),,2,2,2,2,2,2,12
29,782,"Baishya, L. K., Jamir, T., Walling, N., & Rajkhowa, D. J. (2021, Nov). ",2021,"Evaluation of Maize (Zea mays L.) plus Legume Intercropping System for Productivity, Profitability, Energy Budgeting and Soil Health in Hill Terraces of Eastern Himalayan Region","Baishya, L. K., Jamir, T., Walling, N., & Rajkhowa, D. J. (2021). Evaluation of Maize (Zea mays L.) plus Legume Intercropping System for Productivity, Profitability, Energy Budgeting and Soil Health in Hill Terraces of Eastern Himalayan Region. Legume Research, 44(11), 1343-1347. doi:10.18805/lr-4190",Plot,Quantitative,Experiment (research station),E/M,2014-2016,3,10,6,4,3,1, 2-4, 3-4,"Not exclusively (also asessing influence of densities 1:1 ,4:4)","Not exclusively (also asessing influence of densities 1:1 ,4:4)","With shrinkage of resources like arable land, irrigation water
and energy, there is a dire need to design and develop new
methods and techniques of crop production to meet the
increasing demand for food, feed and forage through
effective utilization of available agricultural input resources. Intercropping offers the possibility of yield advantage relative to sole
cropping through yield stability and improved yield",India,South Asia,2,"Research farm (Langol) of ICAR Research complex for North Eastern Hill Region (NEHR), Manipur Centre, Lamphelpat",Asia,LMIC,20.466667,84.233333,No,NA,Experiment (research station),Researcher-led,Researcher-led,Intercropping: Maize-legume,Intercrop,1,0,0,Row,"Also asessing influence of densities 1:1 ,4:4)",Varied spacing/timing,,Grain / Groundnut,Maize,Groundnut,0,0,1,0,0,0,0,0,0,0,0,0,80-60-40 (to sole and intercropped maize)-no additional nutrients to intercropped legumes,Synthetic - below threshold,rainfed,23.94366197,1.23943662,1.23943662,NA,NA,NA,NA,NA,2.837916912,1.028379169,1.24600467,1.036253776,0.802879061,NA,Win-Mix,NA,NA,NA,NA,NA,NA,NA,"Intercropping has an advantage in both soil fertility and crop yields,  particularly for maize which is the staple food crop for
smallholder farmers, besides its other advantage.",NA,NA,NA,NA,NA,,"Table 1_evaluation of diversified maize based cropping system, Table 2_ soil fertility status, Table 3_economics",,2,2,1,2,2,2,11
30,782,"Baishya, L. K., Jamir, T., Walling, N., & Rajkhowa, D. J. (2021, Nov). ",2021,"Evaluation of Maize (Zea mays L.) plus Legume Intercropping System for Productivity, Profitability, Energy Budgeting and Soil Health in Hill Terraces of Eastern Himalayan Region","Baishya, L. K., Jamir, T., Walling, N., & Rajkhowa, D. J. (2021). Evaluation of Maize (Zea mays L.) plus Legume Intercropping System for Productivity, Profitability, Energy Budgeting and Soil Health in Hill Terraces of Eastern Himalayan Region. Legume Research, 44(11), 1343-1347. doi:10.18805/lr-4191",Plot,Quantitative,Experiment (research station),E/M,2014-2016,3,10,6,4,3,1, 2-4, 3-4,"Not exclusively (also asessing influence of densities 1:1 ,4:4)","Not exclusively (also asessing influence of densities 1:1 ,4:4)","With shrinkage of resources like arable land, irrigation water
and energy, there is a dire need to design and develop new
methods and techniques of crop production to meet the
increasing demand for food, feed and forage through
effective utilization of available agricultural input resources. Intercropping offers the possibility of yield advantage relative to sole
cropping through yield stability and improved yield",India,South Asia,2,"Research farm (Langol) of ICAR Research complex for North Eastern Hill Region (NEHR), Manipur Centre, Lamphelpat",Asia,LMIC,20.466667,84.233333,No,NA,Experiment (research station),Researcher-led,Researcher-led,Intercropping: Maize-legume,Intercrop,1,0,0,Row,"Also asessing influence of densities 1:1 ,4:4)",Varied spacing/timing,,Grain / Soybean,Maize,Soybean,0,0,0,0,0,0,0,0,1,0,0,0,80-60-40 (to sole and intercropped maize)-no additional nutrients to intercropped legumes,Synthetic - below threshold,rainfed,13.38028169,1.133802817,1.133802817,NA,NA,NA,NA,NA,4.694692678,1.046946927,1.147166566,1.069486405,0.924187809,NA,Win-Mix,NA,NA,NA,NA,NA,NA,NA,"Intercropping has an advantage in both soil fertility and crop yields,  particularly for maize which is the staple food crop for
smallholder farmers, besides its other advantage.",NA,NA,NA,NA,NA,,"Table 1_evaluation of diversified maize based cropping systemTable 2_ soil fertility status, Table 3_economics",,2,2,1,2,2,2,11
31,782,"Baishya, L. K., Jamir, T., Walling, N., & Rajkhowa, D. J. (2021, Nov). ",2021,"Evaluation of Maize (Zea mays L.) plus Legume Intercropping System for Productivity, Profitability, Energy Budgeting and Soil Health in Hill Terraces of Eastern Himalayan Region","Baishya, L. K., Jamir, T., Walling, N., & Rajkhowa, D. J. (2021). Evaluation of Maize (Zea mays L.) plus Legume Intercropping System for Productivity, Profitability, Energy Budgeting and Soil Health in Hill Terraces of Eastern Himalayan Region. Legume Research, 44(11), 1343-1347. doi:10.18805/lr-4192",Plot,Quantitative,Experiment (research station),E/M,2014-2016,3,10,6,4,3,1, 2-4, 3-4,"Not exclusively (also asessing influence of densities 1:1 ,4:4)","Not exclusively (also asessing influence of densities 1:1 ,4:4)","With shrinkage of resources like arable land, irrigation water
and energy, there is a dire need to design and develop new
methods and techniques of crop production to meet the
increasing demand for food, feed and forage through
effective utilization of available agricultural input resources. Intercropping offers the possibility of yield advantage relative to sole
cropping through yield stability and improved yield",India,South Asia,2,"Research farm (Langol) of ICAR Research complex for North Eastern Hill Region (NEHR), Manipur Centre, Lamphelpat",Asia,LMIC,20.466667,84.233333,No,NA,Experiment (research station),Researcher-led,Researcher-led,Intercropping: Maize-legume,Intercrop,1,0,0,Row,"Also asessing influence of densities 1:1 ,4:4)",Varied spacing/timing,,Grain / Cowpea,Maize,Cowpea,0,1,0,0,0,0,0,0,0,0,0,0,80-60-40 (to sole and intercropped maize)-no additional nutrients to intercropped legumes,Synthetic - below threshold,rainfed,10.56338028,1.105633803,1.105633803,NA,NA,NA,NA,NA,3.810188728,1.038101887,1.113875645,1.058912387,0.94151763,NA,Win-Mix,NA,NA,NA,NA,NA,NA,NA,"Intercropping has an advantage in both soil fertility and crop yields,  particularly for maize which is the staple food crop for
smallholder farmers, besides its other advantage.",NA,NA,NA,NA,NA,,"Table 1_evaluation of diversified maize based cropping systemTable 2_ soil fertility status, Table 3_economics",,2,2,1,2,2,2,11
33,779,"Bastia, D. K., Behera, S. K., & Panda, M. R. (2021, Dec). ",2021,"Impacts of soil fertility management on productivity and economics of rice and fodder intercropping systems under rainfed conditions in Odisha, India","Bastia, D. K., Behera, S. K., & Panda, M. R. (2021). Impacts of soil fertility management on productivity and economics of rice and fodder intercropping systems under rainfed conditions in Odisha, India. Journal of Integrative Agriculture, 20(12), 3114-3126. doi:10.1016/s2095-3119(20)63591-2",Plot,Quantitative,Experiment (research station),E/M,2015-2017,3,9,6,3,3,1, 2-4, 3-4,"Not exclusively (also asessing influence of different fertilizing treatments: N1, application of farm yard manure (FYM) at 5 t ha–1; N2, application of inorganic fertilizer (RDF of rice, 60:30:30 kg ha–1 of N:P2O5:K2O); N3, application of both FYM at 5 t ha–1 and 50% inorganic fertilizer (RDF))","Not exclusively (also asessing influence of different fertilizing treatments: N1, application of farm yard manure (FYM) at 5 t ha–1; N2, application of inorganic fertilizer (RDF of rice, 60:30:30 kg ha–1 of N:P2O5:K2O); N3, application of both FYM at 5 t ha–1 and 50% inorganic fertilizer (RDF))","Intercropping cereals with fodder legume crops like cowpea
and ricebean is a practice in the semi-arid tropics of India to
reduce the fragility and uncertainty of agricultural production
systems under rainfed upland situations. These systems
produce a considerable amount of biomass that can be
incorporated into the soil, transferring nutrients from the
crops to soil and enriching the organic carbon content. --Maize and other forage legumes such as sesbania,
cowpea, pigeonpea, ricebean, and mungbean are important
short-duration crops which provide more economic return
to growers than long-duration crops",India,South Asia,2,"Research Farm of All India Coordinated Research Project for Dryland
Agriculture (AICRPDA), Phulbani  in North Eastern Ghat Zone of Odisha",Asia,LMIC,20.466667,84.233333,No,NA,Experiment (research station),Researcher-led,Researcher-led,Intercropping rice-legume,Intercrop,1,0,0,Row,"also asessing influence of different fertilizing treatments: N1, application of farm yard manure (FYM) at 5 t ha–1; N2, application of inorganic fertilizer (RDF of rice, 60:30:30 kg ha–1 of N:P2O5:K2O); N3, application of both FYM at 5 t ha–1 and 50% inorganic fertilizer (RDF))",Fertilizer rates/type,,Grain / Cowpea,Rice,Cowpea,0,1,0,0,0,0,0,0,0,0,0,0,"N1, application of farm yard manure (FYM) at 5 t ha–1; N2, application of inorganic fertilizer (RDF of rice, 60:30:30 kg ha–1 of N:P2O5:K2O); N3, application of both FYM at 5 t ha–1 and 50% inorganic fertilizer (RDF).",Synthetic - below threshold,rainfed,7.337151038,1.07337151,1.07337151,NA,NA,NA,NA,NA,-10.05307223,0.899469278,0.850551459,0.948387097,NA,NA,Mix-Mix,NA,NA,NA,NA,NA,NA,NA,"The leguminous fodders as intercrops with cereal crops have
special significances because of high herbage protein for
animal feeding and partial independence from concentrate
for their nitrogen needs.",NA,"The
leaf area of the rice crop in intercropping systems were found
to be significantly higher than that in monocropping system
because rice plants were getting more nitrogen from soil
due to nitrogen fixation of leguminous fodder crops. --- Rice yield
was higher in monocropping system than in rice and fodder
intercropping system when price was taken as a factor, but
when energy was taken as a factor rice yield of intercropping
system was higher than that of monocropping system. ","Rice yield
was higher in monocropping system than in rice and fodder
intercropping system when price was taken as a factor, but
when energy was taken as a factor rice yield of intercropping
system was higher than that of monocropping system.","Rice yield
was higher in monocropping system than in rice and fodder
intercropping system when price was taken as a factor, but
when energy was taken as a factor rice yield of intercropping
system was higher than that of monocropping system.","Rice yield
was higher in monocropping system than in rice and fodder
intercropping system when price was taken as a factor, but
when energy was taken as a factor rice yield of intercropping
system was higher than that of monocropping system.",,"Table 8_Rainwater use efficiency (RWUE), land equivalent ratio (LER), energy use efficiency (EUE), and economics as influenced by different cropping systems and different nutrient management practices1)",,2,2,2,2,2,2,12
34,779,"Bastia, D. K., Behera, S. K., & Panda, M. R. (2021, Dec). ",2021,"Impacts of soil fertility management on productivity and economics of rice and fodder intercropping systems under rainfed conditions in Odisha, India","Bastia, D. K., Behera, S. K., & Panda, M. R. (2021). Impacts of soil fertility management on productivity and economics of rice and fodder intercropping systems under rainfed conditions in Odisha, India. Journal of Integrative Agriculture, 20(12), 3114-3126. doi:10.1016/s2095-3119(20)63591-2",Plot,Quantitative,Experiment (research station),E/M,2015-2017,3,9,6,3,3,1, 2-4, 3-4,"Not exclusively (also asessing influence of different fertilizing treatments: N1, application of farm yard manure (FYM) at 5 t ha–1; N2, application of inorganic fertilizer (RDF of rice, 60:30:30 kg ha–1 of N:P2O5:K2O); N3, application of both FYM at 5 t ha–1 and 50% inorganic fertilizer (RDF))","Not exclusively (also asessing influence of different fertilizing treatments: N1, application of farm yard manure (FYM) at 5 t ha–1; N2, application of inorganic fertilizer (RDF of rice, 60:30:30 kg ha–1 of N:P2O5:K2O); N3, application of both FYM at 5 t ha–1 and 50% inorganic fertilizer (RDF))","Intercropping cereals with fodder legume crops like cowpea
and ricebean is a practice in the semi-arid tropics of India to
reduce the fragility and uncertainty of agricultural production
systems under rainfed upland situations. These systems
produce a considerable amount of biomass that can be
incorporated into the soil, transferring nutrients from the
crops to soil and enriching the organic carbon content. --Maize and other forage legumes such as sesbania,
cowpea, pigeonpea, ricebean, and mungbean are important
short-duration crops which provide more economic return
to growers than long-duration crops",India,South Asia,2,"Research Farm of All India Coordinated Research Project for Dryland
Agriculture (AICRPDA), Phulbani  in North Eastern Ghat Zone of Odisha",Asia,LMIC,20.466667,84.233333,No,NA,Experiment (research station),Researcher-led,Researcher-led,Intercropping rice-legume,Intercrop,1,0,0,Row,"also asessing influence of different fertilizing treatments: N1, application of farm yard manure (FYM) at 5 t ha–1; N2, application of inorganic fertilizer (RDF of rice, 60:30:30 kg ha–1 of N:P2O5:K2O); N3, application of both FYM at 5 t ha–1 and 50% inorganic fertilizer (RDF))",Fertilizer rates/type,,Grain / Ricebean,Rice,Ricebean,0,0,0,0,0,0,0,0,0,0,Ricebean,0,"N1, application of farm yard manure (FYM) at 5 t ha–1; N2, application of inorganic fertilizer (RDF of rice, 60:30:30 kg ha–1 of N:P2O5:K2O); N3, application of both FYM at 5 t ha–1 and 50% inorganic fertilizer (RDF).",Synthetic - below threshold,rainfed,5.941302792,1.059413028,1.059413028,NA,NA,NA,NA,NA,-12.9236463,0.870763537,0.806043203,0.935483871,NA,NA,Mix-Mix,NA,NA,NA,NA,NA,NA,NA,"The leguminous fodders as intercrops with cereal crops have
special significances because of high herbage protein for
animal feeding and partial independence from concentrate
for their nitrogen needs.",NA,"The
leaf area of the rice crop in intercropping systems were found
to be significantly higher than that in monocropping system
because rice plants were getting more nitrogen from soil
due to nitrogen fixation of leguminous fodder crops. --- Rice yield
was higher in monocropping system than in rice and fodder
intercropping system when price was taken as a factor, but
when energy was taken as a factor rice yield of intercropping
system was higher than that of monocropping system. ","Rice yield
was higher in monocropping system than in rice and fodder
intercropping system when price was taken as a factor, but
when energy was taken as a factor rice yield of intercropping
system was higher than that of monocropping system.","Rice yield
was higher in monocropping system than in rice and fodder
intercropping system when price was taken as a factor, but
when energy was taken as a factor rice yield of intercropping
system was higher than that of monocropping system.","Rice yield
was higher in monocropping system than in rice and fodder
intercropping system when price was taken as a factor, but
when energy was taken as a factor rice yield of intercropping
system was higher than that of monocropping system.",,"Table 8_Rainwater use efficiency (RWUE), land equivalent ratio (LER), energy use efficiency (EUE), and economics as influenced by different cropping systems and different nutrient management practices1)",,2,2,2,2,2,2,12
255,478,"Pradhan A., Idol T., Roul P.K.",2016,Conservation agriculture practices in rainfed uplands of india improve maize-based system productivity and profitability,"Pradhan, A., Idol, T., & Roul, P. K. (2016). Conservation Agriculture Practices in Rainfed Uplands of India Improve Maize-Based System Productivity and Profitability. Front Plant Sci, 7(2016JULY), 1008. doi:10.3389/fpls.2016.01008",Plot,Quantitative,Experiment (research station),E/M,2011-2014,3,4,2,2,3,1, 2-4, 3-4,No (also including minimum tillage and introduction of mustard and Horsegram as cover crop),No (also including minimum tillage and introduction of mustard and Horsegram as cover crop),"Low agricultural productivity due to poor soil fertility, susceptibility to water erosion and climate change",India,South Asia,2,Regional Research & Technology Transfer station - Orissa University of Agriculture and Technology,Asia,LMIC,20.848717,85.575169,No,"Conservation agriculture production systems(CAPSs) are defined instead: ""defined as integrated production systems consisting of minimum soil disturbance,appropriate crop rotation or intercropping, and continuous organic soil cover (Roul etal., 2015).""",Experiment (research station),Researcher-led,Researcher-led,Intercropping-cereal-legume,Intercrop,1,0,0,Row,Conventional tilling + reduced tilling + Mustard + Horsegram,Tillage practices,,Grain / Cowpea + Horse Gram,Maize,Multiple,0,1,0,0,0,0,0,0,0,0,Horse gram (but used as a subsequent monocrop covercrop post rainy season),Mustard as cover crop,"Maize 140:87:35, Maize+Cowpea 145:130:15, Mustard  70:43:43 , Horsegram 9:87:43",Synthetic - below threshold,rainfed,62.5447485,1.625447485,1.625447485,NA,NA,NA,NA,NA,58.0953085,1.580953085,2.212667591,NA,NA,0.949238579,Win-Win,NA,NA,NA,NA,NA,NA,"The sensitivity analysis showed that shifting to intercropping and using mustard as a cover crop both met the recommended minimum rate of return(80%), even under an  increase in labor costs of 33–40% . The marginal net benefits of horse gram were close to 80% under these scenarios.","Higher value of cowpea in the market & higher yields-- Adding
mustard as a cover crop had a higher marginal net benefit
(228%) than horsegram (128%).This was primarily due to the
higher economic yield of mustard ; the increased cost was almost
the same.We observed that such attractive marginal rates of 
return will help in popularizing conservation agriculture among
smallholder farmers as monetary gains act as a prime driver
for adoption.",NA,Higher maize yields (greater than national average) might be attributed to favorable rainfall distribution pattern and soil fertility of the site coupled with the use of an improved maize variety and application of recommended agronomic practices.,NA,Cowpea & Horsegram have higher value in the market (1.5-2.0 times that of maize),NA,NA,"Fig5-effect of CAPS on MEY Kgha-1, Table3_effect of CAPS on MEY",,2,2,2,2,2,2,12
180,388,"Mishra M.M., Mohanty M., Gulati J.M.L., Nanda S.S.",2013,"Evaluation of various rice (Oryza sativa) based crop sequences for enhanced productivity, profitability and energy efficiency in eastern plateau and hills zone of India","Mishra, M. M., Mohanty, M., Gulati, J. M. L., & Nanda, S. S. (2013). Evaluation of various rice (Oryza sativa) based crop sequences for enhanced productivity, profitability and energy efficiency in eastern plateau and hills zone of India. Indian Journal of Agricultural Sciences, 83(12), 1279-1284.",Plot,Quantitative,Experiment (on farm),E/M,2004-2008,4,10,4,6,5,1, 2-4, 5-10,Yes,Yes,"Over-exploitation of agriculture, soil and land degradation",India,South Asia,2,"Regional Research Station, Chiplima, Sambalpur",Asia,LMIC,21.374772,83.893241,No,,Experiment (on farm),Researcher-led,Researcher-led,Rotation,Rotation,1,0,0,Rotation,Existing farmers' practices,Existing farmers' practices,,Grain + Non-Grain / Mungbean,Rice-groundnut,Mungbean,0,0,0,0,1,0,0,0,0,0,0,,"80-40-40, 20-40-40, 20-40-40",Synthetic - below threshold,rainfed,23.24204293,1.232420429,1.232420429,NA,NA,NA,NA,NA,2.917921938,1.029179219,1.218380993,NA,0.839977446,NA,Win-Mix,NA,NA,NA,NA,NA,NA,NA,NA,NA,NA,NA,NA,NA,,"Tables 1 (yiels, income) T2 (NUE, LUE), T4 (EUE) ",,2,2,2,2,2,2,12
181,388,"Mishra M.M., Mohanty M., Gulati J.M.L., Nanda S.S.",2013,"Evaluation of various rice (Oryza sativa) based crop sequences for enhanced productivity, profitability and energy efficiency in eastern plateau and hills zone of India","Mishra, M. M., Mohanty, M., Gulati, J. M. L., & Nanda, S. S. (2013). Evaluation of various rice (Oryza sativa) based crop sequences for enhanced productivity, profitability and energy efficiency in eastern plateau and hills zone of India. Indian Journal of Agricultural Sciences, 83(12), 1279-1284.",Plot,Quantitative,Experiment (on farm),E/M,2004-2008,4,10,4,6,5,1, 2-4, 5-10,Yes,Yes,,India,South Asia,2,"Regional Research Station, Chiplima, Sambalpur",Asia,LMIC,21.374772,83.893241,No,,Experiment (on farm),Researcher-led,Researcher-led,Rotation,Rotation,1,0,0,Rotation,Existing farmers' practices,Existing farmers' practices,,Grain + Non-Grain / Cowpea,Rice-groundnut,Cowpea,0,1,0,0,0,0,0,0,0,0,0,,"80-40-40, 20-40-40, 25-50-50",Synthetic - below threshold,rainfed,14.28571429,1.142857143,1.142857143,NA,NA,NA,NA,NA,-9.697978847,0.903020212,1.013088633,NA,0.79295179,NA,Mix-Mix,NA,NA,NA,NA,NA,NA,NA,NA,NA,NA,NA,NA,NA,,"Tables 1 (yiels, income) T2 (NUE, LUE), T4 (EUE) ",,2,2,2,2,2,2,12
254,477,"Pradhan A., Chan C., Roul P.K., Halbrendt J., Sipes B.",2018,Potential of conservation agriculture (CA) for climate change adaptation and food security under rainfed uplands of India: A transdisciplinary approach,"Pradhan, A., Chan, C., Roul, P. K., Halbrendt, J., & Sipes, B. (2018). Potential of conservation agriculture (CA) for climate change adaptation and food security under rainfed uplands of India: A transdisciplinary approach. Agricultural Systems, 163, 27-35. doi:10.1016/j.agsy.2017.01.002",Village,Quantitative + survey,Experiment (on farm),RC,2011-2014,3,5,2,3,46,2, 2-4, 11-100,No (also including minimum tillage and introduction of mustard as cover crop),No (also including minimum tillage and introduction of mustard as cover crop),"unpredictable patterns of rainfall, food insecurity, adherence to traditional farm practices, poverty, soil degradation",India,South Asia,2,Talachampei & Tentuli villages (Keonjhar district In odisha State),Asia,LMIC,21.639709,85.565213,Yes,"""ability to simultaneously increase yield, diversify crop production and improve soil quality, to meet future household income and nutritional needs amidst climate variability""",Experiment (on farm),Farmer-led,Farmer-led,Intercropping-cereal-legume,Intercrop,1,0,0,Row,Conventional tilling + reduced tilling + Mustard,Tillage practices,,Grain / Cowpea,Maize,Cowpea,0,1,0,0,0,0,0,0,0,0,0,Mustard as cover crop,"Maize 80:40:40, Cowpea 20:40:20, Mustard 40:20:20",Synthetic - below threshold,rainfed,44.9240551,1.449240551,1.449240551,NA,NA,NA,NA,NA,35.76494428,1.357649443,1.357649443,NA,NA,NA,Win-Win,YES,Farmers' preference changed from conventional tillage+maize+cowpea to reduced tillage+maize+cowpea. Farmers now prioritise improved quality of soil over profit. Yield was still important.,NO,NA,NA,NA,NA,Higher value of cowpea in the market,Adherence to traditional practices (conventional tilling and not cultivar maize),"Reduced tillage, diversified cropping system through maize + cowpea coupled with residue retention of mustard helps in optimizing resource use efficiency and maximize productivity of traditional smallholder farming systems",NA,"Increased profitability of CA intensification combined with the fact that Cowpea has higher value in the market, therefore cowpea was preferred by farmers. Government programs have subsequently
 provided input support for scaling up to other farmers in the area, like fertilizer subsidy program, soil health card which support the affordability of fertilizers as well as their balanced application in an integrated manner",NA,All Conservation agriculture treatments (CA) showed increased productivity over farmers practice. This might be sue to higher productivity of improved cultivar along with optimum plant population due to line sowing and recommended dose of fertiliser application in CA treatments,"Fig 1-MEY Kgha-1: Fig 3-effect of treatments on soil quality, Table 5-budget analysis, Table 4 labor (ha-1)",,2,2,2,2,2,2,12
281,529,"Sarkar R.K., Chakraborty A.",2000,Biological feasibility and economic viability of intercropping pulse and oilseed crops with sesame (Sesamum indicum) under different planting patterns in rice-fallow gangetic alluvial land,"Sarkar, R. K., & Chakraborty, A. (2000). Biological feasibility and economic viability of intercropping pulse and oilseed crops with sesame (Sesamum indicum) under different planting patterns in rice-fallow gangetic alluvial land. Indian Journal of Agricultural Sciences, 70(4), 211-214.",Plot,Quantitative,Experiment (research station),E/M,1996-1997,2,14,9,5,3,1, 2-4, 3-4,Yes,Yes,,India,South Asia,2,Baruipur,Asia,LMIC,22.366667,88.466667,No,NA,Experiment (research station),Researcher-led,Researcher-led,Intercropping,Intercrop,1,1,0,Row,Different intercrop spacings,Varied spacing/timing,,Non-Grain / Mungbean,Sesame,Mungbean,0,0,0,0,1,0,0,0,0,0,0,,Sesame: 60:16.8 (16.6kg/ha); gram : 20-16-8 (16.6kg/ha); groundnut 20-28-8 (16.6kg/ha),Synthetic - below threshold,rainfed,79.481638,1.79481638,1.79481638,NA,NA,NA,NA,NA,113.4987503,2.134987503,2.134987503,NA,NA,NA,Win-Win,NA,NA,NA,NA,NA,NA,NA,NA,NA,NA,NA,NA,NA,NA,See SuppCalc sheet (Table 2),NA,2,2,2,2,2,2,12
282,529,"Sarkar R.K., Chakraborty A.",2000,Biological feasibility and economic viability of intercropping pulse and oilseed crops with sesame (Sesamum indicum) under different planting patterns in rice-fallow gangetic alluvial land,"Sarkar, R. K., & Chakraborty, A. (2000). Biological feasibility and economic viability of intercropping pulse and oilseed crops with sesame (Sesamum indicum) under different planting patterns in rice-fallow gangetic alluvial land. Indian Journal of Agricultural Sciences, 70(4), 211-214.",Plot,Quantitative,Experiment (research station),E/M,1996-1997,2,14,9,5,3,1, 2-4, 3-4,Yes,Yes,,India,South Asia,2,Baruipur,Asia,LMIC,22.366667,88.466667,No,NA,Experiment (research station),Researcher-led,Researcher-led,Intercropping,Intercrop,1,1,0,Row,Different intercrop spacings,Varied spacing/timing,,Non-Grain / Black gram,Sesame,Mungbean/Black gram,0,0,0,0,0,0,0,0,0,0,Black gram,Black gram,Sesame: 60:16.8 (16.6kg/ha); gram : 20-16-8 (16.6kg/ha); groundnut 20-28-8 (16.6kg/ha),Synthetic - below threshold,rainfed,72.745847,1.72745847,1.72745847,NA,NA,NA,NA,NA,84.6682889,1.846682889,1.846682889,NA,NA,NA,Win-Win,NA,NA,NA,NA,NA,NA,NA,NA,NA,NA,NA,NA,NA,NA,See SuppCalc sheet (Table 2),NA,2,2,2,2,2,2,12
283,529,"Sarkar R.K., Chakraborty A.",2000,Biological feasibility and economic viability of intercropping pulse and oilseed crops with sesame (Sesamum indicum) under different planting patterns in rice-fallow gangetic alluvial land,"Sarkar, R. K., & Chakraborty, A. (2000). Biological feasibility and economic viability of intercropping pulse and oilseed crops with sesame (Sesamum indicum) under different planting patterns in rice-fallow gangetic alluvial land. Indian Journal of Agricultural Sciences, 70(4), 211-214.",Plot,Quantitative,Experiment (research station),E/M,1996-1997,2,14,9,5,3,1, 2-4, 3-4,Yes,Yes,,India,South Asia,2,Baruipur,Asia,LMIC,22.366667,88.466667,No,NA,Experiment (research station),Researcher-led,Researcher-led,Intercropping,Intercrop,1,1,0,Row,Different intercrop spacings,Varied spacing/timing,,Non-Grain / Groundnut,Sesame,Groundnut,0,0,1,0,0,0,0,0,0,0,0,,Sesame: 60:16.8 (16.6kg/ha); gram : 20-16-8 (16.6kg/ha); groundnut 20-28-8 (16.6kg/ha),Synthetic - below threshold,rainfed,51.869078,1.51869078,1.51869078,NA,NA,NA,NA,NA,30.7143803,1.307143803,1.307143803,NA,NA,NA,Win-Win,NA,NA,NA,NA,NA,NA,NA,NA,NA,NA,NA,NA,NA,NA,See SuppCalc sheet (Table 2),NA,2,2,2,2,2,2,12
284,530,"Sarkar R.K., Chakraborty A., Bala B.",1998,Biological potential and economic feasibility of intercropping of sunflower (Helianthus annuus) with pulses and oilseeds under different planting patterns on rice fallow land,"Sarkar, R. K., Chakraborty, A., & Bala, B. (1998). Biological potential and economic feasibility of intercropping of sunflower (Helianthus annuus) with pulses and oilseeds under different planting patterns on rice fallow land. Indian Journal of Agronomy, 43(4), 601-605.",Plot,Quantitative,Experiment (research station),E/M,1995-1996,2,14,8,6,3,1, 2-4, 3-4,Yes,Yes,,India,South Asia,2,Baruipur,Asia,LMIC,22.366667,88.466667,No,NA,Experiment (research station),Researcher-led,Researcher-led,Intercropping,Intercrop,1,1,0,Row,Different intercrop spacings,Varied spacing/timing,,Grain / Mungbean,Sunflower,Mungbean,0,0,0,0,1,0,0,0,0,0,0,Sesame,60-40-40 (sunflower); 20-40-20 (gram); 30-60-30 (groundnut),Synthetic - below threshold,rainfed,46.98382,1.4698382,1.4698382,NA,NA,NA,NA,NA,95.128917,1.95128917,1.95128917,NA,NA,NA,Win-Win,NA,NA,NA,NA,NA,NA,NA,NA,NA,Row spacing of intercrops,NA,Legume choice (market value),NA,NA,See SuppCalc sheet (Tables 1 and 2),,2,2,2,2,2,2,12
285,530,"Sarkar R.K., Chakraborty A., Bala B.",1998,Biological potential and economic feasibility of intercropping of sunflower (Helianthus annuus) with pulses and oilseeds under different planting patterns on rice fallow land,"Sarkar, R. K., Chakraborty, A., & Bala, B. (1998). Biological potential and economic feasibility of intercropping of sunflower (Helianthus annuus) with pulses and oilseeds under different planting patterns on rice fallow land. Indian Journal of Agronomy, 43(4), 601-605.",Plot,Quantitative,Experiment (research station),E/M,1995-1996,2,14,8,6,3,1, 2-4, 3-4,Yes,Yes,,India,South Asia,2,Baruipur,Asia,LMIC,22.366667,88.466667,No,NA,Experiment (research station),Researcher-led,Researcher-led,Intercropping,Intercrop,1,1,0,Row,Different intercrop spacings,Varied spacing/timing,,Grain / Black gram,Sunflower,Mungbean/Black gram,0,0,0,0,0,0,0,0,0,0,Black gram,Sesame,60-40-40 (sunflower); 20-40-20 (gram); 30-60-30 (groundnut),Synthetic - below threshold,rainfed,41.27647,1.4127647,1.4127647,NA,NA,NA,NA,NA,84.1477253,1.841477253,1.841477253,NA,NA,NA,Win-Win,NA,NA,NA,NA,NA,NA,NA,NA,NA,Row spacing of intercrops,NA,Legume choice (market value),NA,NA,See SuppCalc sheet (Tables 1 and 2),,2,2,2,2,2,2,12
286,530,"Sarkar R.K., Chakraborty A., Bala B.",1998,Biological potential and economic feasibility of intercropping of sunflower (Helianthus annuus) with pulses and oilseeds under different planting patterns on rice fallow land,"Sarkar, R. K., Chakraborty, A., & Bala, B. (1998). Biological potential and economic feasibility of intercropping of sunflower (Helianthus annuus) with pulses and oilseeds under different planting patterns on rice fallow land. Indian Journal of Agronomy, 43(4), 601-605.",Plot,Quantitative,Experiment (research station),E/M,1995-1996,2,14,8,6,3,1, 2-4, 3-4,Yes,Yes,,India,South Asia,2,Baruipur,Asia,LMIC,22.366667,88.466667,No,NA,Experiment (research station),Researcher-led,Researcher-led,Intercropping,Intercrop,1,1,0,Row,Different intercrop spacings,Varied spacing/timing,,Grain / Groundnut,Sunflower,Groundnut,0,0,1,0,0,0,0,0,0,0,0,Sesame,60-40-40 (sunflower); 20-40-20 (gram); 30-60-30 (groundnut),Synthetic - below threshold,rainfed,115.94388,2.1594388,2.1594388,NA,NA,NA,NA,NA,123.108687,2.23108687,2.23108687,NA,NA,NA,Win-Win,NA,NA,NA,NA,NA,NA,NA,NA,NA,Row spacing of intercrops,NA,Legume choice (market value),NA,NA,See SuppCalc sheet (Tables 1 and 2),,2,2,2,2,2,2,12
287,528,"Sarkar R.K., Sanyal S.R.",2000,Production potential and economic feasibility of sesame (Sesamum indicum)-based intercropping system with pulse and oilseed crops on rice fallow land,"Sarkar, R. K., & Sanyal, S. R. (2000). Production potential and economic feasibility of sesame (Sesamum indicum)-based intercropping system with pulse and oilseed crops on rice fallow land. Indian Journal of Agronomy, 45(3), 545-550.",Plot,Quantitative,Experiment (research station),E/M,1997-1998,2,13,6,7,3,1, 2-4, 3-4,Yes,Yes,,India,South Asia,2,Baruipur,Asia,LMIC,22.366667,88.466667,No,NA,Experiment (research station),Researcher-led,Researcher-led,Intercropping,Intercrop,1,0,0,Row,Existing farmers' practices,Existing farmers' practices,,Non-Grain / Mungbean,Sesame,Mungbean,0,0,0,0,1,0,0,0,0,0,0,Sunflower,60-40-40 (sesame); 20-40-20 (gram); 30-60-30 (groundnut),Synthetic - below threshold,rainfed,9.398496,1.09398496,1.09398496,NA,NA,NA,NA,NA,2.9748284,1.029748284,1.029748284,NA,NA,NA,Win-Win,NA,NA,NA,NA,NA,NA,NA,NA,Higher cost of cultivation of legume intercrops compared with sesame-only system,"Low rainfall during reproductive phase of crops: ""the yield levels of different crops were comparatively low due to insufficient rainfall during reproductive phase of crops and thus gave low yield""","Low rainfall during reproductive phase of crops: ""the yield levels of different crops were comparatively low due to insufficient rainfall during reproductive phase of crops and thus gave low yield""",Monetary value (market price) of legumes,Higher cost of cultivation of legume intercrops compared with sesame-only system,,See SuppCalc sheet ,,2,2,2,2,2,2,12
288,528,"Sarkar R.K., Sanyal S.R.",2000,Production potential and economic feasibility of sesame (Sesamum indicum)-based intercropping system with pulse and oilseed crops on rice fallow land,"Sarkar, R. K., & Sanyal, S. R. (2000). Production potential and economic feasibility of sesame (Sesamum indicum)-based intercropping system with pulse and oilseed crops on rice fallow land. Indian Journal of Agronomy, 45(3), 545-550.",Plot,Quantitative,Experiment (research station),E/M,1997-1998,2,13,6,7,3,1, 2-4, 3-4,Yes,Yes,,India,South Asia,2,Baruipur,Asia,LMIC,22.366667,88.466667,No,NA,Experiment (research station),Researcher-led,Researcher-led,Intercropping,Intercrop,1,0,0,Row,Existing farmers' practices,Existing farmers' practices,,Non-Grain / Black gram,Sesame,Mungbean/Black gram,0,0,0,0,0,0,0,0,0,0,Black gram,Sunflower,60-40-40 (sesame); 20-40-20 (gram); 30-60-30 (groundnut),Synthetic - below threshold,rainfed,2.030075,1.02030075,1.02030075,NA,NA,NA,NA,NA,-12.9748284,0.870251716,0.870251716,NA,NA,NA,Win-Mix,NA,NA,NA,NA,NA,NA,NA,NA,Higher cost of cultivation of legume intercrops compared with sesame-only system,"Low rainfall during reproductive phase of crops: ""the yield levels of different crops were comparatively low due to insufficient rainfall during reproductive phase of crops and thus gave low yield""","Low rainfall during reproductive phase of crops: ""the yield levels of different crops were comparatively low due to insufficient rainfall during reproductive phase of crops and thus gave low yield""",Monetary value (market price) of legumes,Higher cost of cultivation of legume intercrops compared with sesame-only system,,See SuppCalc sheet ,,2,2,2,2,2,2,12
289,528,"Sarkar R.K., Sanyal S.R.",2000,Production potential and economic feasibility of sesame (Sesamum indicum)-based intercropping system with pulse and oilseed crops on rice fallow land,"Sarkar, R. K., & Sanyal, S. R. (2000). Production potential and economic feasibility of sesame (Sesamum indicum)-based intercropping system with pulse and oilseed crops on rice fallow land. Indian Journal of Agronomy, 45(3), 545-550.",Plot,Quantitative,Experiment (research station),E/M,1997-1998,2,13,6,7,3,1, 2-4, 3-4,Yes,Yes,,India,South Asia,2,Baruipur,Asia,LMIC,22.366667,88.466667,No,NA,Experiment (research station),Researcher-led,Researcher-led,Intercropping,Intercrop,1,0,0,Row,Existing farmers' practices,Existing farmers' practices,,Non-Grain / Groundnut,Sesame,Groundnut,0,0,1,0,0,0,0,0,0,0,0,Sunflower,60-40-40 (sesame); 20-40-20 (gram); 30-60-30 (groundnut),Synthetic - below threshold,rainfed,35.413534,1.35413534,1.35413534,NA,NA,NA,NA,NA,10.9038902,1.109038902,1.109038902,NA,NA,NA,Win-Win,NA,NA,NA,NA,NA,NA,NA,NA,Higher cost of cultivation of legume intercrops compared with sesame-only system,"Low rainfall during reproductive phase of crops: ""the yield levels of different crops were comparatively low due to insufficient rainfall during reproductive phase of crops and thus gave low yield""; Spacing did not affect growth: ""Sesame + groundnut association irrespective of spatial arrangement proved most productive pro6ably because groundnut utilizes early season resources efficiently and has the capacity to make effifient use of low light levels ""","Low rainfall during reproductive phase of crops: ""the yield levels of different crops were comparatively low due to insufficient rainfall during reproductive phase of crops and thus gave low yield""; Spacing did not affect growth: ""Sesame + groundnut association irrespective of spatial arrangement proved most productive pro6ably because groundnut utilizes early season resources efficiently and has the capacity to make effifient use of low light levels """,Monetary value (market price) of legumes,Higher cost of cultivation of legume intercrops compared with sesame-only system,,See SuppCalc sheet ,,2,2,2,2,2,2,12
71,128,"Das R., Dhara P.K., Mandal A.R., Ray S.K.D.",2014,Agri-silvi-fruit-vegetable based agro-production system - Suitable models for sustainable land use and conservation in red-laterite and semi-arid tracks,"Das, R., Dhara, P. K., Mandal, A. R., & Ray, S. K. D. (2014). Agri-silvi-fruit-vegetable based agro-production system - Suitable models for sustainable land use and conservation in red-laterite and semi-arid tracks. Ecology, Environment and Conservation, 20, S7-S13.",Plot,Quantitative,Experiment (on farm),E/M,2011-2013,3,7,1,6,1,1, 2-4, 1-2,Yes,Yes,"Extreme weather (monsoons), land degradation",India,South Asia,2,"Regional Research Station (Red & Laterite Zone), Bidhan Chandra Krishi Viswavidyalaya, Jhargram, West Bengal",Asia,LMIC,22.45677695,87.0103222,No,,Experiment (on farm),Farmer-led,Farmer-led,Intercropping: Vegetable-legume,Intercrop,1,0,0,Row,Existing farmers' practices,Existing farmers' practices,,Non-Grain / Pigeonpea,Gamhar + Mango,Pigeonpea,0,0,0,0,0,1,0,0,0,0,0,,No synthetic,No synthetic,rainfed,127.55102,2.2755102,2.2755102,NA,NA,NA,NA,NA,332.1428571,4.321428571,4.321428571,NA,NA,NA,Win-Win,NA,NA,NA,NA,NA,NA,NA,NA,NA,NA,NA,NA,NA,"""immediate need for development of agriculture in rainfed areas together with trees like gamhar, fruit crops like mango, different crops like pulses, oilseed crops and vegetable crops like okra and bottle gourd for attaining maximum and sustainable gross monetary returns under erosion prone areas of West Bengal, India for marginal and resource-poor farmers""",NA,,0,2,2,1,2,2,9
72,128,"Das R., Dhara P.K., Mandal A.R., Ray S.K.D.",2014,Agri-silvi-fruit-vegetable based agro-production system - Suitable models for sustainable land use and conservation in red-laterite and semi-arid tracks,"Das, R., Dhara, P. K., Mandal, A. R., & Ray, S. K. D. (2014). Agri-silvi-fruit-vegetable based agro-production system - Suitable models for sustainable land use and conservation in red-laterite and semi-arid tracks. Ecology, Environment and Conservation, 20, S7-S13.",Plot,Quantitative,Experiment (on farm),E/M,2011-2013,3,7,1,6,1,1, 2-4, 1-2,Yes,Yes,"Extreme weather (monsoons), land degradation",India,South Asia,2,"Regional Research Station (Red & Laterite Zone), Bidhan Chandra Krishi Viswavidyalaya, Jhargram, West Bengal",Asia,LMIC,22.45677695,87.0103222,No,,Experiment (on farm),Farmer-led,Farmer-led,Intercropping: Vegetable-legume,Intercrop,1,0,0,Row,Existing farmers' practices,Existing farmers' practices,,Non-Grain / Groundnut,Gamhar + Mango,Groundnut,0,0,1,0,0,0,0,0,0,0,0,Mustard,No synthetic,No synthetic,rainfed,163.265306,2.63265306,2.63265306,NA,NA,NA,NA,NA,422.7678571,5.227678571,5.227678571,NA,NA,NA,Win-Win,NA,NA,NA,NA,NA,NA,NA,NA,NA,NA,NA,NA,NA,"""immediate need for development of agriculture in rainfed areas together with trees like gamhar, fruit crops like mango, different crops like pulses, oilseed crops and vegetable crops like okra and bottle gourd for attaining maximum and sustainable gross monetary returns under erosion prone areas of West Bengal, India for marginal and resource-poor farmers""",NA,,0,2,0,1,2,2,7
337,727,"Suhi AA, Mia S, Khanam S, et al",2022,How Does Maize-Cowpea Intercropping Maximize Land Use and Economic Return? A Field Trial in Bangladesh,"Suhi, A. A., Mia, S., Khanam, S., Mithu, M. H., Uddin, M. K., Muktadir, M. A., . . . Jindo, K. (2022). How Does Maize-Cowpea Intercropping Maximize Land Use and Economic Return? A Field Trial in Bangladesh. Land, 11(4), 18. doi:10.3390/land11040581",Plot,Quantitative,Experiment (research station),E/M,2018-2019,1,6,4,2,3,1,1, 3-4,Yes (but also studying different spacing & sowing times),Yes (but also studying different spacing & sowing times),"Crop diversification supporting soil fertility, eater use efficiency, pest control, crop resilience, , soil heatlh, stable yield, production, profit.",Bangladesh,South Asia,2,Research Field of Patuakhali Science and Technology University in Dumki,Asia,LMIC,22.464425,90.387247,No,NA,Experiment (research station),Researcher-led,Researcher-led,Intercropping:Maize-cowpea,Intercrop,1,0,0,NA,different spacing & sowing times,Varied spacing/timing,,Grain / Cowpea,Maize,Cowpea,0,1,0,0,0,0,0,0,0,0,0,0,120-60-40,Synthetic - below threshold,irrigation,-6.315396114,0.936846039,0.936846039,NA,NA,NA,NA,NA,12.45959381,1.124595938,1.195874341,1.053317536,NA,NA,Lose-Win,NA,NA,NA,NA,NA,NA,"variable costs where higher for intercropping, however, the net return was higher (when compared aginst sole maize crop)",NA,Low price of cowpea,NA,"intercropping comes with challenges of competition between the crops, therefore it is best to sow maize 3 weeks after cowpea",There is a clear advantage of land utilization (LER),"relatively low monetary contribution of the component crop may not provide a greater
economic benefit",,"table5_yield, LER; table6_economic returns",,2,1,2,2,2,1,10
297,540,Sharma K.C.,2018,Inter/mixed cropping of lentil (Lens culinaris) in late-sown wheat (Triticum aestivum) for higher productivity and profitability of wheat in vertisols of central india,"Sharma, K. C. (2018). Inter/mixed cropping of lentil (Lens culinaris) in late-sown wheat (Triticum aestivum) for higher productivity and profitability of wheat in vertisols of central india. Indian Journal of Agronomy, 63(1), 32-38.",Plot,Quantitative,Experiment (research station),E/M,2012-2014,2,10,8,2,3,1, 2-4, 3-4,Yes,Yes,,India,South Asia,2,"Research Farm of ICAR-Indian Agricultural Research Institute, Regional Station, Indore, Madhya Pradesh",Asia,LMIC,22.616667,75.833333,No,NA,Experiment (research station),Researcher-led,Researcher-led,Intercropping,Intercrop,1,0,0,Mixed,Different intercrop spacings,Varied spacing/timing,,Grain / Lentil,Wheat,Lentil,0,0,0,1,0,0,0,0,0,0,0,,120:26.4:33.2,Synthetic - below threshold,irrigation,-1.364176,0.98635824,0.98635824,NA,NA,NA,NA,NA,-4.02859,0.9597141,0.9597141,NA,NA,NA,Mix-Mix,NA,NA,NA,NA,NA,NA,NA,NA,NA,Intercrop spatial arrangement,,"Market prices: :Different treatments had different yield potential of
 component crops and economic values, and therefore for
 better comparison, the yields of wheat and lentil were converted
 into wheat-equivalent yield (WEY) on the basis of
 prevalent market prices",,,See SuppCalc sheet (Table 4),,2,2,2,2,2,2,12
298,540,Sharma K.C.,2018,Inter/mixed cropping of lentil (Lens culinaris) in late-sown wheat (Triticum aestivum) for higher productivity and profitability of wheat in vertisols of central india,"Sharma, K. C. (2018). Inter/mixed cropping of lentil (Lens culinaris) in late-sown wheat (Triticum aestivum) for higher productivity and profitability of wheat in vertisols of central india. Indian Journal of Agronomy, 63(1), 32-38.",Plot,Quantitative,Experiment (research station),E/M,2012-2014,2,10,8,2,3,1, 2-4, 3-4,Yes,Yes,,India,South Asia,2,"Research Farm of ICAR-Indian Agricultural Research Institute, Regional Station, Indore, Madhya Pradesh",Asia,LMIC,22.616667,75.833333,No,NA,Experiment (research station),Researcher-led,Researcher-led,Intercropping,Intercrop,1,0,0,Row,Different intercrop spacings,Varied spacing/timing,,Grain / Lentil,Wheat,Lentil,0,0,0,1,0,0,0,0,0,0,0,,120:26.4:33.2,Synthetic - below threshold,irrigation,-5.560498,0.94439502,0.94439502,NA,NA,NA,NA,NA,-8.67446,0.9132554,0.9132554,NA,NA,NA,Mix-Mix,NA,NA,NA,NA,NA,NA,NA,NA,NA,Intercrop spatial arrangement,,"Market prices: :Different treatments had different yield potential of
  component crops and economic values, and therefore for
  better comparison, the yields of wheat and lentil were converted
  into wheat-equivalent yield (WEY) on the basis of
  prevalent market prices",,,See SuppCalc sheet (Table 4),,2,2,2,2,2,2,12
73,132,"Dayal D., Mangalassery S., Meena S.L., Ram B.",2015,Productivity and profitability of legumes as influenced by integrated nutrient management with fruit crops under hot arid ecology,"Dayal, D., Mangalassery, S., Meena, S. L., & Ram, B. (2015). Productivity and profitability of legumes as influenced by integrated nutrient management with fruit crops under hot arid ecology. Indian Journal of Agronomy, 60(2), 297-300.",Plot,Quantitative,Experiment (on farm),E/M,2008-2010,3,4,4,0,1,3, 2-4, 3-4,Yes,Yes,,India,South Asia,2,"Central Arid Zone Research Institute, Regional Research Station, Kukma, Bhuj, Gujarat",Asia,LMIC,23.215138,69.792388,No,,Experiment (on farm),Farmer-led,Farmer-led,Intercropping: Fruit-legume,Intercrop,1,0,0,Row,Reduced fertiliser application; seed treatment (biofertiliser- Rhizobium),Fertilizer rates/type,,Non-Grain / Clusterbean,"Pomegranate, Ber/jujube (Ziziphus mauritiana), Aonla/Indian gooseberry (Embelica officinalis)",Other,0,0,0,0,0,0,0,0,0,0,Clusterbean,Clusterbean,20-40-40,Synthetic - below threshold,rainfed,339.333333,4.39333333,4.39333333,NA,NA,NA,NA,NA,450,5.5,5.5,NA,NA,NA,Win-Win,NA,NA,NA,NA,NA,NA,NA,NA,NA,"Soil quality (nutrient addition: ""Different nutrient-management treatments significantly affected the yield of all the 3 legumes"")",NA,NA,NA,NA,NA,,0,2,2,2,2,2,10
74,132,"Dayal D., Mangalassery S., Meena S.L., Ram B.",2015,Productivity and profitability of legumes as influenced by integrated nutrient management with fruit crops under hot arid ecology,"Dayal, D., Mangalassery, S., Meena, S. L., & Ram, B. (2015). Productivity and profitability of legumes as influenced by integrated nutrient management with fruit crops under hot arid ecology. Indian Journal of Agronomy, 60(2), 297-300.",Plot,Quantitative,Experiment (on farm),E/M,2008-2010,3,4,4,0,1,3, 2-4, 3-4,Yes,Yes,,India,South Asia,2,"Central Arid Zone Research Institute, Regional Research Station, Kukma, Bhuj, Gujarat",Asia,LMIC,23.215138,69.792388,No,,Experiment (on farm),Farmer-led,Farmer-led,Intercropping: Fruit-legume,Intercrop,1,0,0,Row,Reduced fertiliser application; seed treatment (biofertiliser- Rhizobium),Fertilizer rates/type,,Non-Grain / Cowpea,"Pomegranate, Ber/jujube (Ziziphus mauritiana), Aonla/Indian gooseberry (Embelica officinalis)",Cowpea,0,1,0,0,0,0,0,0,0,0,0,,20-60-40,Synthetic - below threshold,rainfed,323.666667,4.23666667,4.23666667,NA,NA,NA,NA,NA,300,4,4,NA,NA,NA,Win-Win,NA,NA,NA,NA,NA,NA,NA,NA,NA,"Soil quality (nutrient addition: ""Different nutrient-management treatments significantly affected the yield of all the 3 legumes"")",NA,NA,NA,NA,NA,,0,2,2,2,2,2,10
75,132,"Dayal D., Mangalassery S., Meena S.L., Ram B.",2015,Productivity and profitability of legumes as influenced by integrated nutrient management with fruit crops under hot arid ecology,"Dayal, D., Mangalassery, S., Meena, S. L., & Ram, B. (2015). Productivity and profitability of legumes as influenced by integrated nutrient management with fruit crops under hot arid ecology. Indian Journal of Agronomy, 60(2), 297-300.",Plot,Quantitative,Experiment (on farm),E/M,2008-2010,3,4,4,0,1,3, 2-4, 3-4,Yes,Yes,,India,South Asia,2,"Central Arid Zone Research Institute, Regional Research Station, Kukma, Bhuj, Gujarat",Asia,LMIC,23.215138,69.792388,No,,Experiment (on farm),Farmer-led,Farmer-led,Intercropping: Fruit-legume,Intercrop,1,0,0,Row,Reduced fertiliser application; seed treatment (biofertiliser- Rhizobium),Fertilizer rates/type,,Non-Grain / Mothpea,"Pomegranate, Ber/jujube (Ziziphus mauritiana), Aonla/Indian gooseberry (Embelica officinalis)",Other,0,0,0,0,0,0,0,0,0,0,Mothpea,Mothpea,18-40-40,Synthetic - below threshold,rainfed,221.666667,3.21666667,3.21666667,NA,NA,NA,NA,NA,260,3.6,3.6,NA,NA,NA,Win-Win,NA,NA,NA,NA,NA,NA,NA,NA,NA,"Soil quality (nutrient addition: ""Different nutrient-management treatments significantly affected the yield of all the 3 legumes"")",NA,NA,NA,NA,NA,,0,2,2,2,2,2,10
13,18,"Alam M.M., Ladha J.K., Faisal M.W., Sharma S., Saha A., Noor S., Rahman M.A.",2015,Improvement of cereal-based cropping systems following the principles of conservation agriculture under changing agricultural scenarios in Bangladesh,"Alam, M. M., Ladha, J. K., Faisal, M. W., Sharma, S., Saha, A., Noor, S., & Rahman, M. A. (2015). Improvement of cereal-based cropping systems following the principles of conservation agriculture under changing agricultural scenarios in Bangladesh. Field Crops Research, 175, 1-15. doi:10.1016/j.fcr.2014.12.015",Plot,Quantitative,Experiment (research station),E/M,2009-2012,3,4,1,3,10,1, 2-4, 5-10,Yes,Yes,"Population increase, demand for food, land scarcity: ""Need for diversification and increased cereal production and farmers’ income in the face of increasing scarcity of labor, water, and energy and soil degradation""",Bangladesh,South Asia,2,Gazipur,Asia,LMIC,23.983611,90.402778,No,,Experiment (research station),Researcher-led,Researcher-led,Rotation,Rotation,1,0,1,Rotation,Conservation agriculture (reduced tillage),Tillage practices,,Grain / Mungbean,Rice,Mungbean,0,0,0,0,1,0,0,0,0,0,0,"Potato, Maize (mungbean was only planted in 2011-2012. For 2009-2010 and 2010-2011 the crop rotation was potato-maize-rice)",117–32–127,Synthetic - below threshold,irrigation,81.17647,1.8117647,1.8117647,NA,NA,NA,NA,NA,45.7,1.457,1.457,NA,NA,NA,Win-Mix,NA,NA,NA,NA,NA,NA,NA,NA,uncertain rainfall,NA,NA,rainfall fluctuation- legumes shorter-duration crop can be squeezed in between extreme rainfall events,NA,mungbean was only planted in 2011-2012. For 2009-2010 and 2010-2011 the crop rotation was potato-maize-rice (see Table 2).,Compared scenario 4 with scenario 1,,2,2,2,2,2,2,12
32,56,"Banjara T.R., Bohra J.S., Kumar S., Singh T., Shori A., Prajapat K.",2021,Sustainable alternative crop rotations to the irrigated rice-wheat cropping system of Indo-Gangetic plains of India,"Banjara, T. R., Bohra, J. S., Kumar, S., Singh, T., Shori, A., & Prajapat, K. (2021). Sustainable alternative crop rotations to the irrigated rice-wheat cropping system of Indo-Gangetic plains of India. Archives of Agronomy and Soil Science. doi:10.1080/03650340.2021.1912324",Plot,Quantitative (household surveys),Experiment (research station),RC,2016-2018,2,10,2,8,1,1, 2-4, 1-2,Yes,Yes,Environmental degradation,India,South Asia,2,"Agricultural Research Farm, Institute of Agricultural Sciences, Banaras Hindu University, Varanasi",Asia,LMIC,25.264155,82.993523,No,,Experiment (research station),Researcher-led,Researcher-led,Rotation,Rotation,1,0,0,Rotation,Existing farmers' practices,Existing farmers' practices,,Grain / Mungbean,Rice,Mungbean,0,0,0,0,1,0,0,0,0,0,0,"Wheat, Potato, Cowpea (fodder), mustard, potato",48-21-38,Synthetic - below threshold,irrigation,89.49825,1.8949825,1.8949825,NA,NA,NA,NA,NA,80.2556818,1.802556818,1.802556818,NA,NA,NA,Mix-Win,NA,NA,NA,NA,NA,NA,Yes (high cultivation cost due to more laborers vs high gross/net returns),Variable weather,NA,irrigation; soil quality (improvement in soil available N due to the inclusion of legume crops in sequences),rainfall fluctuation,NA,NA,,NA,,0,2,2,2,2,2,10
341,609,"Telkar S.G., Singh A.K.",2018,"Productivity, profitability and soil biochemical properties in maize (Zea mays) and soybean (Glycine max) intercropping as influenced by population proportion of component crops","Telkar, S. G., & Singh, A. K. (2018). Productivity, profitability and soil biochemical properties in maize (Zea mays) and soybean (Glycine max) intercropping as influenced by population proportion of component crops. Indian Journal of Agricultural Sciences, 88(3), 458-462.",Plot,Quantitative,Experiment (research station),E/M ,2016,1,8,6,2,3,1,1, 3-4,Yes,Yes,,India,South Asia,2,"experimental farm of College of Post Graduate Studies, CAU, Umiam, Meghalaya",Asia,LMIC,25.68185812,91.91192532,No,NA,Experiment (research station),Researcher-led,Researcher-led,Intercropping,Intercrop,1,1,0,Row,Different intercrop spacings,Varied spacing/timing,,Grain / Soybean,Maize,Soybean,0,0,0,0,0,0,0,0,1,0,0,,80-60-40,Synthetic - below threshold,rainfed,-3.044872,0.96955128,0.96955128,NA,NA,NA,NA,NA,19.381839,1.19381839,1.19381839,NA,NA,NA,Mix-Mix,NA,NA,NA,NA,NA,NA,NA,NA,NA,Spatial arrangement of intercrops: 1:1R,NA,"Market price of legume - high compared with cereal: ""minimum support price""","Cost of cultivation: ""result of additional input and laborer’s requirement for intercrop soybean in addition to maize crop accompanied with much higher costs of legume seeds than maize seeds""",,See SuppCalc Sheet (Tables 2 and 3),,2,1,2,1,2,2,10
317,574,"Singh S.P., Lal S.S.",2013,Evaluation of different cropping systems for their productivity and sustainability in Madhya Pradesh,"Singh, S. P., & Lal, S. S. (2013). Evaluation of different cropping systems for their productivity and sustainability in Madhya Pradesh. Potato Journal, 40(2), 149-154.",Plot,Quantitative,Experiment (research station),E/M,2007-2010,3,9,1,8,4,1, 2-4, 3-4,Yes,Yes,,India,South Asia,2,"Central Potato Research Station, Gwalior",Asia,LMIC,26.276232,78.220705,No,NA,Experiment (research station),Researcher-led,Researcher-led,Rotation,Rotation,1,0,0,Rotation,Existing farmers' practices,Existing farmers' practices,,Non-Grain / Mungbean,Potato,Mungbean,0,0,0,0,1,0,0,0,0,0,0,"Pearl millet, wheat, mustard, sesame","150:26.2:83.3 (Potato); 20,26.2,:16.7 kg (greengram)",Synthetic - below threshold,irrigation,26.37540453,1.263754045,1.263754045,NA,NA,NA,NA,NA,23.5902299,1.235902299,1.235902299,NA,NA,NA,Win-Win,NA,NA,NA,NA,NA,NA,NA,NA,NA,NA,NA,NA,NA,,Tables 1-3 (compare potato/greengram with potato/fallow),,2,2,2,2,2,2,12
257,489,"Rajput R.L., Kushwaha B.B.",2021,Yield analysis of chickpea (Cicer arietinum) with mustard (brassaca juncea) intercropping system as influenced by weed management practices,"Rajput, R. L., & Kushwaha, B. B. (2020). Yield Analysis of Chickpea (Cicer arietinum) with Mustard (Brassaca juncea) Intercropping System as Influenced by Weed Management Practices. Legume Research - an International Journal, 44(Of), 94-97. doi:10.18805/lr-3842",Plot,Quantitative,Experiment (research station),E/M,2011-2013,3,3,1,2,3,1, 2-4, 3-4,No (also including weed management practices),No (also including weed management practices),Multicropping identified as beneficial to weed control,India,South Asia,2,College of Agriculture Farm Gwalior (Madhya Pradesh),Asia,LMIC,26.283565,78.189694,No,NA,Experiment (research station),Researcher-led,Researcher-led,Intercropping-Mustard-legume,Intercrop,1,0,0,Row,Weed management practices,Weed/pest management,,Non-Grain / Chickpea,Mustard,Chickpea,1,0,0,0,0,0,0,0,0,0,0,NA,Chickpea (18 kg/ha of nitrogen and 46 kg/ha of P2O5 were applied with equal distribution to both the crops through 100 kg /ha diammonium phosphate as basal application at the time of sowing in rows below the seed) ,Synthetic - below threshold,rainfed,34.70546487,1.347054649,1.347054649,NA,NA,NA,NA,NA,85.36903039,1.853690304,1.853690304,NA,NA,NA,Win-Win,NA,NA,NA,NA,NA,NA,NA,Increased benefit/cost ratio,NA,"The highest value of land use efficiency was achieved under
intercropping system than their respective sole crops stands.
This could be attributed to the increased light interception,
reduced water evaporation that improved conservation of
the soil moisture in intercropping treatment compared to sole
cropping. + Production efficiency calculated on chickpea equivalent yield
basis indicated that highest value of production efficiency
(8.88) was recorded in intercropping system as compared
to sole chickpea and mustard during both the years. This
can be ascribed to better utilization of resources by the
component crops in an intercropping combination
accompanied with discouraged weed population and weed
dry matter due to smothering effect of the crops which might
have provided an advantage in the production of component
crops in totality as compared to sole chickpea and mustard.","Initial slow growth of the crops and adequate soil
moisture provide conducive conditions for profuse growth
of weeds relatively in wide-spaced crops. (not intercropping)","The highest net return (Rs 25618)
obtained under intercropping system over sole chickpea
and mustard treatment might be owing to the highest
chickpea equivalent yields acquired in this treatment.",NA,"Chickpea + mustard intercropping system proved to be the most promising
system which obtained more net returns and benefit: cost
ratio.",Table1. effect of chickpea + mustard yield & net returns,,2,2,2,2,2,2,12
306,560,"Singh A., Tanwar S.P.S., Meghwal P.R., Saxena A., Kumar M.",2018,Assessing productivity and profitability of a rejuvenated ber (Ziziphus mauritiana) based agri-horti system under arid rainfed conditions,"Singh, A., Tanwar, S. P. S., Meghwal, P. R., Saxena, A., & Kumar, M. (2018). Assessing productivity and profitability of a rejuvenated ber (Ziziphus mauritiana) based agri-horti system under arid rainfed conditions. Indian Journal of Agricultural Sciences, 88(4), 573-578.",Plot,Quantitative,Experiment (research station),E/M,2011-2015,4,6,2,4,3,1, 2-4, 3-4,Yes,Yes,"climate change, land degradation, degeneration of biodiversity and over exploitation of natural resources",India,South Asia,2,"Central
 Research Farm, Central Arid Zone Research Institute Jodhpur",Asia,LMIC,26.3,73.066667,No,NA,Experiment (research station),Researcher-led,Researcher-led,Intercropping,Intercrop,1,0,0,Row,Existing farmers' practices; Ber tree rejuvenation,Existing farmers' practices,,Non-Grain / Mungbean,Ber (Jujube fruit tree) (Ziziphus maurtitiajna),Mungbean,0,0,0,0,1,0,0,0,0,0,0,Pearl millet; Senna,0-0-0,No synthetic,rainfed,26.29045,1.2629045,1.2629045,NA,NA,NA,NA,NA,48.1695063,1.481695063,1.481695063,NA,NA,NA,Win-Win,NA,NA,NA,NA,NA,NA,NA,NA,Higher cost of cultivation of legume intercrops compared with castor-only system,"Timely, well-distributed rainfall: ""cropping season of 2013 received timely and well distributed rainfall hence favoured the crop growth and yield.""; Choice of legume and its growth season: ""biological feasibility of green gram with ber is more compatible as cropping duration of green gram is short and completed its cropping season (July to early October) before fruit setting of ber. This supported green gram has less competition for space, moisture, light, pollinating insect and nutrient from the ber compared to pearl millet and senna.""","Interannual rainfall variability - ""The weather over the years varied. During 2012, the onset of monsoon delayed as far as 6th August and hence adversely affected yield of intercrops""; insufficient rainfall: ""During 2014, occurrence and frequency of rainfall was optimum but total amount was insufficient for timely crop sowing""; Tree spacing: ""The total system productivity in 6 m × 12 m spacing was less 50.47% during first year followed by 30.3, 34.6 and 40% during subsequent years, respectively, compared to 6 m × 6 m spacing. Hence the appropriate strategy should be to introduce intercrops at recommended spacing of ber, no matter if sub optimal yields of intercrops are achieved""",,Higher cost of cultivation of legume intercrops compared with castor-only system,,See SuppCalc sheet ; Senna not included as not grown for grain - grown for leaves and laxative properties,,2,2,2,2,2,2,12
151,309,"Kumar M., Kumar R., Rangnamei K.L., Das A., Meena K.L., Rajkhowa D.J.",2019,Crop diversification for enhancing the productivity for food and nutritional security under the Eastern Himalayas,"Kumar, M., Kumar, R., Rangnamei, K. L., Das, A., Meena, K. L., & Rajkhowa, D. J. (2019). Crop diversification for enhancing the productivity for food and nutritional security under the Eastern Himalayas. Indian Journal of Agricultural Sciences, 89(7), 1157-1161.",Field,Quantitative,Experiment (on farm),RC,2013-2015,2,5,1,4,20,5, 2-4,>100 ,Yes,Yes,Poverty,India,South Asia,2,Nagaland (5 villages),Asia,LMIC,26.475,94.8,No,,Experiment (on farm),Farmer-led,Farmer-led,Rotation,Rotation,1,0,0,Rotation,Existing farmers' practices,Existing farmers' practices,,Grain / Pea,Rice,Pea,0,0,0,0,0,0,0,0,0,1,0,"Toria, tomato, cabbage",NA,Unknown,rainfed,489.4736842,5.894736842,5.894736842,NA,NA,NA,NA,NA,523.2226264,6.232226264,11.42862191,NA,NA,1.035830619,Win-Mix,NA,NA,NA,NA,NA,NA,"Yes: ""double cropping required more input, which is responsible for consumption of more energy""",NA,NA,Access to training/knowledge about new cropping practices (extension),NA,Market prices (Increase in system net returns was mainly due to the higher market price of vegetables included in rice–based system compared with rice-fallow),NA,,"Tables: 2: yield, land & H2O use; 3: profit, nutrition, climate; 4: Energy  ",,2,2,2,1,2,2,11
15,784,"Ansari, M. H., Verma, B. K., Ansari, M. A., Mishra, D., Srivastava, A. K., Khan, N., & Saquib, M. (2015, Mar).  [Article]. Indian Journal of Agricultural Sciences, 85(3), 100-104. <Go to ISI>://WOS:000351480400015",2015,"Impact of cropping pattern on growth, yield attributes and system productivity of citronella (Citronella winterianus) - pulses intercropping system in Central India","Ansari, M. H., Verma, B. K., Ansari, M. A., Mishra, D., Srivastava, A. K., Khan, N., & Saquib, M. (2015). Impact of cropping pattern on growth, yield attributes and system productivity of citronella (Citronella winterianus) - pulses intercropping system in Central India. Indian Journal of Agricultural Sciences, 85(3), 100-104. ",Plot,Quantitative,Experiment (research station),E/M,2010-2012,2,5,3,2,4,1, 2-4, 3-4,"Not exclusively (also asessing influence of densities 1:1 ,2:1, 2:2)","Not exclusively (also asessing influence of densities 1:1 ,2:1, 2:2)","Increase in demand of Citronella, Pigeonpea being the second most important pulse crop of India",India,South Asia,2,"Chandra Shekhar Azad University of Agriculture and Technology, Kanpur, UP
",Asia,LMIC,26.490144,80.301111,No,NA,Experiment (research station),Researcher-led,Researcher-led,Intercropping: Citronella-Legume,Intercrop,1,0,0,Row,"also asessing influence of densities 1:1 ,2:1, 2:2",Varied spacing/timing,,Non-Grain / Pigeonpea,Citronella winterianus,Pigeonpea,0,0,0,0,0,1,0,0,0,0,0,0,150-80-40,Synthetic - below threshold,irrigation,-36.61209813,0.633879019,0.633879019,NA,NA,NA,NA,NA,-10.93787537,0.890621246,0.740289678,1.040952814,NA,NA,Mix-Mix,NA,NA,NA,NA,NA,NA,NA,"citronella sole cropping followed by
pigeonpea + citronella intercropping system (2:1) can be
practiced to achieve better high yield as well as profitability
than other cropping system in sandy loam soils of north and
central India.","Sole crops provided higher yields compared to the intercrops. The
citronella sole cropping system gave significantly the highest
citronella equivalent oil yield, net returns and B: C ratio
followed by citronella + pigeonpea (2:1) and citronella +
pigeonpea (2:2) intercropping system than other cropping
systems (Fig 2).",NA,NA,NA,NA,,"Table 6 Effect of cropping system, Ansari_2015_Table 1_soil fertility",,2,2,2,1,2,2,11
89,195,"Ghosh P.K., Hazra K.K., Venkatesh M.S., Praharaj C.S., Kumar N., Nath C.P., Singh U., Singh S.S.",2020,Grain legume inclusion in cereal-cereal rotation increased base crop productivity in the long run,"Ghosh, P. K., Hazra, K. K., Venkatesh, M. S., Praharaj, C. S., Kumar, N., Nath, C. P., . . . Singh, S. S. (2020). Grain legume inclusion in cereal-cereal rotation increased base crop productivity in the long run. Experimental Agriculture, 56(1), 142-158. doi:10.1017/s0014479719000243",Plot,Quantitative,Experiment (research station),E/M,2004-2013,10,4,3,1,3,1, 5-10, 3-4,Yes,Yes,Soil degradation,India,South Asia,2,"ICAR Indian Institute of Pulses Research (ICAR-IIPR), Kanpur, India - Indo-Gangetic plain - lowland experiment",Asia,LMIC,26.50277497,80.27264631,No,,Experiment (research station),Researcher-led,Researcher-led,Rotation,Rotation,1,0,0,Rotation,"Reduced fertiliser (none, organic or recommended rate)",Fertilizer rates/type,,Grain / Mungbean,Rice-Wheat,Mungbean,0,0,0,0,1,0,0,0,0,0,0,,"120–60–40, 20-60-40",Synthetic - below threshold,irrigation,70,1.7,1.7,NA,NA,NA,NA,NA,142.8571429,2.428571429,2.428571429,NA,NA,NA,Win-Win,NA,NA,NA,NA,NA,NA,Yes: soil available phosphorus (nutrients) declines with increasing rice grain yield (but not legume grain yield),NA,NA,History of management (long-term use of legumes increased soil productivity and nutrients),NA,"High market price of pulse crops (chickpea, pigeon pea, and mung bean) over cereals (rice, wheat, and maize)",NA,"""Higher productivity of base crop in grain legume inclusive rotations was attributed to the increased availability of nutrients (N and P in
 particular) and higher SOC""",Figure 5 - yield; water productivity in text page 9; Table 3- plant height; Table 4 - nutrients; Figure 6-costs,,2,2,2,2,2,2,12
90,195,"Ghosh P.K., Hazra K.K., Venkatesh M.S., Praharaj C.S., Kumar N., Nath C.P., Singh U., Singh S.S.",2020,Grain legume inclusion in cereal-cereal rotation increased base crop productivity in the long run,"Ghosh, P. K., Hazra, K. K., Venkatesh, M. S., Praharaj, C. S., Kumar, N., Nath, C. P., . . . Singh, S. S. (2020). Grain legume inclusion in cereal-cereal rotation increased base crop productivity in the long run. Experimental Agriculture, 56(1), 142-158. doi:10.1017/s0014479719000243",Plot,Quantitative,Experiment (research station),E/M,2004-2013,10,4,3,1,3,1, 5-10, 3-4,Yes,Yes,Soil degradation,India,South Asia,2,"ICAR Indian Institute of Pulses Research (ICAR-IIPR), Kanpur, India - Indo-Gangetic plain - upland experiment",Asia,LMIC,26.50277497,80.27264631,No,,Experiment (research station),Researcher-led,Researcher-led,Rotation,Rotation,1,0,0,Rotation,"Reduced fertiliser (none, organic or recommended rate)",Fertilizer rates/type,,Grain / Mungbean,Maize-Wheat,Mungbean,0,0,0,0,1,0,0,0,0,0,0,,"120–60–40, 20-60-40",Synthetic - below threshold,irrigation,79,1.79,1.79,NA,NA,NA,NA,NA,70.83333333,1.708333333,2.416666667,1,NA,NA,Win-Mix,NA,NA,NA,NA,NA,NA,No,NA,NA,History of management (long-term use of legumes increased soil productivity and nutrients),NA,"High market price of pulse crops (chickpea, pigeon pea, and mung bean) over cereals (rice, wheat, and maize)",NA,"""Higher productivity of base crop in grain legume inclusive rotations was attributed to the increased availability of nutrients (N and P in
 particular) and higher SOC""",Figure 5 - yield; water productivity in text page 9; Table 3- plant height; Table 4 - nutrients; Figure 6-costs,,2,2,2,2,2,2,12
91,195,"Ghosh P.K., Hazra K.K., Venkatesh M.S., Praharaj C.S., Kumar N., Nath C.P., Singh U., Singh S.S.",2020,Grain legume inclusion in cereal-cereal rotation increased base crop productivity in the long run,"Ghosh, P. K., Hazra, K. K., Venkatesh, M. S., Praharaj, C. S., Kumar, N., Nath, C. P., . . . Singh, S. S. (2020). Grain legume inclusion in cereal-cereal rotation increased base crop productivity in the long run. Experimental Agriculture, 56(1), 142-158. doi:10.1017/s0014479719000243",Plot,Quantitative,Experiment (research station),E/M,2004-2013,10,4,3,1,3,1, 5-10, 3-4,Yes,Yes,Soil degradation,India,South Asia,2,"ICAR Indian Institute of Pulses Research (ICAR-IIPR), Kanpur, India - Indo-Gangetic plain - lowland experiment",Asia,LMIC,26.50277497,80.27264631,No,,Experiment (research station),Researcher-led,Researcher-led,Rotation,Rotation,1,0,0,Rotation,"Reduced fertiliser (none, organic or recommended rate)",Fertilizer rates/type,,Grain / Chickpea,Rice-Wheat,Chickpea,1,0,0,0,0,0,0,0,0,0,0,,"120–60–40, 20-60-40",Synthetic - below threshold,irrigation,16.66666667,1.166666667,1.166666667,NA,NA,NA,NA,NA,66.66666667,1.666666667,1.666666667,NA,NA,NA,Win-Win,NA,NA,NA,NA,NA,NA,Yes: soil available phosphorus (nutrients) declines with increasing rice grain yield (but not legume grain yield),NA,NA,History of management (long-term use of legumes increased soil productivity and nutrients),NA,"High market price of pulse crops (chickpea, pigeon pea, and mung bean) over cereals (rice, wheat, and maize)",NA,"""Higher productivity of base crop in grain legume inclusive rotations was attributed to the increased availability of nutrients (N and P in
 particular) and higher SOC""",Figure 5 - yield; water productivity in text page 9; Table 3- plant height; Table 4 - nutrients; Figure 6-costs,,2,2,2,2,2,2,12
92,195,"Ghosh P.K., Hazra K.K., Venkatesh M.S., Praharaj C.S., Kumar N., Nath C.P., Singh U., Singh S.S.",2020,Grain legume inclusion in cereal-cereal rotation increased base crop productivity in the long run,"Ghosh, P. K., Hazra, K. K., Venkatesh, M. S., Praharaj, C. S., Kumar, N., Nath, C. P., . . . Singh, S. S. (2020). Grain legume inclusion in cereal-cereal rotation increased base crop productivity in the long run. Experimental Agriculture, 56(1), 142-158. doi:10.1017/s0014479719000243",Plot,Quantitative,Experiment (research station),E/M,2004-2013,10,4,3,1,3,1, 5-10, 3-4,Yes,Yes,Soil degradation,India,South Asia,2,"ICAR Indian Institute of Pulses Research (ICAR-IIPR), Kanpur, India - Indo-Gangetic plain - upland experiment",Asia,LMIC,26.50277497,80.27264631,No,,Experiment (research station),Researcher-led,Researcher-led,Rotation,Rotation,1,0,0,Rotation,"Reduced fertiliser (none, organic or recommended rate)",Fertilizer rates/type,,Grain / Chickpea,Maize-Wheat,Chickpea,1,0,0,0,0,0,0,0,0,0,0,,"120–60–40, 20-60-40",Synthetic - below threshold,irrigation,12.5,1.125,1.125,NA,NA,NA,NA,NA,16.66666667,1.166666667,1.333333333,1,NA,NA,Win-Mix,NA,NA,NA,NA,NA,NA,No,NA,NA,History of management (long-term use of legumes increased soil productivity and nutrients),NA,"High market price of pulse crops (chickpea, pigeon pea, and mung bean) over cereals (rice, wheat, and maize)",NA,"""Higher productivity of base crop in grain legume inclusive rotations was attributed to the increased availability of nutrients (N and P in
 particular) and higher SOC""",Figure 5 - yield; water productivity in text page 9; Table 3- plant height; Table 4 - nutrients; Figure 6-costs,,2,2,2,2,2,2,12
126,259,"Jat R.S., Choudhary R.L., Singh H.V., Meena M.K., Singh V.V., Rai P.K.",2021,"Sustainability, productivity, profitability and soil health with conservation agriculture based sustainable intensification of oilseed brassica production system","Jat, R. S., Choudhary, R. L., Singh, H. V., Meena, M. K., Singh, V. V., & Rai, P. K. (2021). Sustainability, productivity, profitability and soil health with conservation agriculture based sustainable intensification of oilseed brassica production system. Scientific Reports, 11(1). doi:10.1038/s41598-021-92801-z",Plot,Quantitative,Experiment (on farm),E/M,2016–2019,3,6,2,4,3,1, 2-4, 3-4,No,No,"Extreme weather (drought), climate change, nutritional security",India,South Asia,2,Bharatpur,Asia,LMIC,27.21551032,77.50299474,No,"""Sustainable intensification of crops and cropping systems, as one of the principles of conservation agriculture, hold a lot of potential to withstand climatic anomaly, price fluctuation, balanced food supply, natural resource degradation, and fertilizer and pesticide dependence. Conservation agriculture-based system intensification in the vulnerable semi-arid tropics provides opportunities to conserve and utilize the fatiguing natural resources more efficiently, increase resilience to anomalous climatic events, and to increase productivity and farmers’ profitability while minimizing production cost and energy use""",Experiment (on farm),Farmer-led + support by researchers,Farmer-led + researcher/extension,Intercropping: Vegetable-legume,Intercrop,1,0,0,Rotation,Conservation agriculture (reduced tillage + residue management),Conservation ag (residue + tillage),,Non-Grain / Clusterbean,Indian mustard (Brassica),Other,0,0,0,0,0,0,0,0,0,0,Clusterbean,Clusterbean,80-40-40,Synthetic - below threshold,irrigation,39.285714,1.39285714,1.39285714,NA,NA,NA,NA,NA,37.6452363,1.376452363,1.376452363,NA,NA,NA,Win-Win,NA,NA,NA,NA,NA,NA,NA,NA,NA,Conservation tillage,NA,Tillage practices,NA,NA,NA,,2,2,2,2,2,2,12
127,259,"Jat R.S., Choudhary R.L., Singh H.V., Meena M.K., Singh V.V., Rai P.K.",2021,"Sustainability, productivity, profitability and soil health with conservation agriculture based sustainable intensification of oilseed brassica production system","Jat, R. S., Choudhary, R. L., Singh, H. V., Meena, M. K., Singh, V. V., & Rai, P. K. (2021). Sustainability, productivity, profitability and soil health with conservation agriculture based sustainable intensification of oilseed brassica production system. Scientific Reports, 11(1). doi:10.1038/s41598-021-92801-z",Plot,Quantitative,Experiment (on farm),E/M,2016–2019,3,6,2,4,3,1, 2-4, 3-4,No,No,"Extreme weather (drought), climate change, nutritional security",India,South Asia,2,Bharatpur,Asia,LMIC,27.21551032,77.50299474,No,"""Sustainable intensification of crops and cropping systems, as one of the principles of conservation agriculture, hold a lot of potential to withstand climatic anomaly, price fluctuation, balanced food supply, natural resource degradation, and fertilizer and pesticide dependence. Conservation agriculture-based system intensification in the vulnerable semi-arid tropics provides opportunities to conserve and utilize the fatiguing natural resources more efficiently, increase resilience to anomalous climatic events, and to increase productivity and farmers’ profitability while minimizing production cost and energy use""",Experiment (on farm),Farmer-led + support by researchers,Farmer-led + researcher/extension,Intercropping: Vegetable-legume,Intercrop,1,0,0,Rotation,Conservation agriculture (reduced tillage + residue management),Conservation ag (residue + tillage),,Non-Grain / Mungbean,Indian mustard (Brassica),Mungbean,0,0,0,0,1,0,0,0,0,0,0,,80-40-40,Synthetic - below threshold,irrigation,10.526316,1.10526316,1.10526316,NA,NA,NA,NA,NA,43.609605,1.43609605,1.43609605,NA,NA,NA,Win-Win,NA,NA,NA,NA,NA,NA,NA,NA,NA,Tillage practices,NA,Tillage practices,NA,NA,NA,,2,2,2,2,2,2,12
248,461,"Paudel B., Chan C., Halbrendt J., Crow S.E., Radovich T.J.K., Norton G.",2016,Bioeconomic optimization of conservation agriculture production systems (CAPS) for smallholder tribal farmers in the hill region of Nepal,"Paudel, B., Chan, C., Halbrendt, J., Crow, S. E., Radovich, T. J. K., & Norton, G. (2016). Bioeconomic optimization of conservation agriculture production systems (CAPS) for smallholder tribal farmers in the hill region of Nepal. Journal of Soil and Water Conservation, 71(2), 103-117. doi:10.2489/jswc.71.2.103",Village,Quantitative + Simulation,Experiment (on farm),RC,2011-2013,3,4,3,1,25,3, 2-4, 11-100,No,No,"poverty, food insecurity",Nepal,South Asia,2,Hyakrang village (hill region),Asia,LMIC,27.788351,84.870625,Yes,"""increase the value of output per area by increasing frequency of cultivation or by increasing inputs""",Experiment (on farm),Farmer-led,Farmer-led,Intercropping: Cereal-legume,Intercrop,1,0,0,Row,Conservation agriculture (strip tillage),Tillage practices,,Grain / Cowpea + Black Gram,Maize,Multiple,0,1,0,0,0,0,0,0,0,0,Black gram,,NA,Unknown,rainfed,22.24551,1.2224551,1.2224551,NA,NA,NA,NA,NA,19.40586118,1.194058612,NA,NA,1.045675,1.342442224,Win-Win,NA,NA,NA,NA,NA,NA,NA,NA,NA,Conservation agriculture (minimum (strip) tillage)- reduced soil loss,Conservation agriculture (minimum (strip) tillage)- reduced legume yield,NA,Conservation agriculture (minimum (strip) tillage)- increased labour,"The experiment was laid out in a randomized block design with four treatments: 1. Full tillage maize followed by millet sole crop (traditional)
 2. Full tillage maize/legume sole crop (CAPS1)
 3. Full tillage maize/millet + legume intercrop (CAPS2)
 4. Strip tillage maize/millet + legume intercrop (CAPS3)
 Cowpea (2011) and black gram (2012 to
 2014) were the legume crops grown in the on-farm trial.","Values for intercrop are CAPS1; Table 2: crop yields, Table 3: labour, input costs, Table 8: soil formation/loss",,2,2,1,1,2,2,10
251,461,"Paudel B., Chan C., Halbrendt J., Crow S.E., Radovich T.J.K., Norton G.",2016,Bioeconomic optimization of conservation agriculture production systems (CAPS) for smallholder tribal farmers in the hill region of Nepal,"Paudel, B., Chan, C., Halbrendt, J., Crow, S. E., Radovich, T. J. K., & Norton, G. (2016). Bioeconomic optimization of conservation agriculture production systems (CAPS) for smallholder tribal farmers in the hill region of Nepal. Journal of Soil and Water Conservation, 71(2), 103-117. doi:10.2489/jswc.71.2.106",Village,Quantitative + Simulation,Experiment (on farm),RC,2011-2013,3,4,3,1,25,3, 2-4, 11-100,No,No,"poverty, food insecurity",Nepal,South Asia,2,Hyakrang village (hill region),Asia,LMIC,27.788351,84.870625,Yes,"""increase the value of output per area by increasing frequency of cultivation or by increasing inputs""",Experiment (on farm),Farmer-led,Farmer-led,Intercropping: Cereal-legume,Intercrop,1,0,0,Row,Conservation agriculture (strip tillage),Tillage practices,,Grain / Cowpea + Black Gram,Maize-Millet,Multiple,0,1,0,0,0,0,0,0,0,0,Black gram,Millet,NA,Unknown,rainfed,15.78853,1.1578853,1.1578853,NA,NA,NA,NA,NA,-13.01331549,0.869866845,NA,NA,1.022838,0.71689569,Win-Mix,NA,NA,NA,NA,NA,NA,NA,NA,NA,Conservation agriculture (minimum (strip) tillage)- reduced soil loss,Conservation agriculture (minimum (strip) tillage)- reduced legume yield,NA,Conservation agriculture (minimum (strip) tillage)- increased labour,"The experiment was laid out in a randomized block design with four treatments: 1. Full tillage maize followed by millet sole crop (traditional)
 2. Full tillage maize/legume sole crop (CAPS1)
 3. Full tillage maize/millet + legume intercrop (CAPS2)
 4. Strip tillage maize/millet + legume intercrop (CAPS3)
 Cowpea (2011) and black gram (2012 to
 2014) were the legume crops grown in the on-farm trial.","Values for intercrop are CAPS1; Table 2: crop yields, Table 3: labour, input costs, Table 8: soil formation/loss",,2,2,1,1,2,2,10
58,105,"Choudhary V.K., Kumar P.S.",2016,"Productivity, Water Use and Energy Profitability of Staggered Maize–Legume Intercropping in the Eastern Himalayan Region of India","Choudhary, V. K., & Kumar, P. S. (2016). Productivity, Water Use and Energy Profitability of Staggered Maize–Legume Intercropping in the Eastern Himalayan Region of India. Proceedings of the National Academy of Sciences India Section B - Biological Sciences, 86(3), 547-557. doi:10.1007/s40011-014-0476-7",Plot,Quantitative,Experiment (research station),E/M,2010-2011,2,9,8,1,3,1, 2-4, 3-4,Yes,Yes,,India,South Asia,2,"Research Farm of ICAR Research Complex for NEH Region, Basar, Arunachal Pradesh",Asia,LMIC,27.980252,94.691135,No,"""increasing the crop yield and farm productivity""",Experiment (research station),Researcher-led,Researcher-led,Intercropping: Cereal-legume,Intercrop,1,1,0,Row,"Existing farmers' practices, including mulch",Existing farmers' practices,,Grain / Soybean,Maize,Soybean,0,0,0,0,0,0,0,0,1,0,0,,NA,Unknown,rainfed,29.221689,1.29221689,1.29221689,NA,NA,NA,NA,NA,40.48,1.4048,1.4048,NA,NA,NA,Mix-Mix,NA,NA,NA,NA,NA,NA,Yes: (1) row proportions: higher water use with increasing rows but lower energy input and higher energy use efficiency; (2) water use vs monetary benefit: increase in monetary benefit with water use to threshold then decrease (quadratic function),NA,NA,"Rainfall (higher rain in one year led to increased yield); Intercropping design - higher intercrop row density = higher yield, energy efficiency + soil moisture: ""Energy parameters were significantly (p\0.05) influenced by solitary and intercrops of legumes with their respective row proportions.""",NA,"Labour ""Suitable technologies that are accessible to resource-poor farmers must be affordable in terms of labour, land, energy and capital investments """,Intercropping design - higher intercrop row density = higher water use,,NA,,2,2,2,1,2,2,11
59,105,"Choudhary V.K., Kumar P.S.",2016,"Productivity, Water Use and Energy Profitability of Staggered Maize–Legume Intercropping in the Eastern Himalayan Region of India","Choudhary, V. K., & Kumar, P. S. (2016). Productivity, Water Use and Energy Profitability of Staggered Maize–Legume Intercropping in the Eastern Himalayan Region of India. Proceedings of the National Academy of Sciences India Section B - Biological Sciences, 86(3), 547-557. doi:10.1007/s40011-014-0476-7",Plot,Quantitative,Experiment (research station),E/M,2010-2011,2,9,8,1,3,1, 2-4, 3-4,Yes,Yes,,India,South Asia,2,"Research Farm of ICAR Research Complex for NEH Region, Basar, Arunachal Pradesh",Asia,LMIC,27.980252,94.691135,No,"""increasing the crop yield and farm productivity""",Experiment (research station),Researcher-led,Researcher-led,Intercropping: Cereal-legume,Intercrop,1,1,0,Row,"Existing farmers' practices, including mulch",Existing farmers' practices,,Grain / Groundnut,Maize,Groundnut,0,0,1,0,0,0,0,0,0,0,0,,NA,Unknown,rainfed,38.057723,1.38057723,1.38057723,NA,NA,NA,NA,NA,58.3,1.583,1.583,NA,NA,NA,Mix-Mix,NA,NA,NA,NA,NA,NA,Yes: (1) row proportions: higher water use with increasing rows but lower energy input and higher energy use efficiency; (2) water use vs monetary benefit: increase in monetary benefit with water use to threshold then decrease (quadratic function),NA,NA,"Market prices (higher for groundnut); Rainfall (higher rain in one year led to increased yield); Intercropping design - higher intercrop row density = higher yield, energy efficiency + soil moisture: ""Energy parameters were significantly (p\0.05) influenced by solitary and intercrops of legumes with their respective row proportions.""",,"Labour ""Suitable technologies that are accessible to resource-poor farmers must be affordable in terms of labour, land, energy and capital investments """,Intercropping design - higher intercrop row density = higher water use,,NA,,2,2,2,1,2,2,11
60,106,"Choudhary V.K., Kumar P.S.",2013,"Crop and water productivity, profitability and energy consumption pattern of a maize-based crop sequence in the North Eastern Himalayan Region, India","Choudhary, V. K., & Kumar, P. S. (2013). Crop and water productivity, profitability and energy consumption pattern of a maize-based crop sequence in the North Eastern Himalayan Region, India. Archives of Agronomy and Soil Science, 59(5), 653-669. doi:10.1080/03650340.2012.665992",Plot,Quantitative,Experiment (research station),E/M,2008-2011,3,5,3,2,3,1, 2-4, 3-4,Yes,Yes,"Extreme weather (drought), water scarcity",India,South Asia,2,"Research Farm of ICAR Research Complex for NEH Region, Basar, Arunachal Pradesh",Asia,LMIC,27.980252,94.691135,No,"""Crop intensification was measured by calculating land utilisation efficiency by dividing the total duration of respective cropping systems by the numbers of days in a year (365 days), expressed in percentage.""",Experiment (research station),Researcher-led,Researcher-led,Rotation,Rotation,1,0,0,Rotation,"Existing farmers' practices, including mulch",Existing farmers' practices,,Grain / Pea,Maize,Pea,0,0,0,0,0,0,0,0,0,1,0,,80-60-40 (Maize); 20-60-30 (pea),Synthetic - below threshold,rainfed,36.995358,1.36995358,1.68656716,1.05334,NA,NA,NA,NA,87.3669269,1.873669269,1.873669269,NA,NA,NA,Win-Mix,NA,NA,NA,NA,NA,NA,Yes (energy input highe but balanced by higher energy use efficiency of maize-legumes compared with maize-fallow),NA,NA,"Soil moisture content: ""growth of sequential crops depended solely on the moisture availability in the soil post rainy season""; mulch ""Crop yield was 18–35% higher under straw mulch than in the no-mulch condition""; Non-renewable energy sources (machinery, fuel)",NA,Renewable energy sources,Access to renewable energy,,NA,,2,2,2,2,2,2,12
61,106,"Choudhary V.K., Kumar P.S.",2013,"Crop and water productivity, profitability and energy consumption pattern of a maize-based crop sequence in the North Eastern Himalayan Region, India","Choudhary, V. K., & Kumar, P. S. (2013). Crop and water productivity, profitability and energy consumption pattern of a maize-based crop sequence in the North Eastern Himalayan Region, India. Archives of Agronomy and Soil Science, 59(5), 653-669. doi:10.1080/03650340.2012.665992",Plot,Quantitative,Experiment (research station),E/M,2008-2011,3,5,3,2,3,1, 2-4, 3-4,Yes,Yes,"Extreme weather (drought), water scarcity",India,South Asia,2,"Research Farm of ICAR Research Complex for NEH Region, Basar, Arunachal Pradesh",Asia,LMIC,27.980252,94.691135,No,"""Crop intensification was measured by calculating land utilisation efficiency by dividing the total duration of respective cropping systems by the numbers of days in a year (365 days), expressed in percentage.""",Experiment (research station),Researcher-led,Researcher-led,Rotation,Rotation,1,0,0,Rotation,"Existing farmers' practices, including mulch",Existing farmers' practices,,Grain / Common bean,Maize,Common bean,0,0,0,0,0,0,0,1,0,0,0,,80-60-40 (Maize); 50-60-30 (bean),Synthetic - below threshold,rainfed,47.6580225,1.476580225,1.91791045,1.03525,NA,NA,NA,NA,149.9645138,2.499645138,2.499645138,NA,NA,NA,Win-Mix,NA,NA,NA,NA,NA,NA,Yes (energy input highe but balanced by higher energy use efficiency of maize-legumes compared with maize-fallow),NA,NA,"Soil moisture content: ""growth of sequential crops depended solely on the moisture availability in the soil post rainy season""; mulch ""Crop yield was 18–35% higher under straw mulch than in the no-mulch condition""; Non-renewable energy sources (machinery, fuel)",NA,Renewable energy sources,Access to renewable energy,,NA,,2,2,2,2,2,2,12
62,106,"Choudhary V.K., Kumar P.S.",2013,"Crop and water productivity, profitability and energy consumption pattern of a maize-based crop sequence in the North Eastern Himalayan Region, India","Choudhary, V. K., & Kumar, P. S. (2013). Crop and water productivity, profitability and energy consumption pattern of a maize-based crop sequence in the North Eastern Himalayan Region, India. Archives of Agronomy and Soil Science, 59(5), 653-669. doi:10.1080/03650340.2012.665992",Plot,Quantitative,Experiment (research station),E/M,2008-2011,3,5,3,2,3,1, 2-4, 3-4,Yes,Yes,"Extreme weather (drought), water scarcity",India,South Asia,2,"Research Farm of ICAR Research Complex for NEH Region, Basar, Arunachal Pradesh",Asia,LMIC,27.980252,94.691135,No,"""Crop intensification was measured by calculating land utilisation efficiency by dividing the total duration of respective cropping systems by the numbers of days in a year (365 days), expressed in percentage.""",Experiment (research station),Researcher-led,Researcher-led,Rotation,Rotation,1,0,0,Rotation,"Existing farmers' practices, including mulch",Existing farmers' practices,,Grain / Groundnut,Maize,Groundnut,0,0,1,0,0,0,0,0,0,0,0,,80-60-40 (Maize); 20-60-30 (groundnut),Synthetic - below threshold,rainfed,42.8466045,1.428466045,1.78358209,1.07335,NA,NA,NA,NA,92.1575586,1.921575586,1.921575586,NA,NA,NA,Win-Mix,NA,NA,NA,NA,NA,NA,Yes (energy input highe but balanced by higher energy use efficiency of maize-legumes compared with maize-fallow),NA,NA,"Soil moisture content: ""growth of sequential crops depended solely on the moisture availability in the soil post rainy season""; mulch ""Crop yield was 18–35% higher under straw mulch than in the no-mulch condition""; Non-renewable energy sources (machinery, fuel)",NA,Renewable energy sources,Access to renewable energy,,NA,,2,2,2,2,2,2,12
63,107,"Choudhary V.K., Kumar P.S., Sarkar S.K., Yadav J.S.",2013,"Production potential, economic analysis and energy auditing for maize (Zea mays)-vegetable based cropping systems in Eastern Himalayan Region, Arunachal Pradesh","Choudhary, V. K., Kumar, P. S., Sarkar, S. K., & Yadav, J. S. (2013). Production potential, economic analysis and energy auditing for maize (Zea mays)-vegetable based cropping systems in Eastern Himalayan Region, Arunachal Pradesh. Indian Journal of Agricultural Sciences, 83(1), 110-115.",Plot,Quantitative,Experiment (research station),E/M,2010-2011,2,8,2,6,3,1, 2-4, 3-4,Yes,Yes,,India,South Asia,2,"Research Farm of ICAR Research Complex for NEH Region, Basar, Arunachal Pradesh",Asia,LMIC,27.980252,94.691135,No,,Experiment (research station),Researcher-led,Researcher-led,Rotation,Rotation,1,0,0,Rotation,Existing farmers' practices,Existing farmers' practices,,Grain / Common bean,Maize,Common bean,0,0,0,0,0,0,0,1,0,0,0,,80-60-40 (Maize); 25-60-40 (bean),Synthetic - below threshold,rainfed,329.954955,4.29954955,4.29954955,NA,NA,NA,NA,NA,81.6,1.816,1.816,NA,NA,NA,Win-Mix,NA,NA,NA,NA,NA,NA,Yes (energy input highe but balanced by higher energy use efficiency of maize-legumes compared with maize-fallow),NA,NA,"Non-renewable energy sources (machinery, fuel)",NA,Renewable energy sources,Access to renewable energy,,NA,,2,2,2,2,2,2,12
64,107,"Choudhary V.K., Kumar P.S., Sarkar S.K., Yadav J.S.",2013,"Production potential, economic analysis and energy auditing for maize (Zea mays)-vegetable based cropping systems in Eastern Himalayan Region, Arunachal Pradesh","Choudhary, V. K., Kumar, P. S., Sarkar, S. K., & Yadav, J. S. (2013). Production potential, economic analysis and energy auditing for maize (Zea mays)-vegetable based cropping systems in Eastern Himalayan Region, Arunachal Pradesh. Indian Journal of Agricultural Sciences, 83(1), 110-115.",Plot,Quantitative,Experiment (research station),E/M,2010-2011,2,8,2,6,3,1, 2-4, 3-4,Yes,Yes,,India,South Asia,2,"Research Farm of ICAR Research Complex for NEH Region, Basar, Arunachal Pradesh",Asia,LMIC,27.980252,94.691135,No,,Experiment (research station),Researcher-led,Researcher-led,Rotation,Rotation,1,0,0,Rotation,Existing farmers' practices,Existing farmers' practices,,Grain / Pea,Maize,Pea,0,0,0,0,0,0,0,0,0,1,0,,80-60-40 (Maize); 20-60-40 (pea),Synthetic - below threshold,rainfed,179.504505,2.79504505,2.79504505,NA,NA,NA,NA,NA,69.9,1.699,1.699,NA,NA,NA,Mix-Mix,NA,NA,NA,NA,NA,NA,Yes (energy input highe but balanced by higher energy use efficiency of maize-legumes compared with maize-fallow),NA,NA,"Non-renewable energy sources (machinery, fuel)",NA,Renewable energy sources,Access to renewable energy,,NA,,2,2,2,2,2,2,12
250,461,"Paudel B., Chan C., Halbrendt J., Crow S.E., Radovich T.J.K., Norton G.",2016,Bioeconomic optimization of conservation agriculture production systems (CAPS) for smallholder tribal farmers in the hill region of Nepal,"Paudel, B., Chan, C., Halbrendt, J., Crow, S. E., Radovich, T. J. K., & Norton, G. (2016). Bioeconomic optimization of conservation agriculture production systems (CAPS) for smallholder tribal farmers in the hill region of Nepal. Journal of Soil and Water Conservation, 71(2), 103-117. doi:10.2489/jswc.71.2.105",Village,Quantitative + Simulation,Experiment (on farm),RC,2011-2013,3,4,3,1,25,3, 2-4, 11-100,No,No,"poverty, food insecurity",Nepal,South Asia,2,Thumka village (hill region),Asia,LMIC,28.008822,83.399987,Yes,"""increase the value of output per area by increasing frequency of cultivation or by increasing inputs""",Experiment (on farm),Farmer-led,Farmer-led,Intercropping: Cereal-legume,Intercrop,1,0,0,Row,Conservation agriculture (strip tillage),Tillage practices,,Grain / Cowpea + Black Gram,Maize,Multiple,0,1,0,0,0,0,0,0,0,0,Black gram,,NA,Unknown,rainfed,35.77236,1.3577236,1.3577236,NA,NA,NA,NA,NA,8.953421138,1.089534211,NA,NA,0.920354,1.258714423,Win-Mix,NA,NA,NA,NA,NA,NA,NA,NA,NA,Conservation agriculture (minimum (strip) tillage)- reduced soil loss,Conservation agriculture (minimum (strip) tillage)- reduced legume yield,NA,Conservation agriculture (minimum (strip) tillage)- increased labour,"The experiment was laid out in a randomized block design with four treatments: 1. Full tillage maize followed by millet sole crop (traditional)
 2. Full tillage maize/legume sole crop (CAPS1) 3. Full tillage maize/millet + legume intercrop (CAPS2)
 4. Strip tillage maize/millet + legume intercrop (CAPS3)
 Cowpea (2011) and black gram (2012 to
 2014) were the legume crops grown in the on-farm trial.","Values for intercrop are CAPS1; Table 2: crop yields, Table 3: labour, input costs, Table 8: soil formation/loss",,2,2,1,1,2,2,10
253,461,"Paudel B., Chan C., Halbrendt J., Crow S.E., Radovich T.J.K., Norton G.",2016,Bioeconomic optimization of conservation agriculture production systems (CAPS) for smallholder tribal farmers in the hill region of Nepal,"Paudel, B., Chan, C., Halbrendt, J., Crow, S. E., Radovich, T. J. K., & Norton, G. (2016). Bioeconomic optimization of conservation agriculture production systems (CAPS) for smallholder tribal farmers in the hill region of Nepal. Journal of Soil and Water Conservation, 71(2), 103-117. doi:10.2489/jswc.71.2.108",Village,Quantitative + Simulation,Experiment (on farm),RC,2011-2013,3,4,3,1,25,3, 2-4, 11-100,No,No,"poverty, food insecurity",Nepal,South Asia,2,Thumka village (hill region),Asia,LMIC,28.008822,83.399987,Yes,"""increase the value of output per area by increasing frequency of cultivation or by increasing inputs""",Experiment (on farm),Farmer-led,Farmer-led,Intercropping: Cereal-legume,Intercrop,1,0,0,Row,Conservation agriculture (strip tillage),Tillage practices,,Grain / Cowpea + Black Gram,Maize-Millet,Multiple,0,1,0,0,0,0,0,0,0,0,Black gram,Millet,NA,Unknown,rainfed,25.4878,1.254878,1.254878,NA,NA,NA,NA,NA,-13.09104835,0.869089516,NA,NA,0.911668,0.826511033,Win-Lose,NA,NA,NA,NA,NA,NA,NA,NA,NA,Conservation agriculture (minimum (strip) tillage)- reduced soil loss,Conservation agriculture (minimum (strip) tillage)- reduced legume yield,NA,Conservation agriculture (minimum (strip) tillage)- increased labour,"The experiment was laid out in a randomized block design with four treatments: 1. Full tillage maize followed by millet sole crop (traditional)
 2. Full tillage maize/legume sole crop (CAPS1) 3. Full tillage maize/millet + legume intercrop (CAPS2)
 4. Strip tillage maize/millet + legume intercrop (CAPS3)
 Cowpea (2011) and black gram (2012 to
 2014) were the legume crops grown in the on-farm trial.","Values for intercrop are CAPS1; Table 2: crop yields, Table 3: labour, input costs, Table 8: soil formation/loss",,2,2,1,1,2,2,10
292,539,"Sharma A.R., Behera U.K.",2009,Recycling of legume residues for nitrogen economy and higher productivity in maize (Zea mays)-wheat (Triticum aestivum) cropping system,"Sharma, A., Sharma, J. J., Rana, M. C., & Sood, S. (2006). Evaluation of Phaseolus vulgaris as intercrop with vegetables for enhancing productivity system and profitability under high hill dry temperate conditions of north-western Himalayas. Indian Journal of Agricultural Sciences, 76(1), 29-32.",Plot,Quantitative,Experiment (research station),E/M,2002–2004,2,6,5,1,4,1, 2-4, 3-4,Yes,Yes,,India,South Asia,2,"Indian Agricultural Research Institute, New Delhi",Asia,LMIC,28.066667,77.016667,No,NA,Experiment (research station),Researcher-led,Researcher-led,Intercropping,Intercrop,1,0,0,Row,Different fertiliser rates; crop residues incorporated,Fertilizer rates/type,best management practices,Grain / Black gram,Maize-wheat,Mungbean/Black gram,0,0,0,0,0,0,0,0,0,0,Black gram,Black gram,0:26.2:33.3 - 120:26.2:33.3,Synthetic - below threshold,irrigation,8.2495294,1.082495294,1.082495294,NA,NA,NA,NA,NA,-4.2735,0.957265,0.957265,NA,NA,NA,Win-Mix,NA,NA,NA,NA,NA,NA,NA,NA,"Low availability of legume varieties and low market prices: ""Poor returns from
  grain legumes due to their low productivity on
  account of non-suitability of varieties and nonremunerative
  prices have been the major factors,
  discouraging cultivation of pulses in India by the
  farmers. This has resulted in no increase in area and
  productivity of pulses in India during the last 3
  decades""","Incorporation of legume residues: ""Incorporation of residues of different legumes in
  intercropping and sole cropping systems added
  variable amounts of N (Table 3), which led to a
  significant influence on the productivity of following
  wheat""","Fertiliser rates - effect of legume on N uptake decreased with increasing fertiliser rates- ""the N contribution from
  legume residues was maximum under no N""",NA,Market prices of legumes (low),,See SuppCalc sheet,,2,2,2,2,2,2,12
293,539,"Sharma A.R., Behera U.K.",2009,Recycling of legume residues for nitrogen economy and higher productivity in maize (Zea mays)-wheat (Triticum aestivum) cropping system,"Sharma, A., Sharma, J. J., Rana, M. C., & Sood, S. (2006). Evaluation of Phaseolus vulgaris as intercrop with vegetables for enhancing productivity system and profitability under high hill dry temperate conditions of north-western Himalayas. Indian Journal of Agricultural Sciences, 76(1), 29-32.",Plot,Quantitative,Experiment (research station),E/M,2002–2004,2,6,5,1,4,1, 2-4, 3-4,Yes,Yes,,India,South Asia,2,"Indian Agricultural Research Institute, New Delhi",Asia,LMIC,28.066667,77.016667,No,NA,Experiment (research station),Researcher-led,Researcher-led,Intercropping,Intercrop,1,0,0,Row,Different fertiliser rates; crop residues incorporated,Fertilizer rates/type,SWC,Grain / Mungbean,Maize-wheat,Mungbean,0,0,0,0,1,0,0,0,0,0,0,,0:26.2:33.3 - 120:26.2:33.3,Synthetic - below threshold,irrigation,22.99257368,1.229925737,1.229925737,NA,NA,NA,NA,NA,3.418803419,1.034188034,1.034188034,NA,NA,NA,Win-Mix,NA,NA,NA,NA,NA,NA,NA,NA,"Low availability of legume varieties and low market prices: ""Poor returns from
 grain legumes due to their low productivity on
 account of non-suitability of varieties and nonremunerative
 prices have been the major factors,
 discouraging cultivation of pulses in India by the
 farmers. This has resulted in no increase in area and
 productivity of pulses in India during the last 3
 decades""","Incorporation of legume residues: ""Incorporation of residues of different legumes in
 intercropping and sole cropping systems added
 variable amounts of N (Table 3), which led to a
 significant influence on the productivity of following
 wheat""","Fertiliser rates - effect of legume on N uptake decreased with increasing fertiliser rates- ""the N contribution from
 legume residues was maximum under no N""",NA,Market prices of legumes (low),,See SuppCalc sheet,,2,2,2,2,2,2,12
294,539,"Sharma A.R., Behera U.K.",2009,Recycling of legume residues for nitrogen economy and higher productivity in maize (Zea mays)-wheat (Triticum aestivum) cropping system,"Sharma, A., Sharma, J. J., Rana, M. C., & Sood, S. (2006). Evaluation of Phaseolus vulgaris as intercrop with vegetables for enhancing productivity system and profitability under high hill dry temperate conditions of north-western Himalayas. Indian Journal of Agricultural Sciences, 76(1), 29-32.",Plot,Quantitative,Experiment (research station),E/M,2002–2004,2,6,5,1,4,1, 2-4, 3-4,Yes,Yes,,India,South Asia,2,"Indian Agricultural Research Institute, New Delhi",Asia,LMIC,28.066667,77.016667,No,NA,Experiment (research station),Researcher-led,Researcher-led,Intercropping,Intercrop,1,0,0,Row,Different fertiliser rates; crop residues incorporated,Fertilizer rates/type,SWC,Grain / Cowpea,Maize-wheat,Cowpea,0,1,0,0,0,0,0,0,0,0,0,,0:26.2:33.3 - 120:26.2:33.3,Synthetic - below threshold,irrigation,9.184265491,1.091842655,1.091842655,NA,NA,NA,NA,NA,-3.418803419,0.965811966,0.965811966,NA,NA,NA,Win-Mix,NA,NA,NA,NA,NA,NA,NA,NA,"Low availability of legume varieties and low market prices: ""Poor returns from
 grain legumes due to their low productivity on
 account of non-suitability of varieties and nonremunerative
 prices have been the major factors,
 discouraging cultivation of pulses in India by the
 farmers. This has resulted in no increase in area and
 productivity of pulses in India during the last 3
 decades""","Incorporation of legume residues: ""Incorporation of residues of different legumes in
 intercropping and sole cropping systems added
 variable amounts of N (Table 3), which led to a
 significant influence on the productivity of following
 wheat""","Fertiliser rates - effect of legume on N uptake decreased with increasing fertiliser rates- ""the N contribution from
 legume residues was maximum under no N""",NA,Market prices of legumes (low),,See SuppCalc sheet,,2,2,2,2,2,2,12
295,539,"Sharma A.R., Behera U.K.",2009,Recycling of legume residues for nitrogen economy and higher productivity in maize (Zea mays)-wheat (Triticum aestivum) cropping system,"Sharma, A., Sharma, J. J., Rana, M. C., & Sood, S. (2006). Evaluation of Phaseolus vulgaris as intercrop with vegetables for enhancing productivity system and profitability under high hill dry temperate conditions of north-western Himalayas. Indian Journal of Agricultural Sciences, 76(1), 29-32.",Plot,Quantitative,Experiment (research station),E/M,2002–2004,2,6,5,1,4,1, 2-4, 3-4,Yes,Yes,,India,South Asia,2,"Indian Agricultural Research Institute, New Delhi",Asia,LMIC,28.066667,77.016667,No,NA,Experiment (research station),Researcher-led,Researcher-led,Intercropping,Intercrop,1,0,0,Row,Different fertiliser rates; crop residues incorporated,Fertilizer rates/type,SWC,Grain / Groundnut,Maize-wheat,Groundnut,0,0,1,0,0,0,0,0,0,0,0,,0:26.2:33.3 - 120:26.2:33.3,Synthetic - below threshold,irrigation,15.62105155,1.156210515,1.156210515,NA,NA,NA,NA,NA,-8.547008547,0.914529915,0.914529915,NA,NA,NA,Win-Mix,NA,NA,NA,NA,NA,NA,NA,NA,"Low availability of legume varieties and low market prices: ""Poor returns from
 grain legumes due to their low productivity on
 account of non-suitability of varieties and nonremunerative
 prices have been the major factors,
 discouraging cultivation of pulses in India by the
 farmers. This has resulted in no increase in area and
 productivity of pulses in India during the last 3
 decades""","Incorporation of legume residues: ""Incorporation of residues of different legumes in
 intercropping and sole cropping systems added
 variable amounts of N (Table 3), which led to a
 significant influence on the productivity of following
 wheat""","Fertiliser rates - effect of legume on N uptake decreased with increasing fertiliser rates- ""the N contribution from
 legume residues was maximum under no N""",NA,Market prices of legumes (low),,See SuppCalc sheet,,2,2,2,2,2,2,12
296,539,"Sharma A.R., Behera U.K.",2009,Recycling of legume residues for nitrogen economy and higher productivity in maize (Zea mays)-wheat (Triticum aestivum) cropping system,"Sharma, A., Sharma, J. J., Rana, M. C., & Sood, S. (2006). Evaluation of Phaseolus vulgaris as intercrop with vegetables for enhancing productivity system and profitability under high hill dry temperate conditions of north-western Himalayas. Indian Journal of Agricultural Sciences, 76(1), 29-32.",Plot,Quantitative,Experiment (research station),E/M,2002–2004,2,6,5,1,4,1, 2-4, 3-4,Yes,Yes,,India,South Asia,2,"Indian Agricultural Research Institute, New Delhi",Asia,LMIC,28.066667,77.016667,No,NA,Experiment (research station),Researcher-led,Researcher-led,Intercropping,Intercrop,1,0,0,Row,Different fertiliser rates; crop residues incorporated,Fertilizer rates/type,SWC,Grain / Soybean,Maize-wheat,Soybean,0,0,0,0,0,0,0,0,1,0,0,,0:26.2:33.3 - 120:26.2:33.3,Synthetic - below threshold,irrigation,7.541708569,1.075417086,1.075417086,NA,NA,NA,NA,NA,-10.25641026,0.897435897,0.897435897,NA,NA,NA,Win-Mix,NA,NA,NA,NA,NA,NA,NA,NA,"Low availability of legume varieties and low market prices: ""Poor returns from
 grain legumes due to their low productivity on
 account of non-suitability of varieties and nonremunerative
 prices have been the major factors,
 discouraging cultivation of pulses in India by the
 farmers. This has resulted in no increase in area and
 productivity of pulses in India during the last 3
 decades""","Incorporation of legume residues: ""Incorporation of residues of different legumes in
 intercropping and sole cropping systems added
 variable amounts of N (Table 3), which led to a
 significant influence on the productivity of following
 wheat""","Fertiliser rates - effect of legume on N uptake decreased with increasing fertiliser rates- ""the N contribution from
 legume residues was maximum under no N""",NA,Market prices of legumes (low),,See SuppCalc sheet,,2,2,2,2,2,2,12
343,613,"Tetarwal J.P., Rana K.S.",2006,"Impact of cropping system, fertility level and moisture-conservation practice on productivity, nutrient uptake, water use and profitability of pearlmillet (Pennisetum glaucum) under rainfed conditions","Tetarwal, J. P., & Rana, K. S. (2006). Impact of cropping system, fertility level and moisture-conservation practice on productivity, nutrient uptake, water use and profitability of pearlmillet (Pennisetum glaucum) under rainfed conditions. Indian Journal of Agronomy, 51(4), 263-266.",Plot,Quantitative,Experiment (research station),E/M,2003-2004,2,24,12,12,3,1, 2-4, 3-4,Yes,Yes,,India,South Asia,2,"Indian Agricultural Research Institute, New Delhi",Asia,LMIC,28.066667,77.016667,No,NA,Experiment (research station),Researcher-led,Researcher-led,Intercropping,Intercrop,1,0,0,Row,Three fertility levels; four moisture-conservation practices (no mulch vs mulch),Fertilizer rates/type,,Grain / Mothbean,Pearl Millet,Other,0,0,0,0,0,0,0,0,0,0,Mothbean,Mothbean,"0-0-0, 40-20-0, 80-40-0",Synthetic - below threshold,rainfed,11.27819549,1.112781955,1.112781955,NA,NA,NA,NA,NA,12.0101645,1.120101645,1.120101645,NA,NA,NA,Mix-Win,NA,NA,NA,NA,NA,NA,NA,NA,NA,"Conservation agriculture - use of mulch: ""increased productivity of grain and stover with moisture-conservation practices was owing to the use of dust mulch and straw mulch, which helped extend the period of storage of water in soil profile due to reduction in evaporation; as Kaolin reduces transpirational loss of water and FYM increases water-holding capacity of soil.""","Dry conditions (soil moisture stress): ""The intercropping system depleted more moisture from deeper layers than pearlmillet sole. The moisture stress in upper (0-30 cm) soil profile might have compelled roots to go deeper in search of moisture.""",Market price of legume - high compared with cereal,NA,,"Table 1 = food (PEY column, control = pearlmillet sole); water regulation (moisture extraction pattern average of 5 depths); net return (economic wellbeing); natural capital (WUE = water use efficiency)",,2,2,2,1,2,2,11
153,320,"Kuri B.R., Yadav R.S., Kumawat A.",2012,Evaluation of pearl millet (Pennisetum glaucum) and mothbean (Vigna acconitifolia) intercropping systems in hyper arid partially irrigated north-western plains zone,"Kuri, B. R., Yadav, R. S., & Kumawat, A. (2014). Evaluation of pearl millet (Pennisetum glaucum) and mothbean (Vigna acconitifolia) intercropping systems in hyper arid partially irrigated north-western plains zone. Indian Journal of Agricultural Sciences, 82(11), 993-996.",Plot,Quantitative,Experiment (research station),RC ,2008,1,15,11,4,3,1,1, 3-4,Yes,Yes,,India,South Asia,2,"Agronomy Farm, College of Agriculture, Bikaner, Rajasthan",Asia,LMIC,28.094828,73.352658,No,,Experiment (research station),Researcher-led,Researcher-led,Intercropping: Cereal-legume,Intercrop,1,1,0,Row,Existing farmers' practices,Existing farmers' practices,,Grain / Mothbean,Pearl Millet,Other,0,0,0,0,0,0,0,0,0,0,Mothbean,Mothbean,40-20-0,Synthetic - below threshold,irrigation,23.2107438,1.232107438,1.232107438,NA,NA,NA,NA,NA,12.2229439,1.122229439,1.122229439,NA,NA,NA,Win-Mix,NA,NA,NA,NA,NA,NA,NA,NA,NA,Planting pattern (pearl millet/mothbean ratio 1:7 superior),"Dry conditions (low rainfall amount during cropping season, required life-saving irrigation)",Planting pattern (pearl millet/mothbean ratio 1:7 superior),Seed prices: Cost of cultivation higher for intercropping due to higher seed prices for beans compared with cereals,,"Tables: 1=Yield; 2= LER, income, N uptake",,0,1,2,1,2,2,8
316,570,"Singh R.J., Ahlawat I.P.S.",2015,Energy budgeting and carbon footprint of transgenic cotton–wheat production system through peanut intercropping and FYM addition,"Singh, R. J., & Ahlawat, I. P. S. (2015). Energy budgeting and carbon footprint of transgenic cotton-wheat production system through peanut intercropping and FYM addition. Environmental Monitoring and Assessment, 187(5), 16. doi:10.1007/s10661-015-4516-4",Plot,Quantitative,Experiment (research station),E/M,2006-2008,2,12,8,4,3,1, 2-4, 3-4,Yes,Yes,depletion of fossil energy resources and the emission of atmospheric green house gases (GHGs) like carbon dioxide (CO2) to the atmosphere,India,South Asia,2,New Delhi (28°35?N latitude and 77°12? E longitude),Asia,LMIC,28.583333,77.2,No,NA,Experiment (research station),Researcher-led,Researcher-led,Intercropping,Intercrop,1,0,0,Row,Four fertility levels,Fertilizer rates/type,,Grain + Non-Grain / Groundnut,Cotton-Wheat,Groundnut,0,0,1,0,0,0,0,0,0,0,0,,0:0:0 to 150:26:5,Synthetic - below threshold,irrigation,11.826,1.11826,1.1596,NA,NA,1.07692,NA,NA,7.120355467,1.071203555,1.263736264,NA,0.9219448,1.0279296,Mix-Mix,NA,NA,NA,NA,NA,NA,NA,NA,Low peanut market prices; insuitability of peanut varieties to local weather conditions,"Moderate fertilisation (reduced carbon footprint); soil characteristics (greatest NER, PEIN, and NHI were attributed to the better physical, chemical, and biological properties of soil that would have caused greater nutrient uptake and yield, leading to better fertilizer-use efficiencies)","Fertilisation (increasing N rates reduced the impact of intercropping on reducing carbon footprint, and at very high >100kg N rates, no difference in carbon footprint between legume and non-legume treatment)",,"suitability of peanut varieties and low peanut market prices: ""Poor returns from peanut due to its lower productivity on account ofnon-suitability ofvarieties and nonremunerative prices have been the major factors, discouraging cultivation of peanut in South Asian countries by farmers.""",,"Data on yield, labour, material assets from ref 234: Table 6, 7, 8, 9, 10, 11; data on profitability from ref 235 (excluded as it’s the same study); data on productivity, organic carbon, weed regulation from ""Dry Matter Nitrogen Phosphorus and Potassium""","Singh RJ, Ahlawat IPS, Kumar K. 2013. Productivity and Profitability of the Transgenic Cotton–Wheat Production System through Peanut Intercropping and Fym Addition. Experimental Agriculture 49:321-335.",2,2,2,2,2,2,12
249,461,"Paudel B., Chan C., Halbrendt J., Crow S.E., Radovich T.J.K., Norton G.",2016,Bioeconomic optimization of conservation agriculture production systems (CAPS) for smallholder tribal farmers in the hill region of Nepal,"Paudel, B., Chan, C., Halbrendt, J., Crow, S. E., Radovich, T. J. K., & Norton, G. (2016). Bioeconomic optimization of conservation agriculture production systems (CAPS) for smallholder tribal farmers in the hill region of Nepal. Journal of Soil and Water Conservation, 71(2), 103-117. doi:10.2489/jswc.71.2.104",Village,Quantitative + Simulation,Experiment (on farm),RC,2011-2013,3,4,3,1,25,3, 2-4, 11-100,No,No,"poverty, food insecurity",Nepal,South Asia,2,Kholagaun village (hill region),Asia,LMIC,28.628282,82.295692,Yes,"""increase the value of output per area by increasing frequency of cultivation or by increasing inputs""",Experiment (on farm),Farmer-led,Farmer-led,Intercropping: Cereal-legume,Intercrop,1,0,0,Row,Conservation agriculture (strip tillage),Tillage practices,,Grain / Cowpea + Black Gram,Maize,Multiple,0,1,0,0,0,0,0,0,0,0,Black gram,,NA,Unknown,rainfed,16.55689,1.1655689,1.1655689,NA,NA,NA,NA,NA,18.24576514,1.182457651,NA,NA,1,1.364915303,Win-Mix,NA,NA,NA,NA,NA,NA,NA,NA,NA,Conservation agriculture (minimum (strip) tillage)- reduced soil loss,Conservation agriculture (minimum (strip) tillage)- reduced legume yield,NA,Conservation agriculture (minimum (strip) tillage)- increased labour,"The experiment was laid out in a randomized block design with four treatments: 1. Full tillage maize followed by millet sole crop (traditional)
 2. Full tillage maize/legume sole crop (CAPS1)
 3. Full tillage maize/millet + legume intercrop (CAPS2)
 4. Strip tillage maize/millet + legume intercrop (CAPS3)
 Cowpea (2011) and black gram (2012 to
 2014) were the legume crops grown in the on-farm trial.","Values for intercrop are CAPS1; Table 2: crop yields, Table 3: labour, input costs, Table 8: soil formation/loss",,2,2,1,1,2,2,10
252,461,"Paudel B., Chan C., Halbrendt J., Crow S.E., Radovich T.J.K., Norton G.",2016,Bioeconomic optimization of conservation agriculture production systems (CAPS) for smallholder tribal farmers in the hill region of Nepal,"Paudel, B., Chan, C., Halbrendt, J., Crow, S. E., Radovich, T. J. K., & Norton, G. (2016). Bioeconomic optimization of conservation agriculture production systems (CAPS) for smallholder tribal farmers in the hill region of Nepal. Journal of Soil and Water Conservation, 71(2), 103-117. doi:10.2489/jswc.71.2.107",Village,Quantitative + Simulation,Experiment (on farm),RC,2011-2013,3,4,3,1,25,3, 2-4, 11-100,No,No,"poverty, food insecurity",Nepal,South Asia,2,Kholagaun village (hill region),Asia,LMIC,28.628282,82.295692,Yes,"""increase the value of output per area by increasing frequency of cultivation or by increasing inputs""",Experiment (on farm),Farmer-led,Farmer-led,Intercropping: Cereal-legume,Intercrop,1,0,0,Row,Conservation agriculture (strip tillage),Tillage practices,,Grain / Cowpea + Black Gram,Maize-Millet,Multiple,0,1,0,0,0,0,0,0,0,0,Black gram,Millet,NA,Unknown,rainfed,15.78853,1.1578853,1.1578853,NA,NA,NA,NA,NA,-8.161410264,0.918385897,NA,NA,0.991667,0.845104795,Win-Lose,NA,NA,NA,NA,NA,NA,NA,NA,NA,Conservation agriculture (minimum (strip) tillage)- reduced soil loss,Conservation agriculture (minimum (strip) tillage)- reduced legume yield,NA,Conservation agriculture (minimum (strip) tillage)- increased labour,"The experiment was laid out in a randomized block design with four treatments: 1. Full tillage maize followed by millet sole crop (traditional)
 2. Full tillage maize/legume sole crop (CAPS1)
 3. Full tillage maize/millet + legume intercrop (CAPS2)
 4. Strip tillage maize/millet + legume intercrop (CAPS3)
 Cowpea (2011) and black gram (2012 to
 2014) were the legume crops grown in the on-farm trial.","Values for intercrop are CAPS1; Table 2: crop yields, Table 3: labour, input costs, Table 8: soil formation/loss",,2,2,1,1,2,2,10
247,453,"Parihar M.D., Parihar C.M., Nanwal R.K., Singh A.K., Jat S.L., Nayak H.S., Ghasal P.C., Jewlia H.R., Choudhary M., Jat M.L.",2019,Effect of different tillage and residue management practices on crop and water productivity and economics in maize (Zea mays) based rotations,"Parihar, M. D., Parihar, C. M., Nanwal, R. K., Singh, A. K., Jat, S. L., Nayak, H. S., . . . Jat, M. L. (2019). Effect of different tillage and residue management practices on crop and water productivity and economics in maize (Zea mays) based rotations. Indian Journal of Agricultural Sciences, 89(2), 360-366.",Plot,Quantitative,Experiment (research station),E/M,2012-2014,2,12,6,6,1,1, 2-4, 1-2,No,No,,India,South Asia,2,northern India,Asia,LMIC,28.666667,77.2,No,,Experiment (research station),Researcher-led,Researcher-led,Rotation,Rotation,0,0,1,Rotation,Conservation agriculture (6 tillage and crop establishment (TCE) and residue management practices),Conservation ag (residue + tillage),,Grain / Chickpea,Maize,Chickpea,1,0,0,0,0,0,0,0,0,0,0,Wheat,150:60:40,Synthetic - below threshold,irrigation,3.190602,1.03190602,1.03190602,NA,NA,NA,NA,NA,11.1948302,1.111948302,1.132454004,NA,NA,1.0914426,Win-Win,NA,NA,NA,NA,NA,NA,NA,NA,NA,"Conservation agriculture (zero tillage- greater yield; residue retention- greater system productivity (better soil structure, aeration and thermal and moisture regimes)",NA,"Conservation agriculture (zero tillage- greater yield; residue retention- greater system productivity (better soil structure, aeration and thermal and moisture regimes)","Conservation agriculture (zero tillage- greater yield; residue retention- greater system productivity (better soil structure, aeration and thermal and moisture regimes)",NA,"Table 2: food provisioning, water regulation, productivity; Table 3: Additional net income; Table 4: labour costs (variable costs of cultivation) - see SuppCalc",,0,2,1,2,2,2,9
198,410,"Naresh R.K., Singh S.P., Kumar P., Singh B., Singh P.K., Chauhan P., Rathore R.S.",2014,"Sustainability of maize (Zea mays)-wheat (Triticum aestivum) cropping system under legumes intercropping and effect of nitrogen level on light distribution, soil temperature and crop productivity","Naresh, R. K., Singh, S. P., Kumar, P., Singh, B., Singh, P. K., Chauhan, P., & Rathore, R. S. (2014). Sustainability of maize (Zea mays)-wheat (Triticum aestivum) cropping system under legumes intercropping and effect of nitrogen level on light distribution, soil temperature and crop productivity. Indian Journal of Agricultural Sciences, 84(6), 695-701.",Field,Quantitative,Experiment (research station),RC,2008-2011,3,6,4,2,3,1, 2-4, 3-4,Yes,Yes,Limited access to fertilisers: most of the maize is produced in the rainy season where transportation of fertilizer is costly and most farmers do not have the cash available to buy fertilizers.,India,South Asia,2,"Sardar Vallabhbhai Patel University of Agriculture and Technology, Meerut (Uttar Pradesh)",Asia,LMIC,29.074154,77.707275,No,,Experiment (research station),Researcher-led,Researcher-led,Intercropping: Cereal-legume (maize + wheat),Intercrop,1,1,0,Inter-row,Different fertiliser regimes + existing farmers practices,Fertilizer rates/type, best management practices,Grain / Black gram,Maize-wheat,Mungbean/Black gram,0,0,0,0,0,0,0,0,0,0,Black gram,0,"80-60-0, 120-60-0, 160-60-0",Synthetic - below threshold,irrigation,9.4459761,1.094459761,1.094459761,NA,NA,NA,NA,NA,3.90625,1.0390625,1.0390625,NA,NA,NA,Mix-Win,NA,NA,NA,NA,NA,NA,NA,NA,NA,NA,Limited access to fertilisers by farmers,NA,NA,"Two types of intercropping were tested, one where blackgramed was sowed in a 2:2 row ratio on 30/90 cm wide beds and one in a 1:1 row ratio on 30/30 cm flat beds.",Supporting calculation; Table 3 (Yield / income/ carbon) Figure 2 (soil moisture); Table 4 (N soil balance) ,,2,2,2,2,2,2,12
199,410,"Naresh R.K., Singh S.P., Kumar P., Singh B., Singh P.K., Chauhan P., Rathore R.S.",2014,"Sustainability of maize (Zea mays)-wheat (Triticum aestivum) cropping system under legumes intercropping and effect of nitrogen level on light distribution, soil temperature and crop productivity","Naresh, R. K., Singh, S. P., Kumar, P., Singh, B., Singh, P. K., Chauhan, P., & Rathore, R. S. (2014). Sustainability of maize (Zea mays)-wheat (Triticum aestivum) cropping system under legumes intercropping and effect of nitrogen level on light distribution, soil temperature and crop productivity. Indian Journal of Agricultural Sciences, 84(6), 695-701.",Field,Quantitative,Experiment (research station),RC,2008-2011,3,6,4,2,3,1, 2-4, 3-4,Yes,Yes,Limited access to fertilisers: most of the maize is produced in the rainy season where transportation of fertilizer is costly and most farmers do not have the cash available to buy fertilizers.,India,South Asia,2,"Sardar Vallabhbhai Patel University of Agriculture and Technology, Meerut (Uttar Pradesh)",Asia,LMIC,29.074154,77.707275,No,,Experiment (research station),Researcher-led,Researcher-led,Intercropping: Cereal-legume (maize + wheat),Intercrop,1,1,0,Inter-row,Different fertiliser regimes + existing farmers practices,Fertilizer rates/type, best management practices,Grain / Cowpea,Maize-wheat,Cowpea,0,1,0,0,0,0,0,0,0,0,0,0,"80-60-0, 120-60-0, 160-60-0",Synthetic - below threshold,irrigation,10.7785217,1.107785217,1.107785217,NA,NA,NA,NA,NA,4.6875,1.046875,1.046875,NA,NA,NA,Mix-Win,NA,NA,NA,NA,NA,NA,NA,NA,NA,NA,Limited access to fertilisers by farmers,NA,NA,Cowpea was sowed in a 2:2 row ratio on 30/90 cm wide beds only.,Supporting calculation; Table 3 (Yield / income/ carbon) Figure 2 (soil moisture); Table 4 (N soil balance) ,,2,2,2,2,2,2,12
200,410,"Naresh R.K., Singh S.P., Kumar P., Singh B., Singh P.K., Chauhan P., Rathore R.S.",2014,"Sustainability of maize (Zea mays)-wheat (Triticum aestivum) cropping system under legumes intercropping and effect of nitrogen level on light distribution, soil temperature and crop productivity","Naresh, R. K., Singh, S. P., Kumar, P., Singh, B., Singh, P. K., Chauhan, P., & Rathore, R. S. (2014). Sustainability of maize (Zea mays)-wheat (Triticum aestivum) cropping system under legumes intercropping and effect of nitrogen level on light distribution, soil temperature and crop productivity. Indian Journal of Agricultural Sciences, 84(6), 695-701.",Field,Quantitative,Experiment (research station),RC,2008-2011,3,6,4,2,3,1, 2-4, 3-4,Yes,Yes,Limited access to fertilisers: most of the maize is produced in the rainy season where transportation of fertilizer is costly and most farmers do not have the cash available to buy fertilizers.,India,South Asia,2,"Sardar Vallabhbhai Patel University of Agriculture and Technology, Meerut (Uttar Pradesh)",Asia,LMIC,29.074154,77.707275,No,,Experiment (research station),Researcher-led,Researcher-led,Intercropping: Cereal-legume (maize + wheat),Intercrop,1,1,0,Inter-row,Different fertiliser regimes + existing farmers practices,Fertilizer rates/type, best management practices,Grain / Pigeonpea,Maize-wheat,Pigeonpea,0,0,0,0,0,1,0,0,0,0,0,0,"80-60-0, 120-60-0, 160-60-0",Synthetic - below threshold,irrigation,3.5972168,1.035972168,1.035972168,NA,NA,NA,NA,NA,3.125,1.03125,1.03125,NA,NA,NA,Mix-Win,NA,NA,NA,NA,NA,NA,NA,NA,NA,NA,Limited access to fertilisers by farmers,NA,NA,Pigeonpea was sowed in a 1:1 row ratio on 30/30 cm flat beds only.,Supporting calculation; Table 3 (Yield / income/ carbon) Figure 2 (soil moisture); Table 4 (N soil balance) ,,2,2,2,2,2,2,12
300,546,"Sharma S.K., Singh J.",2014,Productivity and economics of castor (Ricinus communis) - based intercropping systems under rainfed conditions,"Sharma, S. K., & Singh, J. (2014). Productivity and economics of castor (Ricinus communis) - based intercropping systems under rainfed conditions. Indian Journal of Agricultural Sciences, 84(3), 432-435.",Plot,Quantitative,Experiment (research station),E/M,2006-2009,4,14,8,6,3,1, 2-4, 3-4,Yes,Yes,,India,South Asia,2,"Chaudary Charan Sing Haryana Agricultural University, Hisar",Asia,LMIC,29.15017,75.704463,No,NA,Experiment (research station),Researcher-led,Researcher-led,Intercropping,Intercrop,1,1,0,Row,Different intercrop spacings and rows,Varied spacing/timing,,Non-Grain / Mungbean,Castor,Mungbean,0,0,0,0,1,0,0,0,0,0,0,Pearl millet,40-20-0,Synthetic - below threshold,rainfed,25.92927,1.2592927,1.6237854,NA,NA,NA,0.8948,NA,522.965313,6.22965313,6.22965313,NA,NA,NA,Mix-Win,NA,NA,NA,NA,NA,NA,NA,NA,NA,Type of legume (greengram superior to other intercrops); row spacing had no significant effect,"Fast growth of castor compared with slower growth of legumes, especially moth bean and clusterbean (competition for resources)",High market prices for legumes,NA,,See SuppCalc sheet ,,2,2,2,2,2,2,12
301,546,"Sharma S.K., Singh J.",2014,Productivity and economics of castor (Ricinus communis) - based intercropping systems under rainfed conditions,"Sharma, S. K., & Singh, J. (2014). Productivity and economics of castor (Ricinus communis) - based intercropping systems under rainfed conditions. Indian Journal of Agricultural Sciences, 84(3), 432-435.",Plot,Quantitative,Experiment (research station),E/M,2006-2009,4,14,8,6,3,1, 2-4, 3-4,Yes,Yes,,India,South Asia,2,"Chaudary Charan Sing Haryana Agricultural University, Hisar",Asia,LMIC,29.15017,75.704463,No,NA,Experiment (research station),Researcher-led,Researcher-led,Intercropping,Intercrop,1,1,0,Row,Different intercrop spacings and rows,Varied spacing/timing,,Non-Grain / Mothbean,Castor,Other,0,0,0,0,0,0,0,0,0,0,Moth bean,Pearl millet,40-20-0,Synthetic - below threshold,rainfed,12.33113,1.1233113,1.3704226,NA,NA,NA,0.8762,NA,262.222899,3.62222899,3.62222899,NA,NA,NA,Mix-Win,NA,NA,NA,NA,NA,NA,NA,NA,NA,Type of legume (greengram superior to other intercrops); row spacing had no significant effect,"Fast growth of castor compared with slower growth of legumes, especially moth bean and clusterbean (competition for resources)",High market prices for legumes,NA,,See SuppCalc sheet ,,2,2,2,2,2,2,12
302,546,"Sharma S.K., Singh J.",2014,Productivity and economics of castor (Ricinus communis) - based intercropping systems under rainfed conditions,"Sharma, S. K., & Singh, J. (2014). Productivity and economics of castor (Ricinus communis) - based intercropping systems under rainfed conditions. Indian Journal of Agricultural Sciences, 84(3), 432-435.",Plot,Quantitative,Experiment (research station),E/M,2006-2009,4,14,8,6,3,1, 2-4, 3-4,Yes,Yes,,India,South Asia,2,"Chaudary Charan Sing Haryana Agricultural University, Hisar",Asia,LMIC,29.15017,75.704463,No,NA,Experiment (research station),Researcher-led,Researcher-led,Intercropping,Intercrop,1,1,0,Row,Different intercrop spacings and rows,Varied spacing/timing,,Non-Grain / Clusterbean,Castor,Other,0,0,0,0,0,0,0,0,0,0,clusterbean,Pearl millet,40-20-0,Synthetic - below threshold,rainfed,6.781655,1.06781655,1.3026331,NA,NA,NA,0.833,NA,202.822351,3.02822351,3.02822351,NA,NA,NA,Mix-Win,NA,NA,NA,NA,NA,NA,NA,NA,NA,Type of legume (greengram superior to other intercrops); row spacing had no significant effect,"Fast growth of castor compared with slower growth of legumes, especially moth bean and clusterbean (competition for resources)",High market prices for legumes,NA,,See SuppCalc sheet ,,2,2,2,2,2,2,12
303,546,"Sharma S.K., Singh J.",2014,Productivity and economics of castor (Ricinus communis) - based intercropping systems under rainfed conditions,"Sharma, S. K., & Singh, J. (2014). Productivity and economics of castor (Ricinus communis) - based intercropping systems under rainfed conditions. Indian Journal of Agricultural Sciences, 84(3), 432-435.",Plot,Quantitative,Experiment (research station),E/M,2006-2009,4,14,8,6,3,1, 2-4, 3-4,Yes,Yes,,India,South Asia,2,"Chaudary Charan Sing Haryana Agricultural University, Hisar",Asia,LMIC,29.15017,75.704463,No,NA,Experiment (research station),Researcher-led,Researcher-led,Intercropping,Intercrop,1,1,0,Row,Different intercrop spacings and rows,Varied spacing/timing,,Non-Grain / Cowpea,Castor,Cowpea,0,1,0,0,0,0,0,0,0,0,0,Pearl millet,40-20-0,Synthetic - below threshold,rainfed,4.00127,1.0400127,1.3273254,NA,NA,NA,0.7527,NA,223.269276,3.23269276,3.23269276,NA,NA,NA,Mix-Win,NA,NA,NA,NA,NA,NA,NA,NA,NA,Type of legume (greengram superior to other intercrops); row spacing had no significant effect,"Fast growth of castor compared with slower growth of legumes, especially moth bean and clusterbean (competition for resources)",High market prices for legumes,NA,,See SuppCalc sheet ,,2,2,2,2,2,2,12
307,563,"Singh B., Dhaka A.K., Kumar S., Singh S., Kumar M.",2017,"Land, biological and economic evaluation of intercropping systems involving barley (Hordeum vulgare), Indian mustard (Brassica juncea) and chickpea (Cicer arietinum) under different spatial arrangements","Singh, B., Dhaka, A. K., Kumar, S., Singh, S., & Kumar, M. (2017). Land, biological and economic evaluation of intercropping systems involving barley (Hordeum vulgare), Indian mustard (Brassica juncea) and chickpea (Cicer arietinum) under different spatial arrangements. Indian Journal of Agronomy, 62(4), 443-450.",Plot,Quantitative,Experiment (research station),E/M,2011-2013,2,9,3,6,3,1, 2-4, 3-4,Yes,Yes,"poverty, population growth, hunger",India,South Asia,2,"Chaudary Charan Sing Haryana Agricultural University, Hisar",Asia,LMIC,29.15017,75.704463,No,NA,Experiment (research station),Researcher-led,Researcher-led,Intercropping,Intercrop,1,1,0,Row,Different intercrop spacings,Varied spacing/timing,,Grain / Chickpea,Barley,Chickpea,1,0,0,0,0,0,0,0,0,0,0,Indian mustard,2.520833333,Synthetic - below threshold,irrigation,-10.32571033,0.896742897,0.896742897,NA,NA,NA,NA,NA,1.737756714,1.017377567,1.017377567,NA,NA,NA,Mix-Win,NA,NA,NA,NA,NA,NA,NA,NA,NA,Row spacing of intercrops,Choice of main crop (barley outcompetes legumes compared with other cereals),Row spacing of intercrops,Choice of main crop (barley outcompetes legumes compared with other cereals),,"Table 1, Table 2, Table 4",,2,2,2,1,2,2,11
319,577,"Singh V.P., Singh V.K.",2001,Productivity potential and economics of maize (Zea mays) and soybean (Glycine max) intercroping patterns under rainfed low hill or valley situation of Uttaranchal,"Singh, U., Singh, S. R., Saad, A. A., Khanday, B. A., & Singh, J. K. (2011). Yield advantage, reciprosity functions and energy budgeting of lentil (Lens culinaris) + oat (Avena sativa) intercropping under varying row ratio and phosphorus management. Indian Journal of Agricultural Sciences, 81(3), 219-225.",Plot,Quantitative,Experiment (research station),E/M,1993-1995,3,7,5,2,4,1, 2-4, 3-4,Yes,Yes,,India,South Asia,2,Majhera,Asia,LMIC,29.54792521,79.46481172,No,NA,Experiment (research station),Researcher-led,Researcher-led,Intercropping,Intercrop,1,1,0,Row,Different intercrop spacings,Varied spacing/timing,,Grain / Soybean,Maize,Soybean,0,0,0,0,0,0,0,0,1,0,0,,90:60:40,Synthetic - below threshold,rainfed,30.59259259,1.305925926,1.305925926,NA,NA,NA,NA,NA,59.51388889,1.595138889,1.595138889,NA,NA,NA,Win-Win,NA,NA,NA,NA,NA,NA,NA,NA,NA,Row spacing of intercrops,Row spacing of intercrops,Row spacing of intercrops,Row spacing of intercrops,,"Food (maize equivalent yield) = Table 1 (last column; control = sole maize, treatments = paired maize+ soybean and maize + soybean); economic wellbeing (profit) = Table 2 (net return pooled column, control = sole maize)",,2,2,2,1,2,2,11
353,626,"Tripathi S.C., Singh R.P.",2008,Effect of crop diversification on productivity and profitability of rice (Oryza sativa) - Wheat (triticum aestivum) cropping system,"Tripathi, S. C., & Singh, R. P. (2008). Effect of crop diversification on productivity and profitability of rice (Oryza sativa) - Wheat (triticum aestivum) cropping system. Indian Journal of Agronomy, 53(1), 27-31.",Plot,Quantitative,Experiment (research station),E/M,2000-2006,6,8,2,6,4,1, 5-10, 3-4,Yes,Yes,,India,South Asia,2,Karnal (Directorate of Wheat Research),Asia,LMIC,29.703535,76.992882,No,NA,Experiment (research station),Researcher-led,Researcher-led,Rotation,Rotation,1,0,0,Rotation,Existing farmers' practices,Existing farmers' practices,,Grain / Pigeonpea,Rice-wheat,Pigeonpea,0,0,0,0,0,1,0,0,0,0,0,,"""Recommended doses""",Synthetic - below threshold,irrigation,2.849958089,1.028499581,1.028499581,NA,NA,NA,NA,NA,34.42622951,1.344262295,1.344262295,NA,NA,NA,Win-Win,NA,NA,NA,NA,NA,NA,NA,NA,NA,"Soil: low organic C content; Residue incorporation: ""Greengram and vegetable pea residues were incorporated into the soil after picking of pods""",NA,NA,NA,,"Table 2 = yield (control= rice-wheat-rice -wheat- rice- wheat, treatment = piigeonpea-wheat - rice -wheat - rice- wheat)- ""Pooled"" column of ""Wheat equivalent yield""; Weeds (""Dry weight of weeds in wheat""); Organic C (average of 0-15cm and 15-30cm); Net returns; LUE (natural capital)",,2,2,2,1,2,2,11
354,626,"Tripathi S.C., Singh R.P.",2008,Effect of crop diversification on productivity and profitability of rice (Oryza sativa) - Wheat (triticum aestivum) cropping system,"Tripathi, S. C., & Singh, R. P. (2008). Effect of crop diversification on productivity and profitability of rice (Oryza sativa) - Wheat (triticum aestivum) cropping system. Indian Journal of Agronomy, 53(1), 27-31.",Plot,Quantitative,Experiment (research station),E/M,2000-2006,6,8,2,6,4,1, 5-10, 3-4,Yes,Yes,,India,South Asia,2,Karnal (Directorate of Wheat Research),Asia,LMIC,29.703535,76.992882,No,NA,Experiment (research station),Researcher-led,Researcher-led,Rotation,Rotation,1,0,0,Rotation,Existing farmers' practices,Existing farmers' practices,,Grain / Mungbean + Pea,Rice-wheat,Multiple,0,0,0,0,1,0,0,0,0,1,Vegetable pea,Vegetable pea,"""Recommended doses""",Synthetic - below threshold,irrigation,27.91282481,1.279128248,1.279128248,NA,NA,NA,NA,NA,38.93442623,1.389344262,1.389344262,NA,NA,NA,Win-Win,NA,NA,NA,NA,NA,NA,NA,NA,NA,"Soil: low organic C content; Residue incorporation: ""Greengram and vegetable pea residues were incorporated into the soil after picking of pods""",NA,NA,NA,,"Table 2 = yield (control= rice-wheat-rice -wheat- rice- wheat, treatment = piigeonpea-wheat - rice -wheat - rice- wheat)- ""Pooled"" column of ""Wheat equivalent yield""; Weeds (""Dry weight of weeds in wheat""); Organic C (average of 0-15cm and 15-30cm); Net returns; LUE (natural capital)",,2,2,2,1,2,2,11
53,99,"Chauhan D.S., Sharma R.K., Kharub A.S., Tripathi S.C., Chhokar R.S.",2001,"Effect of crop intensification on productivity, profitability, energetics and soil fertility in rice (Oryza sativa)-wheat (Triticum aestivum) cropping system of north-western plains","Chauhan, D. S., Sharma, R. K., Kharub, A. S., Tripathi, S. C., & Chhokar, R. S. (2001). Effect of crop intensification on productivity, profitability, energetics and soil fertility in rice (Oryza sativa)-wheat (Triticum aestivum) cropping system of north-western plains. Indian Journal of Agricultural Sciences, 71(5), 299-302.",Plot,Quantitative,Experiment (research station),E/M,1996-2000,4,7,3,4,3,1, 2-4, 3-4,Yes,Yes,,India,South Asia,2,"Directorate of Wheat Research, Karnal",Asia,LMIC,29.705298,76.991967,Yes,"""crop intensification options by introduction of vegetable pea or potato, with objective to maximize production, land use and economic efficiences of the system""",Experiment (research station),Researcher-led,Researcher-led,Rotation,Rotation,1,0,0,Rotation,Existing farmers' practices,Existing farmers' practices,,Grain / Pea,Rice-Wheat,Pea,0,0,0,0,0,0,0,0,0,1,0,"Potato, Prickly sesban (green manure)",0-0-0,No synthetic,irrigation,41.898527,1.41898527,1.41898527,NA,NA,NA,NA,NA,28.7423155,1.287423155,1.287423155,NA,NA,NA,Win-Mix,NA,NA,NA,NA,NA,NA,NA,NA,NA,NA,NA,NA,NA,NA,NA,,2,2,2,1,2,2,11
54,99,"Chauhan D.S., Sharma R.K., Kharub A.S., Tripathi S.C., Chhokar R.S.",2001,"Effect of crop intensification on productivity, profitability, energetics and soil fertility in rice (Oryza sativa)-wheat (Triticum aestivum) cropping system of north-western plains","Chauhan, D. S., Sharma, R. K., Kharub, A. S., Tripathi, S. C., & Chhokar, R. S. (2001). Effect of crop intensification on productivity, profitability, energetics and soil fertility in rice (Oryza sativa)-wheat (Triticum aestivum) cropping system of north-western plains. Indian Journal of Agricultural Sciences, 71(5), 299-302.",Plot,Quantitative,Experiment (research station),E/M,1996-2000,4,7,3,4,3,1, 2-4, 3-4,Yes,Yes,,India,South Asia,2,"Directorate of Wheat Research, Karnal",Asia,LMIC,29.705298,76.991967,Yes,"""crop intensification options by introduction of vegetable pea or potato, with objective to maximize production, land use and economic efficiences of the system""",Experiment (research station),Researcher-led,Researcher-led,Rotation,Rotation,1,0,0,Rotation,Existing farmers' practices,Existing farmers' practices,,Grain / Mungbean,Rice-Wheat,Mungbean,0,0,0,0,1,0,0,0,0,0,0,"Potato, Prickly sesban (green manure)",0-0-0,No synthetic,irrigation,8.919804,1.08919804,1.08919804,NA,NA,NA,NA,NA,6.3626177,1.063626177,1.063626177,NA,NA,NA,Mix-Mix,NA,NA,NA,NA,NA,NA,NA,NA,NA,NA,NA,NA,NA,NA,NA,,2,2,2,1,2,2,11
125,258,"Jat R.D., Jat H.S., Nanwal R.K., Yadav A.K., Bana A., Choudhary K.M., Kakraliya S.K., Sutaliya J.M., Sapkota T.B., Jat M.L.",2018,Conservation agriculture and precision nutrient management practices in maize-wheat system: Effects on crop and water productivity and economic profitability,"Jat, R. D., Jat, H. S., Nanwal, R. K., Yadav, A. K., Bana, A., Choudhary, K. M., . . . Jat, M. L. (2018). Conservation agriculture and precision nutrient management practices in maize-wheat system: Effects on crop and water productivity and economic profitability. Field Crops Research, 222, 111-120. doi:10.1016/j.fcr.2018.03.025",Farm,Quantitative,Experiment (on farm),RC,2012-2015,3,4,2,2,3,1, 2-4, 3-4,No,No,Water scarcity,India,South Asia,2,"Taraori village, district Karnal, Haryana",Asia,LMIC,29.808333,76.921111,No,,Experiment (on farm),Farmer-led,Farmer-led,Intercropping: Cereal-legume,Intercrop,1,0,0,Mixed,Conservation agriculture (reduced tillage + residue management) + Site-specific nutrient management,Conservation ag (residue + tillage),,Grain / Mungbean,Maize-Wheat,Mungbean,0,0,0,0,1,0,0,0,0,0,0,,150-60-60,Synthetic - below threshold,irrigation,20.427,1.20427,1.20427,NA,NA,NA,NA,NA,17.76,1.1776,1.1776,NA,NA,NA,Win-Win,NA,NA,NA,NA,NA,NA,Yes: increased water use (for irrigation) when introducing legumes (bad) but increased water use efficiency (good),NA,NA,Soil quality (history of legume intercropping - cumulative improvement in soil health over years intercropped),NA,NA,NA,NA,"See SuppCalc sheet- Tables 2 (NPK), 5(yield) 7(H2O use efficiency) 8 (income)",,2,2,2,2,2,2,12
258,495,"Ranjan R., Sharma N.K., Kumar A., Pramanik M., Mehta H., Ojasvi P.R., Yadav R.S.",2021,"Evaluation of maize-based intercropping on runoff, soil loss, and yield in foothills of the Indian sub-Himalayas","Ranjan, R., Sharma, N. K., Kumar, A., Pramanik, M., Mehta, H., Ojasvi, P. R., & Yadav, R. S. (2021). Evaluation of maize-based intercropping on runoff, soil loss, and yield in foothills of the Indian sub-Himalayas. Experimental Agriculture, 57(2), 69-84. doi:10.1017/s0014479721000053",Plot,Quantitative,Experiment (research station),E/M,2012-2014,3,4,2,2,3,1, 2-4, 3-4,Yes,Yes,soil degradation and extreme weather,India,South Asia,2,Dehradun (ICAR Research Farm),Asia,LMIC,30.35132725,77.87025219,No,,Experiment (research station),Researcher-led,Researcher-led,Intercropping: Cereal-legume,Intercrop,1,0,0,Row,Plastic mulch,SWC,,Grain / Cowpea,Maize,Cowpea,0,1,0,0,0,0,0,0,0,0,0,,64:46:60,Synthetic - below threshold,rainfed,30.93894532,1.309389453,1.474922326,1.143856581,NA,NA,NA,NA,40.32081457,1.403208146,2.261437908,NA,0.974093264,0.974093264,Win-Mix,NA,NA,NA,NA,NA,NA,NA,NA,NA,Weather- Optimum and well-distributed rainfall; Weed supression by legume,Weather- Excessive and incessant rainfall,NA,NA,,"Suplementary material, Table S1-yield, Table S2-water, Table3-economics,Table S3- soil loss, runoff",,2,2,2,2,2,2,12
259,495,"Ranjan R., Sharma N.K., Kumar A., Pramanik M., Mehta H., Ojasvi P.R., Yadav R.S.",2021,"Evaluation of maize-based intercropping on runoff, soil loss, and yield in foothills of the Indian sub-Himalayas","Ranjan, R., Sharma, N. K., Kumar, A., Pramanik, M., Mehta, H., Ojasvi, P. R., & Yadav, R. S. (2021). Evaluation of maize-based intercropping on runoff, soil loss, and yield in foothills of the Indian sub-Himalayas. Experimental Agriculture, 57(2), 69-84. doi:10.1017/s0014479721000054",Plot,Quantitative,Experiment (research station),E/M,2012-2014,3,4,2,2,3,1, 2-4, 3-4,Yes,Yes,soil degradation and extreme weather,India,South Asia,2,Dehradun (ICAR Research Farm),Asia,LMIC,30.35132725,77.87025219,No,,Experiment (research station),Researcher-led,Researcher-led,Intercropping: Cereal-legume,Intercrop,1,0,0,Row,Plastic mulch,SWC,,Grain / Soybean,Maize,Soybean,0,0,0,0,0,0,0,0,1,0,0,,64:46:60,Synthetic - below threshold,rainfed,16.64902513,1.166490251,1.250776742,1.08220376,NA,NA,NA,NA,23.54521544,1.235452154,1.758169935,NA,0.974093264,0.974093264,Win-Mix,NA,NA,NA,NA,NA,NA,NA,NA,NA,Weather- Optimum and well-distributed rainfall,Weather- Excessive and incessant rainfall,NA,NA,,"Suplementary material, Table S1-yield, Table S2-water, Table3-economics,Table S3- soil loss, runoff",,2,2,2,2,2,2,12
133,278,"Kaur N., Bhullar M.S., Gill G.",2015,Weed management options for sugarcane-vegetable intercropping systems in north-western India,"Kaur, N., Bhullar, M. S., & Gill, G. (2015). Weed management options for sugarcane-vegetable intercropping systems in north-western India. Crop Protection, 74, 18-23. doi:10.1016/j.cropro.2015.03.025",Plot,Quantitative,Experiment (research station),E/M,2010-2012,2,4,1,3,3,1, 2-4, 3-4,Yes,Yes,,India,South Asia,2,"Punjab Agricultural University, Ludhiana",Asia,LMIC,30.905,75.806,No,"""Intercropping has the potential to increase productivity, monetary returns, and resource utilization""",Experiment (research station),Researcher-led,Researcher-led,Intercropping: Cane-legume,Intercrop,1,0,0,Row,Weed control treatments (herbicide vs hand pulling vs none),Weed/pest management,,Non-Grain / Pea,Sugarcane,Pea,0,0,0,0,0,0,0,0,0,1,0,"Cabbage, Garlic",Sugarcane: 255-0-0 Peas: 35-25-0,Synthetic - above threshold,rainfed,51.256227,1.51256227,1.51256227,NA,NA,NA,NA,NA,87.7427184,1.877427184,1.877427184,NA,NA,NA,Win-Mix,NA,NA,NA,NA,NA,NA,NA,NA,NA,"Use of pre-herbicides to reduce early crop-weed competition (""Effective control of weeds with herbicides reduced competitive effect of weeds and significantly increased the yield of peas, cabbage and garlic as compared to the weedy check...pea yields tend to be sensitive to early competition and a delay in weed removal beyond two weeks after pea emergence can reduce yields.""); Crop selection to ensure resource complementarity between intercrops: ""resource complementarity minimizes the niche overlap and competition between crop species, and permits crops to capture a greater range and quantity of resources than the sole crops""","Weed control during crop growth: ""weed control treatments imposed in the intercropping phase may not have influenced yield parameters and yield of sugarcane""",High legume market price compared to cane,NA,"""selection of crops that differ in competitive ability in time or space is essential for an efficient intercropping system""",Tables: 1 (weed regulation) 3 (yield/income) ,,2,2,2,2,2,2,12
57,104,"Choudhary R., Singh P., Sidhu H.S., Nandal D.P., Jat H.S., Yadvinder-Singh, Jat M.L.",2016,Evaluation of tillage and crop establishment methods integrated with relay seeding of wheat and mungbean for sustainable intensification of cotton-wheat system in South Asia,"Choudhary, R., Singh, P., Sidhu, H. S., Nandal, D. P., Jat, H. S., Yadvinder, S., & Jat, M. L. (2016). Evaluation of tillage and crop establishment methods integrated with relay seeding of wheat and mungbean for sustainable intensification of cotton-wheat system in South Asia. Field Crops Research, 199, 31-41. doi:10.1016/j.fcr.2016.08.011",Plot,Quantitative,Experiment (research station),E/M,2013-2015,2,7,1,6,4,1, 2-4, 3-4,No,No,,India,South Asia,2,"Borlaug Institute for South Asia (BISA), Ladhowal Punjab",Asia,LMIC,30.99193112,75.73629898,Yes,"""increasing yields""",Experiment (research station),Researcher-led,Researcher-led,Rotation,Rotation,1,0,0,Rotation,Conservation agriculture (permanent beds),Tillage practices,,Grain + Non-Grain / Mungbean,Cotton-Wheat,Mungbean,0,0,0,0,1,0,0,0,0,0,0,,150-30-25,Synthetic - below threshold,irrigation,13.712647,1.13712647,1.32561294,NA,NA,0.94864,NA,NA,22.61050053,1.226105005,1.315287836,NA,1.136922175,NA,Win-Mix,NA,NA,NA,NA,NA,NA,NA,NA,NA,"Low labour/machinery costs: ""Maximum net returns associated with PBB and PBBc + MB in wheat and CW system were due to lower labour and machinery costs for tillage and irrigation and higher wheat and MB yields compared to CT and PBBc""; Access to water (irrigation); Complementary crop planting ""did not decrease seed cotton yield because both MB and cotton have different growth habits and there seems be minimum competition for solar radiation, soil water and nutrients""; Planting arrangement (permanent raised beds): ""irrigation water requirement in cotton under PBBc + MB plots was lower than PBBc plots due to application of water to cotton in alternate furrows""","Monsoon rains causing decomposition of residue prior to planting cotton/wheat and less mulch available: ""no yield advantage of MB residue retention in cotton under PBBc + MB compared to PBBc. Possibly, by the time MB residue was recycled as mulch, cotton crop was already 2-month old and monsoon rains arrived, which eclipsed any positive effects of the residue in cotton""; high input fertiliser: ""mungbean residue retention did not affect wheat yield under PBBc + MB plots. This may be because wheat already received optimum fertilizer doses and additional nutrients released during the MB residue decomposition did not improve the yield further""; short-term study",,"Extreme temperature (lower and higher than average); ""in many other irrigated areas of world planting of different crops on the raised bed planting system produced higher yields, used less irrigation water and increased WPI compared to CT on the flats using flood irrigation """,,NA,,2,2,2,2,2,2,12
355,631,"ul Haq M.I., Ahmad R., Jabbar A., Khalid M.",2018,The effect of different planting techniques on productivity and profitability of barley-lentil intercrops under semi-arid subtropical climate,"ul Haq, M. I., Ahmad, R., Jabbar, A., & Khalid, M. (2018). The effect of different planting techniques on productivity and profitability of barley-lentil intercrops under semi-arid subtropical climate. International Journal of Agriculture and Biology, 20(11), 2437-2445. doi:10.17957/IJAB/15.0787",Plot,Quantitative,Experiment (research station),E/M,2014-2015,2,10,4,6,1,1, 2-4, 1-2,Yes,Yes,"Yield stagnations, pest and pathogen accumulation, soil degradation, and environmental deterioration",Pakistan,South Asia,2,"Agronomic Research Area, University of Agriculture, Faisalabad",Asia,LMIC,31.333333,73.083333,No,NA,Experiment (research station),Researcher-led,Researcher-led,Intercropping,Intercrop,1,1,0,Strip,Raised beds vs no beds,SWC,,Grain / Lentil,Barley,Lentil,0,0,0,1,0,0,0,0,0,0,0,,50-50-0,Synthetic - below threshold,irrigation,13.89157,1.1389157,1.1389157,NA,NA,NA,NA,NA,217.7909763,3.177909763,3.177909763,NA,NA,NA,Win-Mix,NA,NA,NA,NA,NA,NA,NA,"Profitability, Water saving",NA,Spatial/topological arrangements of intercrop/Planting geometries: Higher density plantings (more rows) led to higher grain yield,NA,"Spatial/topological arrangements of intercrop/Planting geometries: Affected land and water use efficiency ""Different planting geometries markedly differed for irrigation water use efficiency during both years"", higher densities led to higher profits; Conservation agriculture: ""Raised bed planting geometry caused substantial saving of irrigation water over flat irrigation system.""",NA,,See SuppCalc Sheet,,0,2,2,2,2,2,10
11,14,"Akhtar M., Yaqub M., Iqbal Z., Ashraf M.Y., Akhter J., Hussain F.",2010,Improvement in yield and nutrient uptake by cocropping of wheat and chickpea,"Akhtar, M., Yaqub, M., Iqbal, Z., Ashraf, M. Y., Akhter, J., & Hussain, F. (2010). Improvement in yield and nutrient uptake by cocropping of wheat and chickpea. Pakistan Journal of Botany, 42(6), 4043-4049.",Plot,Quantitative,Experiment (research station),E/M,NA,1,8,4,4,1,1,1, 1-2,Yes,Yes,Land and water degradation,Pakistan,South Asia,2,Faisalabad,Asia,LMIC,31.427721,73.066528,No,,Experiment (research station),Researcher-led,Researcher-led,Intercropping: Cereal-legume,Intercrop,0,0,0,Row,Seed improvement (cereal cultivar diversification),Seed improvement,,Grain / Chickpea,Wheat,Faba bean,1,0,0,0,0,0,0,0,0,0,0,,0-0-0,No synthetic,rainfed,25.8,1.258,1.258,NA,NA,NA,NA,NA,99.2,1.992,1.992,NA,NA,NA,Win-Win,NA,NA,NA,NA,NA,NA,"Yes (cereal yield vs total/cumulative grain yield: ""the yield/grain value of wheat cultivars reduced in co-cropped because of land was partially occupied by the associated chickpea, however, the commulative grain value of both the component crops was increased two fold over the value of wheat grown as pure crop stand"")",NA,NA,soil was initially enriched by incorporating the biomass of knee high sesbania + maiza and mungbean + maize during the last two years,NA,NA,NA,"Notes that studies who only focus on yield of cereal crop underestimate benefits - ""in co-cropping system, the cummulative/total yield of both the component crops (wheat & chickpea) is required to be considered""",NA,,0,1,1,1,1,1,5
374,709,"Zhang X, Chen T, Qi YK, et al",2022,Optimization of Rice-Based Double-Cropping System with Conservation Practice Mitigates Carbon Emission While Ensuring Profitability,"Zhang, X., Chen, T., Qi, Y. K., Yang, R. P., Deng, A. X., Wang, T. S., . . . Zhang, W. J. (2022). Optimization of Rice-Based Double-Cropping System with Conservation Practice Mitigates Carbon Emission While Ensuring Profitability. Agronomy-Basel, 12(4), 13. doi:10.3390/agronomy12040924",Plot,Quantitative,Experiment (research station),E/M,2016-2021,5,6,2,4,3,1, 5-10, 3-4,"Not exclusively  (also studying barley, fallow and brassica campestris)","Not exclusively  (also studying barley, fallow and brassica campestris)","Reduction of GHG emissions, legumes support organic carbon and nitrogen sequestration & increase productivity",China,East Asia,5,"Gewu experimental station of Jiangsu
Coastal Area Institute ofAgricultural Sciences -Yancheng, Jiangsu Province",Asia,UMIC,33.16,119.97,No,NA,Experiment (research station),Researcher-led,Researcher-led,Rotation,Rotation,0,0,1,NA,"Different rotations, including barley, Brassica campestris and fallow",Existing farmers' practices,,Grain / Faba bean,Rice,Faba bean,0,0,0,0,0,0,1,0,0,0,0,"Wheat,  Rape,  Barley",15-15-15 + Urea (46%N),Synthetic - below threshold,rainfed,3.535353535,1.035353535,NA,NA,NA,NA,1.035353535,NA,351.3385827,4.513385827,4.513385827,NA,NA,NA,Mix-Win,NA,NA,NA,NA,NA,NA,"although planting hairy vetch can reduce the absolute value of carbon footprint, it was
not conducive to carbon emissions when taking carbon fees into account. On the contrary,
R–F treatment significantly increased NEEB mainly due to the high market price of fresh
faba bean.","Legumes reduced CH4 emissions. Also increased the soil C and N pools, and improved rice yield.",low price od some legumes do not incetivise adoption of legumes,"Legumes reduced CH4 emissions. Also increased the soil C and N pools, and improved rice yield.",NA,"rice–leguminous
green manure with high market price can be a recommendable cropping regime which
mitigates carbon emissions while ensuring profitability, on the premise of yield stability",low price od some legumes do not incetivise adoption of legumes,,"Zhang, 2022 Table2 effect on soil organic carbon, Zhang, 2022 Table3 effects on biomass, Zhang, 2022 Fig1 rice yield, Zhang, 2022 Fig2 effect on GHG emissions, Table4 effects onCARBON FOOTPRINT,  table5 effect on economic benefit",,2,2,2,1,2,2,11
314,567,"Singh L., Singh J.K., Chand L., Hasan B.",2009,"Productivity, economics and competitive indices of lentil (Lens Culinaris)-based intercropping systems in Kashmir valley","Singh, L., Singh, J. K., Chand, L., & Hasan, B. (2009). Productivity, economics and competitive indices of lentil (Lens Culinaris)-based intercropping systems in Kashmir valley. Indian Journal of Agronomy, 54(3), 291-295.",Plot,Quantitative,Experiment (research station),E/M,2005-2007,2,11,8,3,3,1, 2-4, 3-4,Yes,Yes,,India,South Asia,2,"Shalimar, Srinagar (34°08' N, 74 52 E)",Asia,LMIC,34.133333,74.866667,No,NA,Experiment (research station),Researcher-led,Researcher-led,Intercropping,Intercrop,1,1,0,Row,Different intercrop spacings,Varied spacing/timing,,Grain / Lentil,Oats,Lentil,0,0,0,1,0,0,0,0,0,0,0,,40:26.4:20,Synthetic - below threshold,rainfed,15.59917355,1.155991736,1.155991736,NA,NA,NA,NA,NA,11.98373859,1.119837386,1.238308652,NA,1.00136612,NA,Win-Win,NA,NA,NA,NA,NA,NA,NA,NA,NA,"Diverse morphology, growth rhythm and similar climatic requirements of intercrops",NA,High legume market prices,NA,,"Table 2, Table 3, Table 4",,2,2,2,1,2,2,11
315,567,"Singh L., Singh J.K., Chand L., Hasan B.",2009,"Productivity, economics and competitive indices of lentil (Lens Culinaris)-based intercropping systems in Kashmir valley","Singh, L., Singh, J. K., Chand, L., & Hasan, B. (2009). Productivity, economics and competitive indices of lentil (Lens Culinaris)-based intercropping systems in Kashmir valley. Indian Journal of Agronomy, 54(3), 291-295.",Plot,Quantitative,Experiment (research station),E/M,2005-2007,2,11,8,3,3,1, 2-4, 3-4,Yes,Yes,,India,South Asia,2,"Shalimar, Srinagar (34°08' N, 74 52 E)",Asia,LMIC,34.133333,74.866667,No,NA,Experiment (research station),Researcher-led,Researcher-led,Intercropping,Intercrop,1,1,0,Row,Different intercrop spacings,Varied spacing/timing,,Non-Grain / Lentil,Brown sarson,Lentil,0,0,0,1,0,0,0,0,0,0,0,,40:26.4:20,Synthetic - below threshold,rainfed,36.25730994,1.362573099,1.362573099,NA,NA,NA,NA,NA,23.33824087,1.233382409,1.532217573,NA,0.934547244,NA,Mix-Mix,NA,NA,NA,NA,NA,NA,NA,NA,NA,"Diverse morphology, growth rhythm and similar climatic requirements of intercrops",NA,High legume market prices,NA,,"Table 2, Table 3, Table 4",,2,2,2,1,2,2,11
43,72,"Bhat R., Hussain S., Wani W.M., Banday F.A., Sharma M.K.",2015,"Effect of intercrops on productivity, quality, leaf nutrient status and relative economic yield of apple cv. Red Delicious","Bhat, R., Hussain, S., Wani, W. M., Banday, F. A., & Sharma, M. K. (2015). Effect of intercrops on productivity, quality, leaf nutrient status and relative economic yield of apple cv. Red Delicious. Journal of Applied Horticulture, 17(3), 213-216.",Plot,Quantitative,Experiment (on farm),E/M,2008-2009,2,8,2,6,3,2, 2-4, 5-10,Yes,Yes,,India,South Asia,2,"Experimental Farm of SKUAST-Kashmir, Ambri Apple Research Station, Pahnoo, Distt. Shopian (Jammu and Kashmir)",Asia,LMIC,34.146606,74.879452,No,,Experiment (on farm),Farmer-led,Farmer-led,Intercropping: Fruit-legume,Intercrop,1,0,0,NA,Existing farmers' practices,Existing farmers' practices,,Non-Grain / Pea,Apple,Pea,0,0,0,0,0,0,0,0,0,1,0,,NA,Unknown,rainfed,45.050822,1.45050822,1.45050822,NA,NA,NA,NA,NA,49.9866365,1.499866365,1.499866365,NA,NA,NA,Win-Win,NA,NA,NA,NA,NA,NA,NA,NA,NA,Weeds in sole crops,NA,NA,NA,,NA,,2,2,2,2,2,2,12
44,72,"Bhat R., Hussain S., Wani W.M., Banday F.A., Sharma M.K.",2015,"Effect of intercrops on productivity, quality, leaf nutrient status and relative economic yield of apple cv. Red Delicious","Bhat, R., Hussain, S., Wani, W. M., Banday, F. A., & Sharma, M. K. (2015). Effect of intercrops on productivity, quality, leaf nutrient status and relative economic yield of apple cv. Red Delicious. Journal of Applied Horticulture, 17(3), 213-216.",Plot,Quantitative,Experiment (on farm),E/M,2008-2009,2,8,2,6,3,2, 2-4, 5-10,Yes,Yes,,India,South Asia,2,"Experimental Farm of SKUAST-Kashmir, Ambri Apple Research Station, Pahnoo, Distt. Shopian (Jammu and Kashmir)",Asia,LMIC,34.146606,74.879452,No,,Experiment (on farm),Farmer-led,Farmer-led,Intercropping: Fruit-legume,Intercrop,1,0,0,NA,Existing farmers' practices,Existing farmers' practices,,Non-Grain / Common bean,Apple,Common bean,0,0,0,0,0,0,0,1,0,0,0,,NA,Unknown,rainfed,28.051198,1.28051198,1.28051198,NA,NA,NA,NA,NA,22.135074,1.22135074,1.22135074,NA,NA,NA,Win-Win,NA,NA,NA,NA,NA,NA,NA,NA,NA,Weeds in sole crops,NA,NA,NA,,NA,,2,2,2,2,2,2,12
318,575,"Singh U., Singh S.R., Saad A.A., Khanday B.A., Singh J.K.",2011,"Yield advantage, reciprosity functions and energy budgeting of lentil (Lens culinaris) + oat (Avena sativa) intercropping under varying row ratio and phosphorus management",,Plot,Quantitative,Experiment (research station),E/M,2006-2008,2,29,9,20,3,1, 2-4, 3-4,Yes,Yes,,India,South Asia,2,"Wadura, Sopore, Kashmir (34°172?N latitude and 74°332? E longitude)",Asia,LMIC,34.283333,74.533333,No,NA,Experiment (research station),Researcher-led,Researcher-led,Intercropping,Intercrop,1,1,0,Row,Different intercrop spacings,Varied spacing/timing,,Grain / Lentil,Oats,Lentil,0,0,0,1,0,0,0,0,0,0,0,,80:16.6:0,Synthetic - below threshold,rainfed,18.3908046,1.183908046,1.183908046,NA,NA,NA,NA,NA,11.20361539,1.112036154,1.240481574,NA,0.983590734,NA,Win-Mix,NA,NA,NA,NA,NA,NA,NA,NA,NA,Row spacing of intercrops - nutrient uptake higher in 1:1 than 2:1 and 3:1,Row spacing of intercrops - nutrient uptake higher in 1:1 than 2:1 and 3:1,Row spacing of intercrops - economic returns higher in 1:1 than 3:1,NA,,Tables 1-4,,2,2,2,2,2,2,12
161,338,"LI Y.-H., SHI D.-Y., LI G.-H., ZHAO B., ZHANG J.-W., LIU P., REN B., DONG S.-T.",2019,"Maize/peanut intercropping increases photosynthetic characteristics, 13C-photosynthate distribution, and grain yield of summer maize","Li, Y.-h., Shi, D.-y., Li, G.-h., Zhao, B., Zhang, J.-w., Liu, P., . . . Dong, S.-t. (2019). Maize/peanut intercropping increases photosynthetic characteristics, 13C-photosynthate distribution, and grain yield of summer maize. Journal of Integrative Agriculture, 18(10), 2219-2229. doi:10.1016/s2095-3119(19)62616-x",Plot,Quantitative,Experiment (research station),E/M,2015-2016,2,4,3,1,1,1, 2-4, 1-2,Yes,No,,China,East Asia,5,"Corn Technology Innovation Center of Shandong Agricultural University, Tai´an (Shandong Province)",Asia,UMIC,36.166667,117.15,No,,Experiment (research station),Researcher-led,Researcher-led,Intercropping-Rotation,Intercrop-Rotation,1,0,0,Strip,Existing farmers' practices,Existing farmers' practices,,Grain / Groundnut,Maize,Groundnut,0,0,1,0,0,0,0,0,0,0,0,,200-100-120,Synthetic - above threshold,rainfed,89.73059075,1.897305907,1.897305907,NA,NA,NA,NA,NA,23,1.23,1.23,NA,NA,NA,Win-Win,NA,NA,NA,NA,NA,NA,NA,NA,NA,"Planting pattern: ""yield advantages and higher land productivity in the maize/peanut intercropping system under a 4:6 pattern (four rows of maize and six rows of peanut)""",NA,"Planting pattern: ""yield advantages and higher land productivity in the maize/peanut intercropping system under a 4:6 pattern (four rows of maize and six rows of peanut)""","Calculation of profits only considered gross income, ignored other costs like labour and machinery","intercropping system can be economically favorable for farmers, but a full evaluation of costs and benefits should also consider differences in costs, e.g., labor cost and mechanical cost","Table 1: LER, Yield; Section 3.4 ES impact",,2,2,2,2,2,2,12
110,231,"Hokazono S., Hayashi K.",2015,Life cycle assessment of organic paddy rotation systems using land- and product-based indicators: a case study in Japan,"Hokazono, S., & Hayashi, K. (2015). Life cycle assessment of organic paddy rotation systems using land- and product-based indicators: a case study in Japan. International Journal of Life Cycle Assessment, 20(8), 1061-1075. doi:10.1007/s11367-015-0906-7",Farm,Quantitative,Model,E/M,NA,NA,9,5,4,NA,NA,Unknown,Unknown,Yes,Yes,Climate change,Japan,East Asia,5,Tochigi Prefecture,Asia,HIC,36.679336,139.993121,No,,Model (Life Cycle Assessment),Researcher-led,Researcher-led,Rotation,Rotation,1,0,0,Rotation,Organic vs inorganic,Fertilizer rates/type,,Grain / Soybean,Rice,Soybean,0,0,0,0,0,0,0,0,1,0,0,Barley,NA,No synthetic,irrigation,19.516129,1.19516129,1.19516129,NA,NA,NA,NA,NA,55.1283173,1.551283173,1.551283173,NA,NA,NA,Win-Win,NA,NA,NA,NA,NA,NA,NA,"Government subsidies; Knowledge about monetary benefits of legume production: ""to support farmers to alter their methods ofcultivation, the incentive ofmonetary productivity is necessary""",NA,Organic,NA,NA,"organic ""Organic rice after soybean is used only for processed food because eating quality of rice with a high protein content is not preferable for consumers. Conventional rice is mixed irrespective ofthe previous crop and thus the price for conventional rice after soybean is not differentiated""- unit price of organic rice after soybean decreases by 17 % because a proportion ofthe rice is not of a high-enough quality for human consumption",,"Table 1= yield, Table 2= NKP, Table 5= income",,0,0,2,2,2,2,8
375,708,"Zhao Y, Wang L, Lei X, et al",2021,Reducing carbon footprint without compromising grain security through relaxing cropping rotation system in the North China Plain,"Zhao, Y. X., Wang, L., Lei, X. Y., Wang, B., Cui, J. X., Xu, Y. N., . . . Sui, P. (2021). Reducing carbon footprint without compromising grain security through relaxing cropping rotation system in the North China Plain. Journal of Cleaner Production, 318, 11. doi:10.1016/j.jclepro.2021.128465",Plot,Quantitative,Experiment (research station),E/M,2016-2018,2,8,2,6,3,1, 2-4, 3-4,"Not exclusively  (also studying rotations with sweet potato, and different rotations combinations to find low-carbon crop rotation patterns without compromising grain security)","Not exclusively (also studying rotations with sweet potato, and different rotations combinations to find low-carbon crop rotation patterns without compromising grain security)",Optimizing cropping systems and reducing GHG emissions on the basis of ensuring grain security,China,East Asia,5,Wuqiao Experimental Station (China Agricultural University)- Qianli Village,Asia,UMIC,37.683333,116.616667,No,NA,Experiment (research station),Researcher-led,Researcher-led,Rotation,Rotation,0,0,1,NA,"Different rotations, including sweet potato and fallow",Existing farmers' practices,,Grain / Groundnut,Maize & wheat,Groundnut,0,0,1,0,0,0,0,0,0,0,0,Sweet Potato,630-329-563 (Wheat fallow wheat maize rotation) 802-501-713 (wheat peanut wheat maize rotation) 405-216-338 (fallow wheat maize rotation) 577-389-488 (fallow peanut wheat maize rotation),Synthetic - above threshold,rainfed,3.902613677,1.039026137,1.039026137,NA,NA,NA,NA,NA,63.58381503,1.63583815,1.63583815,NA,NA,NA,Mix-Win,NA,NA,NA,NA,NA,NA,"low-carbon rotation patterns come at the cost of
damaging the yield of grains.--Fallow wheat maize rotation damaged half of the wheat and
corn production, ","Wheat peanut wheat maize are good choice patterns because of increased net income
without increasing Carbon footprint and without compromising grain security.",NA,Fallow-wheat-maise rotations & wheat maise weath maise rotations were weak carbon absortion sinks.,NA,NA,NA,,"Table 3_total grain yield and net income, Table 4 The net primary production, Fig4_glbal warming potential from net primary productivity, Fig5_global warming potential of soil",,2,2,2,2,2,2,12
376,708,"Zhao Y, Wang L, Lei X, et al",2021,Reducing carbon footprint without compromising grain security through relaxing cropping rotation system in the North China Plain,"Zhao, Y. X., Wang, L., Lei, X. Y., Wang, B., Cui, J. X., Xu, Y. N., . . . Sui, P. (2021). Reducing carbon footprint without compromising grain security through relaxing cropping rotation system in the North China Plain. Journal of Cleaner Production, 318, 11. doi:10.1016/j.jclepro.2021.128466",Plot,Quantitative,Experiment (research station),E/M,2016-2018,2,8,2,6,3,1, 2-4, 3-4,"Not exclusively (also studying rotations with sweet potato, and different rotations combinations to find low-carbon crop rotation patterns without compromising grain security)","Not exclusively (also studying rotations with sweet potato, and different rotations combinations to find low-carbon crop rotation patterns without compromising grain security)",Optimizing cropping systems and reducing GHG emissions on the basis of ensuring grain security,China,East Asia,5,Wuqiao Experimental Station (China Agricultural University)- Qianli Village,Asia,UMIC,37.683333,116.616667,No,NA,Experiment (research station),Researcher-led,Researcher-led,Rotation,Rotation,0,0,1,NA,"Different rotations, including sweet potato and fallow",Existing farmers' practices,,Grain / Groundnut,Maize & wheat,Groundnut,0,0,1,0,0,0,0,0,0,0,0,Sweet Potato,630-329-563 (Wheat fallow wheat maize rotation) 802-501-713 (wheat peanut wheat maize rotation) 405-216-338 (fallow wheat maize rotation) 577-389-488 (fallow peanut wheat maize rotation),Synthetic - above threshold,rainfed,3.234220136,1.032342201,1.032342201,NA,NA,NA,NA,NA,177.9661017,2.779661017,2.779661017,NA,NA,NA,Mix-Win,NA,NA,NA,NA,NA,NA,"low-carbon rotation patterns come at the cost of
damaging the yield of grains.--Fallow wheat maize rotation damaged half of the wheat and
corn production, ","Wheat peanut wheat maize are good choice patterns because of increased net income
without increasing Carbon footprint and without compromising grain security.",NA,Fallow-wheat-maise rotations & wheat maise weath maise rotations were weak carbon absortion sinks.,NA,NA,NA,,"Table 3_total grain yield and net income, Table 4 The net primary production, Fig4_glbal warming potential from net primary productivity, Fig5_global warming potential of soil",,2,2,2,2,2,2,12
368,682,"Yang X., Chen Y., Pacenka S., Gao W., Ma L., Wang G., Yan P., Sui P., Steenhuis T.S.",2015,Effect of diversified crop rotations on groundwater levels and crop water productivity in the North China Plain,"Yang, X., Chen, Y., Pacenka, S., Gao, W., Ma, L., Wang, G., . . . Steenhuis, T. S. (2015). Effect of diversified crop rotations on groundwater levels and crop water productivity in the North China Plain. Journal of Hydrology, 522, 428-438. doi:10.1016/j.jhydrol.2015.01.010",Plot,Quantitative,Experiment (on farm),E/M,2002,1,5,1,4,15,1,1, 11-100,No (general diversification),No,"Drought, water shortages, Over-exploitation of groundwater for irrigation",China,East Asia,5,"Luancheng County, North China Plain",Asia,UMIC,37.833333,114.666667,No,NA,Experiment (on farm),Farmer-led,Farmer-led,Rotation,Rotation,1,0,0,Rotation,Existing farmers' practices,Existing farmers' practices,,Grain / Groundnut,Winter wheat-summer maize,Groundnut,0,0,1,0,0,0,0,0,0,0,0,0,180-105-75,Synthetic - below threshold,irrigation,32.21927106,1.322192711,1.322192711,NA,NA,NA,NA,NA,15.7277333,1.157277333,1.157277333,NA,NA,NA,Win-Win,NA,NA,NA,NA,NA,NA,NA,NA,NA,"Diversified multi-year rotations, drought-resistant cultivars",NA,NA,NA,,"Table 3 = water regulation (reduction in evapotransipiration - bottom line ""average of 2003-2013""); carbon emissions from Yang et al 2014 (Table 4 - PWS/WS CFa column); yield (food grain) and biomass from Yang et al 2014 Table 1 PWS/WS;soil org carbon from Yang et al 2014 Figure 2 PWS/WS; Tables and figures from Yang et al 2014 added to SubClac tab","Yang, X.L., Gao, W.S., Zhang, M., Chen, Y.Q., Sui, P., 2014a. Reducing agricultural carbon footprint through diversified crop rotation systems in the North China Plain. J. Clean. Prod. 76, 131–139.",2,1,2,2,2,2,11
367,715,"Yang CH, Fan ZL, Chai Q",2018,Agronomic and Economic Benefits of Pea/Maize Intercropping Systems in Relation to N Fertilizer and Maize Density,"Yang, C. H., Fan, Z. L., & Chai, Q. (2018). Agronomic and Economic Benefits of Pea/Maize Intercropping Systems in Relation to N Fertilizer and Maize Density. Agronomy-Basel, 8(4), 14. doi:10.3390/agronomy8040052",Plot,Quantitative,Experiment (research station),E/M,2012-2013,2,3,1,2,3,1, 2-4, 3-4,Not exclusively  (also studying different N fertiliser combination and maize plants density),Not exclusively  (also studying different N fertiliser combination and maize plants density),"Need to increase crop yields and improve land utilisation, decrease water consumption,  developing low-input anbd sustainable cropping systems.",China,East Asia,5,"Wuwei Experimental Station of
Gansu Agricultural University",Asia,UMIC,37.872222,102.847222,No,NA,Experiment (research station),Researcher-led,Researcher-led,Intercropping: Maize-legume,Intercrop,1,0,0,NA,Impact of N inputs,Fertilizer rates/type,,Grain / Pea,Maize,Pea,0,0,0,0,0,0,0,0,0,1,0,0,"450 kg Nha-1 (Maize), 135 kg Nha-1 (Pea) ",Synthetic - above threshold,irrigation,2.411636936,1.024116369,1.024116369,NA,NA,NA,NA,NA,0.792505424,1.007925054,1.031995065,1.002331094,NA,0.989449004,Win-Mix,NA,NA,NA,NA,NA,NA,"Grain yield of maize was significantly increased with increasing planting
density, but slightly decreased the yield of intercropped pea. ---There were some compensatory effects between the two intercrops: The CGR of sole maize was always greater than intercropped maize, and it increased by 3.2% to 93.6% during the period of 15 to 95 d after pea emergence in 2012 and 2013. However, growth of maize plants increased rapidly after pea harvest (at 95 d after pea emergence) in pea/maize intercropping, the CGR of the intercropped maize was 18.5% to 216.9% greater than that of sole maize. The intercropped pea strips provided a significant compensatory effect on the growth of maize plants after the pea was harvested.---In pea/maize intercropping, the increase of planting density of intercropped maize could improve the yield of intercropped maize but decrease the grain yield of intercropped pea. This was probably due to increased competition between the two species. Our results suggest that lower N fertilization levels should be considered for legume/cereal intercropping as the low-N soil environment allows the interspecies to have a complementary effect with the advantages of cropping mixture. Another important aspect for pea/maize intercropping is the efficient use of light because of complementary use of space between the shorter pea plants and the taller maize plants. The complementary effect is also shown for the length of the growth period because their life cycles are different, with the maturity of intercropped pea was about 30 to 50 days earlier than the intercropped maize.","Grain yield of pea/maize was increased, on average, by up to 71.9% compared to monoculture
maize and monoculture pea on a per hectare basis..----Although the grain yield, net returns and benefit to cost ratios of
pea/maize intercropping were similar or even lower than sole maize, the grain composition and quality from this cereal-legume intercropping is more valid for animal or human consumption compared to the sole maize because of the higher protein in pea.",,"Grain yield of pea/maize was increased, on average, by up to 71.9% compared to monoculture
maize and monoculture pea on a per hectare basis..----inclusion of annual legumes in cropping systems via either legume-cereal intercropping or cereal-legume rotations can significantly reduce the use of synthetic N fertilizer [43,44], as the legumes fix N2O from the atmosphere [45]. Such a legume-cereal system can provide significant ecological and environmental benefits by reducing carbon emissions [27,46], lowering the environmental footprint [47,48] and enhancing soil and ecological sustainability [49,50]. Furthermore, the pea/maize intercropping has more ecological benefits than sole maize, as the legume can fix N from the atmosphere and thus reduce the requirement for inorganic nitrogen in crop production [51].",NA,,NA,"N fertilizer influenced on the increased yields of pea-maize intercropping--The pea/maize intercropping achieved higher yields but required more labor in their production
than sole cropping in the present study. Consequently, the pea/maize intercropping had a similar
net return as the corresponding sole maize, but the net returns of intercropping were higher than
sole pea. In all cases, the net returns were improved by the use of nitrogen fertilizer regardless of
intercropping or sole cropping. Although the grain yield, net returns and benefit to cost ratios of
pea/maize intercropping were similar or even lower than sole maize, the grain composition and quality
from this cereal-legume intercropping is more valid for animal or human consumption compared to
the sole maize because of the higher protein in pea [42]. Furthermore,","Table6 net returns_labour, Table4_yields",,2,2,2,2,2,2,12
35,59,"Batte M.T., Bacon K.J., Hopkins J.W.",1998,Measures of economic and environmental performance for alternative agricultural production systems,"Batte, M. T., Bacon, K. J., & Hopkins, J. W. (1998). Measures of economic and environmental performance for alternative agricultural production systems. Journal of Production Agriculture, 11(4), 428-438. doi:10.2134/jpa1998.0428",Plot,Quantitative (household surveys),Experiment (on farm),RC,1991-1993,2,3,2,1,3,1, 2-4, 3-4,Yes,Yes,Water degradation and scarcity,USA,High Income Countries,3,"VanMeter Farm in Pike: County, Ohio",North America,HIC,39.044619,-83.028488,No,,Experiment (on farm),Farmer-led,Farmer-led,Rotation,Rotation,1,0,0,Rotation,Existing farmers' practices,Existing farmers' practices,,Grain / Soybean,Corn,Soybean,0,0,0,0,0,0,0,0,1,0,0,Wheat,120lb N/ha,Synthetic - below threshold,rainfed,0,1,1,NA,NA,NA,NA,NA,104.2411642,2.042411642,2.042411642,NA,NA,NA,Mix-Mix,NA,NA,NA,NA,NA,NA,Yes (higher equipment cost due to specialised grain planting equipment offset by higher economic returns),NA,NA,low rainfall (low rainfall years are low erosion years),NA,NA,NA,,NA,,0,2,2,2,2,2,10
216,425,"Nielsen D.C., Vigil M.F.",2017,Intensifying a semi-arid dryland crop rotation by replacing fallow with pea,"Nielsen, D. C., & Vigil, M. F. (2017). Intensifying a semi-arid dryland crop rotation by replacing fallow with pea. Agricultural Water Management, 186, 127-138. doi:10.1016/j.agwat.2017.03.003",Plot,Quantitative,Experiment (research station),E/M,1997-2016,20,2,1,1,3,1,>10, 3-4,Yes,Yes,,USA,High Income Countries,3,"Akron, Colorado- USDA-ARS Central Great Plains Research Station (40?09'N, 103?09'W)",North America,HIC,40.15000631,-103.1500074,Yes,"""Intensifying dryland cropping systems by reducing the frequency of fallow (i.e., moving from a system of producing one crop in two years to two crops in three years, three crops in four years, or continuous cropping) uses precipitation more efficiently than less intense cropping because the fraction of total system time that is in fallow (with its inefficient precipitation storage efficiency) declines""",Experiment (research station),Researcher-led,Researcher-led,Rotation,Rotation,1,0,0,Rotation,No tillage management with weed control during both cropped and non-crop periods,Tillage practices,weed control,Grain / Pea,Wheat-Corn-Millet,Pea,0,0,0,0,0,0,0,0,0,1,0,,45-67:17-22:0 corn; 33-90:0-22 wheat; 39-56:17-22 Millet ,Synthetic - below threshold,rainfed,-5.316275764,0.946837242,0.946837242,NA,NA,NA,NA,NA,-31.66666667,0.683333333,0.683333333,NA,NA,NA,Mix-Lose,NA,NA,NA,NA,NA,NA,NA,NA,NA,NA,"Water stress and low rainfall years - pea yield significantly reduced by low rainfall; Type of legume: peas are water-hungry and reduced water available to subsequent crops: ""Substituting pea production for fallow consistently reduced the available soil water at wheat planting""; Location- Wheat yield strongly influenced by available water at planting in drylands like the study area, unlike in other places like Canada where rainfall during growing season is strongest influence on yield",NA,Water stress and low rainfall years - pea yield significantly reduced; Cost of production (added costs for pea production outweigh benefits),,Yield and water loss from Figure 2 and text; income from Fig 5,,2,2,2,2,2,2,12
87,179,"Foltz J.C., Lee J.G., Martin M.A., Preckel P.V.",1995,Multiattribute assessment of alternative cropping systems,"Foltz, J. C., Lee, J. G., Martin, M. A., & Preckel, P. V. (1995). Multiattribute assessment of alternative cropping systems. American Journal of Agricultural Economics, 77(2), 408-420. doi:10.2307/1243550",System,Quantitative,Model,E/M,NA,NA,2,1,1,2,1,Unknown, 1-2,No,No,Environmental degradation (water and soil contamination),USA,High Income Countries,3,Eastern Corn Belt,North America,HIC,40.64344765,-84.80382586,No,,Simulation model,Researcher-led,Researcher-led,Rotation,Rotation,1,0,0,Rotation,Minimum tillage,Tillage practices,,Grain / Soybean,Corn,Soybean,0,0,0,0,0,0,0,0,1,0,0,,150-40-50,Synthetic - below threshold,rainfed,21.481481,1.21481481,1.21481481,NA,NA,NA,NA,NA,50.4920202,1.504920202,1.504920202,NA,NA,NA,Win-Win,NA,NA,NA,NA,NA,NA,Yes: decreased productivity of individual crop counterbalanced by increased total grain seed yield (food) on annual basis (due to more soybean when maize productivity reduced),"Taxing particular chemical inputs: ""sufficient taxes on nitrogen fertilizer could be used to encourage rotations of corn with soybeans or alfalfa while discouraging continuous corn products""; Subsidy or ""green payment"" tied to leguminous crops, perhaps in the form of a deficiency payment: ""This approach, like a tax on chemicals, changes (this time increasing) the net returns above variable costs, encouraging more desirable rotations""",NA,NA,NA,NA,NA,NA,NA,,1,0,2,2,2,2,9
98,200,"Glenk K., Shrestha S., Topp C.F.E., Sánchez B., Iglesias A., Dibari C., Merante P.",2017,A farm level approach to explore farm gross margin effects of soil organic carbon management,"Glenk, K., Shrestha, S., Topp, C. F. E., Sánchez, B., Iglesias, A., Dibari, C., & Merante, P. (2017). A farm level approach to explore farm gross margin effects of soil organic carbon management. Agricultural Systems, 151, 33-46. doi:10.1016/j.agsy.2016.11.002",Farm,Quantitative,Model,E/M,NA,25,2,1,1,105,1,>10,>100 ,No,No,,Spain,High Income Countries,3,Aragon,Europe,HIC,41.479044,-0.701625,No,,"Model (Aragon Census Data for Aragon, Spain)",Farmer-led,Farmer-led,Rotation,Rotation,1,0,0,Rotation,"Existing farmers' practices, including herbicides",Existing farmers' practices,,Grain / Common bean + Lupin (+ Pea?),"Wheat, Barley",Common bean,0,0,0,0,0,0,0,1,0,0,Lupin,,Synthetic - below threshold,Synthetic - below threshold,rainfed,30,1.3,1.3,NA,NA,NA,NA,NA,26,1.26,1.26,NA,NA,NA,Mix-Win,NA,NA,NA,NA,NA,NA,NA,"Government subsidies or financial incentives to serve as insurance against short-term reductions in productivity: ""crop rotations (with legumes) is the only SOCmanagement measure investigated that currently receives direct subsidies under the Common Agricultural Policy (CAP) in Aragon"";increased farmer knowledge about private benefits of legume introduction: detailed understanding of local environmental and farmmanagement factors that affect yields and input costs",Lack of financial incentives and access to technical advice,"Farmer knowledge of legume benefits: ""detailed understanding of local environmental and farmmanagement factors that affect yields and input costs""",NA,Farm size - large and medium farms have higher % change in farm gross margin than small farms with <70ha of arable land,NA,NA,NA,,2,2,2,2,2,2,12
338,726,"Sun T, Feng XM, Lal R, et al",2021,Crop diversification practice faces a tradeoff between increasing productivity and reducing carbon footprints,"Sun, T., Feng, X. M., Lal, R., Cao, T. H., Guo, J. R., Deng, A. X., . . . Zhang, W. J. (2021). Crop diversification practice faces a tradeoff between increasing productivity and reducing carbon footprints. Agriculture Ecosystems & Environment, 321, 10. doi:10.1016/j.agee.2021.107614",Plot,Quantitative,Experiment (research station),E/M,2017-2020,3,4,2,2,3,1, 2-4, 3-4,Yes,Yes,"find new solutions to increase crop productivity while reducing the environmental
burden of agricultural system (in a context of increased population and less available land) ---crop diversification: enhancing functional biodiversity, underpinning yield-support, and
reducing environmental impact. Need to reduce GHG emissions.",China,East Asia,5,"Gongzhuling Experimental Station, Jilin Province",Asia,UMIC,43.516667,124.8,No,NA,Experiment (research station),Researcher-led,Researcher-led,Intercropping: maize-legume,Intercrop,1,0,0,NA,Existing farmers' practices,Existing farmers' practices,,Grain / Soybean,Maize,Soybean,0,0,0,0,0,0,0,0,1,0,0,0,165-82.5-82.5,Synthetic - below threshold,rainfed,-5.30221201,0.94697788,0.94697788,NA,NA,NA,NA,NA,7.260627483,1.072606275,1.048170587,1.097041963,NA,NA,Mix-Win,NA,NA,NA,NA,NA,NA,"crop diversity (e.g., intercropping
and rotation) have lower environmental footprint (CFA, CFEY, CFMEEY
and CFE), higher economic returns, and a higher carbon sustainability
index. However, crop diversification may compromise grain or energy
yield probably due to the limitation of crop variety, agronomic management,
and abiotic factors. Based on the present study, the maize and
soybean intercropping maybe the better choices for relatively stable
crop productivity but lesser carbon footprint in the region.",NA,NA,"higher carbon sustainability
index","compromise grain or energy yield probably due to the limitation of crop variety, agronomic management, and abiotic factors.",higher economic returns,"compromise grain or energy yield probably due to the limitation of crop variety, agronomic management, and abiotic factors.",,"table1_yield, table2_net returns, table3_soil GHG emissions, table4_soil organic carbon, table5_carbon footprint",,2,2,2,2,2,2,12
339,726,"Sun T, Feng XM, Lal R, et al",2021,Crop diversification practice faces a tradeoff between increasing productivity and reducing carbon footprints,"Sun, T., Feng, X. M., Lal, R., Cao, T. H., Guo, J. R., Deng, A. X., . . . Zhang, W. J. (2021). Crop diversification practice faces a tradeoff between increasing productivity and reducing carbon footprints. Agriculture Ecosystems & Environment, 321, 10. doi:10.1016/j.agee.2021.107615",Plot,Quantitative,Experiment (research station),E/M,2017-2020,3,4,2,2,3,1, 2-4, 3-4,Yes,Yes,"find new solutions to increase crop productivity while reducing the environmental
burden of agricultural system (in a context of increased population and less available land) ---crop diversification: enhancing functional biodiversity, underpinning yield-support, and
reducing environmental impact. Need to reduce GHG emissions.",China,East Asia,5,"Gongzhuling Experimental Station, Jilin Province",Asia,UMIC,43.516667,124.8,No,NA,Experiment (research station),Researcher-led,Researcher-led,Rotation: maize-legume,Rotation,0,0,1,NA,Existing farmers' practices,Existing farmers' practices,,Grain / Soybean,Maize,Soybean,0,0,0,0,0,0,0,0,1,0,0,0,165-82.5-82.5,Synthetic - below threshold,rainfed,-3.875384992,0.96124615,0.96124615,NA,NA,NA,NA,NA,10.37913622,1.103791362,1.074367088,1.133215636,NA,NA,Mix-Win,NA,NA,NA,NA,NA,NA,"crop diversity (e.g., intercropping
and rotation) have lower environmental footprint (CFA, CFEY, CFMEEY
and CFE), higher economic returns, and a higher carbon sustainability
index. However, crop diversification may compromise grain or energy
yield probably due to the limitation of crop variety, agronomic management,
and abiotic factors. Based on the present study, the maize and
soybean intercropping maybe the better choices for relatively stable
crop productivity but lesser carbon footprint in the region.",NA,NA,"higher carbon sustainability
index","compromise grain or energy yield probably due to the limitation of crop variety, agronomic management, and abiotic factors.",higher economic returns,"compromise grain or energy yield probably due to the limitation of crop variety, agronomic management, and abiotic factors.",,"table1_yield, table2_net returns, table3_soil GHG emissions, table4_soil organic carbon, table5_carbon footprint",,2,2,2,2,2,2,12
256,738,"Qian X, Zang HD, Xu HS, et al. ",2018,"Relay strip intercropping of oat with maize, sunflower and mung bean in semi-arid regions of Northeast China: Yield advantages and economic benefits","Qian, X., Zang, H. D., Xu, H. S., Hu, Y. G., Ren, C. Z., Guo, L. C., . . . Zeng, Z. H. (2018). Relay strip intercropping of oat with maize, sunflower and mung bean in semi-arid regions of Northeast China: Yield advantages and economic benefits. Field Crops Research, 223, 33-40. doi:10.1016/j.fcr.2018.04.004",Plot,Quantitative,Experiment (research station),E/M,2014-2015,2,4,1,3,3,1, 2-4, 3-4,"Not exclusively (also studying impact of different crops:maize, sunflower) ","Not exclusively (also studying impact of different crops:maize, sunflower) ","Need to address desertification, nitrate pollution of
groundwater and soil acidification. Meeting the increasing grain demand and avoiding
adverse environmental impacts from intensive agriculture has become a
major challenge. Intercropping systems have been proven to have positive effects
on the control of wind erosion, pests and weeds.",China,East Asia,5,"Baicheng Academy of Agricultural Sciences in Baicheng City, Jilin
Province,",Asia,UMIC,45.616667,122.766667,Yes,yield advantage and stability (referring to intercropping),Experiment (research station),Researcher-led,Researcher-led,Intercropping:oat-legume,Intercrop,1,0,0,NA,Existing farmers' practices,Existing farmers' practices,,Grain / Mungbean,Oat,Mungbean,0,0,0,0,1,0,0,0,0,0,0,"Maize, Sunflower",150-60-50,Synthetic - below threshold,irrigation,72.49299027,1.724929903,1.724929903,NA,NA,NA,NA,NA,0.24727567,1.002472757,1.063841219,0.941104294,NA,NA,Win-Mix,NA,NA,NA,NA,NA,NA,"mung bean
yield and biomass were not affected by intercropping, which might be
associated with the spatial niche differentiation. Oat intercepted more
light due to the higher plant height than mung bean during the cogrowth
period (Fig. A.2), which resulted in a stronger interspecific
competition ability.",NA,NA,NA,"Unstable precipitation during the growth period threatened yield
stability",NA,"Unstable precipitation during the growth period threatened yield
stability",,"table1_yields_biomass, table6_income and costs",,2,2,2,2,2,2,12
369,711,"Zentner RP, Campbell CA, Selles F, et al",2007,Economics of spring wheat production systems using conventional tillage management in the Brown soil zone - Revisited,"Zentner, R. P., Wall, D. D., Nagy, C. N., Smith, E. G., Young, D. L., Miller, P. R., . . . Derksen, D. A. (2002). Economics of crop diversification and soil tillage opportunities in the Canadian prairies. Agronomy Journal, 94(2), 216-230. doi:10.2134/agronj2002.0220",Plot,Quantitative,Experiment (on farm),E/M,1985-2002,17,9,1,8,3,1 (81 plots),>10, 3-4,Not exclusively  (also studying different fertiliser combinations),Not exclusively  (also studying different fertiliser combinations),Need to diversify crops and get more profit. Need to reduce economic risks. ,Canada,High Income Countries,3,Swift Current (Canadian pairies),North America,HIC,50.285828,-107.800597,No,NA,Experiment (on farm),Farmer-led,Farmer-led,Rotation,Rotation,0,0,1,NA,Existing farmers' practices,Existing farmers' practices,,Grain / Lentil,Wheat,Lentil,0,0,0,1,0,0,0,0,0,0,0,0,36.6N-9.5P,Synthetic - below threshold,rainfed,61.86813187,1.618681319,1.618681319,NA,NA,NA,NA,NA,89.79591837,1.897959184,1.897959184,NA,NA,NA,Win-Mix,NA,NA,NA,NA,NA,NA,NA,"producers with high risk aversion would choose among N and P fertilized F-W,
F-W-W or W-Lent depending upon the price assumptions, while producers with medium and low risk aversion would
typically choose only the W-Lent system except when the price for lentil was expected to be low","producers must be cognizant that the high frequency of including lentil in the rotation increases the likelihood of damage from diseases
such as ascochyta blight and anthracnose","Grain protein concentrations tended to be higher
when wheat was grown on fallow than on stubble, with the exception of wheat grown after flax or grain lentil, in part reflecting the higher available soil nitrates in fallow compared with stubble land.",NA,Lentil-wheat rotations were more profitable. Other rotations were in average 44% less profitable,"replacing wheat with lentil increased total costs by $18 ha–1
yr–1 compared with Cont W. This was due to higher crop
insurance, seed and pesticide costs for lentil, and despite the
lower N fertilizer costs for the lentil system,",,"table3 grain yields & protein concentration, table7_net returns",,2,2,2,2,2,2,12
359,720,"Walburger AM, McKenzie RH, Seward K, Ulrich K",2004,The economics of sustainable agriculture alternatives on the semiarid Canadian prairies: The case for legumes and organic amendments,"Walburger, A. M., McKenzie, R. H., Seward, K., & Ulrich, K. (2004). The economics of sustainable agriculture alternatives on the semiarid Canadian prairies: The case for legumes and organic amendments. Journal of Sustainable Agriculture, 24(3), 51-69. doi:10.1300/J064v24n03_05",Plot,Quantitative,Experiment (research station),E/M,1992-2000,9,6,1,5,4,1, 5-10, 3-4,Not exclusively  (also studying different manure applications),Not exclusively  (also studying different manure applications),"Soil deradation due to organic matter loss, salinisation & erosion and the use of chemical N fertilisers resutling in nitrate leaching and depleted soil N reserves.",Canada,High Income Countries,3,Bow Island Substation (Alberta Crop Diversification Center South),North America,HIC,50.551536,-111.851214,No,NA,Experiment (research station),Researcher-led,Researcher-led,Rotation,Rotation,0,0,1,NA,Existing farmers' practices,Existing farmers' practices,,Grain / Pea + Chickling vetch,Wheat,Pea,0,0,0,0,0,0,0,0,0,1,Chickling vetch (Lathyrus sativus),"Flax, wheatgrass",40N-8.6P ( WHEAT - 0N-8.6P LENTIL ,Synthetic - below threshold,rainfed,44.3045263,1.443045263,1.443045263,NA,NA,NA,NA,NA,9.932887168,1.099328872,1.23627749,NA,0.962380253,NA,Win-Mix,NA,NA,NA,NA,NA,NA,"Even involving higher production costs, rotations with legumes provide a better return.---The analysis also revealed substantial increases in NFI could be attained through the introduction of a LWrotation because of its ability to fix N and thus reduce the input costs (since no or little chemical fertilizer
is applied). LW(0,0) exhibited the highest returns, but also the highest variability. The farm-level economic risk model results support the introduction of this rotation into the region.",the introduction of LW rotations into dryland production in southern Alberta would increase profitability.,NA,NA,NA,Increased net farm income from introducing legumes,NA,,"Table3_annual production costs and returns, Table5_yields, Table8_optimal rotations and risk aversion",,2,2,2,2,1,2,11
342,725,"Temeche D, Getachew E, Hailu G, Abebe A",2022,"Effect of Sorghum-Mung Bean Intercropping on Sorghum-Based Cropping System in the Lowlands of North Shewa, Ethiopia","Temeche, D., Getachew, E., Hailu, G., & Abebe, A. (2022). Effect of Sorghum-Mung Bean Intercropping on Sorghum-Based Cropping System in the Lowlands of North Shewa, Ethiopia. Advances in Agriculture, 2022, 7. doi:10.1155/2022/6987871",Farm,Quantitative,Participatory Action Research,RC,2017-2018,2,6,4,2,4,3, 2-4, 11-100,Yes,Yes,"Reduction of crop failure, reduce dependency to a sole crop, solve problem of  less land available, , increase of productivity",Ethiopia,Subsaharan Africa,1,"Shewarobit, Ataye, Merhabete (Jemma Valley)",Africa,LIC,10° 03? 51.7? N (10.064361) and 10° 17? 44.2? N (10.295611), 38° 59? 12.0? E (38.986667) and 39° 54? 04.3?E (39.901194),No,NA,Experiment (on farm) ,Farmer-led + support by researchers,Farmer-led + researcher/extension,Intercropping: Sorghum-legume,Intercrop,1,1,0,NA,Existing farmers' practices,Existing farmers' practices,,Grain / Mungbean,Sorghum,Mungbean,0,0,0,0,1,0,0,0,0,0,0,0,41N-46P (Sorghum); 0-0-0 (intercrop Mung bean); 41N- 46P (intercrop sorghum),Synthetic - below threshold,rainfed,-6.082589286,0.939174107,0.939174107,NA,NA,NA,NA,NA,7.498660953,1.07498661,1.07498661,NA,NA,NA,Lose-Win,NA,NA,NA,NA,NA,NA,NA,"The highest net return and marginal return (MRR)
were obtained from one-row of Sorghum alternated with
two-row mung bean (1 : 2). (erefore, farmers around the
research area can get additional income from intercropping
Sorghum with bean crops without sacrificing Sorghum yield
by using one-row Sorghum alternated with two-row mung
bean (1 : 2).",NA,"the combination of one Sorghum with two mung bean rows (1 : 2) gave the highest
grain yield (0.35 t·ha?1) and the lowest was recorded from a combination of (2 : 1) row arrangements. (e highest yield of
1 : 2 row arrangement was due to increasing levels of bean density. Under these row arrangements, increasing bean
density improved the interspecies competitive ability of beans.",NA,NA,NA,,"table3-4_yield, table_6_net returns",,2,2,1,2,2,2,11
210,421,"Ngwira A.R., Kabambe V., Simwaka P., Makoko K., Kamoyo K.",2020,Productivity and profitability of maize-legume cropping systems under conservation agriculture among smallholder farmers in Malawi,"Ngwira, A. R., Kabambe, V., Simwaka, P., Makoko, K., & Kamoyo, K. (2020). Productivity and profitability of maize-legume cropping systems under conservation agriculture among smallholder farmers in Malawi. Acta Agriculturae Scandinavica, Section B — Soil & Plant Science, 70(3), 241-251. doi:10.1080/09064710.2020.1712472",Plot,Quantitative,Participatory Action Research,RC,2014-2017,3,9,6,3,12,1, 2-4, 11-100,Yes,Yes,"Soil degradation, drought, low and unstable crop yields and high production costs",Malawi,Subsaharan Africa,1,Mzimba,Africa,LIC,"-11.736925842848937, 33.40270094708989 / -11.339373918733227, 33.81883762004159","-11.736925842848937, 33.40270094708989 / -11.339373918733227, 33.81883762004160",No,,Experiment (on farm),Farmer-led + support by extension officers and researchers,Farmer-led + researcher/extension,Intercropping: cereal-legume + rotation: cereal-legume,Intercrop-Rotation,1,0,0,Inter-row,Conservation agriculture vs. conventional tillage + application of fertiliser on maize + weed control,Tillage practices,,Grain / Soybean,Maize,Soybean,0,0,0,0,0,0,0,0,1,0,0,0,23-21-0 + 4S at seeding and 100 kg urea/ha (46% N) 3 weeks after planting for maize,Synthetic - below threshold,rainfed,4.201681,1.04201681,1.04201681,NA,NA,NA,NA,NA,-20.2247191,0.797752809,0.797752809,NA,NA,NA,Win-Mix,NA,NA,NA,NA,NA,NA,NA,NA,NA,Providing incentives to farmers in the early years of implementation as they gain knowledge and skills will make the system successful.,There is a lack of knowledge by farmers to manage legume systems. Farmers also lack access to legume seeds.,NA,In Malawi farmers prioritise food security concerns above other farming objectives hence allocate larger proportions of their land holding to maize than other crops. Farmers also lack stable and fair markets for legume crops.,"In the paper, a big emphasis is played on conventional tillage vs. conservation agriculture.",Sup Calc. (need to be checked) Table 3&4 (Yield); Table 5 (Benefit/cost); P246 in text (LER) ,,2,2,2,1,2,2,11
211,421,"Ngwira A.R., Kabambe V., Simwaka P., Makoko K., Kamoyo K.",2020,Productivity and profitability of maize-legume cropping systems under conservation agriculture among smallholder farmers in Malawi,"Ngwira, A. R., Kabambe, V., Simwaka, P., Makoko, K., & Kamoyo, K. (2020). Productivity and profitability of maize-legume cropping systems under conservation agriculture among smallholder farmers in Malawi. Acta Agriculturae Scandinavica, Section B — Soil & Plant Science, 70(3), 241-251. doi:10.1080/09064710.2020.1712473",Plot,Quantitative,Participatory Action Research,RC,2014-2017,3,9,6,3,12,1, 2-4, 11-100,Yes,Yes,"Soil degradation, drought, low and unstable crop yields and high production costs",Malawi,Subsaharan Africa,1,Mzimba,Africa,LIC,"-11.736925842848937, 33.40270094708989 / -11.339373918733227, 33.81883762004160","-11.736925842848937, 33.40270094708989 / -11.339373918733227, 33.81883762004161",No,,Experiment (on farm),Farmer-led + support by extension officers and researchers,Farmer-led + researcher/extension,Intercropping: cereal-legume + rotation: cereal-legume,Intercrop-Rotation,1,0,0,Rotation,Conservation agriculture vs. conventional tillage + application of fertiliser on maize + weed control,Conservation ag (residue + tillage),,Grain / Groundnut,Maize,Groundnut,0,0,1,0,0,0,0,0,0,0,0,0,23-21-0 + 4S at seeding and 100 kg urea/ha (46% N) 3 weeks after planting for maize,Synthetic - below threshold,rainfed,75.969424,1.75969424,1.75969424,NA,NA,NA,NA,NA,26.1235955,1.261235955,1.261235955,NA,NA,NA,Win-Win,NA,NA,NA,NA,NA,NA,NA,NA,NA,Providing incentives to farmers in the early years of implementation as they gain knowledge and skills will make the system successful.,"There is a lack of knowledge by farmers to manage legume systems. Farmers also lack access to legume seeds. Weather (drought/dry spells): ""marked dry spells were experienced in the first season in Mangochi (27 days) and Mzimba (12 days) districts. According to the observations by farmers, the dry spells caused flower abortion in groundnut resulting in lower yields""",NA,"In Malawi farmers prioritise food security concerns above other farming objectives hence allocate larger proportions of their land holding to maize than other crops. Farmers also lack stable and fair markets for legume crops.
Weather (drought/dry spells): ""marked dry spells were experienced in the first season in Mangochi (27 days) and Mzimba (12 days) districts. According to the observations by farmers, the dry spells caused flower abortion in groundnut resulting in lower yields""","In the paper, a big emphasis is played on conventional tillage vs. conservation agriculture.",Sup Calc. (need to be checked) Table 3&4 (Yield); Table 5 (Benefit/cost); P246 in text (LER) ,,2,2,2,1,2,2,11
83,768,"Falconnier, G. N., Descheemaeker, K., Van Mourik, T. A., Adam, M., Sogoba, B., & Giller, K. E. (2017, Sep). ",2017,Co-learning cycles to support the design of innovative farm systems in southern Mali,"Falconnier, G. N., Descheemaeker, K., Van Mourik, T. A., Adam, M., Sogoba, B., & Giller, K. E. (2017). Co-learning cycles to support the design of innovative farm systems in southern Mali. European Journal of Agronomy, 89, 61-74. doi:10.1016/j.eja.2017.06.008",Farm,Quantitative + Qualitative,Participatory Action Research,RC,2013-2015,3,7,2,5,132,9, 2-4,>100 ,No,Not exclusively ,"diversification of farm activities, including crop-livestock integrated systems, agroforestry, and the cultivation of legumes and other non-cereal crops, as well as improved soil fertility management practices. ",Mali,Subsaharan Africa,1,Koutiala district,Africa,LIC,"12.284518897111528, -5.342026519362749 / 
12.324141139442702, -5.309194020693147 / 
12.363462187700772, -5.346383977058427 / 
12.290785333161283, -5.496685476696215 /
12.755592813272688, -5.826635343042835/ 
12.250070539502527, -5.175471929377544 /
 12.28121802792912, -5.259616713631484 / 
12.284425887073713, -5.348305433441962
","12.284518897111528, -5.342026519362749 / 
12.324141139442702, -5.309194020693147 / 
12.363462187700772, -5.346383977058427 / 
12.290785333161283, -5.496685476696215 /
12.755592813272688, -5.826635343042835/ 
12.250070539502527, -5.175471929377544 /
 12.28121802792912, -5.259616713631484 / 
12.284425887073713, -5.348305433441962
",No,NA,Participatory Action Research,Farmer-led + support by researchers,Farmer-led + researcher/extension,Intercropping: Maize Legume,Intercrop,1,0,0,Row,Fertiliser rates,Tillage practices,,Grain / Cowpea,Maize,Cowpea,0,1,0,0,0,0,0,0,0,0,0,"Groundnut, Soyabean",80;7;12 Kgha-1,Synthetic - below threshold,rainfed,-19.84375,0.8015625,0.8015625,NA,NA,NA,NA,NA,3.260869565,1.032608696,1.032608696,NA,NA,NA,Lose-Mix,NA,NA,NA,NA,NA,NA,NA,,"risk perception was an important factor affecting farmers’ choices. lack of availability of cowpea seeds; Although diversification with legumes offers potential,
cotton remains a key feature of the current farming system; ",NA,NA,Knowledge,risk perception ,"The study's focus is on co-creating innovative farm systems through participatory action research in Southern Mali to improve productivity, livelihoods, and resilience","Cost increase:  Table 1; Gross margin Fig 3; Falconnier 2016 Table 4 (Yield, pLER) ",,2,2,1,0,1,2,8
212,421,"Ngwira A.R., Kabambe V., Simwaka P., Makoko K., Kamoyo K.",2020,Productivity and profitability of maize-legume cropping systems under conservation agriculture among smallholder farmers in Malawi,"Ngwira, A. R., Kabambe, V., Simwaka, P., Makoko, K., & Kamoyo, K. (2020). Productivity and profitability of maize-legume cropping systems under conservation agriculture among smallholder farmers in Malawi. Acta Agriculturae Scandinavica, Section B — Soil & Plant Science, 70(3), 241-251. doi:10.1080/09064710.2020.1712474",Plot,Quantitative,Participatory Action Research,RC,2014-2017,3,9,6,3,12,1, 2-4, 11-100,Yes,Yes,"Soil degradation, drought, low and unstable crop yields and high production costs",Malawi,Subsaharan Africa,1,Salima,Africa,LIC,"-13.79640583701472, 34.48174880605908 / -13.729928328650335, 34.30451992191025","-13.79640583701472, 34.48174880605908 / -13.729928328650335, 34.30451992191026",No,,Experiment (on farm),Farmer-led + support by extension officers and researchers,Farmer-led + researcher/extension,Intercropping: cereal-legume + rotation: cereal-legume,Intercrop-Rotation,1,0,0,Inter-row,Conservation agriculture vs. conventional tillage + application of fertiliser on maize + weed control,Conservation ag (residue + tillage),,Grain / Cowpea,Maize,Cowpea,0,1,0,0,0,0,0,0,0,0,0,0,23-21-0 + 4S at seeding and 100 kg urea/ha (46% N) 3 weeks after planting for maize,Synthetic - below threshold,rainfed,13.392541,1.13392541,1.13392541,NA,NA,NA,NA,NA,7.1782178,1.071782178,1.071782178,NA,NA,NA,Win-Win,NA,NA,NA,NA,NA,NA,NA,NA,NA,Providing incentives to farmers in the early years of implementation as they gain knowledge and skills will make the system successful.,There is a lack of knowledge by farmers to manage legume systems. Farmers also lack access to legume seeds.,NA,In Malawi farmers prioritise food security concerns above other farming objectives hence allocate larger proportions of their land holding to maize than other crops. Farmers also lack stable and fair markets for legume crops.,"In the paper, a big emphasis is played on conventional tillage vs. conservation agriculture.",Sup Calc. (need to be checked) Table 3&4 (Yield); Table 5 (Benefit/cost); P246 in text (LER) ,,2,2,2,1,2,2,11
213,421,"Ngwira A.R., Kabambe V., Simwaka P., Makoko K., Kamoyo K.",2020,Productivity and profitability of maize-legume cropping systems under conservation agriculture among smallholder farmers in Malawi,"Ngwira, A. R., Kabambe, V., Simwaka, P., Makoko, K., & Kamoyo, K. (2020). Productivity and profitability of maize-legume cropping systems under conservation agriculture among smallholder farmers in Malawi. Acta Agriculturae Scandinavica, Section B — Soil & Plant Science, 70(3), 241-251. doi:10.1080/09064710.2020.1712475",Plot,Quantitative,Participatory Action Research,RC,2014-2017,3,9,6,3,12,1, 2-4, 11-100,Yes,Yes,"Soil degradation, drought, low and unstable crop yields and high production costs",Malawi,Subsaharan Africa,1,Salima,Africa,LIC,"-13.79640583701472, 34.48174880605908 / -13.729928328650335, 34.30451992191026","-13.79640583701472, 34.48174880605908 / -13.729928328650335, 34.30451992191027",No,,Experiment (on farm),Farmer-led + support by extension officers and researchers,Farmer-led + researcher/extension,Intercropping: cereal-legume + rotation: cereal-legume,Intercrop-Rotation,1,0,0,Rotation,Conservation agriculture vs. conventional tillage + application of fertiliser on maize + weed control,Tillage practices,Weed/pest control,Grain / Groundnut,Maize,Groundnut,0,0,1,0,0,0,0,0,0,0,0,0,23-21-0 + 4S at seeding and 100 kg urea/ha (46% N) 3 weeks after planting for maize,Synthetic - below threshold,rainfed,33.982025,1.33982025,1.33982025,NA,NA,NA,NA,NA,-5.9405941,0.940594059,0.940594059,NA,NA,NA,Win-Lose,NA,NA,NA,NA,NA,NA,NA,NA,NA,Providing incentives to farmers in the early years of implementation as they gain knowledge and skills will make the system successful.,"There is a lack of knowledge by farmers to manage legume systems. Farmers also lack access to legume seeds. Weather (drought/dry spells): ""marked dry spells were experienced in the first season in Mangochi (27 days) and Mzimba (12 days) districts. According to the observations by farmers, the dry spells caused flower abortion in groundnut resulting in lower yields""",NA,"In Malawi farmers prioritise food security concerns above other farming objectives hence allocate larger proportions of their land holding to maize than other crops. Farmers also lack stable and fair markets for legume crops.
Weather (drought/dry spells): ""marked dry spells were experienced in the first season in Mangochi (27 days) and Mzimba (12 days) districts. According to the observations by farmers, the dry spells caused flower abortion in groundnut resulting in lower yields""","In the paper, a big emphasis is played on conventional tillage vs. conservation agriculture.",Sup Calc. (need to be checked) Table 3&4 (Yield); Table 5 (Benefit/cost); P246 in text (LER) ,,2,2,2,1,2,2,11
208,421,"Ngwira A.R., Kabambe V., Simwaka P., Makoko K., Kamoyo K.",2020,Productivity and profitability of maize-legume cropping systems under conservation agriculture among smallholder farmers in Malawi,"Ngwira, A. R., Kabambe, V., Simwaka, P., Makoko, K., & Kamoyo, K. (2020). Productivity and profitability of maize-legume cropping systems under conservation agriculture among smallholder farmers in Malawi. Acta Agriculturae Scandinavica, Section B — Soil & Plant Science, 70(3), 241-251. doi:10.1080/09064710.2020.1712470",Plot,Quantitative,Participatory Action Research,RC,2014-2017,3,9,6,3,12,1, 2-4, 11-100,Yes,Yes,"Soil degradation, drought, low and unstable crop yields and high production costs",Malawi,Subsaharan Africa,1,Mangochi,Africa,LIC,"-14.740399462137598, 34.68376808580233 / -14.388394830798319, 35.50128646283252","-14.740399462137598, 34.68376808580233 / -14.388394830798319, 35.50128646283253",No,,Experiment (on farm),Farmer-led + support by extension officers and researchers,Farmer-led + researcher/extension,Intercropping: cereal-legume + rotation: cereal-legume,Intercrop-Rotation,1,0,0,Inter-row,Conservation agriculture vs. conventional tillage + application of fertiliser on maize + weed control,Tillage practices,,Grain / Pigeonpea,Maize,Pigeonpea,0,0,0,0,0,1,0,0,0,0,0,0,23-21-0 + 4S at seeding and 100 kg urea/ha (46% N) 3 weeks after planting for maize,Synthetic - below threshold,rainfed,37.05419,1.3705419,1.3705419,NA,NA,NA,NA,NA,69.7986577,1.697986577,1.697986577,NA,NA,NA,Win-Mix,NA,NA,NA,NA,NA,NA,NA,NA,NA,Providing incentives to farmers in the early years of implementation as they gain knowledge and skills will make the system successful.,There is a lack of knowledge by farmers to manage legume systems. Farmers also lack access to legume seeds.,NA,In Malawi farmers prioritise food security concerns above other farming objectives hence allocate larger proportions of their land holding to maize than other crops. Farmers also lack stable and fair markets for legume crops.,"In the paper, a big emphasis is played on conventional tillage vs. conservation agriculture.",Sup Calc. (need to be checked) Table 3&4 (Yield); Table 5 (Benefit/cost); P246 in text (LER) ,,2,2,2,1,2,2,11
209,421,"Ngwira A.R., Kabambe V., Simwaka P., Makoko K., Kamoyo K.",2020,Productivity and profitability of maize-legume cropping systems under conservation agriculture among smallholder farmers in Malawi,"Ngwira, A. R., Kabambe, V., Simwaka, P., Makoko, K., & Kamoyo, K. (2020). Productivity and profitability of maize-legume cropping systems under conservation agriculture among smallholder farmers in Malawi. Acta Agriculturae Scandinavica, Section B — Soil & Plant Science, 70(3), 241-251. doi:10.1080/09064710.2020.1712471",Plot,Quantitative,Participatory Action Research,RC,2014-2017,3,9,6,3,12,1, 2-4, 11-100,Yes,Yes,"Soil degradation, drought, low and unstable crop yields and high production costs",Malawi,Subsaharan Africa,1,Mangochi,Africa,LIC,"-14.740399462137598, 34.68376808580233 / -14.388394830798319, 35.50128646283253","-14.740399462137598, 34.68376808580233 / -14.388394830798319, 35.50128646283254",No,,Experiment (on farm),Farmer-led + support by extension officers and researchers,Farmer-led + researcher/extension,Intercropping: cereal-legume + rotation: cereal-legume,Intercrop-Rotation,1,0,0,Rotation,Conservation agriculture vs. conventional tillage + application of fertiliser on maize + weed control,Tillage practices,Weed/pest control,Grain / Groundnut,Maize,Groundnut,0,0,1,0,0,0,0,0,0,0,0,0,23-21-0 + 4S at seeding and 100 kg urea/ha (46% N) 3 weeks after planting for maize,Synthetic - below threshold,rainfed,38.612361,1.38612361,1.38612361,NA,NA,NA,NA,NA,-14.7651007,0.852348993,0.852348993,NA,NA,NA,Win-Lose,NA,NA,NA,NA,NA,NA,NA,NA,NA,Providing incentives to farmers in the early years of implementation as they gain knowledge and skills will make the system successful.,"There is a lack of knowledge by farmers to manage legume systems. Farmers also lack access to legume seeds. Weather (drought/dry spells): ""marked dry spells were experienced in the first season in Mangochi (27 days) and Mzimba (12 days) districts. According to the observations by farmers, the dry spells caused flower abortion in groundnut resulting in lower yields""",NA,"In Malawi farmers prioritise food security concerns above other farming objectives hence allocate larger proportions of their land holding to maize than other crops. Farmers also lack stable and fair markets for legume crops.
Weather (drought/dry spells): ""marked dry spells were experienced in the first season in Mangochi (27 days) and Mzimba (12 days) districts. According to the observations by farmers, the dry spells caused flower abortion in groundnut resulting in lower yields""","In the paper, a big emphasis is played on conventional tillage vs. conservation agriculture.",Sup Calc. (need to be checked) Table 3&4 (Yield); Table 5 (Benefit/cost); P246 in text (LER) ,,2,2,2,1,2,2,11
214,422,"Ngwira A.R., Thierfelder C., Lambert D.M.",2013,"Conservation agriculture systems for Malawian smallholder farmers: Long-term effects on crop productivity, profitability and soil quality","Ngwira, A. R., Thierfelder, C., & Lambert, D. M. (2012). Conservation agriculture systems for Malawian smallholder farmers: long-term effects on crop productivity, profitability and soil quality. Renewable Agriculture and Food Systems, 28(4), 350-363. doi:10.1017/s1742170512000257",Field,Quantitative,Participatory Action Research,RC,2005-2011,6,3,1,2,6,2, 5-10, 11-100,Yes,Yes,Poverty,Malawi,Subsaharan Africa,1,Lemu,Africa,LIC,"-14.984413376142554,",34.95966904,No,,Experiment (on farm),Farmer-led,Farmer-led,Intercropping: cereal-legume + rotation: cereal-legume,Intercrop-Rotation,1,0,0,Row,Conservation agriculture + herbicides,Tillage practices,Pest management,Grain / Pigeonpea,Maize,Pigeonpea,0,0,0,0,0,1,0,0,0,0,0,,69:21:00,Synthetic - below threshold,rainfed,4.799156537,1.047991565,1.047991565,NA,NA,NA,NA,NA,-4.83243125,0.951675687,1.141446613,NA,NA,0.761904762,Mix-Mix,NA,NA,NA,NA,NA,NA,NA,"High market demand: ""pigeonpea grain has a high demand in Malawi and India (an export market from Malawi), and the stems are used as fuelwood""; Pigeonpea, with its deep taproots, may assist in breaking the widespread hoe pans prevalent in most smallholder farmers’ fields in Malawi, thus improving soil structure and porosity.",NA,"Conservation agriculture (combination of differences in tillage and land preparation methods, residue management, cropping systems and weed control strategies): ""Mulch cover improved water infiltration even after the first season, especially under drier or moisture-limited conditions, thereby improving the effect on soil water balance""; Dry conditions - In the drier environment ofLemu (characterized by sandy clay loam soils), most of the yield increase was observed in the driest year of 2009–10","Pest infestation and rainfall variability with dry spells caused grain yields lower than the potential: ""inadequate number of sprays against insect pests such as aphids (Aphis gossypii) and elegant grasshoppers (Dichromorpha elegans) as well as dry spells causing flower abortion""",NA,Dry spells (rainfall variability),"biodiversity: Differences between treatments in the faunal groups of earthworm and termites were only observed in Zidyana (Table 5). At Lemu, spatial variability of these faunal groups was too large to detect any significant difference between treatments. In Zidyana, the earthworm population was highest (48earthwormsm?2) in CAM, followed by CAML (40earthwormsm?2) and lowest (9earthwormsm?2) in CPM treatment. At both sites centipede populations were higher in the top 30cm of soil of CAM than CPM, whereas the rest of the faunal populations did not show significant difference between treatments.",Figure 5+Table 1 (Yield); Table 6 (H2O infoltration); Table 4 (Soil organic C); Figure 6 (Biomass); Table 5 (Biodiversity); Table 3 (Income) ,,2,2,2,2,2,2,12
24,50,"Baishya L.K., Ansari M.A., Sarkar D., Ghosh M., Kumar S., Prakash N.",2016,Productivity enhancement in shifting cultivated lands through biofertilizer and micro-dosing of NPK in Eastern HiMalayan Region,"Baishya, L. K., Ansari, M. A., Sarkar, D., Ghosh, M., Kumar, S., & Prakash, N. (2016). Productivity enhancement in shifting cultivated lands through biofertilizer and micro-dosing of NPK in Eastern HiMalayan Region. Research on Crops, 17(2), 268-275. doi:10.5958/2348-7542.2016.00046.2",Farm,Quantitative (household surveys),Experiment (on farm),RC,2013-2014,2,8,4,4,3,4, 2-4, 11-100,"Not exclusively (also studying traditional practices vs improved crop management practices -- improved crop management practices (seed
biopriming with Azotobacter, PSB)+microdosing
NPK 20-20-20 @ 3 g/plant) with strip
cropping of rice+soybean, rice+groundnut,
maize+soybean and maize+groundnut were
compared with traditional jhum practices (mix
cropping–mixing of all the seeds and sowing
without any row arrangement in the field).","Not exclusively (also studying traditional practices vs improved crop management practices -- improved crop management practices (seed
biopriming with Azotobacter, PSB)+microdosing
NPK 20-20-20 @ 3 g/plant) with strip
cropping of rice+soybean, rice+groundnut,
maize+soybean and maize+groundnut were
compared with traditional jhum practices (mix
cropping–mixing of all the seeds and sowing
without any row arrangement in the field).","Population pressure, climate change--Need to find  improved crop management practices ( comparing shifting cultivation vs crop rotations). Need to reduce the of fire in shifting cultivation that emit carbon. Need to find different practices that reduce land degration",India,South Asia,2,"Chandel (Lambong village),
Churachandpur (Henkot village), Tamenglong
(Noney village) and Ukhrul (Ramva village) - Manipur state",Asia,LMIC,"24.33532114814686, 93.9979927062022 /24.34282396143544, 93.69670848597428 / 24.85456023236603, 93.61836522142822 /  25.01368621520169, 94.27967885054915 sites lies between 92°58?E (92.966667) to 94°45?E longitude
and 23°50?N (23.833333) to 25°42?N latitude","24.33532114814686, 93.9979927062022 /24.34282396143544, 93.69670848597428 / 24.85456023236603, 93.61836522142822 /  25.01368621520169, 94.27967885054915 sites lies between 92°58?E (92.966667) to 94°45?E longitude
and 23°50?N (23.833333) to 25°42?N latitude",No,,Experiment (on farm),Farmer-led + support by researchers,Farmer-led + researcher/extension,Intercropping: Cereal-legume,Intercrop,1,0,0,Strip,Seed biopriming with Azotobacter+PSB and micro-dosing of NPK,Fertilizer rates/type + seed improvement,,Grain / Soybean,Rice,Soybean,0,0,0,0,0,0,0,0,1,0,0,,20-20-20,Synthetic - below threshold,rainfed,29.310345,1.29310345,1.29310345,NA,NA,NA,NA,NA,66.8202555,1.668202555,1.668202555,NA,NA,NA,Win-Win,NA,NA,NA,NA,NA,NA,NA,"Inter cropping of legumes with cereals in
the jhum lands also considerably increased all
the above fertility parameters when compared
to those of sole cropping of cereals and
traditional jhum practices.","The results indicated that growing of sole groundnut
under improved management of the jhum lands
was most beneficial.",nutrient microdosing + seed biopriming to increase germination,soil erosion,NA,NA,,"Table 5_ economic yields, Table6_economics of diversified cropping, Table 7_fertility status",,2,2,1,2,2,2,11
25,50,"Baishya L.K., Ansari M.A., Sarkar D., Ghosh M., Kumar S., Prakash N.",2016,Productivity enhancement in shifting cultivated lands through biofertilizer and micro-dosing of NPK in Eastern HiMalayan Region,"Baishya, L. K., Ansari, M. A., Sarkar, D., Ghosh, M., Kumar, S., & Prakash, N. (2016). Productivity enhancement in shifting cultivated lands through biofertilizer and micro-dosing of NPK in Eastern HiMalayan Region. Research on Crops, 17(2), 268-275. doi:10.5958/2348-7542.2016.00046.2",Farm,Quantitative (household surveys),Experiment (on farm),RC,2013-2014,2,8,4,4,3,4, 2-4, 11-100,"Not exclusively (also studying traditional practices vs improved crop management practices -- improved crop management practices (seed
biopriming with Azotobacter, PSB)+microdosing
NPK 20-20-20 @ 3 g/plant) with strip
cropping of rice+soybean, rice+groundnut,
maize+soybean and maize+groundnut were
compared with traditional jhum practices (mix
cropping–mixing of all the seeds and sowing
without any row arrangement in the field).","Not exclusively (also studying traditional practices vs improved crop management practices -- improved crop management practices (seed
biopriming with Azotobacter, PSB)+microdosing
NPK 20-20-20 @ 3 g/plant) with strip
cropping of rice+soybean, rice+groundnut,
maize+soybean and maize+groundnut were
compared with traditional jhum practices (mix
cropping–mixing of all the seeds and sowing
without any row arrangement in the field).","Population pressure, climate change--Need to find  improved crop management practices ( comparing shifting cultivation vs crop rotations). Need to reduce the of fire in shifting cultivation that emit carbon. Need to find different practices that reduce land degration",India,South Asia,2,"Chandel (Lambong village),
Churachandpur (Henkot village), Tamenglong
(Noney village) and Ukhrul (Ramva village) - Manipur state",Asia,LMIC,"24.33532114814686, 93.9979927062022 /24.34282396143544, 93.69670848597428 / 24.85456023236603, 93.61836522142822 /  25.01368621520169, 94.27967885054915 sites lies between 92°58?E (92.966667) to 94°45?E longitude
and 23°50?N (23.833333) to 25°42?N latitude","24.33532114814686, 93.9979927062022 /24.34282396143544, 93.69670848597428 / 24.85456023236603, 93.61836522142822 /  25.01368621520169, 94.27967885054915 sites lies between 92°58?E (92.966667) to 94°45?E longitude
and 23°50?N (23.833333) to 25°42?N latitude",No,,Experiment (on farm),Farmer-led + support by researchers,Farmer-led + researcher/extension,Intercropping: Cereal-legume,Intercrop,1,0,0,Strip,Seed biopriming with Azotobacter+PSB and micro-dosing of NPK,Fertilizer rates/type + seed improvement,,Grain / Groundnut,Rice,Groundnut,0,0,1,0,0,0,0,0,0,0,0,,20-20-20,Synthetic - below threshold,rainfed,100,2,2,NA,NA,NA,NA,NA,203.1706204,3.031706204,3.031706204,NA,NA,NA,Win-Win,NA,NA,NA,NA,NA,NA,NA,"Inter cropping of legumes with cereals in
the jhum lands also considerably increased all
the above fertility parameters when compared
to those of sole cropping of cereals and
traditional jhum practices.","The results indicated that growing of sole groundnut
under improved management of the jhum lands
was most beneficial.",nutrient microdosing + seed biopriming to increase germination,soil erosion,NA,NA,,"Table 5_ economic yields, Table6_economics of diversified cropping, Table 7_fertility status",,2,2,1,2,2,2,11
26,50,"Baishya L.K., Ansari M.A., Sarkar D., Ghosh M., Kumar S., Prakash N.",2016,Productivity enhancement in shifting cultivated lands through biofertilizer and micro-dosing of NPK in Eastern HiMalayan Region,"Baishya, L. K., Ansari, M. A., Sarkar, D., Ghosh, M., Kumar, S., & Prakash, N. (2016). Productivity enhancement in shifting cultivated lands through biofertilizer and micro-dosing of NPK in Eastern HiMalayan Region. Research on Crops, 17(2), 268-275. doi:10.5958/2348-7542.2016.00046.2",Farm,Quantitative (household surveys),Experiment (on farm),RC,2013-2014,2,8,4,4,3,4, 2-4, 11-100,"Not exclusively (also studying traditional practices vs improved crop management practices -- improved crop management practices (seed
biopriming with Azotobacter, PSB)+microdosing
NPK 20-20-20 @ 3 g/plant) with strip
cropping of rice+soybean, rice+groundnut,
maize+soybean and maize+groundnut were
compared with traditional jhum practices (mix
cropping–mixing of all the seeds and sowing
without any row arrangement in the field).","Not exclusively (also studying traditional practices vs improved crop management practices -- improved crop management practices (seed
biopriming with Azotobacter, PSB)+microdosing
NPK 20-20-20 @ 3 g/plant) with strip
cropping of rice+soybean, rice+groundnut,
maize+soybean and maize+groundnut were
compared with traditional jhum practices (mix
cropping–mixing of all the seeds and sowing
without any row arrangement in the field).","Population pressure, climate change--Need to find  improved crop management practices ( comparing shifting cultivation vs crop rotations). Need to reduce the of fire in shifting cultivation that emit carbon. Need to find different practices that reduce land degration",India,South Asia,2,"Chandel (Lambong village),
Churachandpur (Henkot village), Tamenglong
(Noney village) and Ukhrul (Ramva village) - Manipur state",Asia,LMIC,"24.33532114814686, 93.9979927062022 /24.34282396143544, 93.69670848597428 / 24.85456023236603, 93.61836522142822 /  25.01368621520169, 94.27967885054915 sites lies between 92°58?E (92.966667) to 94°45?E longitude
and 23°50?N (23.833333) to 25°42?N latitude","24.33532114814686, 93.9979927062022 /24.34282396143544, 93.69670848597428 / 24.85456023236603, 93.61836522142822 /  25.01368621520169, 94.27967885054915 sites lies between 92°58?E (92.966667) to 94°45?E longitude
and 23°50?N (23.833333) to 25°42?N latitude",No,,Experiment (on farm),Farmer-led + support by researchers,Farmer-led + researcher/extension,Intercropping: Cereal-legume,Intercrop,1,0,0,Strip,Seed biopriming with Azotobacter+PSB and micro-dosing of NPK,Fertilizer rates/type + seed improvement,,Grain / Soybean,Maize,Soybean,0,0,0,0,0,0,0,0,1,0,0,,20-20-20,Synthetic - below threshold,rainfed,18.215613,1.18215613,1.18215613,NA,NA,NA,NA,NA,32.2730924,1.322730924,1.322730924,NA,NA,NA,Win-Win,NA,NA,NA,NA,NA,NA,NA,"Inter cropping of legumes with cereals in
the jhum lands also considerably increased all
the above fertility parameters when compared
to those of sole cropping of cereals and
traditional jhum practices.","The results indicated that growing of sole groundnut
under improved management of the jhum lands
was most beneficial.",nutrient microdosing + seed biopriming to increase germination,soil erosion,NA,NA,,"Table 5_ economic yields, Table6_economics of diversified cropping, Table 7_fertility status",,2,2,1,2,2,2,11
27,50,"Baishya L.K., Ansari M.A., Sarkar D., Ghosh M., Kumar S., Prakash N.",2016,Productivity enhancement in shifting cultivated lands through biofertilizer and micro-dosing of NPK in Eastern HiMalayan Region,"Baishya, L. K., Ansari, M. A., Sarkar, D., Ghosh, M., Kumar, S., & Prakash, N. (2016). Productivity enhancement in shifting cultivated lands through biofertilizer and micro-dosing of NPK in Eastern HiMalayan Region. Research on Crops, 17(2), 268-275. doi:10.5958/2348-7542.2016.00046.2",Farm,Quantitative (household surveys),Experiment (on farm),RC,2013-2014,2,8,4,4,3,4, 2-4, 11-100,"Not exclusively (also studying traditional practices vs improved crop management practices -- improved crop management practices (seed
biopriming with Azotobacter, PSB)+microdosing
NPK 20-20-20 @ 3 g/plant) with strip
cropping of rice+soybean, rice+groundnut,
maize+soybean and maize+groundnut were
compared with traditional jhum practices (mix
cropping–mixing of all the seeds and sowing
without any row arrangement in the field).","Not exclusively (also studying traditional practices vs improved crop management practices -- improved crop management practices (seed
biopriming with Azotobacter, PSB)+microdosing
NPK 20-20-20 @ 3 g/plant) with strip
cropping of rice+soybean, rice+groundnut,
maize+soybean and maize+groundnut were
compared with traditional jhum practices (mix
cropping–mixing of all the seeds and sowing
without any row arrangement in the field).","Population pressure, climate change--Need to find  improved crop management practices ( comparing shifting cultivation vs crop rotations). Need to reduce the of fire in shifting cultivation that emit carbon. Need to find different practices that reduce land degration",India,South Asia,2,"Chandel (Lambong village),
Churachandpur (Henkot village), Tamenglong
(Noney village) and Ukhrul (Ramva village) - Manipur state",Asia,LMIC,"24.33532114814686, 93.9979927062022 /24.34282396143544, 93.69670848597428 / 24.85456023236603, 93.61836522142822 /  25.01368621520169, 94.27967885054915 sites lies between 92°58?E (92.966667) to 94°45?E longitude
and 23°50?N (23.833333) to 25°42?N latitude","24.33532114814686, 93.9979927062022 /24.34282396143544, 93.69670848597428 / 24.85456023236603, 93.61836522142822 /  25.01368621520169, 94.27967885054915 sites lies between 92°58?E (92.966667) to 94°45?E longitude
and 23°50?N (23.833333) to 25°42?N latitude",No,,Experiment (on farm),Farmer-led + support by researchers,Farmer-led + researcher/extension,Intercropping: Cereal-legume,Intercrop,1,0,0,Strip,Seed biopriming with Azotobacter+PSB and micro-dosing of NPK,Fertilizer rates/type + seed improvement,,Grain / Groundnut,Maize,Groundnut,0,0,1,0,0,0,0,0,0,0,0,,20-20-20,Synthetic - below threshold,rainfed,79.182156,1.79182156,1.79182156,NA,NA,NA,NA,NA,128.3148594,2.283148594,2.283148594,NA,NA,NA,Win-Win,NA,NA,NA,NA,NA,NA,NA,"Inter cropping of legumes with cereals in
the jhum lands also considerably increased all
the above fertility parameters when compared
to those of sole cropping of cereals and
traditional jhum practices.","The results indicated that growing of sole groundnut
under improved management of the jhum lands
was most beneficial.",nutrient microdosing + seed biopriming to increase germination,soil erosion,NA,NA,,"Table 5_ economic yields, Table6_economics of diversified cropping, Table 7_fertility status",,2,2,1,2,2,2,11
76,140,"Devkota M., Yigezu Y.A.",2020,Explaining yield and gross margin gaps for sustainable intensification of the wheat-based systems in a Mediterranean climate,"Devkota, M., & Yigezu, Y. A. (2020). Explaining yield and gross margin gaps for sustainable intensification of the wheat-based systems in a Mediterranean climate. Agricultural Systems, 185. doi:10.1016/j.agsy.2020.102946",Field,Quantitative,Experiment (on farm),RC,2013,1,2,1,1,1901,2,1,>100 ,Yes,Yes,"Population increase, food demands",Morocco,Middle East & North Africa,7,Morocco- rainfed,Africa,LMIC,"33.603350515142566, -7.123538960450097/ 33.259103515069924, -7.582605039554856 / 32.99725490887311, -7.620689275264608 / 33.21835529522207, -8.485835110088123 / 32.649116492481106, -8.437446344658996 / 32.327611995539534, -9.25147484849829 / 34.0301644804861, -5.032658687813461 / 34.090491556789864, -5.180826179939386 / 34.275935334723954, -6.6226363782685915 / 34.27619233172484, -5.961886350171965 / 34.25132395742098, -5.73576442395581 / 33.64009039458912, -6.599844034939033 / 32.0567808522777, -7.870378707928262 / 33.67261289130731, -5.375170812232484 / 32.94266097698482, -5.634764126039454 / 33.888226601194845, -5.480094233548888 / 33.835646030905416, -6.095742388412363 / 32.34246940731572, -6.396703328555167 / 34.53256119014113, -4.633697038402909 / 34.22367288495069, -4.029746867940338 / 34.233935726941034, -3.3201696699651824","33.603350515142566, -7.123538960450097/ 33.259103515069924, -7.582605039554856 / 32.99725490887311, -7.620689275264608 / 33.21835529522207, -8.485835110088123 / 32.649116492481106, -8.437446344658996 / 32.327611995539534, -9.25147484849829 / 34.0301644804861, -5.032658687813461 / 34.090491556789864, -5.180826179939386 / 34.275935334723954, -6.6226363782685915 / 34.27619233172484, -5.961886350171965 / 34.25132395742098, -5.73576442395581 / 33.64009039458912, -6.599844034939033 / 32.0567808522777, -7.870378707928262 / 33.67261289130731, -5.375170812232484 / 32.94266097698482, -5.634764126039454 / 33.888226601194845, -5.480094233548888 / 33.835646030905416, -6.095742388412363 / 32.34246940731572, -6.396703328555167 / 34.53256119014113, -4.633697038402909 / 34.22367288495069, -4.029746867940338 / 34.233935726941034, -3.3201696699651825",Yes,"""Production can be increased either through the expansion of the crop area or increasing yield per unit area or both""",Experiment (on farm),Farmer-led,Farmer-led,Rotation,Rotation,1,0,0,Rotation,Existing farmers' practices,Existing farmers' practices,,Grain / Lentil +Faba bean,"Wheat, Barley",Multiple,0,0,0,1,0,0,1,0,0,0,0,,Variable: Mean 13-9-0,Synthetic - below threshold,rainfed,17,1.17,1.17,NA,NA,NA,NA,NA,26.6666667,1.266666667,1.266666667,NA,NA,NA,Win-Mix,NA,NA,NA,NA,NA,NA,Yes (higher production cost and inputs of water and fertiliser needed for higher outputs),Incentive programs to increase efficient use of rainfall,NA,"Farm size (small farms have higher yields and gross margins); soil quality (history of legume intercropping- ""Type of crop planted in the previous season was identified to be the most important variable influencing wheat yield and gross margin in the irrigated and rainfed wheat production environments""); Rainfall (higher rainfall - higher yield)","Soil quality (arid, low natural nutrient supply, fields without fertiliser had lower yields); farm size (large farms have smaller yields and gross margins than small farms); History of farm management (monocropping and soil tillage has led to loss of topsoil due to erosion and reduction in soil organic matter); Rainfall fluctuation (led to highly variable wheat yields)",Grain market prices (higher wheat price results in higher profits),"Labour requirements; Grain (wheat) price: ""The static grain price in Morocco might have been influenced by the price support for bread wheat by the government. Also, the grain price is determined by the quality standards of flourmill. Hence, increasing profit will require increasing grain yield while maintaining the grain quality. to enhance net profit from wheat production.""",,NA,,2,1,2,2,2,2,11
77,140,"Devkota M., Yigezu Y.A.",2020,Explaining yield and gross margin gaps for sustainable intensification of the wheat-based systems in a Mediterranean climate,"Devkota, M., & Yigezu, Y. A. (2020). Explaining yield and gross margin gaps for sustainable intensification of the wheat-based systems in a Mediterranean climate. Agricultural Systems, 185. doi:10.1016/j.agsy.2020.102946",Field,Quantitative,Experiment (on farm),RC,2013,1,2,1,1,395,2,1,>100 ,Yes,Yes,"Population increase, food demands",Morocco,Middle East & North Africa,7,Morocco- irrigation,Africa,LMIC,"33.603350515142566, -7.123538960450097/ 33.259103515069924, -7.582605039554856 / 32.99725490887311, -7.620689275264608 / 33.21835529522207, -8.485835110088123 / 32.649116492481106, -8.437446344658996 / 32.327611995539534, -9.25147484849829 / 34.0301644804861, -5.032658687813461 / 34.090491556789864, -5.180826179939386 / 34.275935334723954, -6.6226363782685915 / 34.27619233172484, -5.961886350171965 / 34.25132395742098, -5.73576442395581 / 33.64009039458912, -6.599844034939033 / 32.0567808522777, -7.870378707928262 / 33.67261289130731, -5.375170812232484 / 32.94266097698482, -5.634764126039454 / 33.888226601194845, -5.480094233548888 / 33.835646030905416, -6.095742388412363 / 32.34246940731572, -6.396703328555167 / 34.53256119014113, -4.633697038402909 / 34.22367288495069, -4.029746867940338 / 34.233935726941034, -3.3201696699651825","33.603350515142566, -7.123538960450097/ 33.259103515069924, -7.582605039554856 / 32.99725490887311, -7.620689275264608 / 33.21835529522207, -8.485835110088123 / 32.649116492481106, -8.437446344658996 / 32.327611995539534, -9.25147484849829 / 34.0301644804861, -5.032658687813461 / 34.090491556789864, -5.180826179939386 / 34.275935334723954, -6.6226363782685915 / 34.27619233172484, -5.961886350171965 / 34.25132395742098, -5.73576442395581 / 33.64009039458912, -6.599844034939033 / 32.0567808522777, -7.870378707928262 / 33.67261289130731, -5.375170812232484 / 32.94266097698482, -5.634764126039454 / 33.888226601194845, -5.480094233548888 / 33.835646030905416, -6.095742388412363 / 32.34246940731572, -6.396703328555167 / 34.53256119014113, -4.633697038402909 / 34.22367288495069, -4.029746867940338 / 34.233935726941034, -3.3201696699651826",Yes,"""Production can be increased either through the expansion of the crop area or increasing yield per unit area or both""",Experiment (on farm),Farmer-led,Farmer-led,Rotation,Rotation,1,0,0,Rotation,Irrigation,Existing farmers' practices,,Grain / Faba bean,Wheat,Faba bean,0,0,0,0,0,0,1,0,0,0,0,,Variable: Mean 78-36-0,Synthetic - below threshold,irrigation,18,1.18,1.18,NA,NA,NA,NA,NA,18.5185185,1.185185185,1.185185185,NA,NA,NA,Win-Mix,NA,NA,NA,NA,NA,NA,Yes (higher production cost and inputs of water and fertiliser needed for higher outputs),Incentive programs to increase efficient use of rainfall,NA,"Farm size (small farms have higher yields and gross margins); soil quality (history of legume intercropping- ""Type of crop planted in the previous season was identified to be the most important variable influencing wheat yield and gross margin in the irrigated and rainfed wheat production environments""); Rainfall (higher rainfall - higher yield)","Soil quality (arid, low natural nutrient supply, fields without fertiliser had lower yields); farm size (large farms have smaller yields and gross margins than small farms); History of farm management (monocropping and soil tillage has led to loss of topsoil due to erosion and reduction in soil organic matter); Rainfall fluctuation (led to highly variable wheat yields)","Soil quality (History of legume intercropping- previous crop influenced profit, higher margins if previous crop legume)","Soil quality (history of legume intercropping- previous crop influenced gross margins, lower margins if previous crop not legume); Grain (wheat) price: ""The static grain price in Morocco might have been influenced by the price support for bread wheat by the government. Also, the grain price is determined by the quality standards of flourmill. Hence, increasing profit will require increasing grain yield while maintaining the grain quality. to enhance net profit from wheat production.""",,NA,,2,1,2,2,2,2,11
36,61,"Bedoussac L., Journet E.-P., Hauggaard-Nielsen H., Naudin C., Corre-Hellou G., Jensen E.S., Prieur L., Justes E.",2015,Ecological principles underlying the increase of productivity achieved by cereal-grain legume intercrops in organic farming. A review,"Bedoussac, L., Journet, E. P., Hauggaard-Nielsen, H., Naudin, C., Corre-Hellou, G., Jensen, E. S., . . . Justes, E. (2015). Ecological principles underlying the increase of productivity achieved by cereal-grain legume intercrops in organic farming. A review. Agronomy for Sustainable Development, 35(3), 911-935. doi:10.1007/s13593-014-0277-7",Plot,Quantitative,Review,E/M,Various,Various,Various,Various,Various,Various,Various,Unknown,Unknown,Yes,No,"Population increase, climate change, limited resources","Denmark, France",High Income Countries,3,"Denmark, France",Europe,HIC,"43.52917, 1.500601/47.483112,-0.614047/55.669274, 12.301280","43.52917, 1.500601/47.483112,-0.614047/55.669274, 12.301281",No,,Review,Farmer-led,Farmer-led,Intercropping: Cereal-legume,Intercrop,0,0,1,Rotation,Reduced fertiliser application (organic),Fertilizer rates/type,,Grain / Faba bean + Pea,"Wheat,Barley",Multiple,0,0,0,0,0,0,1,0,0,1,0,,0-0-0,No synthetic,rainfed,22.222222,1.22222222,1.22222222,NA,NA,NA,NA,NA,21.6637782,1.216637782,1.216637782,NA,NA,NA,Win-Win,NA,NA,NA,NA,NA,NA,"Yes (the more the cereal grain yield increased when intercropped, the less the legume yielded suggesting that there is a trade-offbetween the two crops yield)",Variable weather; technical support since the new generation of farmers may not possess the know-how to grow arable crops as intercrops and organically,"(i) the farmers who need technical support since the new generation of farmers may not possess the know-how to grow arable crops as intercrops and organically; (ii) the companies collecting and storing seeds which will have to adapt their collecting, sorting and storage equipment to satisfy the processors’ quality demands; (iii) the industrials to adapt food processing; (iv) the breeders expected to select varieties suited to intercropping; (v) the technical institutions which must acquire and transfer operational knowledge, (vi) the researchers to produce cognitive know-how on the multiple mechanisms in play and (vii) the national and European authorities to consider relevant policy and subsidies to help reintroducing these cropping strategies","soil quality (low nitrogen availability - ""biggest advantage of the intercrop is observed for low grain protein concentration ofthe sole cropped wheat due to limited availability of nitrogen during growth, thus confirming intercrops benefits in low-nitrogen availability systems"")",NA,Variable weather (intercrop gross margin higher than sole crop when cereal crop yields low due to poor weather),NA,,NA,,1,1,2,2,2,2,10
241,444,"Palaniappan S.P., Balasubramanian R., Ramesh T., Chandrasekaran A., Mani K.G., Velayutham M., Lal R.",2009,Sustainable management of dryland alfisols (Red Soils) in South India,"Palaniappan, S. P., Balasubramanian, R., Ramesh, T., Chandrasekaran, A., Mani, K. G., Velayutham, M., & Lal, R. (2009). Sustainable Management of Dryland Alfisols (Red Soils) in South India. Journal of Crop Improvement, 23(3), 275-299. doi:10.1080/15427520902809888",Farm,Quantitative,Participatory Action Research,RC,2001,1,3,2,1,1,1,1, 1-2,Yes,Yes,,India,South Asia,2,"East Central Tamil Nadu, Ariyamuthupatti Village Site",Asia,LMIC,8° 30? (8.5) to 10° 40? (10.666667) N and 78° 24? (78.4) to 79° 40? E (79.666667) ,8° 30? (8.5) to 10° 40? (10.666667) N and 78° 24? (78.4) to 79° 40? E (79.666667) ,No,,Experiment (on farm),Farmer-led + support by researchers,Farmer-led + researcher/extension,Intercropping: Cereal-legume,Intercrop,1,0,0,Row,Existing farmers' practices,Existing farmers' practices,,Non-Grain / Cowpea,Pigeon Pea,Cowpea,0,1,0,0,0,0,0,0,0,0,0,,0,No synthetic,rainfed,-49.61977186,0.503802281,0.503802281,NA,NA,NA,NA,NA,-40.68441065,0.593155894,0.593155894,NA,NA,NA,Mix-Lose,NA,NA,NA,NA,NA,NA,NA,NA,NA,NA,NA,NA,NA,NA,TABLE 3 Agronomic Performance of Intercropping of Pigeon Pea (Var. VBN2) with Cowpea and Groundnut,,1,1,2,1,1,1,7
242,444,"Palaniappan S.P., Balasubramanian R., Ramesh T., Chandrasekaran A., Mani K.G., Velayutham M., Lal R.",2009,Sustainable management of dryland alfisols (Red Soils) in South India,"Palaniappan, S. P., Balasubramanian, R., Ramesh, T., Chandrasekaran, A., Mani, K. G., Velayutham, M., & Lal, R. (2009). Sustainable Management of Dryland Alfisols (Red Soils) in South India. Journal of Crop Improvement, 23(3), 275-299. doi:10.1080/15427520902809889",Farm,Quantitative,Participatory Action Research,RC,2001,1,3,2,1,1,1,1, 1-2,Yes,Yes,,India,South Asia,2,East Central Tamil Nadu,Asia,LMIC,8° 30? (8.5) to 10° 40? (10.666667) N and 78° 24? (78.4) to 79° 40? E (79.666667) ,8° 30? (8.5) to 10° 40? (10.666667) N and 78° 24? (78.4) to 79° 40? E (79.666667) ,No,,Experiment (on farm),Farmer-led + support by researchers,Farmer-led + researcher/extension,Intercropping: Cereal-legume,Intercrop,1,0,0,Row,Existing farmers' practices,Existing farmers' practices,,Non-Grain / Groundnut,Pigeon Pea,Groundnut,0,0,1,0,0,0,0,0,0,0,0,,0,No synthetic,rainfed,60.45627376,1.604562738,1.604562738,NA,NA,NA,NA,NA,215.2091255,3.152091255,3.152091255,NA,NA,NA,Win-Win,NA,NA,NA,NA,NA,NA,NA,NA,NA,NA,NA,NA,NA,NA,TABLE 3 Agronomic Performance of Intercropping of Pigeon Pea (Var. VBN2) with Cowpea and Groundnut,,1,1,2,1,1,1,7
243,444,"Palaniappan S.P., Balasubramanian R., Ramesh T., Chandrasekaran A., Mani K.G., Velayutham M., Lal R.",2009,Sustainable management of dryland alfisols (Red Soils) in South India,"Palaniappan, S. P., Balasubramanian, R., Ramesh, T., Chandrasekaran, A., Mani, K. G., Velayutham, M., & Lal, R. (2009). Sustainable Management of Dryland Alfisols (Red Soils) in South India. Journal of Crop Improvement, 23(3), 275-299. doi:10.1080/15427520902809890",Farm,Quantitative,Participatory Action Research,RC,2001,1,6,5,1,1,1,1, 1-2,Yes,Yes,,India,South Asia,2,East Central Tamil Nadu,Asia,LMIC,8° 30? (8.5) to 10° 40? (10.666667) N and 78° 24? (78.4) to 79° 40? E (79.666667) ,8° 30? (8.5) to 10° 40? (10.666667) N and 78° 24? (78.4) to 79° 40? E (79.666667) ,No,,Experiment (on farm),Farmer-led + support by researchers,Farmer-led + researcher/extension,Rotation + Intercropping,Intercrop-Rotation,1,0,0,Row,Existing farmers' practices,Existing farmers' practices,,Non-Grain / Black Gram,Pigeon Pea,Mungbean/Black gram,0,0,0,0,0,0,0,0,0,0,Black gram,"Black gram intercrop, red gram rotation",0,No synthetic,rainfed,15.96958175,1.159695817,1.159695817,NA,NA,NA,NA,NA,216.1977186,3.161977186,3.161977186,NA,NA,NA,Win-Win,NA,NA,NA,NA,NA,NA,NA,NA,NA,NA,NA,NA,NA,NA,TABLE 4 Agronomic Yields and Economic Returns of a Range of Crops and Cropping Systems,,1,1,2,1,1,1,7
244,444,"Palaniappan S.P., Balasubramanian R., Ramesh T., Chandrasekaran A., Mani K.G., Velayutham M., Lal R.",2009,Sustainable management of dryland alfisols (Red Soils) in South India,"Palaniappan, S. P., Balasubramanian, R., Ramesh, T., Chandrasekaran, A., Mani, K. G., Velayutham, M., & Lal, R. (2009). Sustainable Management of Dryland Alfisols (Red Soils) in South India. Journal of Crop Improvement, 23(3), 275-299. doi:10.1080/15427520902809891",Farm,Quantitative,Participatory Action Research,RC,2001,1,6,5,1,1,1,1, 1-2,Yes,Yes,,India,South Asia,2,East Central Tamil Nadu,Asia,LMIC,8° 30? (8.5) to 10° 40? (10.666667) N and 78° 24? (78.4) to 79° 40? E (79.666667) ,8° 30? (8.5) to 10° 40? (10.666667) N and 78° 24? (78.4) to 79° 40? E (79.666667) ,No,,Experiment (on farm),Farmer-led + support by researchers,Farmer-led + researcher/extension,Rotation + Intercropping,Intercrop-Rotation,1,0,0,Row,Existing farmers' practices,Existing farmers' practices,,Non-Grain / Cowpea,Pigeon Pea,Cowpea,0,1,0,0,0,0,0,0,0,0,,"Cowpea intercrop, red gram rotation",0,No synthetic,rainfed,-11.78707224,0.882129278,0.882129278,NA,NA,NA,NA,NA,35.36121673,1.353612167,1.353612167,NA,NA,NA,Lose-Win,NA,NA,NA,NA,NA,NA,NA,NA,NA,NA,NA,NA,NA,NA,TABLE 4 Agronomic Yields and Economic Returns of a Range of Crops and Cropping Systems,,1,1,2,1,1,1,7
245,444,"Palaniappan S.P., Balasubramanian R., Ramesh T., Chandrasekaran A., Mani K.G., Velayutham M., Lal R.",2009,Sustainable management of dryland alfisols (Red Soils) in South India,"Palaniappan, S. P., Balasubramanian, R., Ramesh, T., Chandrasekaran, A., Mani, K. G., Velayutham, M., & Lal, R. (2009). Sustainable Management of Dryland Alfisols (Red Soils) in South India. Journal of Crop Improvement, 23(3), 275-299. doi:10.1080/15427520902809892",Farm,Quantitative,Participatory Action Research,RC,2001,1,6,5,1,1,1,1, 1-2,Yes,Yes,,India,South Asia,2,East Central Tamil Nadu,Asia,LMIC,8° 30? (8.5) to 10° 40? (10.666667) N and 78° 24? (78.4) to 79° 40? E (79.666667) ,8° 30? (8.5) to 10° 40? (10.666667) N and 78° 24? (78.4) to 79° 40? E (79.666667) ,No,,Experiment (on farm),Farmer-led + support by researchers,Farmer-led + researcher/extension,Rotation + Intercropping,Intercrop-Rotation,1,0,0,Row,Existing farmers' practices,Existing farmers' practices,,Non-Grain / Groundnut,Pigeon Pea,Groundnut,0,0,1,0,0,0,0,0,0,0,,"Groundnut intercrop, red gram rotation",0,No synthetic,rainfed,60.45627376,1.604562738,1.604562738,NA,NA,NA,NA,NA,215.2091255,3.152091255,3.152091255,NA,NA,NA,Win-Win,NA,NA,NA,NA,NA,NA,NA,NA,NA,NA,NA,NA,NA,NA,TABLE 4 Agronomic Yields and Economic Returns of a Range of Crops and Cropping Systems,,1,1,2,1,1,1,7
246,444,"Palaniappan S.P., Balasubramanian R., Ramesh T., Chandrasekaran A., Mani K.G., Velayutham M., Lal R.",2009,Sustainable management of dryland alfisols (Red Soils) in South India,"Palaniappan, S. P., Balasubramanian, R., Ramesh, T., Chandrasekaran, A., Mani, K. G., Velayutham, M., & Lal, R. (2009). Sustainable Management of Dryland Alfisols (Red Soils) in South India. Journal of Crop Improvement, 23(3), 275-299. doi:10.1080/15427520902809893",Farm,Quantitative,Participatory Action Research,RC,2001,1,6,5,1,1,1,1, 1-2,Yes,Yes,,India,South Asia,2,East Central Tamil Nadu,Asia,LMIC,8° 30? (8.5) to 10° 40? (10.666667) N and 78° 24? (78.4) to 79° 40? E (79.666667) ,8° 30? (8.5) to 10° 40? (10.666667) N and 78° 24? (78.4) to 79° 40? E (79.666667) ,No,,Experiment (on farm),Farmer-led + support by researchers,Farmer-led + researcher/extension,Rotation + Intercropping,Intercrop-Rotation,1,0,0,Row,Existing farmers' practices,Existing farmers' practices,,Non-Grain / Lablab,Pigeon Pea,Other,0,0,0,0,0,0,0,0,0,0,Lablab,"Lablab intercrop, red gram rotation",0,No synthetic,rainfed,69.58174905,1.69581749,1.69581749,NA,NA,NA,NA,NA,258.3269962,3.583269962,3.583269962,NA,NA,NA,Win-Win,NA,NA,NA,NA,NA,NA,NA,NA,NA,NA,NA,NA,NA,NA,TABLE 4 Agronomic Yields and Economic Returns of a Range of Crops and Cropping Systems,,1,1,2,1,1,1,7
49,97,"Chapagain T., Pudasaini R., Ghimire B., Gurung K., Choi K., Rai L., Magar S., BK B., Raizada M.N.",2018,"Intercropping of maize, millet, mustard, wheat and ginger increased land productivity and potential economic returns for smallholder terrace farmers in Nepal","Chapagain, T., Pudasaini, R., Ghimire, B., Gurung, K., Choi, K., Rai, L., . . . Raizada, M. N. (2018). Intercropping of maize, millet, mustard, wheat and ginger increased land productivity and potential economic returns for smallholder terrace farmers in Nepal. Field Crops Research, 227, 91-101. doi:10.1016/j.fcr.2018.07.016",Village,Quantitative,Experiment (on farm),RC,2015-2017,2,8,4,4,20,1, 2-4, 11-100,Yes,Yes,Increasing demands for food and livestock forage,Nepal,South Asia,2,Dhading and Kaski,Asia,LMIC,"Dhading: 27° 78? 84? (28.323333) N and 84° 70? 02? E(85.167222), Kaski: 28° 20? 25? N (28.340278) and 84° 11? 71? E (84.185278)","Dhading: 27° 78? 84? (28.323333) N and 84° 70? 02? E(85.167222), Kaski: 28° 20? 25? N (28.340278) and 84° 11? 71? E (84.185278)",Yes,"""intensification that enhances productivity and environmental sustainability """,Experiment (on farm),Farmer-led,Farmer-led,Intercropping: Cereal-legume,Intercrop,1,0,0,Mixed,Existing farmers' practices,Existing farmers' practices,,Grain / Cowpea,Maize,Cowpea,0,1,0,0,0,0,0,0,0,0,0,,46-0-0,Synthetic - below threshold,rainfed,21.022727,1.21022727,1.21022727,NA,NA,NA,NA,NA,67,1.67,1.67,NA,NA,NA,Win-Win,NA,NA,NA,NA,NA,NA,"Yes (productivity: ""although intercropping is beneficial, challenges may arise from strong interspecific competition for resources such as nutrients, water and light between the crops in time and space."")","Access to resources (inputs) ""improved intercropping could be a promising ecological practice for low external input smallholder agriculture in the hills and mountains where on-farm mechanization is already constrained by the topology and where agriculture is already reliant upon animal and human labour""","Difficulties in mechanizing field-level tasks (e.g., planting, harvesting, weeding, etc.) especially in a mixed system which may demand more labour than sole cropping","soil quality (low input/yield environments): ""crop mixtures were more efficient than the sole cash crops particularly under low-input conditions, a situation typical to resource-poor smallholder farmers in developing countries""","rainfall fluctuations ""growth and yields of field crops (both legume and non-legume) were poor in year 1 compared to year 2 which was perhaps associated with the low rainfall in year 1.""; ""Prasad and Brook (2005) reported that high rainfall favored the growth of maize but supressed the growth of soybean in a maize+soybean intercropping system""","reduction of external inputs (inorganic fertilisers); intercropping design: ""competition between crops can be managed by rearranging plant populations through substitutive or additive designs to maintain productivity of the main crop (Vandermeer, 1989). Also, within-row intercropping may be more productive and lucrative compared to an inter-row system which can be more challenging to plant""",labour (intercropping more challenging to plant than sole cropping); poverty; lack of education (illiteracy) and need for policies/support in remote rural areas of developing countries,,NA,,2,2,2,2,2,2,12
50,97,"Chapagain T., Pudasaini R., Ghimire B., Gurung K., Choi K., Rai L., Magar S., BK B., Raizada M.N.",2018,"Intercropping of maize, millet, mustard, wheat and ginger increased land productivity and potential economic returns for smallholder terrace farmers in Nepal","Chapagain, T., Pudasaini, R., Ghimire, B., Gurung, K., Choi, K., Rai, L., . . . Raizada, M. N. (2018). Intercropping of maize, millet, mustard, wheat and ginger increased land productivity and potential economic returns for smallholder terrace farmers in Nepal. Field Crops Research, 227, 91-101. doi:10.1016/j.fcr.2018.07.016",Village,Quantitative,Experiment (on farm),RC,2015-2017,2,8,4,4,20,1, 2-4, 11-100,Yes,Yes,Increasing demands for food and livestock forage,Nepal,South Asia,2,Dhading and Kaski,Asia,LMIC,"Dhading: 27° 78? 84? (28.323333) N and 84° 70? 02? E(85.167222), Kaski: 28° 20? 25? N (28.340278) and 84° 11? 71? E (84.185278)","Dhading: 27° 78? 84? (28.323333) N and 84° 70? 02? E(85.167222), Kaski: 28° 20? 25? N (28.340278) and 84° 11? 71? E (84.185278)",Yes,"""intensification that enhances productivity and environmental sustainability """,Experiment (on farm),Farmer-led,Farmer-led,Intercropping: Cereal-legume,Intercrop,1,0,0,Mixed,Existing farmers' practices,Existing farmers' practices,,Grain / Soybean,Millet,Soybean,0,0,0,0,0,0,0,0,1,0,0,,46-0-0,Synthetic - below threshold,rainfed,25.568182,1.25568182,1.25568182,NA,NA,NA,NA,NA,188,2.88,2.88,NA,NA,NA,Win-Win,NA,NA,NA,NA,NA,NA,"Yes (productivity: ""although intercropping is beneficial, challenges may arise from strong interspecific competition for resources such as nutrients, water and light between the crops in time and space."")","Access to resources (inputs) ""improved intercropping could be a promising ecological practice for low external input smallholder agriculture in the hills and mountains where on-farm mechanization is already constrained by the topology and where agriculture is already reliant upon animal and human labour""","Difficulties in mechanizing field-level tasks (e.g., planting, harvesting, weeding, etc.) especially in a mixed system which may demand more labour than sole cropping","soil quality (low input/yield environments): ""crop mixtures were more efficient than the sole cash crops particularly under low-input conditions, a situation typical to resource-poor smallholder farmers in developing countries""","rainfall fluctuations ""growth and yields of field crops (both legume and non-legume) were poor in year 1 compared to year 2 which was perhaps associated with the low rainfall in year 1.""; ""Prasad and Brook (2005) reported that high rainfall favored the growth of maize but supressed the growth of soybean in a maize+soybean intercropping system""","reduction of external inputs (inorganic fertilisers); intercropping design: ""competition between crops can be managed by rearranging plant populations through substitutive or additive designs to maintain productivity of the main crop (Vandermeer, 1989). Also, within-row intercropping may be more productive and lucrative compared to an inter-row system which can be more challenging to plant""",labour (intercropping more challenging to plant than sole cropping); poverty; lack of education (illiteracy) and need for policies/support in remote rural areas of developing countries,,NA,,2,2,2,2,2,2,12
51,97,"Chapagain T., Pudasaini R., Ghimire B., Gurung K., Choi K., Rai L., Magar S., BK B., Raizada M.N.",2018,"Intercropping of maize, millet, mustard, wheat and ginger increased land productivity and potential economic returns for smallholder terrace farmers in Nepal","Chapagain, T., Pudasaini, R., Ghimire, B., Gurung, K., Choi, K., Rai, L., . . . Raizada, M. N. (2018). Intercropping of maize, millet, mustard, wheat and ginger increased land productivity and potential economic returns for smallholder terrace farmers in Nepal. Field Crops Research, 227, 91-101. doi:10.1016/j.fcr.2018.07.016",Village,Quantitative,Experiment (on farm),RC,2015-2017,2,8,4,4,20,1, 2-4, 11-100,Yes,Yes,Increasing demands for food and livestock forage,Nepal,South Asia,2,Dhading and Kaski,Asia,LMIC,"Dhading: 27° 78? 84? (28.323333) N and 84° 70? 02? E(85.167222), Kaski: 28° 20? 25? N (28.340278) and 84° 11? 71? E (84.185278)","Dhading: 27° 78? 84? (28.323333) N and 84° 70? 02? E(85.167222), Kaski: 28° 20? 25? N (28.340278) and 84° 11? 71? E (84.185278)",Yes,"""intensification that enhances productivity and environmental sustainability """,Experiment (on farm),Farmer-led,Farmer-led,Intercropping: Cereal-legume,Intercrop,1,0,0,Mixed,Existing farmers' practices,Existing farmers' practices,,Grain / Pea,Mustard,Pea,0,0,0,0,0,0,0,0,0,1,0,,46-0-0,Synthetic - below threshold,rainfed,30.487805,1.30487805,1.30487805,NA,NA,NA,NA,NA,15,1.15,1.15,NA,NA,NA,Win-Win,NA,NA,NA,NA,NA,NA,"Yes (productivity: ""although intercropping is beneficial, challenges may arise from strong interspecific competition for resources such as nutrients, water and light between the crops in time and space."")","Access to resources (inputs) ""improved intercropping could be a promising ecological practice for low external input smallholder agriculture in the hills and mountains where on-farm mechanization is already constrained by the topology and where agriculture is already reliant upon animal and human labour""","Difficulties in mechanizing field-level tasks (e.g., planting, harvesting, weeding, etc.) especially in a mixed system which may demand more labour than sole cropping","soil quality (low input/yield environments): ""crop mixtures were more efficient than the sole cash crops particularly under low-input conditions, a situation typical to resource-poor smallholder farmers in developing countries""","rainfall fluctuations ""growth and yields of field crops (both legume and non-legume) were poor in year 1 compared to year 2 which was perhaps associated with the low rainfall in year 1.""; ""Prasad and Brook (2005) reported that high rainfall favored the growth of maize but supressed the growth of soybean in a maize+soybean intercropping system""","reduction of external inputs (inorganic fertilisers); intercropping design: ""competition between crops can be managed by rearranging plant populations through substitutive or additive designs to maintain productivity of the main crop (Vandermeer, 1989). Also, within-row intercropping may be more productive and lucrative compared to an inter-row system which can be more challenging to plant""",labour (intercropping more challenging to plant than sole cropping); poverty; lack of education (illiteracy) and need for policies/support in remote rural areas of developing countries,,NA,,2,2,2,2,2,2,12
52,97,"Chapagain T., Pudasaini R., Ghimire B., Gurung K., Choi K., Rai L., Magar S., BK B., Raizada M.N.",2018,"Intercropping of maize, millet, mustard, wheat and ginger increased land productivity and potential economic returns for smallholder terrace farmers in Nepal","Chapagain, T., Pudasaini, R., Ghimire, B., Gurung, K., Choi, K., Rai, L., . . . Raizada, M. N. (2018). Intercropping of maize, millet, mustard, wheat and ginger increased land productivity and potential economic returns for smallholder terrace farmers in Nepal. Field Crops Research, 227, 91-101. doi:10.1016/j.fcr.2018.07.016",Village,Quantitative,Experiment (on farm),RC,2015-2017,2,8,4,4,20,1, 2-4, 11-100,Yes,Yes,Increasing demands for food and livestock forage,Nepal,South Asia,2,Dhading and Kaski,Asia,LMIC,"Dhading: 27° 78? 84? (28.323333) N and 84° 70? 02? E(85.167222), Kaski: 28° 20? 25? N (28.340278) and 84° 11? 71? E (84.185278)","Dhading: 27° 78? 84? (28.323333) N and 84° 70? 02? E(85.167222), Kaski: 28° 20? 25? N (28.340278) and 84° 11? 71? E (84.185278)",Yes,"""intensification that enhances productivity and environmental sustainability """,Experiment (on farm),Farmer-led,Farmer-led,Intercropping: Cereal-legume,Intercrop,1,0,0,Mixed,Existing farmers' practices,Existing farmers' practices,,Grain / Pea,Wheat,Pea,0,0,0,0,0,0,0,0,0,1,0,,46-0-0,Synthetic - below threshold,rainfed,16,1.16,1.16,NA,NA,NA,NA,NA,54,1.54,1.54,NA,NA,NA,Win-Win,NA,NA,NA,NA,NA,NA,"Yes (productivity: ""although intercropping is beneficial, challenges may arise from strong interspecific competition for resources such as nutrients, water and light between the crops in time and space."")","Access to resources (inputs) ""improved intercropping could be a promising ecological practice for low external input smallholder agriculture in the hills and mountains where on-farm mechanization is already constrained by the topology and where agriculture is already reliant upon animal and human labour""","Difficulties in mechanizing field-level tasks (e.g., planting, harvesting, weeding, etc.) especially in a mixed system which may demand more labour than sole cropping","soil quality (low input/yield environments): ""crop mixtures were more efficient than the sole cash crops particularly under low-input conditions, a situation typical to resource-poor smallholder farmers in developing countries""","rainfall fluctuations ""growth and yields of field crops (both legume and non-legume) were poor in year 1 compared to year 2 which was perhaps associated with the low rainfall in year 1.""; ""Prasad and Brook (2005) reported that high rainfall favored the growth of maize but supressed the growth of soybean in a maize+soybean intercropping system""","reduction of external inputs (inorganic fertilisers); intercropping design: ""competition between crops can be managed by rearranging plant populations through substitutive or additive designs to maintain productivity of the main crop (Vandermeer, 1989). Also, within-row intercropping may be more productive and lucrative compared to an inter-row system which can be more challenging to plant""",labour (intercropping more challenging to plant than sole cropping); poverty; lack of education (illiteracy) and need for policies/support in remote rural areas of developing countries,,NA,,2,2,2,2,2,2,12
14,19,"Alemayehu A., Tamado T., Nigussie D., Yigzaw D., Kinde T., Wortmann C.S.",2017,Maize-common bean intercropping to optimize maize-based crop production,"Alemayehu, A., Tamado, T., Nigussie, D., Yigzaw, D., Kinde, T., & Wortmann, C. S. (2017). Maize-common bean intercropping to optimize maize-based crop production. Journal of Agricultural Science, 155(7), 1124-1136. doi:10.1017/S0021859617000193",Plot,Quantitative,Experiment (research station),Mixed,2012-2013,2,9,8,1,3,2, 2-4, 5-10,Yes,Yes,"Population increase, food and nutrition requirements, land degradation, land scarcity",Ethiopia,Subsaharan Africa,1,Mecha and South Achefer,Africa,LIC,"Mecha research station:  11.392673578259751, 37.11324985601226
South Achefer, on-farm site : 11.3406,36.938983","Mecha research station:  11.392673578259751, 37.11324985601226
South Achefer, on-farm site : 11.3406,36.938983",No,"""one strategy for increasing productivity is to intensify land use (Matusso et al. 2014)""",Experiment (research station),Researcher-led,Researcher-led,Intercropping: Cereal-legume,Intercrop,0,1,0,Row,Reduced fertiliser (High input vs low input),Fertilizer rates/type,,Grain / Common bean,Maize,Common bean,0,0,0,0,0,0,0,1,0,0,0,,"92-20, 128-40 (on maize - no fertiliser on been)",Synthetic - below threshold,rainfed,6.018519,1.06018519,1.06018519,NA,NA,NA,NA,NA,6,1.06,1.06,NA,NA,NA,Win-Win,NA,NA,NA,NA,NA,NA,Yes (reduced intercropped maize yield compared with the solecrop maize was compensated by the additional yield of common bean in the intercrop system),NA,NA,NA,"drought/moisture stress, soil quality",NA,NA,"High input not economically feasible, low input feasible",NA,,2,2,2,2,2,2,12
17,39,"Arunrat N., Wang C., Pumijumnong N.",2016,Alternative cropping systems for greenhouse gases mitigation in rice field: a case study in Phichit province of Thailand,"Arunrat, N., Wang, C., & Pumijumnong, N. (2016). Alternative cropping systems for greenhouse gases mitigation in rice field: a case study in Phichit province of Thailand. Journal of Cleaner Production, 133, 657-671. doi:10.1016/j.jclepro.2016.05.137",Household,Quantitative + Qualitative,Recall/Surveys,RC,2012-2014,2,10,4,6,7,2, 2-4, 11-100,Yes,Yes,Climate change,Thailand,South-east Asia,4,Phichit province - irrigated,Asia,UMIC,"Rang Nok: 16.433188169497235, 100.21447888114231
Nong Lum: 16.576861342419285, 100.14534533460767
Nong Phra: 16.3404858366116, 100.57080791937308
Thai Thung: 16.100261116586402, 100.58160647078934
Ho Krai: 16.059450700410665, 100.38405830054218
Thap Man: 16.203954673105923, 100.29705799127257
Pho Sai Ngam: 16.119689051311894, 100.13036204428496
Thung Yai: 16.289655383967098, 100.07130045946944","Rang Nok: 16.433188169497235, 100.21447888114231
Nong Lum: 16.576861342419285, 100.14534533460767
Nong Phra: 16.3404858366116, 100.57080791937308
Thai Thung: 16.100261116586402, 100.58160647078934
Ho Krai: 16.059450700410665, 100.38405830054218
Thap Man: 16.203954673105923, 100.29705799127257
Pho Sai Ngam: 16.119689051311894, 100.13036204428496
Thung Yai: 16.289655383967098, 100.07130045946944",No,,Recall,Farmer-led,Farmer-led,Rotation,Rotation,1,0,0,Rotation,Irrigation,Existing farmers' practices,,Grain / Soybean,Rice,Soybean,0,0,0,0,0,0,0,0,1,0,0,"Watermelon, corn",Synthetic - below threshold,Synthetic - below threshold,irrigation,-4.15,0.9585,0.9585,NA,NA,NA,NA,NA,36.6,1.366,1.366,NA,NA,NA,Mix-Win,NA,NA,NA,Irrigated; Farm Size,"Large farms have highest crop yields but significantly higher GHG emissions than small and medium farms - ""due to higher quantity inputs of chemical fertilizer, higher fossil fuel consumption and insecticide and herbicide use and burning crop residues. This means that large farms cause a severe environmental impact per ha to obtain high crop yields and economic returns.""",NA,NA,Increased benefit/cost ratio,NA,irrigation (reduces burning of residues and associated emissions),"farm size (large farms show significantly higher GHG emissions than small and medium farms); general farm management practices (chemical fertilizer, insecticide and herbicide application, fossil fuel consumption and crop residue burning)",low rainfall/high stress environment,NA,,NA,,2,2,2,2,2,2,12
18,39,"Arunrat N., Wang C., Pumijumnong N.",2016,Alternative cropping systems for greenhouse gases mitigation in rice field: a case study in Phichit province of Thailand,"Arunrat, N., Wang, C., & Pumijumnong, N. (2016). Alternative cropping systems for greenhouse gases mitigation in rice field: a case study in Phichit province of Thailand. Journal of Cleaner Production, 133, 657-671. doi:10.1016/j.jclepro.2016.05.137",Household,Quantitative + Qualitative,Recall/Surveys,RC,2012-2014,2,10,4,6,7,2, 2-4, 11-100,Yes,Yes,Climate change,Thailand,South-east Asia,4,Phichit province - rainfed,Asia,UMIC,"Rang Nok: 16.433188169497235, 100.21447888114231
Nong Lum: 16.576861342419285, 100.14534533460767
Nong Phra: 16.3404858366116, 100.57080791937308
Thai Thung: 16.100261116586402, 100.58160647078934
Ho Krai: 16.059450700410665, 100.38405830054218
Thap Man: 16.203954673105923, 100.29705799127257
Pho Sai Ngam: 16.119689051311894, 100.13036204428496
Thung Yai: 16.289655383967098, 100.07130045946944","Rang Nok: 16.433188169497235, 100.21447888114231
Nong Lum: 16.576861342419285, 100.14534533460767
Nong Phra: 16.3404858366116, 100.57080791937308
Thai Thung: 16.100261116586402, 100.58160647078934
Ho Krai: 16.059450700410665, 100.38405830054218
Thap Man: 16.203954673105923, 100.29705799127257
Pho Sai Ngam: 16.119689051311894, 100.13036204428496
Thung Yai: 16.289655383967098, 100.07130045946944",No,,Recall,Farmer-led,Farmer-led,Rotation,Rotation,1,0,0,Rotation,Existing farmers' practices,Existing farmers' practices,,Grain / Soybean,Rice,Soybean,0,0,0,0,0,0,0,0,1,0,0,"Watermelon, corn",Synthetic - below threshold,Synthetic - below threshold,rainfed,28.9,1.289,1.289,NA,NA,NA,NA,NA,178.2,2.782,2.782,NA,NA,NA,Mix-Win,NA,NA,NA,Rainfed; Farm Size,"Large farms have highest crop yields but significantly higher GHG emissions than small and medium farms - ""due to higher quantity inputs of chemical fertilizer, higher fossil fuel consumption and insecticide and herbicide use and burning crop residues. This means that large farms cause a severe environmental impact per ha to obtain high crop yields and economic returns.""",NA,NA,Increased benefit/cost ratio,NA,"reduced inputs (fertilisers, insecticides and herbicides)","farm size (large farms show significantly higher GHG emissions than small and medium farms); general farm management practices (chemical fertilizer, insecticide and herbicide application, fossil fuel consumption and crop residue burning)",low rainfall/high stress environment,NA,,NA,,2,2,2,2,2,2,12
19,39,"Arunrat N., Wang C., Pumijumnong N.",2016,Alternative cropping systems for greenhouse gases mitigation in rice field: a case study in Phichit province of Thailand,"Arunrat, N., Wang, C., & Pumijumnong, N. (2016). Alternative cropping systems for greenhouse gases mitigation in rice field: a case study in Phichit province of Thailand. Journal of Cleaner Production, 133, 657-671. doi:10.1016/j.jclepro.2016.05.137",Household,Quantitative + Qualitative,Recall/Surveys,RC,2012-2014,2,10,4,6,7,2, 2-4, 11-100,Yes,Yes,Climate change,Thailand,South-east Asia,4,Phichit province - irrigated,Asia,UMIC,"Rang Nok: 16.433188169497235, 100.21447888114231
Nong Lum: 16.576861342419285, 100.14534533460767
Nong Phra: 16.3404858366116, 100.57080791937308
Thai Thung: 16.100261116586402, 100.58160647078934
Ho Krai: 16.059450700410665, 100.38405830054218
Thap Man: 16.203954673105923, 100.29705799127257
Pho Sai Ngam: 16.119689051311894, 100.13036204428496
Thung Yai: 16.289655383967098, 100.07130045946944","Rang Nok: 16.433188169497235, 100.21447888114231
Nong Lum: 16.576861342419285, 100.14534533460767
Nong Phra: 16.3404858366116, 100.57080791937308
Thai Thung: 16.100261116586402, 100.58160647078934
Ho Krai: 16.059450700410665, 100.38405830054218
Thap Man: 16.203954673105923, 100.29705799127257
Pho Sai Ngam: 16.119689051311894, 100.13036204428496
Thung Yai: 16.289655383967098, 100.07130045946944",No,,Recall,Farmer-led,Farmer-led,Rotation,Rotation,1,0,0,Rotation,Irrigation,Existing farmers' practices,,Grain / Mungbean,Rice,Mungbean,0,0,0,0,1,0,0,0,0,0,0,"Watermelon, corn",Synthetic - below threshold,Synthetic - below threshold,irrigation,-13.4,0.866,0.866,NA,NA,NA,NA,NA,59.6,1.596,1.596,NA,NA,NA,Mix-Win,NA,NA,NA,Irrigated; Farm Size,"Large farms have highest crop yields but significantly higher GHG emissions than small and medium farms - ""due to higher quantity inputs of chemical fertilizer, higher fossil fuel consumption and insecticide and herbicide use and burning crop residues. This means that large farms cause a severe environmental impact per ha to obtain high crop yields and economic returns.""",NA,NA,Increased benefit/cost ratio,NA,irrigation (reduces burning of residues and associated emissions),"farm size (large farms show significantly higher GHG emissions than small and medium farms); general farm management practices (chemical fertilizer, insecticide and herbicide application, fossil fuel consumption and crop residue burning)",low rainfall/high stress environment,NA,,NA,,2,2,2,2,2,2,12
20,39,"Arunrat N., Wang C., Pumijumnong N.",2016,Alternative cropping systems for greenhouse gases mitigation in rice field: a case study in Phichit province of Thailand,"Arunrat, N., Wang, C., & Pumijumnong, N. (2016). Alternative cropping systems for greenhouse gases mitigation in rice field: a case study in Phichit province of Thailand. Journal of Cleaner Production, 133, 657-671. doi:10.1016/j.jclepro.2016.05.137",Household,Quantitative + Qualitative,Recall/Surveys,RC,2012-2014,2,10,4,6,7,2, 2-4, 11-100,Yes,Yes,Climate change,Thailand,South-east Asia,4,Phichit province - rainfed,Asia,UMIC,"Rang Nok: 16.433188169497235, 100.21447888114231
Nong Lum: 16.576861342419285, 100.14534533460767
Nong Phra: 16.3404858366116, 100.57080791937308
Thai Thung: 16.100261116586402, 100.58160647078934
Ho Krai: 16.059450700410665, 100.38405830054218
Thap Man: 16.203954673105923, 100.29705799127257
Pho Sai Ngam: 16.119689051311894, 100.13036204428496
Thung Yai: 16.289655383967098, 100.07130045946944","Rang Nok: 16.433188169497235, 100.21447888114231
Nong Lum: 16.576861342419285, 100.14534533460767
Nong Phra: 16.3404858366116, 100.57080791937308
Thai Thung: 16.100261116586402, 100.58160647078934
Ho Krai: 16.059450700410665, 100.38405830054218
Thap Man: 16.203954673105923, 100.29705799127257
Pho Sai Ngam: 16.119689051311894, 100.13036204428496
Thung Yai: 16.289655383967098, 100.07130045946944",No,,Recall,Farmer-led,Farmer-led,Rotation,Rotation,1,0,0,Rotation,Existing farmers' practices,Existing farmers' practices,,Grain / Mungbean,Rice,Mungbean,0,0,0,0,1,0,0,0,0,0,0,"Watermelon, corn",Synthetic - below threshold,Synthetic - below threshold,rainfed,15.6,1.156,1.156,NA,NA,NA,NA,NA,215.1,3.151,3.151,NA,NA,NA,Mix-Win,NA,NA,NA,Rainfed; Farm Size,"Large farms have highest crop yields but significantly higher GHG emissions than small and medium farms - ""due to higher quantity inputs of chemical fertilizer, higher fossil fuel consumption and insecticide and herbicide use and burning crop residues. This means that large farms cause a severe environmental impact per ha to obtain high crop yields and economic returns.""",NA,NA,Increased benefit/cost ratio,NA,"reduced inputs (fertilisers, insecticides and herbicides)","farm size (large farms show significantly higher GHG emissions than small and medium farms); general farm management practices (chemical fertilizer, insecticide and herbicide application, fossil fuel consumption and crop residue burning)",low rainfall/high stress environment,NA,,NA,,2,2,2,2,2,2,12
45,74,"Bitew Y., Alemayehu G., Adgo E., Assefa A.",2020,"Competition, production efficiency and yield stability of finger millet and legume additive design intercropping","Bitew, Y., Alemayehu, G., Adgo, E., & Assefa, A. (2020). Competition, production efficiency and yield stability of finger millet and legume additive design intercropping. Renewable Agriculture and Food Systems. doi:10.1017/S1742170520000101",Plot,Quantitative,Experiment (on farm),Mixed,2017-2018,2,16,8,8,1,2, 2-4, 1-2,Yes,Yes,"Population growth, pressure on resources, climate change",Ethiopia,Subsaharan Africa,1,Mecha and South Achefere,Africa,LIC,,"Site 1 (station): 37°06.478?E (37.107967), Site 2 (on farm): 36°56.339?E (37.938983)",No,"""several authors described intercropping as an ecofunctional
  intensification practice which has been widely used to boost crop productivity,
  increase the land utilization ratio (Laurent et al., 2015), provide a balanced diet, reduce
  labor peaks, minimize crop failure due to adverse effects of biotic and abiotic factors, protect
  soil against erosion, improve the use of limited resources (Tsubo et al., 2005), increase stability
  of yield (Vandermeer, 1989) and provide higher returns (Yayeh et al., 2019) compared with
  sole cropping""",Experiment (on farm),Farmer-led,Farmer-led,Intercropping: Cereal-legume,Intercrop,1,0,0,Row,Existing farmers' practices,Existing farmers' practices,,Grain / Common bean,Finger Millet,Common bean,0,0,0,0,0,0,0,1,0,0,0,Lupin,46-46-0,Synthetic - below threshold,rainfed,57.4,1.574,1.574,NA,NA,NA,NA,NA,37.65,1.3765,1.3765,NA,NA,NA,Win-Win,NA,NA,NA,NA,NA,NA,NA,NA,NA,soil quality (low input/yield environments),rainfall variability,NA,NA,,NA,,0,2,2,2,2,2,10
