"uniqueID","StudyID_IDALL","Authors","Year","Title","Citation","Unit_analysis","Study_design","Case_countries","Continent","Worldbank_national_income_group","Synthetic_fertiliser_category","Water_source","Suppreg_services_average_percent_transf","Suppreg_services_average","Climate_regulation","Disease_regulation","Pest_regulation","Water_regulation","Water_purification","Pollination","Soil_formation","Nutrient_cycling","Aspect of Nutrient cycling measured","Primary_production","Econ_wellbeing_average_percent_transf","Econ_wellbeing_average","Profit","Financial_security","Physical_capital","Savings_labour_cost","Combined_ecological_social_outcome"
7,9,"Adjei-Nsiah S., Kuyper T.W., Leeuwis C., Abekoe M.K., Giller K.E.",2007,"Evaluating sustainable and profitable cropping sequences with cassava and four legume crops: Effects on soil fertility and maize yields in the forest/savannah transitional agro-ecological zone of Ghana","Adjei-Nsiah, S., Kuyper, T. W., Leeuwis, C., Abekoe, M. K., & Giller, K. E. (2007). Evaluating sustainable and profitable cropping sequences with cassava and four legume crops: Effects on soil fertility and maize yields in the forest/savannah transitional agro-ecological zone of Ghana. Field Crops Research, 103(2), 87-97. doi:10.1016/j.fcr.2007.05.001","Community","Experiment (on farm)","Ghana","Africa","LMIC","Synthetic - below threshold","rainfed",65.5578033333333,1.65557803333333,"NA","NA","1.21","NA","NA","NA","NA","1.5882353","Total soil nitrogen","2.1684988000000001",176,2.76,"2.76","NA","NA",NA,"Win-Win"
11,14,"Akhtar M., Yaqub M., Iqbal Z., Ashraf M.Y., Akhter J., Hussain F.",2010,"Improvement in yield and nutrient uptake by cocropping of wheat and chickpea","Akhtar, M., Yaqub, M., Iqbal, Z., Ashraf, M. Y., Akhter, J., & Hussain, F. (2010). Improvement in yield and nutrient uptake by cocropping of wheat and chickpea. Pakistan Journal of Botany, 42(6), 4043-4049.","Plot","Experiment (research station)","Pakistan","Asia","LMIC","No synthetic","rainfed",83.3,1.833,"NA","NA","NA","NA","NA","NA","NA","1.833","Nitrogen uptake (kg/ha)","NA",99.2,1.992,"1.992","NA","NA",NA,"Win-Win"
13,18,"Alam M.M., Ladha J.K., Faisal M.W., Sharma S., Saha A., Noor S., Rahman M.A.",2015,"Improvement of cereal-based cropping systems following the principles of conservation agriculture under changing agricultural scenarios in Bangladesh","Alam, M. M., Ladha, J. K., Faisal, M. W., Sharma, S., Saha, A., Noor, S., & Rahman, M. A. (2015). Improvement of cereal-based cropping systems following the principles of conservation agriculture under changing agricultural scenarios in Bangladesh. Field Crops Research, 175, 1-15. doi:10.1016/j.fcr.2014.12.015","Plot","Experiment (research station)","Bangladesh","Asia","LMIC","Synthetic - below threshold","irrigation",185,2.85,"NA","NA","NA","2.85","NA","NA","NA","NA","NA","NA",45.7,1.457,"1.4570000000000001","NA","Mixed",NA,"Win-Mix"
14,19,"Alemayehu A., Tamado T., Nigussie D., Yigzaw D., Kinde T., Wortmann C.S.",2017,"Maize-common bean intercropping to optimize maize-based crop production","Alemayehu, A., Tamado, T., Nigussie, D., Yigzaw, D., Kinde, T., & Wortmann, C. S. (2017). Maize-common bean intercropping to optimize maize-based crop production. Journal of Agricultural Science, 155(7), 1124-1136. doi:10.1017/S0021859617000193","Plot","Experiment (research station)","Ethiopia","Africa","LIC","Synthetic - below threshold","rainfed",-1.006945,0.98993055,"NA","NA","NA","NA","NA","NA","NA","1.0173611","Maize partial factor productivity of applied N (PFPN) - Mixed (positive or negative depending on fertiliser rate, higher N inputs = reduced N efficiency)","0.96250000000000002",6.00000000000001,1.06,"1.06","NA","NA",NA,"Win-Win"
15,784,"Ansari, M. H., Verma, B. K., Ansari, M. A., Mishra, D., Srivastava, A. K., Khan, N., & Saquib, M. (2015, Mar).  [Article]. Indian Journal of Agricultural Sciences, 85(3), 100-104. <Go to ISI>://WOS:000351480400015",2015,"Impact of cropping pattern on growth, yield attributes and system productivity of citronella (Citronella winterianus) - pulses intercropping system in Central India","Ansari, M. H., Verma, B. K., Ansari, M. A., Mishra, D., Srivastava, A. K., Khan, N., & Saquib, M. (2015). Impact of cropping pattern on growth, yield attributes and system productivity of citronella (Citronella winterianus) - pulses intercropping system in Central India. Indian Journal of Agricultural Sciences, 85(3), 100-104.","Plot","Experiment (research station)","India","Asia","LMIC","Synthetic - below threshold","irrigation",6.78067599470258,1.06780675994703,"NA","NA","NA","NA","NA","NA","1.0523809523809522","1.0832325675130994","Available N (kg/ha)","NA",-10.9378753723362,0.890621246276638,"0.74028967841604865","1.0409528141372282","NA",NA,"Mix-Mix"
17,39,"Arunrat N., Wang C., Pumijumnong N.",2016,"Alternative cropping systems for greenhouse gases mitigation in rice field: a case study in Phichit province of Thailand","Arunrat, N., Wang, C., & Pumijumnong, N. (2016). Alternative cropping systems for greenhouse gases mitigation in rice field: a case study in Phichit province of Thailand. Journal of Cleaner Production, 133, 657-671. doi:10.1016/j.jclepro.2016.05.137","Household","Recall","Thailand","Asia","UMIC","Synthetic - below threshold","irrigation",22.9889,1.229889,"1.229889","NA","NA","NA","NA","NA","NA","NA","NA","NA",36.6,1.366,"1.3660000000000001","NA","Positive",NA,"Mix-Win"
18,39,"Arunrat N., Wang C., Pumijumnong N.",2016,"Alternative cropping systems for greenhouse gases mitigation in rice field: a case study in Phichit province of Thailand","Arunrat, N., Wang, C., & Pumijumnong, N. (2016). Alternative cropping systems for greenhouse gases mitigation in rice field: a case study in Phichit province of Thailand. Journal of Cleaner Production, 133, 657-671. doi:10.1016/j.jclepro.2016.05.137","Household","Recall","Thailand","Asia","UMIC","Synthetic - below threshold","rainfed",-12.2621,0.877379,"0.87737900000000002","NA","NA","NA","NA","NA","NA","NA","NA","NA",178.2,2.782,"2.782","NA","Positive",NA,"Mix-Win"
19,39,"Arunrat N., Wang C., Pumijumnong N.",2016,"Alternative cropping systems for greenhouse gases mitigation in rice field: a case study in Phichit province of Thailand","Arunrat, N., Wang, C., & Pumijumnong, N. (2016). Alternative cropping systems for greenhouse gases mitigation in rice field: a case study in Phichit province of Thailand. Journal of Cleaner Production, 133, 657-671. doi:10.1016/j.jclepro.2016.05.137","Household","Recall","Thailand","Asia","UMIC","Synthetic - below threshold","irrigation",28.6173,1.286173,"1.286173","NA","NA","NA","NA","NA","NA","NA","NA","NA",59.6,1.596,"1.5960000000000001","NA","Positive",NA,"Mix-Win"
20,39,"Arunrat N., Wang C., Pumijumnong N.",2016,"Alternative cropping systems for greenhouse gases mitigation in rice field: a case study in Phichit province of Thailand","Arunrat, N., Wang, C., & Pumijumnong, N. (2016). Alternative cropping systems for greenhouse gases mitigation in rice field: a case study in Phichit province of Thailand. Journal of Cleaner Production, 133, 657-671. doi:10.1016/j.jclepro.2016.05.137","Household","Recall","Thailand","Asia","UMIC","Synthetic - below threshold","rainfed",-5.1509,0.948491,"0.94849099999999997","NA","NA","NA","NA","NA","NA","NA","NA","NA",215.1,3.151,"3.1509999999999998","NA","Positive",NA,"Mix-Win"
24,50,"Baishya L.K., Ansari M.A., Sarkar D., Ghosh M., Kumar S., Prakash N.",2016,"Productivity enhancement in shifting cultivated lands through biofertilizer and micro-dosing of NPK in Eastern HiMalayan Region","Baishya, L. K., Ansari, M. A., Sarkar, D., Ghosh, M., Kumar, S., & Prakash, N. (2016). Productivity enhancement in shifting cultivated lands through biofertilizer and micro-dosing of NPK in Eastern HiMalayan Region. Research on Crops, 17(2), 268-275. doi:10.5958/2348-7542.2016.00046.2","Farm","Experiment (on farm)","India","Asia","LMIC","Synthetic - below threshold","rainfed",16.66667,1.1666667,"NA","NA","NA","NA","NA","NA","NA","1.1666666999999999","Available soil nitrogen","NA",66.8202555,1.668202555,"1.6682025549999999","NA","NA",NA,"Win-Win"
25,50,"Baishya L.K., Ansari M.A., Sarkar D., Ghosh M., Kumar S., Prakash N.",2016,"Productivity enhancement in shifting cultivated lands through biofertilizer and micro-dosing of NPK in Eastern HiMalayan Region","Baishya, L. K., Ansari, M. A., Sarkar, D., Ghosh, M., Kumar, S., & Prakash, N. (2016). Productivity enhancement in shifting cultivated lands through biofertilizer and micro-dosing of NPK in Eastern HiMalayan Region. Research on Crops, 17(2), 268-275. doi:10.5958/2348-7542.2016.00046.2","Farm","Experiment (on farm)","India","Asia","LMIC","Synthetic - below threshold","rainfed",19.49405,1.1949405,"NA","NA","NA","NA","NA","NA","NA","1.1949405","Available soil nitrogen","NA",203.1706204,3.031706204,"3.0317062039999998","NA","NA",NA,"Win-Win"
26,50,"Baishya L.K., Ansari M.A., Sarkar D., Ghosh M., Kumar S., Prakash N.",2016,"Productivity enhancement in shifting cultivated lands through biofertilizer and micro-dosing of NPK in Eastern HiMalayan Region","Baishya, L. K., Ansari, M. A., Sarkar, D., Ghosh, M., Kumar, S., & Prakash, N. (2016). Productivity enhancement in shifting cultivated lands through biofertilizer and micro-dosing of NPK in Eastern HiMalayan Region. Research on Crops, 17(2), 268-275. doi:10.5958/2348-7542.2016.00046.2","Farm","Experiment (on farm)","India","Asia","LMIC","Synthetic - below threshold","rainfed",30,1.3,"NA","NA","NA","NA","NA","NA","NA","1.3","Available soil nitrogen","NA",32.2730924,1.322730924,"1.322730924","NA","NA",NA,"Win-Win"
27,50,"Baishya L.K., Ansari M.A., Sarkar D., Ghosh M., Kumar S., Prakash N.",2016,"Productivity enhancement in shifting cultivated lands through biofertilizer and micro-dosing of NPK in Eastern HiMalayan Region","Baishya, L. K., Ansari, M. A., Sarkar, D., Ghosh, M., Kumar, S., & Prakash, N. (2016). Productivity enhancement in shifting cultivated lands through biofertilizer and micro-dosing of NPK in Eastern HiMalayan Region. Research on Crops, 17(2), 268-275. doi:10.5958/2348-7542.2016.00046.2","Farm","Experiment (on farm)","India","Asia","LMIC","Synthetic - below threshold","rainfed",33.39286,1.3339286,"NA","NA","NA","NA","NA","NA","NA","1.3339285999999999","Available soil nitrogen","NA",128.3148594,2.283148594,"2.283148594","NA","NA",NA,"Win-Win"
29,782,"Baishya, L. K., Jamir, T., Walling, N., & Rajkhowa, D. J. (2021, Nov).",2021,"Evaluation of Maize (Zea mays L.) plus Legume Intercropping System for Productivity, Profitability, Energy Budgeting and Soil Health in Hill Terraces of Eastern Himalayan Region","Baishya, L. K., Jamir, T., Walling, N., & Rajkhowa, D. J. (2021). Evaluation of Maize (Zea mays L.) plus Legume Intercropping System for Productivity, Profitability, Energy Budgeting and Soil Health in Hill Terraces of Eastern Himalayan Region. Legume Research, 44(11), 1343-1347. doi:10.18805/lr-4190","Plot","Experiment (research station)","India","Asia","LMIC","Synthetic - below threshold","rainfed",33.3298484056456,1.33329848405646,"NA","NA","NA","NA","NA","NA","NA","1.3332984840564557","Available N (kg/ha)","NA",2.83791691156263,1.02837916911563,"1.2460046699570755","1.0362537764350455","0.80287906095475758",NA,"Win-Mix"
30,782,"Baishya, L. K., Jamir, T., Walling, N., & Rajkhowa, D. J. (2021, Nov).",2021,"Evaluation of Maize (Zea mays L.) plus Legume Intercropping System for Productivity, Profitability, Energy Budgeting and Soil Health in Hill Terraces of Eastern Himalayan Region","Baishya, L. K., Jamir, T., Walling, N., & Rajkhowa, D. J. (2021). Evaluation of Maize (Zea mays L.) plus Legume Intercropping System for Productivity, Profitability, Energy Budgeting and Soil Health in Hill Terraces of Eastern Himalayan Region. Legume Research, 44(11), 1343-1347. doi:10.18805/lr-4191","Plot","Experiment (research station)","India","Asia","LMIC","Synthetic - below threshold","rainfed",53.1024568740198,1.5310245687402,"NA","NA","NA","NA","NA","NA","NA","1.5310245687401984","Available N (kg/ha)","NA",4.69469267817704,1.04694692678177,"1.1471665664629969","1.0694864048338368","0.92418780904847719",NA,"Win-Mix"
31,782,"Baishya, L. K., Jamir, T., Walling, N., & Rajkhowa, D. J. (2021, Nov).",2021,"Evaluation of Maize (Zea mays L.) plus Legume Intercropping System for Productivity, Profitability, Energy Budgeting and Soil Health in Hill Terraces of Eastern Himalayan Region","Baishya, L. K., Jamir, T., Walling, N., & Rajkhowa, D. J. (2021). Evaluation of Maize (Zea mays L.) plus Legume Intercropping System for Productivity, Profitability, Energy Budgeting and Soil Health in Hill Terraces of Eastern Himalayan Region. Legume Research, 44(11), 1343-1347. doi:10.18805/lr-4192","Plot","Experiment (research station)","India","Asia","LMIC","Synthetic - below threshold","rainfed",66.662310507057,1.66662310507057,"NA","NA","NA","NA","NA","NA","NA","1.6666231050705695","Available N (kg/ha)","NA",3.81018872757171,1.03810188727572,"1.1138756449154794","1.0589123867069485","0.94151763020472301",NA,"Win-Mix"
32,56,"Banjara T.R., Bohra J.S., Kumar S., Singh T., Shori A., Prajapat K.",2021,"Sustainable alternative crop rotations to the irrigated rice-wheat cropping system of Indo-Gangetic plains of India","Banjara, T. R., Bohra, J. S., Kumar, S., Singh, T., Shori, A., & Prajapat, K. (2021). Sustainable alternative crop rotations to the irrigated rice-wheat cropping system of Indo-Gangetic plains of India. Archives of Agronomy and Soil Science. doi:10.1080/03650340.2021.1912324","Plot","Experiment (research station)","India","Asia","LMIC","Synthetic - below threshold","irrigation",3.16370333333333,1.03163703333333,"NA","NA","NA","1.0123272999999999","NA","NA","1","1.0825838000000001","Available soil nitrogen","NA",80.2556818,1.802556818,"1.802556818","NA","NA",NA,"Mix-Win"
33,779,"Bastia, D. K., Behera, S. K., & Panda, M. R. (2021, Dec).",2021,"Impacts of soil fertility management on productivity and economics of rice and fodder intercropping systems under rainfed conditions in Odisha, India","Bastia, D. K., Behera, S. K., & Panda, M. R. (2021). Impacts of soil fertility management on productivity and economics of rice and fodder intercropping systems under rainfed conditions in Odisha, India. Journal of Integrative Agriculture, 20(12), 3114-3126. doi:10.1016/s2095-3119(20)63591-2","Plot","Experiment (research station)","India","Asia","LMIC","Synthetic - below threshold","rainfed",2.49033171899498,1.02490331718995,"1.0880503144654088","NA","NA","0.93569131832797436","NA","NA","NA","1.0509683187764658","Available N (kg/ha)","NA",-10.0530722317074,0.899469277682927,"0.85055145859165959","0.94838709677419353","NA",NA,"Mix-Mix"
34,779,"Bastia, D. K., Behera, S. K., & Panda, M. R. (2021, Dec).",2021,"Impacts of soil fertility management on productivity and economics of rice and fodder intercropping systems under rainfed conditions in Odisha, India","Bastia, D. K., Behera, S. K., & Panda, M. R. (2021). Impacts of soil fertility management on productivity and economics of rice and fodder intercropping systems under rainfed conditions in Odisha, India. Journal of Integrative Agriculture, 20(12), 3114-3126. doi:10.1016/s2095-3119(20)63591-2","Plot","Experiment (research station)","India","Asia","LMIC","Synthetic - below threshold","rainfed",0.789526163016108,1.00789526163016,"1.0691823899371069","NA","NA","0.91961414790996787","NA","NA","NA","1.0348892470434086","Available N (kg/ha)","NA",-12.9236463002065,0.870763536997935,"0.8060432030281276","0.93548387096774188","NA",NA,"Mix-Mix"
35,59,"Batte M.T., Bacon K.J., Hopkins J.W.",1998,"Measures of economic and environmental performance for alternative agricultural production systems","Batte, M. T., Bacon, K. J., & Hopkins, J. W. (1998). Measures of economic and environmental performance for alternative agricultural production systems. Journal of Production Agriculture, 11(4), 428-438. doi:10.2134/jpa1998.0428","Plot","Experiment (on farm)","USA","North America","HIC","Synthetic - below threshold","rainfed",25.75,1.2575,"NA","NA","NA","NA","1.4670000000000001","NA","1.048","NA","NA","NA",104.2411642,2.042411642,"2.0424116419999998","NA","Mixed",NA,"Mix-Mix"
36,61,"Bedoussac L., Journet E.-P., Hauggaard-Nielsen H., Naudin C., Corre-Hellou G., Jensen E.S., Prieur L., Justes E.",2015,"Ecological principles underlying the increase of productivity achieved by cereal-grain legume intercrops in organic farming. A review","Bedoussac, L., Journet, E. P., Hauggaard-Nielsen, H., Naudin, C., Corre-Hellou, G., Jensen, E. S., . . . Justes, E. (2015). Ecological principles underlying the increase of productivity achieved by cereal-grain legume intercrops in organic farming. A review. Agronomy for Sustainable Development, 35(3), 911-935. doi:10.1007/s13593-014-0277-7","Plot","Review","Denmark, France","Europe","HIC","No synthetic","rainfed",43.66883,1.4366883,"NA","NA","1.7142857","NA","Positive","NA","NA","1.1590909","Soil mineral nitrogen content (N m−2)","NA",21.6637782,1.216637782,"1.2166377820000001","NA","NA",NA,"Win-Win"
37,64,"Belay D., Schulthess F., Omwega C.",2009,"The profitability of maize-haricot bean intercropping techniques to control maize stem borers under low pest densities in Ethiopia","Belay, D., Schulthess, F., & Omwega, C. (2009). The profitability of maize-haricot bean intercropping techniques to control maize stem borers under low pest densities in Ethiopia. Phytoparasitica, 37(1), 43-50. doi:10.1007/s12600-008-0002-7","Plot","Experiment (on farm)","Ethiopia","Africa","LIC","Synthetic - below threshold","rainfed",32.35294,1.3235294,"NA","NA","1.3235294","NA","NA","NA","NA","NA","NA","NA",0,1,"1","NA","NA",NA,"Mix-Mix"
38,64,"Belay D., Schulthess F., Omwega C.",2009,"The profitability of maize-haricot bean intercropping techniques to control maize stem borers under low pest densities in Ethiopia","Belay, D., Schulthess, F., & Omwega, C. (2009). The profitability of maize-haricot bean intercropping techniques to control maize stem borers under low pest densities in Ethiopia. Phytoparasitica, 37(1), 43-50. doi:10.1007/s12600-008-0002-7","Plot","Experiment (on farm)","Ethiopia","Africa","LIC","Synthetic - below threshold","rainfed",75,1.75,"NA","NA","1.75","NA","NA","NA","NA","NA","NA","NA",15,1.15,"1.1499999999999999","NA","NA",NA,"Win-Win"
39,64,"Belay D., Schulthess F., Omwega C.",2009,"The profitability of maize-haricot bean intercropping techniques to control maize stem borers under low pest densities in Ethiopia","Belay, D., Schulthess, F., & Omwega, C. (2009). The profitability of maize-haricot bean intercropping techniques to control maize stem borers under low pest densities in Ethiopia. Phytoparasitica, 37(1), 43-50. doi:10.1007/s12600-008-0002-7","Plot","Experiment (on farm)","Ethiopia","Africa","LIC","Synthetic - below threshold","rainfed",-55.70175,0.4429825,"NA","NA","0.4429825","NA","NA","NA","NA","NA","NA","NA",5,1.05,"1.05","NA","NA",NA,"Mix-Win"
40,778,"Beres, B. L., Lupwayi, N. Z., Larney, F. J., Ellert, B., Smith, E. G., Turkington, T. K., Pageau, D., Semagn, K., & Wang, Z. (2018, Dec).",2018,"Rotational Diversity Effects in a Triticale-based Cropping System","Beres, B. L., Lupwayi, N. Z., Larney, F. J., Ellert, B., Smith, E. G., Turkington, T. K., . . . Wang, Z. (2018). Rotational Diversity Effects in a Triticale-based Cropping System. Cereal Research Communications, 46(4), 717-728. doi:10.1556/0806.46.2018.051","Plot","Experiment (research station)","Canada","North America","HIC","Unknown","irrigation",6.25097911795254,1.06250979117953,"NA","NA","NA","NA","NA","NA","NA","1.0466321243523315","total nitrogen concentration (g kg-1)","1.078387458006719",14.1935483870968,1.14193548387097,"1.1419354838709677","NA","NA",NA,"Win-Win"
43,72,"Bhat R., Hussain S., Wani W.M., Banday F.A., Sharma M.K.",2015,"Effect of intercrops on productivity, quality, leaf nutrient status and relative economic yield of apple cv. Red Delicious","Bhat, R., Hussain, S., Wani, W. M., Banday, F. A., & Sharma, M. K. (2015). Effect of intercrops on productivity, quality, leaf nutrient status and relative economic yield of apple cv. Red Delicious. Journal of Applied Horticulture, 17(3), 213-216.","Plot","Experiment (on farm)","India","Asia","LMIC","Unknown","rainfed",8.00000000000001,1.08,"NA","NA","NA","NA","NA","NA","NA","1.08","Leaf nitrogen","NA",49.9866365,1.499866365,"1.4998663649999999","NA","NA",NA,"Win-Win"
44,72,"Bhat R., Hussain S., Wani W.M., Banday F.A., Sharma M.K.",2015,"Effect of intercrops on productivity, quality, leaf nutrient status and relative economic yield of apple cv. Red Delicious","Bhat, R., Hussain, S., Wani, W. M., Banday, F. A., & Sharma, M. K. (2015). Effect of intercrops on productivity, quality, leaf nutrient status and relative economic yield of apple cv. Red Delicious. Journal of Applied Horticulture, 17(3), 213-216.","Plot","Experiment (on farm)","India","Asia","LMIC","Unknown","rainfed",4,1.04,"NA","NA","NA","NA","NA","NA","NA","1.04","Leaf nitrogen","NA",22.135074,1.22135074,"1.2213507400000001","NA","NA",NA,"Win-Win"
45,74,"Bitew Y., Alemayehu G., Adgo E., Assefa A.",2020,"Competition, production efficiency and yield stability of finger millet and legume additive design intercropping","Bitew, Y., Alemayehu, G., Adgo, E., & Assefa, A. (2020). Competition, production efficiency and yield stability of finger millet and legume additive design intercropping. Renewable Agriculture and Food Systems. doi:10.1017/S1742170520000101","Plot","Experiment (on farm)","Ethiopia","Africa","LIC","Synthetic - below threshold","rainfed",33.9467,1.339467,"NA","NA","1.58","NA","NA","NA","NA","NA","NA","1.0989340000000001",37.65,1.3765,"1.3765000000000001","Positive","NA",NA,"Win-Win"
46,776,"Bitew, Y., Alemayehu, G., Adego, E., & Assefa, A. (2019, Dec).",2019,"Boosting land use efficiency, profitability and productivity of finger millet by intercropping with grain legumes","Bitew, Y., Alemayehu, G., Adego, E., & Assefa, A. (2019). Boosting land use efficiency, profitability and productivity of finger millet by intercropping with grain legumes. Cogent Food & Agriculture, 5(1), 22. doi:10.1080/23311932.2019.1702826","Plot","Experiment (on farm)","Ethiopia","Affrica","LIC","Synthetic - below threshold","rainfed",22.091688,1.22091688,"NA","NA","NA","NA","NA","NA","NA","NA","NA","1.2209168800000001",23.1012395251107,1.23101239525111,"1.2310123952511072","NA","NA",NA,"Win-Win"
47,776,"Bitew, Y., Alemayehu, G., Adego, E., & Assefa, A. (2019, Dec).",2019,"Boosting land use efficiency, profitability and productivity of finger millet by intercropping with grain legumes","Bitew, Y., Alemayehu, G., Adego, E., & Assefa, A. (2019). Boosting land use efficiency, profitability and productivity of finger millet by intercropping with grain legumes. Cogent Food & Agriculture, 5(1), 22. doi:10.1080/23311932.2019.1702826","Plot","Experiment (on farm)","Ethiopia","Affrica","LIC","Synthetic - below threshold","rainfed",1.03223370000001,1.010322337,"NA","NA","NA","NA","NA","NA","NA","NA","NA","1.0103223370000001",35.3598980580227,1.35359898058023,"1.3535989805802267","NA","NA",NA,"Win-Win"
53,99,"Chauhan D.S., Sharma R.K., Kharub A.S., Tripathi S.C., Chhokar R.S.",2001,"Effect of crop intensification on productivity, profitability, energetics and soil fertility in rice (Oryza sativa)-wheat (Triticum aestivum) cropping system of north-western plains","Chauhan, D. S., Sharma, R. K., Kharub, A. S., Tripathi, S. C., & Chhokar, R. S. (2001). Effect of crop intensification on productivity, profitability, energetics and soil fertility in rice (Oryza sativa)-wheat (Triticum aestivum) cropping system of north-western plains. Indian Journal of Agricultural Sciences, 71(5), 299-302.","Plot","Experiment (research station)","India","Asia","LMIC","No synthetic","irrigation",18.5548348,1.185548348,"1.3073929959999999","NA","NA","NA","NA","NA","NA","1.0637037","Available soil nitrogen","NA",28.7423155,1.287423155,"1.2874231549999999","NA","Negative",NA,"Win-Mix"
54,99,"Chauhan D.S., Sharma R.K., Kharub A.S., Tripathi S.C., Chhokar R.S.",2001,"Effect of crop intensification on productivity, profitability, energetics and soil fertility in rice (Oryza sativa)-wheat (Triticum aestivum) cropping system of north-western plains","Chauhan, D. S., Sharma, R. K., Kharub, A. S., Tripathi, S. C., & Chhokar, R. S. (2001). Effect of crop intensification on productivity, profitability, energetics and soil fertility in rice (Oryza sativa)-wheat (Triticum aestivum) cropping system of north-western plains. Indian Journal of Agricultural Sciences, 71(5), 299-302.","Plot","Experiment (research station)","India","Asia","LMIC","No synthetic","irrigation",2.55425965,1.0255425965,"0.953307393","NA","NA","NA","NA","NA","NA","1.0977778","Available soil nitrogen","NA",6.3626177,1.063626177,"1.063626177","NA","Negative",NA,"Mix-Mix"
57,104,"Choudhary R., Singh P., Sidhu H.S., Nandal D.P., Jat H.S., Yadvinder-Singh, Jat M.L.",2016,"Evaluation of tillage and crop establishment methods integrated with relay seeding of wheat and mungbean for sustainable intensification of cotton-wheat system in South Asia","Choudhary, R., Singh, P., Sidhu, H. S., Nandal, D. P., Jat, H. S., Yadvinder, S., & Jat, M. L. (2016). Evaluation of tillage and crop establishment methods integrated with relay seeding of wheat and mungbean for sustainable intensification of cotton-wheat system in South Asia. Field Crops Research, 199, 31-41. doi:10.1016/j.fcr.2016.08.011","Plot","Experiment (research station)","India","Asia","LMIC","Synthetic - below threshold","irrigation",15.7696792,1.157696792,"1.2162192759999999","NA","NA","1.2493295","NA","NA","NA","NA","NA","1.0075415999999999",22.6105005312832,1.22610500531283,"1.315287836","NA","1.1369221746256648",NA,"Win-Mix"
58,105,"Choudhary V.K., Kumar P.S.",2016,"Productivity, Water Use and Energy Profitability of Staggered Maize–Legume Intercropping in the Eastern Himalayan Region of India","Choudhary, V. K., & Kumar, P. S. (2016). Productivity, Water Use and Energy Profitability of Staggered Maize–Legume Intercropping in the Eastern Himalayan Region of India. Proceedings of the National Academy of Sciences India Section B - Biological Sciences, 86(3), 547-557. doi:10.1007/s40011-014-0476-7","Plot","Experiment (research station)","India","Asia","LMIC","Unknown","rainfed",90.56647,1.9056647,"0.98780000000000001","NA","NA","2.8235294","NA","NA","NA","NA","NA","NA",40.48,1.4048,"1.4048","NA","Negative",NA,"Mix-Mix"
59,105,"Choudhary V.K., Kumar P.S.",2016,"Productivity, Water Use and Energy Profitability of Staggered Maize–Legume Intercropping in the Eastern Himalayan Region of India","Choudhary, V. K., & Kumar, P. S. (2016). Productivity, Water Use and Energy Profitability of Staggered Maize–Legume Intercropping in the Eastern Himalayan Region of India. Proceedings of the National Academy of Sciences India Section B - Biological Sciences, 86(3), 547-557. doi:10.1007/s40011-014-0476-7","Plot","Experiment (research station)","India","Asia","LMIC","Unknown","rainfed",107.64575,2.0764575,"0.93200000000000005","NA","NA","3.2209150000000002","NA","NA","NA","NA","NA","NA",58.3,1.583,"1.583","NA","Negative",NA,"Mix-Mix"
60,106,"Choudhary V.K., Kumar P.S.",2013,"Crop and water productivity, profitability and energy consumption pattern of a maize-based crop sequence in the North Eastern Himalayan Region, India","Choudhary, V. K., & Kumar, P. S. (2013). Crop and water productivity, profitability and energy consumption pattern of a maize-based crop sequence in the North Eastern Himalayan Region, India. Archives of Agronomy and Soil Science, 59(5), 653-669. doi:10.1080/03650340.2012.665992","Plot","Experiment (research station)","India","Asia","LMIC","Synthetic - below threshold","rainfed",29.7691552,1.297691552,"1.408573104","NA","NA","1.1868099999999999","NA","NA","NA","NA","NA","NA",87.3669269,1.873669269,"1.8736692690000001","NA","Mixed",NA,"Win-Mix"
61,106,"Choudhary V.K., Kumar P.S.",2013,"Crop and water productivity, profitability and energy consumption pattern of a maize-based crop sequence in the North Eastern Himalayan Region, India","Choudhary, V. K., & Kumar, P. S. (2013). Crop and water productivity, profitability and energy consumption pattern of a maize-based crop sequence in the North Eastern Himalayan Region, India. Archives of Agronomy and Soil Science, 59(5), 653-669. doi:10.1080/03650340.2012.665992","Plot","Experiment (research station)","India","Asia","LMIC","Synthetic - below threshold","rainfed",35.2255,1.352255,"1.46","NA","NA","1.24451","NA","NA","NA","NA","NA","NA",149.9645138,2.499645138,"2.499645138","NA","Mixed",NA,"Win-Mix"
62,106,"Choudhary V.K., Kumar P.S.",2013,"Crop and water productivity, profitability and energy consumption pattern of a maize-based crop sequence in the North Eastern Himalayan Region, India","Choudhary, V. K., & Kumar, P. S. (2013). Crop and water productivity, profitability and energy consumption pattern of a maize-based crop sequence in the North Eastern Himalayan Region, India. Archives of Agronomy and Soil Science, 59(5), 653-669. doi:10.1080/03650340.2012.665992","Plot","Experiment (research station)","India","Asia","LMIC","Synthetic - below threshold","rainfed",30.758,1.30758,"1.28","NA","NA","1.3351599999999999","NA","NA","NA","NA","NA","NA",92.1575586,1.921575586,"1.9215755859999999","NA","Mixed",NA,"Win-Mix"
63,107,"Choudhary V.K., Kumar P.S., Sarkar S.K., Yadav J.S.",2013,"Production potential, economic analysis and energy auditing for maize (Zea mays)-vegetable based cropping systems in Eastern Himalayan Region, Arunachal Pradesh","Choudhary, V. K., Kumar, P. S., Sarkar, S. K., & Yadav, J. S. (2013). Production potential, economic analysis and energy auditing for maize (Zea mays)-vegetable based cropping systems in Eastern Himalayan Region, Arunachal Pradesh. Indian Journal of Agricultural Sciences, 83(1), 110-115.","Plot","Experiment (research station)","India","Asia","LMIC","Synthetic - below threshold","rainfed",81.910275,1.81910275,"1.8191027500000001","NA","NA","NA","NA","NA","NA","NA","NA","NA",81.6,1.816,"1.8160000000000001","NA","Negative",NA,"Win-Mix"
64,107,"Choudhary V.K., Kumar P.S., Sarkar S.K., Yadav J.S.",2013,"Production potential, economic analysis and energy auditing for maize (Zea mays)-vegetable based cropping systems in Eastern Himalayan Region, Arunachal Pradesh","Choudhary, V. K., Kumar, P. S., Sarkar, S. K., & Yadav, J. S. (2013). Production potential, economic analysis and energy auditing for maize (Zea mays)-vegetable based cropping systems in Eastern Himalayan Region, Arunachal Pradesh. Indian Journal of Agricultural Sciences, 83(1), 110-115.","Plot","Experiment (research station)","India","Asia","LMIC","Synthetic - below threshold","rainfed",-13.4587554,0.865412446,"0.865412446","NA","NA","NA","NA","NA","NA","NA","NA","NA",69.9,1.699,"1.6990000000000001","NA","Negative",NA,"Mix-Mix"
65,772,"Christiansen, S., Ryan, J., Singh, M., Ates, S., Bahhady, F., Mohamed, K., Youssef, O., & Loss, S. (2015).",2015,"Potential legume alternatives to fallow and wheat monoculture for Mediterranean environments","Christiansen, S., Ryan, J., Singh, M., Ates, S., Bahhady, F., Mohamed, K., . . . Loss, S. (2015). Potential legume alternatives to fallow and wheat monoculture for Mediterranean environments. Crop & Pasture Science, 66(2), 113-121. doi:10.1071/cp14063","Plot","Experiment (research station)","Syria","Asia","LIC","No synthetic","rainfed",46.3377529493898,1.4633775294939,"NA","NA","NA","1.3726027397260274","NA","NA","NA","NA","NA","1.5541523192617681",238.276553106212,3.38276553106212,"3.3827655310621241","NA","NA",NA,"Win-Win"
71,128,"Das R., Dhara P.K., Mandal A.R., Ray S.K.D.",2014,"Agri-silvi-fruit-vegetable based agro-production system - Suitable models for sustainable land use and conservation in red-laterite and semi-arid tracks","Das, R., Dhara, P. K., Mandal, A. R., & Ray, S. K. D. (2014). Agri-silvi-fruit-vegetable based agro-production system - Suitable models for sustainable land use and conservation in red-laterite and semi-arid tracks. Ecology, Environment and Conservation, 20, S7-S13.","Plot","Experiment (on farm)","India","Asia","LMIC","No synthetic","rainfed",131.30699,2.3130699,"NA","NA","NA","NA","NA","NA","NA","2.8404254999999998","% increase in Available Soil N over 2 years","1.7857143",332.1428571,4.321428571,"4.3214285710000002","NA","NA",NA,"Win-Win"
72,128,"Das R., Dhara P.K., Mandal A.R., Ray S.K.D.",2014,"Agri-silvi-fruit-vegetable based agro-production system - Suitable models for sustainable land use and conservation in red-laterite and semi-arid tracks","Das, R., Dhara, P. K., Mandal, A. R., & Ray, S. K. D. (2014). Agri-silvi-fruit-vegetable based agro-production system - Suitable models for sustainable land use and conservation in red-laterite and semi-arid tracks. Ecology, Environment and Conservation, 20, S7-S13.","Plot","Experiment (on farm)","India","Asia","LMIC","No synthetic","rainfed",100.151975,2.00151975,"NA","NA","NA","NA","NA","NA","NA","2.5744680999999998","% increase in Available Soil N over 2 years","1.4285714",422.7678571,5.227678571,"5.2276785710000002","NA","NA",NA,"Win-Win"
87,179,"Foltz J.C., Lee J.G., Martin M.A., Preckel P.V.",1995,"Multiattribute assessment of alternative cropping systems","Foltz, J. C., Lee, J. G., Martin, M. A., & Preckel, P. V. (1995). Multiattribute assessment of alternative cropping systems. American Journal of Agricultural Economics, 77(2), 408-420. doi:10.2307/1243550","System","Simulation model","USA","North America","HIC","Synthetic - below threshold","rainfed",44.41399,1.4441399,"NA","NA","NA","NA","1.7857000000000001","NA","1.52","1.0267196999999999","Positive: % change in nitrogen loss (reduction)","NA",50.4920202,1.504920202,"1.5049202020000001","NA","NA",NA,"Win-Win"
88,185,"Fung K.M., Tai A.P.K., Yong T., Liu X., Lam H.-M.",2019,"Co-benefits of intercropping as a sustainable farming method for safeguarding both food security and air quality","Fung, K. M., Tai, A. P. K., Yong, T., Liu, X., & Lam, H. M. (2019). Co-benefits of intercropping as a sustainable farming method for safeguarding both food security and air quality. Environmental Research Letters, 14(4). doi:10.1088/1748-9326/aafc8b","Province","Simulation model","China","Asia","UMIC","Synthetic - above threshold","irrigation",45,1.45,"1.45","NA","NA","NA","NA","NA","NA","NA","NA","NA",93,1.93,"1.93","NA","Mixed",NA,"Win-Mix"
89,195,"Ghosh P.K., Hazra K.K., Venkatesh M.S., Praharaj C.S., Kumar N., Nath C.P., Singh U., Singh S.S.",2020,"Grain legume inclusion in cereal-cereal rotation increased base crop productivity in the long run","Ghosh, P. K., Hazra, K. K., Venkatesh, M. S., Praharaj, C. S., Kumar, N., Nath, C. P., . . . Singh, S. S. (2020). Grain legume inclusion in cereal-cereal rotation increased base crop productivity in the long run. Experimental Agriculture, 56(1), 142-158. doi:10.1017/s0014479719000243","Plot","Experiment (research station)","India","Asia","LMIC","Synthetic - below threshold","irrigation",18.2042733333333,1.18204273333333,"NA","NA","NA","1.3267327","NA","NA","NA","1.1493955","Available soil nitrogen","1.07",142.857142857143,2.42857142857143,"2.4285714285714284","Positive","Positive",NA,"Win-Win"
90,195,"Ghosh P.K., Hazra K.K., Venkatesh M.S., Praharaj C.S., Kumar N., Nath C.P., Singh U., Singh S.S.",2020,"Grain legume inclusion in cereal-cereal rotation increased base crop productivity in the long run","Ghosh, P. K., Hazra, K. K., Venkatesh, M. S., Praharaj, C. S., Kumar, N., Nath, C. P., . . . Singh, S. S. (2020). Grain legume inclusion in cereal-cereal rotation increased base crop productivity in the long run. Experimental Agriculture, 56(1), 142-158. doi:10.1017/s0014479719000243","Plot","Experiment (research station)","India","Asia","LMIC","Synthetic - below threshold","irrigation",13.65772,1.1365772,"NA","NA","NA","1.1459459000000001","NA","NA","NA","1.1637857","Available soil nitrogen","1.1000000000000001",70.8333333333333,1.70833333333333,"2.4166666666666665","1","Positive",NA,"Win-Mix"
91,195,"Ghosh P.K., Hazra K.K., Venkatesh M.S., Praharaj C.S., Kumar N., Nath C.P., Singh U., Singh S.S.",2020,"Grain legume inclusion in cereal-cereal rotation increased base crop productivity in the long run","Ghosh, P. K., Hazra, K. K., Venkatesh, M. S., Praharaj, C. S., Kumar, N., Nath, C. P., . . . Singh, S. S. (2020). Grain legume inclusion in cereal-cereal rotation increased base crop productivity in the long run. Experimental Agriculture, 56(1), 142-158. doi:10.1017/s0014479719000243","Plot","Experiment (research station)","India","Asia","LMIC","Synthetic - below threshold","irrigation",11.488549053163,1.11488549053163,"NA","NA","NA","1.2871287128712872","NA","NA","NA","1.0293609671848014","Available soil nitrogen","1.0281667915388011",66.6666666666667,1.66666666666667,"1.6666666666666667","Positive","Positive",NA,"Win-Win"
92,195,"Ghosh P.K., Hazra K.K., Venkatesh M.S., Praharaj C.S., Kumar N., Nath C.P., Singh U., Singh S.S.",2020,"Grain legume inclusion in cereal-cereal rotation increased base crop productivity in the long run","Ghosh, P. K., Hazra, K. K., Venkatesh, M. S., Praharaj, C. S., Kumar, N., Nath, C. P., . . . Singh, S. S. (2020). Grain legume inclusion in cereal-cereal rotation increased base crop productivity in the long run. Experimental Agriculture, 56(1), 142-158. doi:10.1017/s0014479719000243","Plot","Experiment (research station)","India","Asia","LMIC","Synthetic - below threshold","irrigation",17.5025997823866,1.17502599782387,"NA","NA","NA","1.437837837837838","NA","NA","NA","1.0496974935177181","Available soil nitrogen","1.0375426621160408",16.6666666666667,1.16666666666667,"1.3333333333333333","1","Positive",NA,"Win-Mix"
93,199,"Gitari H.I., Gachene C.K.K., Karanja N.N., Kamau S., Nyawade S., Sharma K., Schulte-Geldermann E.",2018,"Optimizing yield and economic returns of rain-fed potato (Solanum tuberosum L.) through water conservation under potato-legume intercropping systems","Gitari, H. I., Gachene, C. K. K., Karanja, N. N., Kamau, S., Nyawade, S., Sharma, K., & Schulte-Geldermann, E. (2018). Optimizing yield and economic returns of rain-fed potato (Solanum tuberosum L.) through water conservation under potato-legume intercropping systems. Agricultural Water Management, 208, 59-66. doi:10.1016/j.agwat.2018.06.005","Plot","Experiment (research station)","Kenya","Africa","LMIC","Synthetic - below threshold","rainfed",25.61,1.2561,"NA","NA","NA","1.2561","NA","NA","NA","NA","NA","NA",23.52,1.2352,"1.2352000000000001","NA","Negative",NA,"Win-Mix"
94,199,"Gitari H.I., Gachene C.K.K., Karanja N.N., Kamau S., Nyawade S., Sharma K., Schulte-Geldermann E.",2018,"Optimizing yield and economic returns of rain-fed potato (Solanum tuberosum L.) through water conservation under potato-legume intercropping systems","Gitari, H. I., Gachene, C. K. K., Karanja, N. N., Kamau, S., Nyawade, S., Sharma, K., & Schulte-Geldermann, E. (2018). Optimizing yield and economic returns of rain-fed potato (Solanum tuberosum L.) through water conservation under potato-legume intercropping systems. Agricultural Water Management, 208, 59-66. doi:10.1016/j.agwat.2018.06.005","Plot","Experiment (research station)","Kenya","Africa","LMIC","Synthetic - below threshold","rainfed",9.95999999999999,1.0996,"NA","NA","NA","1.0995999999999999","NA","NA","NA","NA","NA","NA",6.13999999999999,1.0614,"1.0613999999999999","NA","Negative",NA,"Win-Mix"
95,199,"Gitari H.I., Gachene C.K.K., Karanja N.N., Kamau S., Nyawade S., Sharma K., Schulte-Geldermann E.",2018,"Optimizing yield and economic returns of rain-fed potato (Solanum tuberosum L.) through water conservation under potato-legume intercropping systems","Gitari, H. I., Gachene, C. K. K., Karanja, N. N., Kamau, S., Nyawade, S., Sharma, K., & Schulte-Geldermann, E. (2018). Optimizing yield and economic returns of rain-fed potato (Solanum tuberosum L.) through water conservation under potato-legume intercropping systems. Agricultural Water Management, 208, 59-66. doi:10.1016/j.agwat.2018.06.005","Plot","Experiment (research station)","Kenya","Africa","LMIC","Synthetic - below threshold","rainfed",7.54999999999999,1.0755,"NA","NA","NA","1.0754999999999999","NA","NA","NA","NA","NA","NA",15.17,1.1517,"1.1516999999999999","NA","Negative",NA,"Win-Mix"
98,200,"Glenk K., Shrestha S., Topp C.F.E., Sánchez B., Iglesias A., Dibari C., Merante P.",2017,"A farm level approach to explore farm gross margin effects of soil organic carbon management","Glenk, K., Shrestha, S., Topp, C. F. E., Sánchez, B., Iglesias, A., Dibari, C., & Merante, P. (2017). A farm level approach to explore farm gross margin effects of soil organic carbon management. Agricultural Systems, 151, 33-46. doi:10.1016/j.agsy.2016.11.002","Farm","Model (Aragon Census Data for Aragon, Spain)","Spain","Europe","HIC","Synthetic - below threshold","rainfed",0,1,"NA","NA","1","NA","NA","NA","NA","NA","NA","NA",26,1.26,"1.26","Positive","Positive",NA,"Mix-Win"
103,214,"Guvenc I., Yildirim E.",2006,"Increasing productivity with intercropping systems in cabbage production","Guvenc, I., & Yildirim, E. (2006). Increasing productivity with intercropping systems in cabbage production. Journal of Sustainable Agriculture, 28(4), 29-44. doi:10.1300/J064v28n04_04","Plot","Experiment (research station)","Turkey","Europe","UMIC","Synthetic - below threshold","irrigation",0.991339999999985,1.0099134,"NA","NA","NA","NA","NA","NA","NA","1.009617","Leaf nitrogen","1.0102097999999999",14.3614734,1.143614734,"1.143614734","NA","NA",NA,"Win-Win"
105,217,"Halpin N.V., Wang W., Rehbein W.E., Reeves S.H.",2015,"Sugarcane productivity response to different fallow and soybean residue management practices in the Bundaberg district","Halpin, N. V., Wang, W., Rehbein, W. E., & Reeves, S. H. (2015). Sugarcane productivity response to different fallow and soybean residue management practices in the Bundaberg district. 37th Annual Conference of the Australian Society of Sugar Cane Technologists, ASSCT 2015, 23-32.","Plot","Experiment (research station)","Australia","Australia","HIC","Synthetic - below threshold","irrigation",0.404630198729783,1.0040463019873,"Positive","NA","NA","NA","1","NA","NA","1.0121389059618933","Nitrogen uptake (kgN/ha)","1",21.5273733255678,1.21527373325568,"1.2152737332556784","NA","NA",NA,"Mix-Win"
113,251,"Islami T., Guritno B., Utomo W.H.",2011,"Performance of cassava (Manihot esculenta Crantz) based cropping systems and associated soil quality changes in the degraded tropical uplands of East Java, Indonesia","Islami, T., Guritno, B., & Utomo, W. H. (2011). Performance of cassava (Manihot esculenta Crantz) based cropping systems and associated soil quality changes in the degraded tropical uplands of East Java, Indonesia. Journal of Tropical Agriculture, 49, 31-39.","Plot","Experiment (on farm)","Indonesia","Asia","LMIC","Synthetic - below threshold","irrigation",23.7929066666667,1.23792906666667,"NA","NA","NA","1.0581255000000001","NA","NA","1.0514950000000001","1.6041666999999999","Available soil nitrogen","NA",203.75,3.0375,"3.0375000000000001","NA","Negative",NA,"Mix-Mix"
114,251,"Islami T., Guritno B., Utomo W.H.",2011,"Performance of cassava (Manihot esculenta Crantz) based cropping systems and associated soil quality changes in the degraded tropical uplands of East Java, Indonesia","Islami, T., Guritno, B., & Utomo, W. H. (2011). Performance of cassava (Manihot esculenta Crantz) based cropping systems and associated soil quality changes in the degraded tropical uplands of East Java, Indonesia. Journal of Tropical Agriculture, 49, 31-39.","Plot","Experiment (on farm)","Indonesia","Asia","LMIC","Synthetic - below threshold","irrigation",3.56692333333333,1.03566923333333,"NA","NA","NA","0.96145119999999995","NA","NA","1.0830565000000001","1.0625","Available soil nitrogen","NA",27.5,1.275,"1.2749999999999999","NA","Negative",NA,"Mix-Mix"
115,251,"Islami T., Guritno B., Utomo W.H.",2011,"Performance of cassava (Manihot esculenta Crantz) based cropping systems and associated soil quality changes in the degraded tropical uplands of East Java, Indonesia","Islami, T., Guritno, B., & Utomo, W. H. (2011). Performance of cassava (Manihot esculenta Crantz) based cropping systems and associated soil quality changes in the degraded tropical uplands of East Java, Indonesia. Journal of Tropical Agriculture, 49, 31-39.","Plot","Experiment (on farm)","Indonesia","Asia","LMIC","Synthetic - below threshold","irrigation",7.40703999999999,1.0740704,"NA","NA","NA","0.96659110000000004","NA","NA","1.0472868","1.2083333000000001","Available soil nitrogen","NA",-32.5,0.675,"0.67500000000000004","NA","Negative",NA,"Mix-Mix"
116,251,"Islami T., Guritno B., Utomo W.H.",2011,"Performance of cassava (Manihot esculenta Crantz) based cropping systems and associated soil quality changes in the degraded tropical uplands of East Java, Indonesia","Islami, T., Guritno, B., & Utomo, W. H. (2011). Performance of cassava (Manihot esculenta Crantz) based cropping systems and associated soil quality changes in the degraded tropical uplands of East Java, Indonesia. Journal of Tropical Agriculture, 49, 31-39.","Plot","Experiment (on farm)","Indonesia","Asia","LMIC","Synthetic - below threshold","irrigation",20.7952233333333,1.20795223333333,"NA","NA","NA","1.1030234000000001","NA","NA","1","1.5208333000000001","Available soil nitrogen","NA",-58.75,0.4125,"0.41249999999999998","NA","Negative",NA,"Mix-Mix"
126,259,"Jat R.S., Choudhary R.L., Singh H.V., Meena M.K., Singh V.V., Rai P.K.",2021,"Sustainability, productivity, profitability and soil health with conservation agriculture based sustainable intensification of oilseed brassica production system","Jat, R. S., Choudhary, R. L., Singh, H. V., Meena, M. K., Singh, V. V., & Rai, P. K. (2021). Sustainability, productivity, profitability and soil health with conservation agriculture based sustainable intensification of oilseed brassica production system. Scientific Reports, 11(1). doi:10.1038/s41598-021-92801-z","Plot","Experiment (on farm)","India","Asia","LMIC","Synthetic - below threshold","irrigation",12.89398,1.1289398,"NA","NA","NA","NA","NA","NA","NA","1.1289397999999999","Partial factor productivity (kg ha−1) of nitrogen","NA",37.6452363,1.376452363,"1.3764523630000001","NA","NA",NA,"Win-Win"
127,259,"Jat R.S., Choudhary R.L., Singh H.V., Meena M.K., Singh V.V., Rai P.K.",2021,"Sustainability, productivity, profitability and soil health with conservation agriculture based sustainable intensification of oilseed brassica production system","Jat, R. S., Choudhary, R. L., Singh, H. V., Meena, M. K., Singh, V. V., & Rai, P. K. (2021). Sustainability, productivity, profitability and soil health with conservation agriculture based sustainable intensification of oilseed brassica production system. Scientific Reports, 11(1). doi:10.1038/s41598-021-92801-z","Plot","Experiment (on farm)","India","Asia","LMIC","Synthetic - below threshold","irrigation",7.73638999999999,1.0773639,"NA","NA","NA","NA","NA","NA","NA","1.0773638999999999","Partial factor productivity (kg ha−1) of nitrogen","NA",43.609605,1.43609605,"1.43609605","NA","NA",NA,"Win-Win"
133,278,"Kaur N., Bhullar M.S., Gill G.",2015,"Weed management options for sugarcane-vegetable intercropping systems in north-western India","Kaur, N., Bhullar, M. S., & Gill, G. (2015). Weed management options for sugarcane-vegetable intercropping systems in north-western India. Crop Protection, 74, 18-23. doi:10.1016/j.cropro.2015.03.025","Plot","Experiment (research station)","India","Asia","LMIC","Synthetic - above threshold","rainfed",67.72934,1.6772934,"NA","NA","1.6772933999999999","NA","NA","NA","NA","NA","NA","NA",87.7427184,1.877427184,"1.8774271840000001","NA","Negative",NA,"Win-Mix"
151,309,"Kumar M., Kumar R., Rangnamei K.L., Das A., Meena K.L., Rajkhowa D.J.",2019,"Crop diversification for enhancing the productivity for food and nutritional security under the Eastern Himalayas","Kumar, M., Kumar, R., Rangnamei, K. L., Das, A., Meena, K. L., & Rajkhowa, D. J. (2019). Crop diversification for enhancing the productivity for food and nutritional security under the Eastern Himalayas. Indian Journal of Agricultural Sciences, 89(7), 1157-1161.","Field","Experiment (on farm)","India","Asia","LMIC","Unknown","rainfed",108.511586466667,2.08511586466667,"1.336898396","NA","NA","NA","NA","NA","NA","NA","NA","2.8333333333333335",523.222626350986,6.23222626350986,"11.428621908127209","NA","Negative","1.0358306188925082","Win-Mix"
152,319,"Kuntashula E., Chabala L.M., Mulenga B.P.",2014,"Impact of minimum tillage and crop rotation as climate change adaptation strategies on farmer welfare in smallholder farming systems of Zambia","Kuntashula, E., Chabala, L. M., & Mulenga, B. P. (2014). Impact of minimum tillage and crop rotation as climate change adaptation strategies on farmer welfare in smallholder farming systems of Zambia. Journal of Sustainable Development, 7(4), 95-110. doi:10.5539/jsd.v7n4p95","Household","Recall","Zambia","Africa","LIC","Unknown","rainfed",21,1.21,"NA","NA","NA","NA","NA","NA","NA","NA","NA","1.21",0,1,"1","NA","NA",NA,"Win-Mix"
153,320,"Kuri B.R., Yadav R.S., Kumawat A.",2012,"Evaluation of pearl millet (Pennisetum glaucum) and mothbean (Vigna acconitifolia) intercropping systems in hyper arid partially irrigated north-western plains zone","Kuri, B. R., Yadav, R. S., & Kumawat, A. (2014). Evaluation of pearl millet (Pennisetum glaucum) and mothbean (Vigna acconitifolia) intercropping systems in hyper arid partially irrigated north-western plains zone. Indian Journal of Agricultural Sciences, 82(11), 993-996.","Plot","Experiment (on farm)","India","Asia","LMIC","Synthetic - below threshold","irrigation",21.3295902520607,1.21329590252061,"NA","NA","NA","NA","NA","NA","NA","1.2132959025206069","Total N uptake (kg/ha)","NA",12.2229438986766,1.12222943898677,"1.1222294389867662","NA","Negative",NA,"Win-Mix"
155,329,"Lengwati D.M., Mathews C., Dakora F.D.",2020,"Rotation Benefits From N2-Fixing Grain Legumes to Cereals: From Increases in Seed Yield and Quality to Greater Household Cash-Income by a Following Maize Crop","Lengwati, D. M., Mathews, C., & Dakora, F. D. (2020). Rotation Benefits From N2-Fixing Grain Legumes to Cereals: From Increases in Seed Yield and Quality to Greater Household Cash-Income by a Following Maize Crop. Frontiers in Sustainable Food Systems, 4. doi:10.3389/fsufs.2020.00094","Plot","Experiment (on farm)","South Africa","Africa","UMIC","Synthetic - below threshold","rainfed",38.3928571428571,1.38392857142857,"NA","NA","NA","NA","NA","NA","NA","1.4878571428571428","Percentage increases in mineral nutrient composition of maize grain (Average)","1.28",222,3.22,"3.22","NA","Negative",NA,"Win-Mix"
156,329,"Lengwati D.M., Mathews C., Dakora F.D.",2020,"Rotation Benefits From N2-Fixing Grain Legumes to Cereals: From Increases in Seed Yield and Quality to Greater Household Cash-Income by a Following Maize Crop","Lengwati, D. M., Mathews, C., & Dakora, F. D. (2020). Rotation Benefits From N2-Fixing Grain Legumes to Cereals: From Increases in Seed Yield and Quality to Greater Household Cash-Income by a Following Maize Crop. Frontiers in Sustainable Food Systems, 4. doi:10.3389/fsufs.2020.00095","Plot","Experiment (on farm)","South Africa","Africa","UMIC","Synthetic - below threshold","rainfed",32.1714285714286,1.32171428571429,"NA","NA","NA","NA","NA","NA","NA","1.3334285714285714","Percentage increases in mineral nutrient composition of maize grain (Average)","1.31",225,3.25,"3.25","NA","Negative",NA,"Win-Mix"
157,329,"Lengwati D.M., Mathews C., Dakora F.D.",2020,"Rotation Benefits From N2-Fixing Grain Legumes to Cereals: From Increases in Seed Yield and Quality to Greater Household Cash-Income by a Following Maize Crop","Lengwati, D. M., Mathews, C., & Dakora, F. D. (2020). Rotation Benefits From N2-Fixing Grain Legumes to Cereals: From Increases in Seed Yield and Quality to Greater Household Cash-Income by a Following Maize Crop. Frontiers in Sustainable Food Systems, 4. doi:10.3389/fsufs.2020.00096","Plot","Experiment (on farm)","South Africa","Africa","UMIC","Synthetic - below threshold","rainfed",16.2585714285714,1.16258571428571,"NA","NA","NA","NA","NA","NA","NA","1.1751714285714285","Percentage increases in mineral nutrient composition of maize grain (Average)","1.1499999999999999",108,2.08,"2.08","NA","Negative",NA,"Win-Mix"
158,329,"Lengwati D.M., Mathews C., Dakora F.D.",2020,"Rotation Benefits From N2-Fixing Grain Legumes to Cereals: From Increases in Seed Yield and Quality to Greater Household Cash-Income by a Following Maize Crop","Lengwati, D. M., Mathews, C., & Dakora, F. D. (2020). Rotation Benefits From N2-Fixing Grain Legumes to Cereals: From Increases in Seed Yield and Quality to Greater Household Cash-Income by a Following Maize Crop. Frontiers in Sustainable Food Systems, 4. doi:10.3389/fsufs.2020.00097","Plot","Experiment (on farm)","South Africa","Africa","UMIC","Synthetic - below threshold","rainfed",24.2785714285714,1.24278571428571,"NA","NA","NA","NA","NA","NA","NA","1.3255714285714286","Percentage increases in mineral nutrient composition of maize grain (Average)","1.1599999999999999",154,2.54,"2.54","NA","Negative",NA,"Win-Mix"
159,329,"Lengwati D.M., Mathews C., Dakora F.D.",2020,"Rotation Benefits From N2-Fixing Grain Legumes to Cereals: From Increases in Seed Yield and Quality to Greater Household Cash-Income by a Following Maize Crop","Lengwati, D. M., Mathews, C., & Dakora, F. D. (2020). Rotation Benefits From N2-Fixing Grain Legumes to Cereals: From Increases in Seed Yield and Quality to Greater Household Cash-Income by a Following Maize Crop. Frontiers in Sustainable Food Systems, 4. doi:10.3389/fsufs.2020.00098","Plot","Experiment (on farm)","South Africa","Africa","UMIC","Synthetic - below threshold","rainfed",14.7642857142857,1.14764285714286,"NA","NA","NA","NA","NA","NA","NA","1.0652857142857144","Percentage increases in mineral nutrient composition of maize grain (Average)","1.23",154,2.54,"2.54","NA","Negative",NA,"Win-Mix"
160,337,"Li R., Lin H., Niu H., Chen Y., Zhao S., Fan L.",2019,"Smallholder preference and agroecosystem service trade-offs: A case study in Xinzheng County, China","Li, R., Lin, H., Niu, H., Chen, Y., Zhao, S., & Fan, L. (2019). Smallholder preference and agroecosystem service trade-offs: A case study in Xinzheng County, China. Agricultural Systems, 168, 19-26. doi:10.1016/j.agsy.2018.10.002","Farm","Recall + Simulation model","China","Asia","UMIC","Unknown","irrigation",-2.33601474362429,0.976639852563757,"1.0179089479939647","NA","NA","NA","NA","NA","NA","0.93537075713354945","N leaching (Hundred kg N ha−1)","NA",4.86624626348804,1.04866246263488,"1.0486624626348804","Positive","NA",NA,"Mix-Mix"
161,338,"LI Y.-H., SHI D.-Y., LI G.-H., ZHAO B., ZHANG J.-W., LIU P., REN B., DONG S.-T.",2019,"Maize/peanut intercropping increases photosynthetic characteristics, 13C-photosynthate distribution, and grain yield of summer maize","Li, Y.-h., Shi, D.-y., Li, G.-h., Zhao, B., Zhang, J.-w., Liu, P., . . . Dong, S.-t. (2019). Maize/peanut intercropping increases photosynthetic characteristics, 13C-photosynthate distribution, and grain yield of summer maize. Journal of Integrative Agriculture, 18(10), 2219-2229. doi:10.1016/s2095-3119(19)62616-x","Plot","Experiment (research station)","China","Asia","UMIC","Synthetic - above threshold","rainfed",26.325,1.26325,"NA","NA","NA","NA","NA","NA","NA","NA","NA","1.26325",23,1.23,"1.23","NA","NA",NA,"Win-Win"
164,356,"MacWilliam S., Wismer M., Kulshreshtha S.",2014,"Life cycle and economic assessment of Western Canadian pulse systems: The inclusion of pulses in crop rotations","MacWilliam, S., Wismer, M., & Kulshreshtha, S. (2014). Life cycle and economic assessment of Western Canadian pulse systems: The inclusion of pulses in crop rotations. Agricultural Systems, 123, 43-53. doi:10.1016/j.agsy.2013.08.009","Functional unit (one tonne of grain)","Simulation model (LCA)","Canada","North America","HIC","Synthetic - below threshold","rainfed",18.5,1.185,"1.22","NA","NA","NA","1.125","NA","NA","1.21","Terrestrial acidification and nutrification: Proton release and/or chemical nutrient release to soil (kg SO2 equivalents into air/ kg emission).","NA",34,1.34,"1.34","Positive","Mixed",NA,"Win-Mix"
165,356,"MacWilliam S., Wismer M., Kulshreshtha S.",2014,"Life cycle and economic assessment of Western Canadian pulse systems: The inclusion of pulses in crop rotations","MacWilliam, S., Wismer, M., & Kulshreshtha, S. (2014). Life cycle and economic assessment of Western Canadian pulse systems: The inclusion of pulses in crop rotations. Agricultural Systems, 123, 43-53. doi:10.1016/j.agsy.2013.08.009","Functional unit (one tonne of grain)","Simulation model (LCA)","Canada","North America","HIC","Synthetic - below threshold","rainfed",23.3333333333333,1.23333333333333,"1.25","NA","NA","NA","1.21","NA","NA","1.24","Terrestrial acidification and nutrification: Proton release and/or chemical nutrient release to soil (kg SO2 equivalents into air/ kg emission).","NA",17,1.17,"1.17","Positive","Mixed",NA,"Win-Mix"
168,366,"Manjunath B.L., Paramesh V., Mahajan G.R., Reddy K.V., Das B., Singh N.P.",2018,"A five years study on the selection of rice based cropping systems in Goa, for west coast region of India","Manjunath, B. L., Paramesh, V., Mahajan, G. R., Reddy, K. V., Das, B., & Singh, N. P. (2018). A five years study on the selection of rice based cropping systems in Goa, for west coast region of India. Journal of Environmental Biology, 39(3), 393-399. doi:10.22438/jeb/39/3/MRN-593","Plot","Experiment (research station)","India","Asia","LMIC","No synthetic","irrigation",9.42567983333333,1.09425679833333,"0.97023809500000002","NA","NA","NA","NA","NA","NA","1.0352397","Available soil nitrogen (kg/ha)","1.2772926",59.8185242,1.598185242,"1.598185242","NA","Negative",NA,"Mix-Mix"
169,366,"Manjunath B.L., Paramesh V., Mahajan G.R., Reddy K.V., Das B., Singh N.P.",2018,"A five years study on the selection of rice based cropping systems in Goa, for west coast region of India","Manjunath, B. L., Paramesh, V., Mahajan, G. R., Reddy, K. V., Das, B., & Singh, N. P. (2018). A five years study on the selection of rice based cropping systems in Goa, for west coast region of India. Journal of Environmental Biology, 39(3), 393-399. doi:10.22438/jeb/39/3/MRN-593","Plot","Experiment (research station)","India","Asia","LMIC","No synthetic","irrigation",26.9661253333333,1.26966125333333,"0.96031745999999996","NA","NA","NA","NA","NA","NA","0.93818599999999996","Available soil nitrogen (kg/ha)","1.9104802999999999",21.3319637,1.213319637,"1.2133196369999999","NA","Negative",NA,"Mix-Mix"
170,367,"Manjunath M.G., Salakinkop S.R., Somanagouda G.",2018,"Productivity and profitability of soybean based millets intercropping systems","Manjunath, M. G., Salakinkop, S. R., & Somanagouda, G. (2018). Productivity and profitability of soybean based millets intercropping systems. Research on Crops, 19(1), 43-47. doi:10.5958/2348-7542.2018.00006.2","Plot","Experiment (research station)","India","Asia","LMIC","Unknown","rainfed",-6.94072999999999,0.9305927,"NA","NA","NA","NA","NA","NA","NA","NA","NA","0.93059270000000005",119.3680249,2.193680249,"2.1936802489999998","NA","NA",NA,"Mix-Win"
171,367,"Manjunath M.G., Salakinkop S.R., Somanagouda G.",2018,"Productivity and profitability of soybean based millets intercropping systems","Manjunath, M. G., Salakinkop, S. R., & Somanagouda, G. (2018). Productivity and profitability of soybean based millets intercropping systems. Research on Crops, 19(1), 43-47. doi:10.5958/2348-7542.2018.00006.3","Plot","Experiment (research station)","India","Asia","LMIC","Unknown","rainfed",-17.4346,0.825654,"NA","NA","NA","NA","NA","NA","NA","NA","NA","0.825654",117.0420393,2.170420393,"2.1704203930000001","NA","NA",NA,"Mix-Win"
172,367,"Manjunath M.G., Salakinkop S.R., Somanagouda G.",2018,"Productivity and profitability of soybean based millets intercropping systems","Manjunath, M. G., Salakinkop, S. R., & Somanagouda, G. (2018). Productivity and profitability of soybean based millets intercropping systems. Research on Crops, 19(1), 43-47. doi:10.5958/2348-7542.2018.00006.4","Plot","Experiment (research station)","India","Asia","LMIC","Unknown","rainfed",-22.06727,0.7793273,"NA","NA","NA","NA","NA","NA","NA","NA","NA","0.77932729999999995",161.6705962,2.616705962,"2.6167059620000002","NA","NA",NA,"Mix-Win"
175,744,"Midega, C.A.O., Salifu, D., Bruce, T.J., Pittchar, J., Pickett, J.A., Khan, Z.R.,",2014,"Cumulative effects and economic benefits of intercropping maize with food legumes on Striga hermonthica infestation.","Midega, C. A. O., Salifu, D., Bruce, T. J., Pittchar, J., Pickett, J. A., & Khan, Z. R. (2014). Cumulative effects and economic benefits of intercropping maize with food legumes on Striga hermonthica infestation. Field Crops Research, 155, 144-152. doi:10.1016/j.fcr.2013.09.013","Plot","Experiment (research station)","Kenya","Africa","LMIC","Synthetic - below threshold","rainfed",28.49,1.2849,"NA","NA","1.2848999999999999","NA","NA","NA","NA","NA","NA","NA",331.25745,4.3125745,"8.3388000000000009","NA","NA","0.28634900000000002","Win-Mix"
176,744,"Midega, C.A.O., Salifu, D., Bruce, T.J., Pittchar, J., Pickett, J.A., Khan, Z.R.,",2014,"Cumulative effects and economic benefits of intercropping maize with food legumes on Striga hermonthica infestation.","Midega, C. A. O., Salifu, D., Bruce, T. J., Pittchar, J., Pickett, J. A., & Khan, Z. R. (2014). Cumulative effects and economic benefits of intercropping maize with food legumes on Striga hermonthica infestation. Field Crops Research, 155, 144-152. doi:10.1016/j.fcr.2013.09.014","Plot","Experiment (research station)","Kenya","Africa","LMIC","Synthetic - below threshold","rainfed",21.29,1.2129,"NA","NA","1.2129000000000001","NA","NA","NA","NA","NA","NA","NA",390.07205,4.9007205,"9.3405000000000005","NA","NA","0.46094099999999999","Win-Mix"
177,744,"Midega, C.A.O., Salifu, D., Bruce, T.J., Pittchar, J., Pickett, J.A., Khan, Z.R.,",2014,"Cumulative effects and economic benefits of intercropping maize with food legumes on Striga hermonthica infestation.","Midega, C. A. O., Salifu, D., Bruce, T. J., Pittchar, J., Pickett, J. A., & Khan, Z. R. (2014). Cumulative effects and economic benefits of intercropping maize with food legumes on Striga hermonthica infestation. Field Crops Research, 155, 144-152. doi:10.1016/j.fcr.2013.09.012","Plot","Experiment (research station)","Kenya","Africa","LMIC","Synthetic - below threshold","rainfed",7.95999999999999,1.0796,"NA","NA","1.0795999999999999","NA","NA","NA","NA","NA","NA","NA",164.267741409708,2.64267741409708,"4.9719431349129959","NA","NA","0.31341169328115992","Win-Mix"
178,744,"Midega, C.A.O., Salifu, D., Bruce, T.J., Pittchar, J., Pickett, J.A., Khan, Z.R.,",2014,"Cumulative effects and economic benefits of intercropping maize with food legumes on Striga hermonthica infestation.","Midega, C. A. O., Salifu, D., Bruce, T. J., Pittchar, J., Pickett, J. A., & Khan, Z. R. (2014). Cumulative effects and economic benefits of intercropping maize with food legumes on Striga hermonthica infestation. Field Crops Research, 155, 144-152. doi:10.1016/j.fcr.2013.09.015","Plot","Experiment (research station)","Kenya","Africa","LMIC","Synthetic - below threshold","rainfed",8.03,1.0803,"NA","NA","1.0803","NA","NA","NA","NA","NA","NA","NA",150.94934343229,2.5094934343229,"4.7826873459912154","NA","NA","0.23629952265459009","Win-Mix"
179,744,"Midega, C.A.O., Salifu, D., Bruce, T.J., Pittchar, J., Pickett, J.A., Khan, Z.R.,",2014,"Cumulative effects and economic benefits of intercropping maize with food legumes on Striga hermonthica infestation.","Midega, C. A. O., Salifu, D., Bruce, T. J., Pittchar, J., Pickett, J. A., & Khan, Z. R. (2014). Cumulative effects and economic benefits of intercropping maize with food legumes on Striga hermonthica infestation. Field Crops Research, 155, 144-152. doi:10.1016/j.fcr.2013.09.016","Plot","Experiment (research station)","Kenya","Africa","LMIC","Synthetic - below threshold","rainfed",18.77,1.1877,"NA","NA","1.1877","NA","NA","NA","NA","NA","NA","NA",194.002626609844,2.94002626609844,"5.5347913623033156","NA","NA","0.34526116989355993","Win-Mix"
180,388,"Mishra M.M., Mohanty M., Gulati J.M.L., Nanda S.S.",2013,"Evaluation of various rice (Oryza sativa) based crop sequences for enhanced productivity, profitability and energy efficiency in eastern plateau and hills zone of India","Mishra, M. M., Mohanty, M., Gulati, J. M. L., & Nanda, S. S. (2013). Evaluation of various rice (Oryza sativa) based crop sequences for enhanced productivity, profitability and energy efficiency in eastern plateau and hills zone of India. Indian Journal of Agricultural Sciences, 83(12), 1279-1284.","Plot","Experiment (on farm)","India","Asia","LMIC","Synthetic - below threshold","rainfed",2.73871206513694,1.02738712065137,"NA","NA","NA","NA","NA","NA","NA","1.0273871206513694","Nutrient use efficiency (kg REY/ha N applied)","NA",2.91792193788325,1.02917921937883,"1.2183809930288803","NA","0.83997744572878486",NA,"Win-Mix"
181,388,"Mishra M.M., Mohanty M., Gulati J.M.L., Nanda S.S.",2013,"Evaluation of various rice (Oryza sativa) based crop sequences for enhanced productivity, profitability and energy efficiency in eastern plateau and hills zone of India","Mishra, M. M., Mohanty, M., Gulati, J. M. L., & Nanda, S. S. (2013). Evaluation of various rice (Oryza sativa) based crop sequences for enhanced productivity, profitability and energy efficiency in eastern plateau and hills zone of India. Indian Journal of Agricultural Sciences, 83(12), 1279-1284.","Plot","Experiment (on farm)","India","Asia","LMIC","Synthetic - below threshold","rainfed",-8.58623242042931,0.914137675795707,"NA","NA","NA","NA","NA","NA","NA","0.91413767579570693","Nutrient use efficiency (kg REY/ha N applied)","NA",-9.69797884738899,0.90302021152611,"1.0130886328069426","NA","0.79295179024527773",NA,"Mix-Mix"
182,742,"Mohan, H.M., Chittapur, B.M., Hiremath, S.M",2013,"EVALUATION OF RICEBEAN AND FRENCHBEAN AS INTERCROPS WITH MAIZE UNDER DIFFERENT ROW PROPORTIONS IN THE PENINSULAR REGION","Mohan, H. M., Chittapur, B. M., & Hiremath, S. M. (2013). EVALUATION OF RICEBEAN AND FRENCHBEAN AS INTERCROPS WITH MAIZE UNDER DIFFERENT ROW PROPORTIONS IN THE PENINSULAR REGION. Legume Research, 36(4), 338-343.","Plot","Experiment (research station)","India","Asia","LMIC","Synthetic - below threshold","rainfed",11.4398148024279,1.11439814802428,"NA","NA","NA","NA","NA","NA","NA","1.2412698412698413","N uptake kgha-1)","0.98752645477871615",26.0138287293466,1.26013828729347,"1.371451509312781","1.1488250652741514","NA","NA","Win-Win"
183,742,"Mohan, H.M., Chittapur, B.M., Hiremath, S.M",2013,"EVALUATION OF RICEBEAN AND FRENCHBEAN AS INTERCROPS WITH MAIZE UNDER DIFFERENT ROW PROPORTIONS IN THE PENINSULAR REGION","Mohan, H. M., Chittapur, B. M., & Hiremath, S. M. (2013). EVALUATION OF RICEBEAN AND FRENCHBEAN AS INTERCROPS WITH MAIZE UNDER DIFFERENT ROW PROPORTIONS IN THE PENINSULAR REGION. Legume Research, 36(4), 338-343.","Plot","Experiment (research station)","India","Asia","LMIC","Synthetic - below threshold","rainfed",10.8727884488752,1.10872788448875,"NA","NA","NA","NA","NA","NA","NA","1.2317460317460318","N uptake kgha-1)","0.98570973723147204",51.7474271838962,1.51747427183896,"1.7503532434168272","1.2845953002610966","NA","NA","Win-Win"
184,742,"Mohan, H.M., Chittapur, B.M., Hiremath, S.M",2013,"EVALUATION OF RICEBEAN AND FRENCHBEAN AS INTERCROPS WITH MAIZE UNDER DIFFERENT ROW PROPORTIONS IN THE PENINSULAR REGION","Mohan, H. M., Chittapur, B. M., & Hiremath, S. M. (2013). EVALUATION OF RICEBEAN AND FRENCHBEAN AS INTERCROPS WITH MAIZE UNDER DIFFERENT ROW PROPORTIONS IN THE PENINSULAR REGION. Legume Research, 36(4), 338-343.","Plot","Experiment (research station)","India","Asia","LMIC","Synthetic - below threshold","rainfed",25.1847204273552,1.25184720427355,"NA","NA","NA","NA","NA","NA","NA","1.5111111111111111","N uptake kgha-1)","0.99258329743599338",21.8080939947781,1.21808093994778,"1.35","1.0861618798955615","NA","NA","Win-Win"
191,406,"Naab J.B., Mahama G.Y., Yahaya I., Prasad P.V.V.",2017,"Conservation agriculture improves soil quality, crop yield, and incomes of smallholder farmers in north western Ghana","Naab, J. B., Mahama, G. Y., Yahaya, I., & Prasad, P. V. V. (2017). Conservation Agriculture Improves Soil Quality, Crop Yield, and Incomes of Smallholder Farmers in North Western Ghana. Front Plant Sci, 8, 996. doi:10.3389/fpls.2017.00996","Farm","Experiment (on farm)","Ghana","Africa","LMIC","Synthetic - below threshold","rainfed",8.17652506077091,1.08176525060771,"NA","NA","NA","NA","NA","NA","1.0035305012154185","1.1599999999999999","Total nitrogen (g/kg)","NA",56.4984489273429,1.56498448927343,"2.4197830063398222","NA","NA","0.71018597220703583","Win-Mix"
192,737,"Nageswara Rao N, Meinke H, Craufurd PQ, et al.",2015,"Strategic double cropping on Vertisols: A viable rainfed cropping option in the Indian SAT to increase productivity and reduce risk","Nageswara Rao, V., Meinke, H., Craufurd, P. Q., Parsons, D., Kropff, M. J., Anten, N. P. R., . . . Rego, T. J. (2015). Strategic double cropping on Vertisols: A viable rainfed cropping option in the Indian SAT to increase productivity and reduce risk. European Journal of Agronomy, 62, 26-37. doi:10.1016/j.eja.2014.09.003","Plot","Experiment (research station)","India","Asia","LMIC","Synthetic - below threshold","rainfed",116.550372295827,2.16550372295827,"NA","NA","NA","NA","NA","NA","NA","2.1655037229582663","Crop mean uptake of Nitrogen (kg ha-1 2 year rotation-1)","NA",404.951187140019,5.04951187140019,"5.0495118714001874","NA","NA","NA","Win-Win"
193,737,"Nageswara Rao N, Meinke H, Craufurd PQ, et al.",2015,"Strategic double cropping on Vertisols: A viable rainfed cropping option in the Indian SAT to increase productivity and reduce risk","Nageswara Rao, V., Meinke, H., Craufurd, P. Q., Parsons, D., Kropff, M. J., Anten, N. P. R., . . . Rego, T. J. (2015). Strategic double cropping on Vertisols: A viable rainfed cropping option in the Indian SAT to increase productivity and reduce risk. European Journal of Agronomy, 62, 26-37. doi:10.1016/j.eja.2014.09.004","Plot","Experiment (research station)","India","Asia","LMIC","Synthetic - below threshold","rainfed",115.832818403857,2.15832818403857,"NA","NA","NA","NA","NA","NA","NA","2.1583281840385737","Crop mean uptake of Nitrogen (kg ha-1 2 year rotation-1)","NA",419.923558141984,5.19923558141984,"5.1992355814198428","NA","NA","NA","Win-Win"
194,407,"Nageswara Rao V., Meinke H., Craufurd P.Q., Parsons D., Kropff M.J., Anten N.P.R., Wani S.P., Rego T.J.",2015,"Strategic double cropping on Vertisols: A viable rainfed cropping option in the Indian SAT to increase productivity and reduce risk","Nageswara Rao, V., Meinke, H., Craufurd, P. Q., Parsons, D., Kropff, M. J., Anten, N. P. R., . . . Rego, T. J. (2015). Strategic double cropping on Vertisols: A viable rainfed cropping option in the Indian SAT to increase productivity and reduce risk. European Journal of Agronomy, 62, 26-37. doi:10.1016/j.eja.2014.09.003","Plot","Experiment (research station)","India","Asia","LMIC","Synthetic - below threshold","rainfed",139.725260966869,2.39725260966869,"NA","NA","NA","NA","NA","NA","NA","2.3972526096686857","Total N uptake (kg/ha)","NA",149.952108502976,2.49952108502976,"2.4995210850297562","Positive","NA","NA","Win-Win"
195,407,"Nageswara Rao V., Meinke H., Craufurd P.Q., Parsons D., Kropff M.J., Anten N.P.R., Wani S.P., Rego T.J.",2015,"Strategic double cropping on Vertisols: A viable rainfed cropping option in the Indian SAT to increase productivity and reduce risk","Nageswara Rao, V., Meinke, H., Craufurd, P. Q., Parsons, D., Kropff, M. J., Anten, N. P. R., . . . Rego, T. J. (2015). Strategic double cropping on Vertisols: A viable rainfed cropping option in the Indian SAT to increase productivity and reduce risk. European Journal of Agronomy, 62, 26-37. doi:10.1016/j.eja.2014.09.003","Plot","Experiment (research station)","India","Asia","LMIC","Synthetic - below threshold","rainfed",21.3644615553156,1.21364461555316,"NA","NA","NA","NA","NA","NA","NA","1.2136446155531559","Total N uptake (kg/ha)","NA",37.1186240453628,1.37118624045363,"1.3711862404536284","Negative","NA","NA","Mix-Mix"
196,407,"Nageswara Rao V., Meinke H., Craufurd P.Q., Parsons D., Kropff M.J., Anten N.P.R., Wani S.P., Rego T.J.",2015,"Strategic double cropping on Vertisols: A viable rainfed cropping option in the Indian SAT to increase productivity and reduce risk","Nageswara Rao, V., Meinke, H., Craufurd, P. Q., Parsons, D., Kropff, M. J., Anten, N. P. R., . . . Rego, T. J. (2015). Strategic double cropping on Vertisols: A viable rainfed cropping option in the Indian SAT to increase productivity and reduce risk. European Journal of Agronomy, 62, 26-37. doi:10.1016/j.eja.2014.09.003","Plot","Experiment (research station)","India","Asia","LMIC","Synthetic - below threshold","rainfed",97.1553935306132,1.97155393530613,"NA","NA","NA","NA","NA","NA","NA","1.971553935306132","Total N uptake (kg/ha)","NA",122.44961814513,2.2244961814513,"2.2244961814513036","Positive","NA","NA","Win-Win"
198,410,"Naresh R.K., Singh S.P., Kumar P., Singh B., Singh P.K., Chauhan P., Rathore R.S.",2014,"Sustainability of maize (Zea mays)-wheat (Triticum aestivum) cropping system under legumes intercropping and effect of nitrogen level on light distribution, soil temperature and crop productivity","Naresh, R. K., Singh, S. P., Kumar, P., Singh, B., Singh, P. K., Chauhan, P., & Rathore, R. S. (2014). Sustainability of maize (Zea mays)-wheat (Triticum aestivum) cropping system under legumes intercropping and effect of nitrogen level on light distribution, soil temperature and crop productivity. Indian Journal of Agricultural Sciences, 84(6), 695-701.","Field","Experiment (research station)","India","Asia","LMIC","Synthetic - below threshold","irrigation",202.36941,3.0236941,"NA","NA","NA","1.3978022000000001","NA","NA","NA","6.7083332999999996","Net soil N balance (kg/ha)","0.96494679999999999",3.90625,1.0390625,"1.0390625","NA","NA","NA","Mix-Win"
199,410,"Naresh R.K., Singh S.P., Kumar P., Singh B., Singh P.K., Chauhan P., Rathore R.S.",2014,"Sustainability of maize (Zea mays)-wheat (Triticum aestivum) cropping system under legumes intercropping and effect of nitrogen level on light distribution, soil temperature and crop productivity","Naresh, R. K., Singh, S. P., Kumar, P., Singh, B., Singh, P. K., Chauhan, P., & Rathore, R. S. (2014). Sustainability of maize (Zea mays)-wheat (Triticum aestivum) cropping system under legumes intercropping and effect of nitrogen level on light distribution, soil temperature and crop productivity. Indian Journal of Agricultural Sciences, 84(6), 695-701.","Field","Experiment (research station)","India","Asia","LMIC","Synthetic - below threshold","irrigation",348.157153333333,4.48157153333333,"NA","NA","NA","1.9296702999999999","NA","NA","NA","10.541667","Net soil N balance (kg/ha)","0.9733773",4.6875,1.046875,"1.046875","NA","NA","NA","Mix-Win"
200,410,"Naresh R.K., Singh S.P., Kumar P., Singh B., Singh P.K., Chauhan P., Rathore R.S.",2014,"Sustainability of maize (Zea mays)-wheat (Triticum aestivum) cropping system under legumes intercropping and effect of nitrogen level on light distribution, soil temperature and crop productivity","Naresh, R. K., Singh, S. P., Kumar, P., Singh, B., Singh, P. K., Chauhan, P., & Rathore, R. S. (2014). Sustainability of maize (Zea mays)-wheat (Triticum aestivum) cropping system under legumes intercropping and effect of nitrogen level on light distribution, soil temperature and crop productivity. Indian Journal of Agricultural Sciences, 84(6), 695-701.","Field","Experiment (research station)","India","Asia","LMIC","Synthetic - below threshold","irrigation",154.10583,2.5410583,"NA","NA","NA","1.4527473","NA","NA","NA","5.2083332999999996","Net soil N balance (kg/ha)","0.96209429999999996",3.125,1.03125,"1.03125","NA","NA","NA","Mix-Win"
201,412,"Narkhede W.N., Deshmukh M.S., Bhale V.M., Gill M.S., Gadade G.D., More S.S.",2011,"Diversification of cropping systems under assured irrigated conditions in central plateau zone of Maharashtra","Narkhede, W. N., Deshmukh, M. S., Bhale, V. M., Gill, M. S., Gadade, G. D., & More, S. S. (2011). Diversification of cropping systems under assured irrigated conditions in central plateau zone of Maharashtra. Indian Journal of Agronomy, 56(2), 104-108.","Plot","Experiment (research station)","India","Asia","LMIC","Synthetic - below threshold","irrigation",9.76361790983022,1.0976361790983,"NA","NA","NA","NA","NA","NA","NA","1.0976361790983022","Available soil nutrients (average of N, P, K)","NA",11.2920111215234,1.11292011121523,"1.0161023947151115","NA","NA","1.2097378277153559","Win-Mix"
203,418,"Nel A.A., Purchase J.L., Barnard A.",2003,"Productivity and stability of grain yield in wheat and maize as affected by rotational cropping systems in the eastern Free State","Nel, A. A., Purchase, J. L., & Barnard, A. (2013). Productivity and stability of grain yield in wheat and maize as affected by rotational cropping systems in the eastern Free State. South African Journal of Plant and Soil, 20(2), 81-86. doi:10.1080/02571862.2003.10634913","Field","Experiment (on farm)","South Africa","Africa","UMIC","Synthetic - below threshold","rainfed",4.44444444444445,1.04444444444444,"NA","NA","NA","NA","NA","NA","NA","1.0444444444444445","Soil K balance (mg/kg)","NA",5.12820512820513,1.05128205128205,"NA","1.0512820512820513","NA","NA","Win-Win"
204,418,"Nel A.A., Purchase J.L., Barnard A.",2003,"Productivity and stability of grain yield in wheat and maize as affected by rotational cropping systems in the eastern Free State","Nel, A. A., Purchase, J. L., & Barnard, A. (2013). Productivity and stability of grain yield in wheat and maize as affected by rotational cropping systems in the eastern Free State. South African Journal of Plant and Soil, 20(2), 81-86. doi:10.1080/02571862.2003.10634913","Field","Experiment (on farm)","South Africa","Africa","UMIC","Synthetic - below threshold","rainfed",-6.11111111111111,0.938888888888889,"NA","NA","NA","NA","NA","NA","NA","0.93888888888888888","Soil K balance (mg/kg)","NA",-10.2564102564103,0.897435897435897,"NA","0.89743589743589747","NA","NA","Mix-Mix"
205,418,"Nel A.A., Purchase J.L., Barnard A.",2003,"Productivity and stability of grain yield in wheat and maize as affected by rotational cropping systems in the eastern Free State","Nel, A. A., Purchase, J. L., & Barnard, A. (2013). Productivity and stability of grain yield in wheat and maize as affected by rotational cropping systems in the eastern Free State. South African Journal of Plant and Soil, 20(2), 81-86. doi:10.1080/02571862.2003.10634913","Field","Experiment (on farm)","South Africa","Africa","UMIC","Synthetic - below threshold","rainfed",1.32450331125828,1.01324503311258,"NA","NA","NA","NA","NA","NA","NA","1.0132450331125828","Soil K balance (mg/kg)","NA",10.8695652173913,1.10869565217391,"NA","1.1086956521739131","NA","NA","Win-Win"
206,423,"Ngwira A.R., Aune J.B., Mkwinda S.",2012,"On-farm evaluation of yield and economic benefit of short term maize legume intercropping systems under conservation agriculture in Malawi","Ngwira, A. R., Aune, J. B., & Mkwinda, S. (2012). On-farm evaluation of yield and economic benefit of short term maize legume intercropping systems under conservation agriculture in Malawi. Field Crops Research, 132, 149-157. doi:10.1016/j.fcr.2011.12.014","Plot","Experiment (on farm)","Malawi","Africa","LIC","Synthetic - below threshold","rainfed",30,1.3,"NA","NA","NA","NA","NA","NA","NA","NA","NA","1.3",-2.16716420417092,0.978328357958291,"1.1184433164128595","NA","Positive","0.83821339950372198","Mix-Mix"
207,423,"Ngwira A.R., Aune J.B., Mkwinda S.",2012,"On-farm evaluation of yield and economic benefit of short term maize legume intercropping systems under conservation agriculture in Malawi","Ngwira, A. R., Aune, J. B., & Mkwinda, S. (2012). On-farm evaluation of yield and economic benefit of short term maize legume intercropping systems under conservation agriculture in Malawi. Field Crops Research, 132, 149-157. doi:10.1016/j.fcr.2011.12.015","Plot","Experiment (on farm)","Malawi","Africa","LIC","Synthetic - below threshold","rainfed",11.9299975351245,1.11929997535124,"NA","NA","NA","NA","NA","NA","NA","NA","NA","1.1192999753512447",-2.16716420417092,0.978328357958291,"1.1184433164128595","NA","Positive","0.83821339950372198","Mix-Mix"
214,422,"Ngwira A.R., Thierfelder C., Lambert D.M.",2013,"Conservation agriculture systems for Malawian smallholder farmers: Long-term effects on crop productivity, profitability and soil quality","Ngwira, A. R., Thierfelder, C., & Lambert, D. M. (2012). Conservation agriculture systems for Malawian smallholder farmers: long-term effects on crop productivity, profitability and soil quality. Renewable Agriculture and Food Systems, 28(4), 350-363. doi:10.1017/s1742170512000257","Field","Experiment (on farm)","Malawi","Africa","LIC","Synthetic - below threshold","rainfed",9.67996021966455,1.09679960219665,"NA","NA","NA","1.0551181102362206","NA","NA","1.267367882577074","NA","NA","0.96791281377664162",-4.8324312503417,0.951675687496583,"1.1414466130884042","NA","NA","0.76190476190476186","Mix-Mix"
215,422,"Ngwira A.R., Thierfelder C., Lambert D.M.",2013,"Conservation agriculture systems for Malawian smallholder farmers: Long-term effects on crop productivity, profitability and soil quality","Ngwira, A. R., Thierfelder, C., & Lambert, D. M. (2012). Conservation agriculture systems for Malawian smallholder farmers: long-term effects on crop productivity, profitability and soil quality. Renewable Agriculture and Food Systems, 28(4), 350-363. doi:10.1017/s1742170512000257","Field","Experiment (on farm)","Malawi","Africa","LIC","Synthetic - below threshold","rainfed",0.554509925074398,1.00554509925074,"NA","NA","NA","1.0081190798376183","NA","NA","0.75592652070490707","NA","NA","1.2525896972097061",-15.3803647576997,0.846196352423003,"0.93048794294124304","NA","NA","0.76190476190476186","Mix-Lose"
216,425,"Nielsen D.C., Vigil M.F.",2017,"Intensifying a semi-arid dryland crop rotation by replacing fallow with pea","Nielsen, D. C., & Vigil, M. F. (2017). Intensifying a semi-arid dryland crop rotation by replacing fallow with pea. Agricultural Water Management, 186, 127-138. doi:10.1016/j.agwat.2017.03.003","Plot","Experiment (on farm)","USA","North America","HIC","Synthetic - below threshold","rainfed",-4.41640378548895,0.95583596214511,"NA","NA","NA","0.91167192429022093","NA","NA","NA","NA","NA","1",-31.6666666666667,0.683333333333333,"0.68333333333333335","Negative","NA","NA","Mix-Lose"
238,436,"Onduru D.D., Du Preezb C.C.",2007,"Ecological and agro-economic study of small farms in sub-Saharan Africa","Onduru, D. D., & Preez, C. C. (2007). Ecological and agro-economic study of small farms in sub-Saharan Africa. Agronomy for Sustainable Development, 27(3), 197-208. doi:10.1051/agro:2007003","Plot","Experiment (on farm)","Kenya","Africa","LMIC","No synthetic","rainfed",80.625,1.80625,"NA","NA","NA","NA","NA","NA","NA","1.8062499999999999","N full balance (reduction in N loss)","NA",3.0434783,1.030434783,"1.030434783","NA","Mixed","Mixed","Win-Mix"
239,441,"Oyeogbe A., Otoadese J., Ehanire B.",2021,"Diversification of maize-based intercropping systems in tropical rainforest agroecosystem of Nigeria: Productivity, profitability and soil fertility","Oyeogbe, A., Otoadese, J., & Ehanire, B. (2021). Diversification of maize-based intercropping systems in tropical rainforest agroecosystem of Nigeria: Productivity, profitability and soil fertility. Future of Food: Journal on Food, Agriculture and Society, 9(1), 1-7. doi:10.17170/kobra-202011192213","Plot","Experiment (on farm)","Nigeria","Africa","LMIC","Synthetic - below threshold","rainfed",51.785715,1.51785715,"NA","NA","NA","NA","NA","NA","NA","1.2857143","Soil nitrogen (g/kg)","1.75",58.3024063,1.583024063,"1.5830240630000001","NA","NA","NA","Win-Win"
240,441,"Oyeogbe A., Otoadese J., Ehanire B.",2021,"Diversification of maize-based intercropping systems in tropical rainforest agroecosystem of Nigeria: Productivity, profitability and soil fertility","Oyeogbe, A., Otoadese, J., & Ehanire, B. (2021). Diversification of maize-based intercropping systems in tropical rainforest agroecosystem of Nigeria: Productivity, profitability and soil fertility. Future of Food: Journal on Food, Agriculture and Society, 9(1), 1-7. doi:10.17170/kobra-202011192214","Plot","Experiment (on farm)","Nigeria","Africa","LMIC","Synthetic - below threshold","rainfed",12.5,1.125,"NA","NA","NA","NA","NA","NA","NA","1","Soil nitrogen (g/kg)","1.25",25.4639052,1.254639052,"1.2546390519999999","NA","NA","NA","Mix-Win"
241,444,"Palaniappan S.P., Balasubramanian R., Ramesh T., Chandrasekaran A., Mani K.G., Velayutham M., Lal R.",2009,"Sustainable management of dryland alfisols (Red Soils) in South India","Palaniappan, S. P., Balasubramanian, R., Ramesh, T., Chandrasekaran, A., Mani, K. G., Velayutham, M., & Lal, R. (2009). Sustainable Management of Dryland Alfisols (Red Soils) in South India. Journal of Crop Improvement, 23(3), 275-299. doi:10.1080/15427520902809888","Farm","Experiment (on farm)","India","Asia","LMIC","No synthetic","rainfed",43.3333333333333,1.43333333333333,"NA","NA","NA","NA","NA","NA","NA","NA","NA","1.4333333333333333",-40.6844106463878,0.593155893536122,"0.59315589353612164","NA","NA","NA","Mix-Lose"
242,444,"Palaniappan S.P., Balasubramanian R., Ramesh T., Chandrasekaran A., Mani K.G., Velayutham M., Lal R.",2009,"Sustainable management of dryland alfisols (Red Soils) in South India","Palaniappan, S. P., Balasubramanian, R., Ramesh, T., Chandrasekaran, A., Mani, K. G., Velayutham, M., & Lal, R. (2009). Sustainable Management of Dryland Alfisols (Red Soils) in South India. Journal of Crop Improvement, 23(3), 275-299. doi:10.1080/15427520902809889","Farm","Experiment (on farm)","India","Asia","LMIC","No synthetic","rainfed",45,1.45,"NA","NA","NA","NA","NA","NA","NA","NA","NA","1.45",215.209125475285,3.15209125475285,"3.1520912547528517","NA","NA","NA","Win-Win"
247,453,"Parihar M.D., Parihar C.M., Nanwal R.K., Singh A.K., Jat S.L., Nayak H.S., Ghasal P.C., Jewlia H.R., Choudhary M., Jat M.L.",2019,"Effect of different tillage and residue management practices on crop and water productivity and economics in maize (Zea mays) based rotations","Parihar, M. D., Parihar, C. M., Nanwal, R. K., Singh, A. K., Jat, S. L., Nayak, H. S., . . . Jat, M. L. (2019). Effect of different tillage and residue management practices on crop and water productivity and economics in maize (Zea mays) based rotations. Indian Journal of Agricultural Sciences, 89(2), 360-366.","Plot","Experiment (research station)","India","Asia","LMIC","Synthetic - below threshold","irrigation",6.157035,1.06157035,"NA","NA","NA","1.0912347","NA","NA","NA","NA","NA","1.031906",11.1948302,1.111948302,"1.132454004","NA","Positive","1.0914425999999999","Win-Win"
248,461,"Paudel B., Chan C., Halbrendt J., Crow S.E., Radovich T.J.K., Norton G.",2016,"Bioeconomic optimization of conservation agriculture production systems (CAPS) for smallholder tribal farmers in the hill region of Nepal","Paudel, B., Chan, C., Halbrendt, J., Crow, S. E., Radovich, T. J. K., & Norton, G. (2016). Bioeconomic optimization of conservation agriculture production systems (CAPS) for smallholder tribal farmers in the hill region of Nepal. Journal of Soil and Water Conservation, 71(2), 103-117. doi:10.2489/jswc.71.2.103","Village","Experiment (on farm)","Nepal","Asia","LMIC","Unknown","rainfed",11.4537,1.114537,"NA","NA","NA","NA","NA","NA","1.1145370000000001",NA,"NA","NA",19.4058611805122,1.19405861180512,"NA","NA","1.0456749999999999","1.3424422236102436","Win-Win"
249,461,"Paudel B., Chan C., Halbrendt J., Crow S.E., Radovich T.J.K., Norton G.",2016,"Bioeconomic optimization of conservation agriculture production systems (CAPS) for smallholder tribal farmers in the hill region of Nepal","Paudel, B., Chan, C., Halbrendt, J., Crow, S. E., Radovich, T. J. K., & Norton, G. (2016). Bioeconomic optimization of conservation agriculture production systems (CAPS) for smallholder tribal farmers in the hill region of Nepal. Journal of Soil and Water Conservation, 71(2), 103-117. doi:10.2489/jswc.71.2.104","Village","Experiment (on farm)","Nepal","Asia","LMIC","Unknown","rainfed",50.2643,1.502643,"NA","NA","NA","NA","NA","NA","1.502643",NA,"NA","NA",18.24576514499,1.1824576514499,"NA","NA","1","1.3649153028997991","Win-Mix"
250,461,"Paudel B., Chan C., Halbrendt J., Crow S.E., Radovich T.J.K., Norton G.",2016,"Bioeconomic optimization of conservation agriculture production systems (CAPS) for smallholder tribal farmers in the hill region of Nepal","Paudel, B., Chan, C., Halbrendt, J., Crow, S. E., Radovich, T. J. K., & Norton, G. (2016). Bioeconomic optimization of conservation agriculture production systems (CAPS) for smallholder tribal farmers in the hill region of Nepal. Journal of Soil and Water Conservation, 71(2), 103-117. doi:10.2489/jswc.71.2.105","Village","Experiment (on farm)","Nepal","Asia","LMIC","Unknown","rainfed",11.4094,1.114094,"NA","NA","NA","NA","NA","NA","1.1140939999999999",NA,"NA","NA",8.95342113847137,1.08953421138471,"NA","NA","0.92035400000000001","1.2587144227694274","Win-Mix"
251,461,"Paudel B., Chan C., Halbrendt J., Crow S.E., Radovich T.J.K., Norton G.",2016,"Bioeconomic optimization of conservation agriculture production systems (CAPS) for smallholder tribal farmers in the hill region of Nepal","Paudel, B., Chan, C., Halbrendt, J., Crow, S. E., Radovich, T. J. K., & Norton, G. (2016). Bioeconomic optimization of conservation agriculture production systems (CAPS) for smallholder tribal farmers in the hill region of Nepal. Journal of Soil and Water Conservation, 71(2), 103-117. doi:10.2489/jswc.71.2.106","Village","Experiment (on farm)","Nepal","Asia","LMIC","Unknown","rainfed",50.2384,1.502384,"NA","NA","NA","NA","NA","NA","1.5023839999999999",NA,"NA","NA",-13.0133154903186,0.869866845096814,"NA","NA","1.0228379999999999","0.71689569019362898","Win-Mix"
252,461,"Paudel B., Chan C., Halbrendt J., Crow S.E., Radovich T.J.K., Norton G.",2016,"Bioeconomic optimization of conservation agriculture production systems (CAPS) for smallholder tribal farmers in the hill region of Nepal","Paudel, B., Chan, C., Halbrendt, J., Crow, S. E., Radovich, T. J. K., & Norton, G. (2016). Bioeconomic optimization of conservation agriculture production systems (CAPS) for smallholder tribal farmers in the hill region of Nepal. Journal of Soil and Water Conservation, 71(2), 103-117. doi:10.2489/jswc.71.2.107","Village","Experiment (on farm)","Nepal","Asia","LMIC","Unknown","rainfed",50.2384,1.502384,"NA","NA","NA","NA","NA","NA","1.5023839999999999",NA,"NA","NA",-8.1614102641401,0.918385897358599,"NA","NA","0.99166699999999997","0.8451047947171979","Win-Lose"
253,461,"Paudel B., Chan C., Halbrendt J., Crow S.E., Radovich T.J.K., Norton G.",2016,"Bioeconomic optimization of conservation agriculture production systems (CAPS) for smallholder tribal farmers in the hill region of Nepal","Paudel, B., Chan, C., Halbrendt, J., Crow, S. E., Radovich, T. J. K., & Norton, G. (2016). Bioeconomic optimization of conservation agriculture production systems (CAPS) for smallholder tribal farmers in the hill region of Nepal. Journal of Soil and Water Conservation, 71(2), 103-117. doi:10.2489/jswc.71.2.108","Village","Experiment (on farm)","Nepal","Asia","LMIC","Unknown","rainfed",50.261,1.50261,"NA","NA","NA","NA","NA","NA","1.50261",NA,"NA","NA",-13.0910483530541,0.869089516469459,"NA","NA","0.91166800000000003","0.82651103293891892","Win-Lose"
254,477,"Pradhan A., Chan C., Roul P.K., Halbrendt J., Sipes B.",2018,"Potential of conservation agriculture (CA) for climate change adaptation and food security under rainfed uplands of India: A transdisciplinary approach","Pradhan, A., Chan, C., Roul, P. K., Halbrendt, J., & Sipes, B. (2018). Potential of conservation agriculture (CA) for climate change adaptation and food security under rainfed uplands of India: A transdisciplinary approach. Agricultural Systems, 163, 27-35. doi:10.1016/j.agsy.2017.01.002","Village","Experiment (on farm)","India","Asia","LMIC","Synthetic - below threshold","rainfed",33.1958762886598,1.3319587628866,"NA","NA","NA","NA","NA","NA","1.3319587628865979","NA","NA","NA",35.7649442755826,1.35764944275583,"1.3576494427558257","NA","NA",NA,"Win-Win"
256,738,"Qian X, Zang HD, Xu HS, et al.",2018,"Relay strip intercropping of oat with maize, sunflower and mung bean in semi-arid regions of Northeast China: Yield advantages and economic benefits","Qian, X., Zang, H. D., Xu, H. S., Hu, Y. G., Ren, C. Z., Guo, L. C., . . . Zeng, Z. H. (2018). Relay strip intercropping of oat with maize, sunflower and mung bean in semi-arid regions of Northeast China: Yield advantages and economic benefits. Field Crops Research, 223, 33-40. doi:10.1016/j.fcr.2018.04.004","Plot","Experiment (research station)","China","Asia","UMIC","Synthetic - below threshold","irrigation",110.530215550423,2.10530215550423,"NA","NA","NA","NA","NA","NA","NA",NA,"NA","2.1053021555042339",0.247275670197422,1.00247275670197,"1.0638412189254209","0.9411042944785275","NA","NA","Win-Mix"
258,495,"Ranjan R., Sharma N.K., Kumar A., Pramanik M., Mehta H., Ojasvi P.R., Yadav R.S.",2021,"Evaluation of maize-based intercropping on runoff, soil loss, and yield in foothills of the Indian sub-Himalayas","Ranjan, R., Sharma, N. K., Kumar, A., Pramanik, M., Mehta, H., Ojasvi, P. R., & Yadav, R. S. (2021). Evaluation of maize-based intercropping on runoff, soil loss, and yield in foothills of the Indian sub-Himalayas. Experimental Agriculture, 57(2), 69-84. doi:10.1017/s0014479721000053","Plot","Experiment (research station)","India","Asia","LMIC","Synthetic - below threshold","rainfed",38.5926093092577,1.38592609309258,"NA","NA","NA","1.3577646728447066","NA","NA","1.4140875133404482","NA","Average of N, P and K loss","NA",40.3208145664714,1.40320814566471,"2.261437908496732","NA","0.97409326424870457","0.97409326424870457","Win-Mix"
259,495,"Ranjan R., Sharma N.K., Kumar A., Pramanik M., Mehta H., Ojasvi P.R., Yadav R.S.",2021,"Evaluation of maize-based intercropping on runoff, soil loss, and yield in foothills of the Indian sub-Himalayas","Ranjan, R., Sharma, N. K., Kumar, A., Pramanik, M., Mehta, H., Ojasvi, P. R., & Yadav, R. S. (2021). Evaluation of maize-based intercropping on runoff, soil loss, and yield in foothills of the Indian sub-Himalayas. Experimental Agriculture, 57(2), 69-84. doi:10.1017/s0014479721000054","Plot","Experiment (research station)","India","Asia","LMIC","Synthetic - below threshold","rainfed",10.4472830141066,1.10447283014107,"NA","NA","NA","1.0702049985959001","NA","NA","1.1387406616862326","NA","Average of N, P and K loss","NA",23.5452154379311,1.23545215437931,"1.7581699346405228","NA","0.97409326424870457","0.97409326424870457","Win-Mix"
260,496,"Rao M.R., Mathuva M.N.",2000,"Legumes for improving maize yields and income in semi-arid Kenya","Rao, M. R., & Mathuva, M. N. (2000). Legumes for improving maize yields and income in semi-arid Kenya. Agriculture, Ecosystems & Environment, 78(2), 123-137. doi:10.1016/s0167-8809(99)00125-5","Plot","Experiment (research station)","Kenya","Africa","LMIC","No synthetic","rainfed",60.2762773399451,1.60276277339945,"NA","NA","NA","NA","NA","NA","NA","1.6027627733994509","Inorganic N (NO3-NCNH4-N) (kg ha−1) (Positive (All the legume-based systems recorded higher mineral N than the continuous sole maize in subsequent samplings after the crop was sown, but
the status of mineral N decreased during the course of the season due to uptake by maize) (only measured during 67days in 1995)","NA",15.9676952049833,1.15967695204983,"1.3150803998261624","NA","NA","1.0042735042735043","Win-Win"
261,496,"Rao M.R., Mathuva M.N.",2000,"Legumes for improving maize yields and income in semi-arid Kenya","Rao, M. R., & Mathuva, M. N. (2000). Legumes for improving maize yields and income in semi-arid Kenya. Agriculture, Ecosystems & Environment, 78(2), 123-137. doi:10.1016/s0167-8809(99)00125-6","Plot","Experiment (research station)","Kenya","Africa","LMIC","No synthetic","rainfed",-2.52007754084741,0.974799224591526,"NA","NA","NA","NA","NA","NA","NA","0.9747992245915259","Inorganic N (NO3-NCNH4-N) (kg ha−1) (Positive (All the legume-based systems recorded higher mineral N than the continuous sole maize in subsequent samplings after the crop was sown, but
the status of mineral N decreased during the course of the season due to uptake by maize) (only measured during 67days in 1995)","NA",31.7289584238737,1.31728958423874,"1.485006518904824","NA","NA","1.1495726495726495","Mix-Win"
262,496,"Rao M.R., Mathuva M.N.",2000,"Legumes for improving maize yields and income in semi-arid Kenya","Rao, M. R., & Mathuva, M. N. (2000). Legumes for improving maize yields and income in semi-arid Kenya. Agriculture, Ecosystems & Environment, 78(2), 123-137. doi:10.1016/s0167-8809(99)00125-7","Plot","Experiment (research station)","Kenya","Africa","LMIC","No synthetic","rainfed",50.2168623717338,1.50216862371734,"NA","NA","NA","NA","NA","NA","NA","1.5021686237173382","Inorganic N (NO3-NCNH4-N) (kg ha−1) (Positive (All the legume-based systems recorded higher mineral N than the continuous sole maize in subsequent samplings after the crop was sown, but
the status of mineral N decreased during the course of the season due to uptake by maize) (only measured during 67days in 1995)","NA",40.5186150948863,1.40518615094886,"1.4941329856584094","NA","NA","1.3162393162393162","Mix-Win"
270,506,"Ripoche A., Autfray P., Rabary B., Randriamanantsoa R., Blanchart E., Trap J., Sauvadet M., Becquer T., Letourmy P.",2021,"Increasing plant diversity promotes ecosystem functions in rainfed rice based short rotations in Malagasy highlands","Ripoche, A., Autfray, P., Rabary, B., Randriamanantsoa, R., Blanchart, E., Trap, J., . . . Letourmy, P. (2021). Increasing plant diversity promotes ecosystem functions in rainfed rice based short rotations in Malagasy highlands. Agriculture, Ecosystems & Environment, 320. doi:10.1016/j.agee.2021.107576","Plot","Experiment (research station)","Madagascar","Africa","LIC","No synthetic","rainfed",57.4896625316794,1.57489662531679,"NA","NA","1.9795918367346939","NA","NA","NA","NA","1.3333333333333333","Rice N content tha-1 (at","1.4117647058823528",6.28930817610063,1.06289308176101,"1.0628930817610063","NA","NA","NA","Mix-Win"
271,506,"Ripoche A., Autfray P., Rabary B., Randriamanantsoa R., Blanchart E., Trap J., Sauvadet M., Becquer T., Letourmy P.",2021,"Increasing plant diversity promotes ecosystem functions in rainfed rice based short rotations in Malagasy highlands","Ripoche, A., Autfray, P., Rabary, B., Randriamanantsoa, R., Blanchart, E., Trap, J., . . . Letourmy, P. (2021). Increasing plant diversity promotes ecosystem functions in rainfed rice based short rotations in Malagasy highlands. Agriculture, Ecosystems & Environment, 320. doi:10.1016/j.agee.2021.107577","Plot","Experiment (research station)","Madagascar","Africa","LIC","No synthetic","rainfed",52.7498178758683,1.52749817875868,"NA","NA","1.7959183673469388","NA","NA","NA","NA","1.3846153846153846","Rice N content tha-1","1.4019607843137254",-11.3207547169811,0.886792452830189,"0.8867924528301887","NA","NA","NA","Mix-Lose"
272,506,"Ripoche A., Autfray P., Rabary B., Randriamanantsoa R., Blanchart E., Trap J., Sauvadet M., Becquer T., Letourmy P.",2021,"Increasing plant diversity promotes ecosystem functions in rainfed rice based short rotations in Malagasy highlands","Ripoche, A., Autfray, P., Rabary, B., Randriamanantsoa, R., Blanchart, E., Trap, J., . . . Letourmy, P. (2021). Increasing plant diversity promotes ecosystem functions in rainfed rice based short rotations in Malagasy highlands. Agriculture, Ecosystems & Environment, 320. doi:10.1016/j.agee.2021.107578","Plot","Experiment (research station)","Madagascar","Africa","LIC","No synthetic","rainfed",60.4852197289172,1.60485219728917,"NA","NA","1.3673469387755102","NA","NA","NA","NA","1.6923076923076923","Rice N content tha-1","1.7549019607843137",14.4654088050314,1.14465408805031,"1.1446540880503144","NA","NA","NA","Mix-Win"
273,510,"Ruangsanka S., Sanfan S., Chaiwong U.",2021,"Does intercropping of baby corn (Zea mays l.) with pulse legumes improve soil fertility, crop productivity and profitability?","Ruangsanka, S., Sanfan, S., & Chaiwong, U. (2021). Does Intercropping of Baby Corn (Zea mays L.) with Pulse Legumes Improve Soil Fertility, Crop Productivity and Profitability? Journal of Agricultural Sciences, 16(1), 19-27. doi:10.4038/jas.v16i1.9180","Plot","Experiment (research station)","Thailand","Asia","UMIC","Synthetic - above threshold","irrigation",-6.60000000000001,0.934,"NA","NA","NA","NA","NA","NA","NA","0.93399999999999994","Nitrogen kgha-1","NA",-3.32658313844868,0.966734168615513,"0.9667341686155132","NA","NA","NA","Lose-Lose"
274,510,"Ruangsanka S., Sanfan S., Chaiwong U.",2021,"Does intercropping of baby corn (Zea mays l.) with pulse legumes improve soil fertility, crop productivity and profitability?","Ruangsanka, S., Sanfan, S., & Chaiwong, U. (2021). Does Intercropping of Baby Corn (Zea mays L.) with Pulse Legumes Improve Soil Fertility, Crop Productivity and Profitability? Journal of Agricultural Sciences, 16(1), 19-27. doi:10.4038/jas.v16i1.9181","Plot","Experiment (research station)","Thailand","Asia","UMIC","Synthetic - above threshold","irrigation",102.857142857143,2.02857142857143,"NA","NA","NA","NA","NA","NA","NA","2.0285714285714285","Nitrogen kgha-1","NA",-16.9631961955031,0.830368038044969,"0.83036803804496939","NA","NA","NA","Win-Lose"
275,510,"Ruangsanka S., Sanfan S., Chaiwong U.",2021,"Does intercropping of baby corn (Zea mays l.) with pulse legumes improve soil fertility, crop productivity and profitability?","Ruangsanka, S., Sanfan, S., & Chaiwong, U. (2021). Does Intercropping of Baby Corn (Zea mays L.) with Pulse Legumes Improve Soil Fertility, Crop Productivity and Profitability? Journal of Agricultural Sciences, 16(1), 19-27. doi:10.4038/jas.v16i1.9182","Plot","Experiment (research station)","Thailand","Asia","UMIC","Synthetic - above threshold","irrigation",195.714285714286,2.95714285714286,"NA","NA","NA","NA","NA","NA","NA","2.9571428571428573","Nitrogen kgha-1","NA",-20.6579480278544,0.793420519721456,"0.79342051972145644","NA","NA","NA","Win-Lose"
276,514,"Rusinamhodzi L., Corbeels M., Nyamangara J., Giller K.E.",2012,"Maize-grain legume intercropping is an attractive option for ecological intensification that reduces climatic risk for smallholder farmers in central Mozambique","Rusinamhodzi, L., Corbeels, M., Nyamangara, J., & Giller, K. E. (2012). Maize–grain legume intercropping is an attractive option for ecological intensification that reduces climatic risk for smallholder farmers in central Mozambique. Field Crops Research, 136, 12-22. doi:10.1016/j.fcr.2012.07.014","Field","Experiment (on farm)","Mozambique","Africa","LIC","Synthetic - below threshold","rainfed",29.7872340425532,1.29787234042553,"NA","NA","Positive","1.2978723404255321","NA","NA","NA","NA","NA","NA",-38.3522727272727,0.616477272727273,"Positive","NA","NA","0.61647727272727293","Win-Mix"
290,733,"Shah TM, Tasawwar S, Bhat MA, Otterpohl R.",2021,"Intercropping in Rice Farming under the System of Rice Intensification-An Agroecological Strategy for Weed Control, Better Yield, Increased Returns, and Social-Ecological Sustainability","Shah, T. M., Tasawwar, S., Bhat, M. A., & Otterpohl, R. (2021). Intercropping in Rice Farming under the System of Rice Intensification-An Agroecological Strategy for Weed Control, Better Yield, Increased Returns, and Social-Ecological Sustainability. Agronomy-Basel, 11(5), 21. doi:10.3390/agronomy11051010","Plot","Experiment (research station)","India","Asia","LMIC","Synthetic - below threshold","irrigation",44.1293015507865,1.44129301550786,"NA","NA","1.6529175050301812","NA","NA","NA","NA","1.0042715097402597","NA","1.6666900317531526",57.1970068935719,1.57197006893572,"1.571970068935719","NA","NA","NA","Win-Win"
292,539,"Sharma A.R., Behera U.K.",2009,"Recycling of legume residues for nitrogen economy and higher productivity in maize (Zea mays)-wheat (Triticum aestivum) cropping system","Sharma, A., Sharma, J. J., Rana, M. C., & Sood, S. (2006). Evaluation of Phaseolus vulgaris as intercrop with vegetables for enhancing productivity system and profitability under high hill dry temperate conditions of north-western Himalayas. Indian Journal of Agricultural Sciences, 76(1), 29-32.","Plot","Experiment (research station)","India","Asia","LMIC","Synthetic - below threshold","irrigation",94,1.94,"NA","NA","NA","NA","NA","NA","NA","1.94","Actual change over initial KMnO4-N (kg ha-1)","NA",-4.2735,0.957265,"0.95726500000000003","NA","Negative","NA","Mix-Mix"
293,539,"Sharma A.R., Behera U.K.",2009,"Recycling of legume residues for nitrogen economy and higher productivity in maize (Zea mays)-wheat (Triticum aestivum) cropping system","Sharma, A., Sharma, J. J., Rana, M. C., & Sood, S. (2006). Evaluation of Phaseolus vulgaris as intercrop with vegetables for enhancing productivity system and profitability under high hill dry temperate conditions of north-western Himalayas. Indian Journal of Agricultural Sciences, 76(1), 29-32.","Plot","Experiment (research station)","India","Asia","LMIC","Synthetic - below threshold","irrigation",416,5.16,"NA","NA","NA","NA","NA","NA","NA","5.16","Actual change over initial KMnO4-N (kg ha-1)","NA",3.41880341880343,1.03418803418803,"1.0341880341880343","NA","Negative","NA","Win-Mix"
294,539,"Sharma A.R., Behera U.K.",2009,"Recycling of legume residues for nitrogen economy and higher productivity in maize (Zea mays)-wheat (Triticum aestivum) cropping system","Sharma, A., Sharma, J. J., Rana, M. C., & Sood, S. (2006). Evaluation of Phaseolus vulgaris as intercrop with vegetables for enhancing productivity system and profitability under high hill dry temperate conditions of north-western Himalayas. Indian Journal of Agricultural Sciences, 76(1), 29-32.","Plot","Experiment (research station)","India","Asia","LMIC","Synthetic - below threshold","irrigation",224,3.24,"NA","NA","NA","NA","NA","NA","NA","3.2399999999999998","Actual change over initial KMnO4-N (kg ha-1)","NA",-3.41880341880342,0.965811965811966,"0.96581196581196582","NA","Negative","NA","Win-Mix"
295,539,"Sharma A.R., Behera U.K.",2009,"Recycling of legume residues for nitrogen economy and higher productivity in maize (Zea mays)-wheat (Triticum aestivum) cropping system","Sharma, A., Sharma, J. J., Rana, M. C., & Sood, S. (2006). Evaluation of Phaseolus vulgaris as intercrop with vegetables for enhancing productivity system and profitability under high hill dry temperate conditions of north-western Himalayas. Indian Journal of Agricultural Sciences, 76(1), 29-32.","Plot","Experiment (research station)","India","Asia","LMIC","Synthetic - below threshold","irrigation",232,3.32,"NA","NA","NA","NA","NA","NA","NA","3.3200000000000003","Actual change over initial KMnO4-N (kg ha-1)","NA",-8.54700854700854,0.914529914529915,"0.91452991452991461","NA","Negative","NA","Win-Mix"
296,539,"Sharma A.R., Behera U.K.",2009,"Recycling of legume residues for nitrogen economy and higher productivity in maize (Zea mays)-wheat (Triticum aestivum) cropping system","Sharma, A., Sharma, J. J., Rana, M. C., & Sood, S. (2006). Evaluation of Phaseolus vulgaris as intercrop with vegetables for enhancing productivity system and profitability under high hill dry temperate conditions of north-western Himalayas. Indian Journal of Agricultural Sciences, 76(1), 29-32.","Plot","Experiment (research station)","India","Asia","LMIC","Synthetic - below threshold","irrigation",330,4.3,"NA","NA","NA","NA","NA","NA","NA","4.3","Actual change over initial KMnO4-N (kg ha-1)","NA",-10.2564102564102,0.897435897435898,"0.89743589743589758","NA","Negative","NA","Win-Mix"
297,540,"Sharma K.C.",2018,"Inter/mixed cropping of lentil (Lens culinaris) in late-sown wheat (Triticum aestivum) for higher productivity and profitability of wheat in vertisols of central india","Sharma, K. C. (2018). Inter/mixed cropping of lentil (Lens culinaris) in late-sown wheat (Triticum aestivum) for higher productivity and profitability of wheat in vertisols of central india. Indian Journal of Agronomy, 63(1), 32-38.","Plot","Experiment (research station)","India","Asia","LMIC","Synthetic - below threshold","irrigation",1.83485999999999,1.0183486,"NA","NA","NA","NA","NA","NA","NA","1.0366972000000001","Increased nitrogen uptake by plants (kg/ha)","1",-4.02859,0.9597141,"0.95971410000000001","NA","Negative","NA","Mix-Mix"
298,540,"Sharma K.C.",2018,"Inter/mixed cropping of lentil (Lens culinaris) in late-sown wheat (Triticum aestivum) for higher productivity and profitability of wheat in vertisols of central india","Sharma, K. C. (2018). Inter/mixed cropping of lentil (Lens culinaris) in late-sown wheat (Triticum aestivum) for higher productivity and profitability of wheat in vertisols of central india. Indian Journal of Agronomy, 63(1), 32-38.","Plot","Experiment (research station)","India","Asia","LMIC","Synthetic - below threshold","irrigation",1.47444999999999,1.0147445,"NA","NA","NA","NA","NA","NA","NA","1.0294890000000001","Increased nitrogen uptake by plants (kg/ha)","1",-8.67445999999999,0.9132554,"0.91325540000000005","NA","Positive","NA","Mix-Mix"
299,542,"Sharma N.K., Singh R.J., Mandal D., Kumar A., Alam N.M., Keesstra S.",2017,"Increasing farmer's income and reducing soil erosion using intercropping in rainfed maize-wheat rotation of Himalaya, India","Sharma, N. K., Singh, R. J., Mandal, D., Kumar, A., Alam, N. M., & Keesstra, S. (2017). Increasing farmer’s income and reducing soil erosion using intercropping in rainfed maize-wheat rotation of Himalaya, India. Agriculture, Ecosystems & Environment, 247, 43-53. doi:10.1016/j.agee.2017.06.026","Plot","Experiment (on farm)","India","Asia","LMIC","Synthetic - below threshold","rainfed",26.4656847781848,1.26465684778185,"NA","NA","NA","1.26","NA","NA","1.43","1.1039705433455431","Reduced nitrogen loss (kg/ha)","NA",17.194941911361,1.17194941911361,"1.1719494191136104","NA","NA","NA","Win-Win"
304,731,"Shivaramu HS, Shivashankar K.",1992,"PERFORMANCE OF SUNFLOWER (HELIANTHUS-ANNUUS) AND SOYBEAN (GLYCINE-MAX) IN INTERCROPPING WITH DIFFERENT PLANT-POPULATIONS AND PLANTING PATTERNS","Shivaramu, H. S., & Shivashankar, K. (1992). PERFORMANCE OF SUNFLOWER (HELIANTHUS-ANNUUS) AND SOYBEAN (GLYCINE-MAX) IN INTERCROPPING WITH DIFFERENT PLANT-POPULATIONS AND PLANTING PATTERNS. Indian Journal of Agronomy, 37(2), 231-236.","Plot","Experiment (research station)","India","Asia","LMIC","Unknown","rainfed",31.3583066507532,1.31358306650753,"NA","NA","NA","NA","NA","NA","NA","NA","NA","1.3135830665075319",44.8672738628277,1.44867273862828,"1.4486727386282774","NA","NA","NA","Win-Win"
306,560,"Singh A., Tanwar S.P.S., Meghwal P.R., Saxena A., Kumar M.",2018,"Assessing productivity and profitability of a rejuvenated ber (Ziziphus mauritiana) based agri-horti system under arid rainfed conditions","Singh, A., Tanwar, S. P. S., Meghwal, P. R., Saxena, A., & Kumar, M. (2018). Assessing productivity and profitability of a rejuvenated ber (Ziziphus mauritiana) based agri-horti system under arid rainfed conditions. Indian Journal of Agricultural Sciences, 88(4), 573-578.","Plot","Experiment (research station)","India","Asia","LMIC","No synthetic","rainfed",2.14270999999999,1.0214271,"NA","NA","NA","NA","NA","NA","NA","1.0214270999999999","Effect of spacing, ber variety and intercrops on soil
properties (P2O5)","NA",48.1695063,1.481695063,"1.4816950630000001","NA","NA","NA","Win-Win"
307,563,"Singh B., Dhaka A.K., Kumar S., Singh S., Kumar M.",2017,"Land, biological and economic evaluation of intercropping systems involving barley (Hordeum vulgare), Indian mustard (Brassica juncea) and chickpea (Cicer arietinum) under different spatial arrangements","Singh, B., Dhaka, A. K., Kumar, S., Singh, S., & Kumar, M. (2017). Land, biological and economic evaluation of intercropping systems involving barley (Hordeum vulgare), Indian mustard (Brassica juncea) and chickpea (Cicer arietinum) under different spatial arrangements. Indian Journal of Agronomy, 62(4), 443-450.","Plot","Experiment (research station)","India","Asia","LMIC","Synthetic - below threshold","irrigation",5.67567567567566,1.05675675675676,"NA","NA","NA","NA","NA","NA","NA","NA","NA","1.0567567567567566",1.73775671406002,1.0173775671406,"1.0173775671406002","NA","NA","NA","Mix-Win"
314,567,"Singh L., Singh J.K., Chand L., Hasan B.",2009,"Productivity, economics and competitive indices of lentil (Lens Culinaris)-based intercropping systems in Kashmir valley","Singh, L., Singh, J. K., Chand, L., & Hasan, B. (2009). Productivity, economics and competitive indices of lentil (Lens Culinaris)-based intercropping systems in Kashmir valley. Indian Journal of Agronomy, 54(3), 291-295.","Plot","Experiment (research station)","India","Asia","LMIC","Synthetic - below threshold","rainfed",9.20600858369101,1.09206008583691,"NA","NA","NA","NA","NA","NA","NA","NA","NA","1.0920600858369101",11.9837385908198,1.1198373859082,"1.2383086515978174","NA","1.0013661202185791","NA","Win-Win"
315,567,"Singh L., Singh J.K., Chand L., Hasan B.",2009,"Productivity, economics and competitive indices of lentil (Lens Culinaris)-based intercropping systems in Kashmir valley","Singh, L., Singh, J. K., Chand, L., & Hasan, B. (2009). Productivity, economics and competitive indices of lentil (Lens Culinaris)-based intercropping systems in Kashmir valley. Indian Journal of Agronomy, 54(3), 291-295.","Plot","Experiment (research station)","India","Asia","LMIC","Synthetic - below threshold","rainfed",-4.25873844917637,0.957412615508236,"NA","NA","NA","NA","NA","NA","NA","NA","NA","0.95741261550823631",23.3382408658124,1.23338240865812,"1.5322175732217573","NA","0.93454724409448997","NA","Mix-Mix"
316,570,"Singh R.J., Ahlawat I.P.S.",2015,"Energy budgeting and carbon footprint of transgenic cotton–wheat production system through peanut intercropping and FYM addition","Singh, R. J., & Ahlawat, I. P. S. (2015). Energy budgeting and carbon footprint of transgenic cotton-wheat production system through peanut intercropping and FYM addition. Environmental Monitoring and Assessment, 187(5), 16. doi:10.1007/s10661-015-4516-4","Plot","Experiment (research station)","India","Asia","LMIC","Synthetic - below threshold","irrigation",36.9370366666667,1.36937036666667,"NA","1.5","Positive","NA","NA","NA","NA","1.3664259999999999","KMnO4-N content of soil","1.2416851",7.12035546666667,1.07120355466667,"1.2637362640000001","NA","0.92194480000000001","1.0279296","Mix-Mix"
317,574,"Singh S.P., Lal S.S.",2013,"Evaluation of different cropping systems for their productivity and sustainability in Madhya Pradesh","Singh, S. P., & Lal, S. S. (2013). Evaluation of different cropping systems for their productivity and sustainability in Madhya Pradesh. Potato Journal, 40(2), 149-154.","Plot","Experiment (research station)","India","Asia","LMIC","Synthetic - below threshold","irrigation",113.939395844156,2.13939395844156,"NA","NA","NA","NA","NA","NA","NA","1.1168831168831168","Nitrogen uptake","3.1619047999999998",23.5902299,1.235902299,"1.2359022989999999","NA","NA","NA","Win-Win"
318,575,"Singh U., Singh S.R., Saad A.A., Khanday B.A., Singh J.K.",2011,"Yield advantage, reciprosity functions and energy budgeting of lentil (Lens culinaris) + oat (Avena sativa) intercropping under varying row ratio and phosphorus management",NA,"Plot","Experiment (research station)","India","Asia","LMIC","Synthetic - below threshold","rainfed",17.8200692808373,1.17820069280837,"1.0372093023255815","NA","NA","1.2247706422018347","NA","NA","NA","1.2655367231638417","Phosphorus uptake by system","1.1852861035422342",11.2036153937089,1.11203615393709,"1.2404815742834443","NA","0.98359073359073368","NA","Win-Mix"
320,583,"Snapp S.S., Blackie M.J., Gilbert R.A., Bezner-Kerr R., Kanyama-Phiri G.Y.",2010,"Biodiversity can support a greener revolution in Africa","Snapp, S. S., Blackie, M. J., Gilbert, R. A., Bezner-Kerr, R., & Kanyama-Phiri, G. Y. (2010). Biodiversity can support a greener revolution in Africa. Proc Natl Acad Sci U S A, 107(48), 20840-20845. doi:10.1073/pnas.1007199107","Plot","Experiment (on farm)","Malawi","Africa","LIC","Synthetic - below threshold","rainfed",0,1,"NA","NA","NA","NA","NA","NA","NA","NA","NA","1",43.4316354,1.434316354,"1.4343163539999999","NA","NA","NA","Mix-Mix"
321,583,"Snapp S.S., Blackie M.J., Gilbert R.A., Bezner-Kerr R., Kanyama-Phiri G.Y.",2010,"Biodiversity can support a greener revolution in Africa","Snapp, S. S., Blackie, M. J., Gilbert, R. A., Bezner-Kerr, R., & Kanyama-Phiri, G. Y. (2010). Biodiversity can support a greener revolution in Africa. Proc Natl Acad Sci U S A, 107(48), 20840-20845. doi:10.1073/pnas.1007199108","Plot","Experiment (on farm)","Malawi","Africa","LIC","Synthetic - below threshold","rainfed",50,1.5,"NA","NA","NA","NA","NA","NA","NA","NA","NA","1.5",-48.5254692,0.514745308,"0.51474530799999996","NA","NA","NA","Mix-Mix"
322,583,"Snapp S.S., Blackie M.J., Gilbert R.A., Bezner-Kerr R., Kanyama-Phiri G.Y.",2010,"Biodiversity can support a greener revolution in Africa","Snapp, S. S., Blackie, M. J., Gilbert, R. A., Bezner-Kerr, R., & Kanyama-Phiri, G. Y. (2010). Biodiversity can support a greener revolution in Africa. Proc Natl Acad Sci U S A, 107(48), 20840-20845. doi:10.1073/pnas.1007199109","Plot","Experiment (on farm)","Malawi","Africa","LIC","Synthetic - below threshold","rainfed",25,1.25,"NA","NA","NA","NA","NA","NA","NA","NA","NA","1.25",0,1,"1","NA","NA","NA","Mix-Mix"
323,583,"Snapp S.S., Blackie M.J., Gilbert R.A., Bezner-Kerr R., Kanyama-Phiri G.Y.",2010,"Biodiversity can support a greener revolution in Africa","Snapp, S. S., Blackie, M. J., Gilbert, R. A., Bezner-Kerr, R., & Kanyama-Phiri, G. Y. (2010). Biodiversity can support a greener revolution in Africa. Proc Natl Acad Sci U S A, 107(48), 20840-20845. doi:10.1073/pnas.1007199110","Plot","Experiment (on farm)","Malawi","Africa","LIC","Synthetic - below threshold","rainfed",173.44173,2.7344173,"NA","NA","NA","NA","NA","NA","NA","3.4444444000000001","Mean residue nitrogen content (kg/ha)","2.0243902",82.111437,1.82111437,"1.8211143700000001","NA","NA","NA","Mix-Win"
324,583,"Snapp S.S., Blackie M.J., Gilbert R.A., Bezner-Kerr R., Kanyama-Phiri G.Y.",2010,"Biodiversity can support a greener revolution in Africa","Snapp, S. S., Blackie, M. J., Gilbert, R. A., Bezner-Kerr, R., & Kanyama-Phiri, G. Y. (2010). Biodiversity can support a greener revolution in Africa. Proc Natl Acad Sci U S A, 107(48), 20840-20845. doi:10.1073/pnas.1007199111","Plot","Experiment (on farm)","Malawi","Africa","LIC","Synthetic - below threshold","rainfed",157.65583,2.5765583,"NA","NA","NA","NA","NA","NA","NA","3.0555555999999999","Mean residue nitrogen content (kg/ha)","2.0975609999999998",-5.5718475,0.944281525,"0.94428152499999995","NA","NA","NA","Mix-Mix"
325,583,"Snapp S.S., Blackie M.J., Gilbert R.A., Bezner-Kerr R., Kanyama-Phiri G.Y.",2010,"Biodiversity can support a greener revolution in Africa","Snapp, S. S., Blackie, M. J., Gilbert, R. A., Bezner-Kerr, R., & Kanyama-Phiri, G. Y. (2010). Biodiversity can support a greener revolution in Africa. Proc Natl Acad Sci U S A, 107(48), 20840-20845. doi:10.1073/pnas.1007199112","Plot","Experiment (on farm)","Malawi","Africa","LIC","Synthetic - below threshold","rainfed",0,1,"NA","NA","NA","NA","NA","NA","NA","NA","NA","1",185.0241546,2.850241546,"2.8502415459999999","NA","NA","NA","Mix-Win"
326,583,"Snapp S.S., Blackie M.J., Gilbert R.A., Bezner-Kerr R., Kanyama-Phiri G.Y.",2010,"Biodiversity can support a greener revolution in Africa","Snapp, S. S., Blackie, M. J., Gilbert, R. A., Bezner-Kerr, R., & Kanyama-Phiri, G. Y. (2010). Biodiversity can support a greener revolution in Africa. Proc Natl Acad Sci U S A, 107(48), 20840-20845. doi:10.1073/pnas.1007199113","Plot","Experiment (on farm)","Malawi","Africa","LIC","Synthetic - below threshold","rainfed",50,1.5,"NA","NA","NA","NA","NA","NA","NA","NA","NA","1.5",61.8357488,1.618357488,"1.618357488","NA","NA","NA","Mix-Mix"
327,583,"Snapp S.S., Blackie M.J., Gilbert R.A., Bezner-Kerr R., Kanyama-Phiri G.Y.",2010,"Biodiversity can support a greener revolution in Africa","Snapp, S. S., Blackie, M. J., Gilbert, R. A., Bezner-Kerr, R., & Kanyama-Phiri, G. Y. (2010). Biodiversity can support a greener revolution in Africa. Proc Natl Acad Sci U S A, 107(48), 20840-20845. doi:10.1073/pnas.1007199114","Plot","Experiment (on farm)","Malawi","Africa","LIC","Synthetic - below threshold","rainfed",0,1,"NA","NA","NA","NA","NA","NA","NA","NA","NA","1",132.3671498,2.323671498,"2.3236714979999999","NA","NA","NA","Mix-Mix"
328,582,"Snapp S.S., Grabowski P., Chikowo R., Smith A., Anders E., Sirrine D., Chimonyo V., Bekunda M.",2018,"Maize yield and profitability tradeoffs with social, human and environmental performance: Is sustainable intensification feasible?","Snapp, S. S., Grabowski, P., Chikowo, R., Smith, A., Anders, E., Sirrine, D., . . . Bekunda, M. (2018). Maize yield and profitability tradeoffs with social, human and environmental performance: Is sustainable intensification feasible? Agricultural Systems, 162, 77-88. doi:10.1016/j.agsy.2018.01.012","Plot","Experiment (on farm)","Malawi","Africa","LIC","Synthetic - below threshold","rainfed",85.964065,1.85964065,"NA","NA","NA","NA","NA","NA","NA","1.1556586","Relative change in soil nitrogen","2.5636226999999998",71.6341788333333,1.71634178833333,"3.0251841650000002","1.0217391","NA","1.1021021","Win-Mix"
329,582,"Snapp S.S., Grabowski P., Chikowo R., Smith A., Anders E., Sirrine D., Chimonyo V., Bekunda M.",2018,"Maize yield and profitability tradeoffs with social, human and environmental performance: Is sustainable intensification feasible?","Snapp, S. S., Grabowski, P., Chikowo, R., Smith, A., Anders, E., Sirrine, D., . . . Bekunda, M. (2018). Maize yield and profitability tradeoffs with social, human and environmental performance: Is sustainable intensification feasible? Agricultural Systems, 162, 77-88. doi:10.1016/j.agsy.2018.01.013","Plot","Experiment (on farm)","Malawi","Africa","LIC","Synthetic - below threshold","rainfed",55.079385,1.55079385,"NA","NA","NA","NA","NA","NA","NA","1.1384703","Relative change in soil nitrogen","1.9631174",22.6536246,1.226536246,"1.6188306379999999","1.0217391","NA","1.039039","Win-Mix"
330,582,"Snapp S.S., Grabowski P., Chikowo R., Smith A., Anders E., Sirrine D., Chimonyo V., Bekunda M.",2018,"Maize yield and profitability tradeoffs with social, human and environmental performance: Is sustainable intensification feasible?","Snapp, S. S., Grabowski, P., Chikowo, R., Smith, A., Anders, E., Sirrine, D., . . . Bekunda, M. (2018). Maize yield and profitability tradeoffs with social, human and environmental performance: Is sustainable intensification feasible? Agricultural Systems, 162, 77-88. doi:10.1016/j.agsy.2018.01.014","Plot","Experiment (on farm)","Malawi","Africa","LIC","Synthetic - below threshold","rainfed",56.276985,1.56276985,"NA","NA","NA","NA","NA","NA","NA","1.1094272999999999","Relative change in soil nitrogen","2.0161123999999999",64.2868668666667,1.64286866866667,"2.7621923060000002","1.0643115999999999","NA","1.1021021","Win-Win"
331,582,"Snapp S.S., Grabowski P., Chikowo R., Smith A., Anders E., Sirrine D., Chimonyo V., Bekunda M.",2018,"Maize yield and profitability tradeoffs with social, human and environmental performance: Is sustainable intensification feasible?","Snapp, S. S., Grabowski, P., Chikowo, R., Smith, A., Anders, E., Sirrine, D., . . . Bekunda, M. (2018). Maize yield and profitability tradeoffs with social, human and environmental performance: Is sustainable intensification feasible? Agricultural Systems, 162, 77-88. doi:10.1016/j.agsy.2018.01.015","Plot","Experiment (on farm)","Malawi","Africa","LIC","Synthetic - below threshold","rainfed",39.814945,1.39814945,"NA","NA","NA","NA","NA","NA","NA","1.0700004000000001","Relative change in soil nitrogen","1.7262985",37.4290151333333,1.37429015133333,"2.0195198539999999","1.0643115999999999","NA","1.039039","Win-Win"
332,582,"Snapp S.S., Grabowski P., Chikowo R., Smith A., Anders E., Sirrine D., Chimonyo V., Bekunda M.",2018,"Maize yield and profitability tradeoffs with social, human and environmental performance: Is sustainable intensification feasible?","Snapp, S. S., Grabowski, P., Chikowo, R., Smith, A., Anders, E., Sirrine, D., . . . Bekunda, M. (2018). Maize yield and profitability tradeoffs with social, human and environmental performance: Is sustainable intensification feasible? Agricultural Systems, 162, 77-88. doi:10.1016/j.agsy.2018.01.016","Plot","Experiment (on farm)","Malawi","Africa","LIC","Synthetic - below threshold","rainfed",118.2644,2.182644,"NA","NA","NA","NA","NA","NA","NA","1.0885400000000001","Relative change in soil nitrogen","3.276748",179.584387233333,2.79584387233333,"6.0757521170000004","1.2096773999999999","NA","1.1021021","Win-Win"
333,582,"Snapp S.S., Grabowski P., Chikowo R., Smith A., Anders E., Sirrine D., Chimonyo V., Bekunda M.",2018,"Maize yield and profitability tradeoffs with social, human and environmental performance: Is sustainable intensification feasible?","Snapp, S. S., Grabowski, P., Chikowo, R., Smith, A., Anders, E., Sirrine, D., . . . Bekunda, M. (2018). Maize yield and profitability tradeoffs with social, human and environmental performance: Is sustainable intensification feasible? Agricultural Systems, 162, 77-88. doi:10.1016/j.agsy.2018.01.017","Plot","Experiment (on farm)","Malawi","Africa","LIC","Synthetic - below threshold","rainfed",60.159855,1.60159855,"NA","NA","NA","NA","NA","NA","NA","1.0843932000000001","Relative change in soil nitrogen","2.1188039000000001",166.110758766667,2.66110758766667,"5.7346063630000002","1.2096773999999999","NA","1.039039","Win-Win"
335,589,"Soriano J.B., Wani S.P., Rao A.N., Hanumanthappa A.K., Gowda J.A.C., Rathore A.",2017,"On-farm evaluation of dry-seeded rice cultivars and cropping systems in the semi-arid region of India","Soriano, J. B., Wani, S. P., Rao, A. N., Hanumanthappa, A. K., Gowda, J. A. C., & Rathore, A. (2017). On-farm evaluation of dry-seeded rice cultivars and cropping systems in the semi-arid region of India. Philippine Journal of Science, 146(3), 223-235.","Field","Experiment (on farm)","India","Asia","LMIC","Synthetic - below threshold","irrigation",21.5474,1.215474,"NA","NA","NA","NA","NA","NA","NA","NA","NA","1.2154739999999999",33.843085,1.33843085,"1.3384308499999999","NA","Negative","Negative","Win-Mix"
336,589,"Soriano J.B., Wani S.P., Rao A.N., Hanumanthappa A.K., Gowda J.A.C., Rathore A.",2017,"On-farm evaluation of dry-seeded rice cultivars and cropping systems in the semi-arid region of India","Soriano, J. B., Wani, S. P., Rao, A. N., Hanumanthappa, A. K., Gowda, J. A. C., & Rathore, A. (2017). On-farm evaluation of dry-seeded rice cultivars and cropping systems in the semi-arid region of India. Philippine Journal of Science, 146(3), 223-235.","Field","Experiment (on farm)","India","Asia","LMIC","Synthetic - below threshold","irrigation",9.89390000000001,1.098939,"NA","NA","NA","NA","NA","NA","NA","NA","NA","1.0989390000000001",26.795213,1.26795213,"1.2679521300000001","NA","Negative","Negative","Win-Mix"
338,726,"Sun T, Feng XM, Lal R, et al",2021,"Crop diversification practice faces a tradeoff between increasing productivity and reducing carbon footprints","Sun, T., Feng, X. M., Lal, R., Cao, T. H., Guo, J. R., Deng, A. X., . . . Zhang, W. J. (2021). Crop diversification practice faces a tradeoff between increasing productivity and reducing carbon footprints. Agriculture Ecosystems & Environment, 321, 10. doi:10.1016/j.agee.2021.107614","Plot","Experiment (research station)","China","Asia","UMIC","Synthetic - below threshold","rainfed",33.2324896904328,1.33232489690433,"1.5125563731307856","NA","NA","NA","NA","NA","NA","1.1520934206778695","Soil cumulative GHG emissions (kg CO2-eq ha-1yr-1)","NA",7.26062748306884,1.07260627483069,"1.048170586520152","1.0970419631412249","NA","NA","Mix-Win"
339,726,"Sun T, Feng XM, Lal R, et al",2021,"Crop diversification practice faces a tradeoff between increasing productivity and reducing carbon footprints","Sun, T., Feng, X. M., Lal, R., Cao, T. H., Guo, J. R., Deng, A. X., . . . Zhang, W. J. (2021). Crop diversification practice faces a tradeoff between increasing productivity and reducing carbon footprints. Agriculture Ecosystems & Environment, 321, 10. doi:10.1016/j.agee.2021.107615","Plot","Experiment (research station)","China","Asia","UMIC","Synthetic - below threshold","rainfed",17.3887159745183,1.17388715974518,"1.2138143840493711","NA","NA","NA","NA","NA","NA","1.1339599354409948","Soil cumulative GHG emissions (kg CO2-eq ha-1yr-1)","NA",10.3791362166154,1.10379136216615,"1.0743670884505532","1.1332156358817556","NA","NA","Mix-Win"
341,609,"Telkar S.G., Singh A.K.",2018,"Productivity, profitability and soil biochemical properties in maize (Zea mays) and soybean (Glycine max) intercropping as influenced by population proportion of component crops","Telkar, S. G., & Singh, A. K. (2018). Productivity, profitability and soil biochemical properties in maize (Zea mays) and soybean (Glycine max) intercropping as influenced by population proportion of component crops. Indian Journal of Agricultural Sciences, 88(3), 458-462.","Plot","Experiment (research station)","India","Asia","LMIC","Synthetic - below threshold","rainfed",7.757155,1.07757155,"NA","NA","NA","NA","NA","NA","NA","1.153497","Available soil nitrogen and phosphorus (kg/ha)","1.0016461000000001",19.381839,1.19381839,"1.1938183899999999","NA","Negative","Negative","Mix-Mix"
343,613,"Tetarwal J.P., Rana K.S.",2006,"Impact of cropping system, fertility level and moisture-conservation practice on productivity, nutrient uptake, water use and profitability of pearlmillet (Pennisetum glaucum) under rainfed conditions","Tetarwal, J. P., & Rana, K. S. (2006). Impact of cropping system, fertility level and moisture-conservation practice on productivity, nutrient uptake, water use and profitability of pearlmillet (Pennisetum glaucum) under rainfed conditions. Indian Journal of Agronomy, 51(4), 263-266.","Plot","Experiment (research station)","India","Asia","LMIC","Synthetic - below threshold","rainfed",-2.40449164850454,0.975955083514955,"NA","NA","NA","0.9925372010936977","NA","NA","NA","0.95937296593621169","Pearl millet nutrient uptake (N and P)","NA",12.0101645044804,1.1201016450448,"1.120101645044804","NA","NA","NA","Mix-Win"
346,618,"Thomas G.A., Dalal R.C., Weston E.J., King A.J., Holmes C.J., Orange D.N., Lehane K.J.",2011,"Crop rotations for sustainable grain production on a vertisol in the semi-arid subtropics","Thomas, G. A., Dalal, R. C., Weston, E. J., King, A. J., Holmes, C. J., Orange, D. N., & Lehane, K. J. (2010). Crop Rotations for Sustainable Grain Production on a Vertisol in the Semi-Arid Subtropics. Journal of Sustainable Agriculture, 35(1), 2-26. doi:10.1080/10440046.2011.530195","Plot","Experiment (on farm)","Australia","Australia","HIC","Synthetic - below threshold","rainfed",5.57544999999999,1.0557545,"NA","NA","NA","1","NA","NA","NA","1.1115090000000001","available soil nitrogen (kg/ha)","NA",137.6328502,2.376328502,"2.3763285019999998","NA","NA","NA","Mix-Win"
353,626,"Tripathi S.C., Singh R.P.",2008,"Effect of crop diversification on productivity and profitability of rice (Oryza sativa) - Wheat (triticum aestivum) cropping system","Tripathi, S. C., & Singh, R. P. (2008). Effect of crop diversification on productivity and profitability of rice (Oryza sativa) - Wheat (triticum aestivum) cropping system. Indian Journal of Agronomy, 53(1), 27-31.","Plot","Experiment (research station)","India","Asia","LMIC","Synthetic - below threshold","irrigation",36.4705882352941,1.36470588235294,"NA","NA","1.3647058823529412","NA","NA","NA","NA","NA","NA","NA",34.4262295081967,1.34426229508197,"1.3442622950819672","NA","NA","NA","Win-Win"
354,626,"Tripathi S.C., Singh R.P.",2008,"Effect of crop diversification on productivity and profitability of rice (Oryza sativa) - Wheat (triticum aestivum) cropping system","Tripathi, S. C., & Singh, R. P. (2008). Effect of crop diversification on productivity and profitability of rice (Oryza sativa) - Wheat (triticum aestivum) cropping system. Indian Journal of Agronomy, 53(1), 27-31.","Plot","Experiment (research station)","India","Asia","LMIC","Synthetic - below threshold","irrigation",68.1283422459893,1.68128342245989,"NA","NA","1.6812834224598929","NA","NA","NA","NA","NA","NA","NA",38.9344262295082,1.38934426229508,"1.389344262295082","NA","NA","NA","Win-Win"
355,631,"ul Haq M.I., Ahmad R., Jabbar A., Khalid M.",2018,"The effect of different planting techniques on productivity and profitability of barley-lentil intercrops under semi-arid subtropical climate","ul Haq, M. I., Ahmad, R., Jabbar, A., & Khalid, M. (2018). The effect of different planting techniques on productivity and profitability of barley-lentil intercrops under semi-arid subtropical climate. International Journal of Agriculture and Biology, 20(11), 2437-2445. doi:10.17957/IJAB/15.0787","Plot","Experiment (research station)","Pakistan","Asia","LMIC","Synthetic - below threshold","irrigation",18.35878,1.1835878,"NA","NA","NA","NA","NA","NA","NA","NA","NA","1.1835878",217.7909763,3.177909763,"3.1779097630000002","NA","Negative","Negative","Win-Mix"
357,647,"Wade M.K., Sanchez P.A.",1984,"Productive potential of an annual intercropping scheme in the Amazon","Wade, M. K., & Sanchez, P. A. (1984). Productive potential of an annual intercropping scheme in the Amazon. Field Crops Research, 9(C), 253-263. doi:10.1016/0378-4290(84)90030-3","Plot","Experiment (on farm)","Peru","South America","UMIC","Synthetic - below threshold","rainfed",50,1.5,"NA","NA","1.5","NA","NA","NA","Positive","NA","NA","NA",28.7509239,1.287509239,"1.287509239","Positive","NA","NA","Mix-Win"
358,647,"Wade M.K., Sanchez P.A.",1984,"Productive potential of an annual intercropping scheme in the Amazon","Wade, M. K., & Sanchez, P. A. (1984). Productive potential of an annual intercropping scheme in the Amazon. Field Crops Research, 9(C), 253-263. doi:10.1016/0378-4290(84)90030-4","Plot","Experiment (on farm)","Peru","South America","UMIC","Synthetic - below threshold","rainfed",50,1.5,"NA","NA","1.5","NA","NA","NA","Positive","NA","NA","NA",78.0776846846847,1.78077684684685,"1.7807768468468466","Positive","NA","NA","Mix-Win"
360,666,"Workayehu T., Wortmann C.S.",2011,"Maize-bean intercrop weed suppression and profitability in Southern Ethiopia","Workayehu, T., & Wortmann, C. S. (2011). Maize-Bean Intercrop Weed Suppression and Profitability in Southern Ethiopia. Agronomy Journal, 103(4), 1058-1063. doi:10.2134/agronj2010.0493","Plot","Experiment (research station)","Ethiopia","Africa","LIC","Synthetic - below threshold","rainfed",0,1,"NA","NA","1","NA","NA","NA","NA","NA","NA","NA",10.4110539,1.104110539,"1.1041105389999999","Positive","NA","NA","Mix-Win"
364,673,"Yadav M.R., Parihar C.M., Jat S.L., Singh A.K., Kumar R., Yadav R.K., Kuri B.R., Parihar M.D., Yadav B., Verma A.P., Jat M.L.",2017,"Long term effect of legume intensified crop rotations and tillage practices on productivity and profitability of maize vis-a-vis soil fertility in North-Western Indo-Gangetic Plains of India","Yadav, M. R., Parihar, C. M., Jat, S. L., Singh, A. K., Kumar, R., Yadav, R. K., . . . Jat, M. L. (2017). Long term effect of legume intensified crop rotations and tillage practices on productivity and profitability of maize vis-a-vis soil fertility in North-Western Indo-Gangetic Plains of India. Legume Research, 40(2), 282-290. doi:10.18805/1r.v0i0.7583","Plot","Experiment (research station)","India","Asia","LMIC","Synthetic - below threshold","irrigation",14.3877124838157,1.14387712483816,"1.1086956521739131","NA","NA","NA","NA","NA","NA","1.1790585975024017","available soil nitrogen (kg/ha) at different depths","NA",20.8431857265692,1.20843185726569,"1.2084318572656922","NA","Negative","NA","Win-Mix"
368,682,"Yang X., Chen Y., Pacenka S., Gao W., Ma L., Wang G., Yan P., Sui P., Steenhuis T.S.",2015,"Effect of diversified crop rotations on groundwater levels and crop water productivity in the North China Plain","Yang, X., Chen, Y., Pacenka, S., Gao, W., Ma, L., Wang, G., . . . Steenhuis, T. S. (2015). Effect of diversified crop rotations on groundwater levels and crop water productivity in the North China Plain. Journal of Hydrology, 522, 428-438. doi:10.1016/j.jhydrol.2015.01.010","Plot","Experiment (on farm)","China","Asia","UMIC","Synthetic - below threshold","irrigation",25.1461708656655,1.25146170865666,"1.2769641844749957","NA","NA","1.1621253405994549","NA","NA","NA","NA","NA","1.3152956008955154",15.7277332961149,1.15727733296115,"1.1572773329611494","NA","Positive","NA","Win-Win"
374,709,"Zhang X, Chen T, Qi YK, et al",2022,"Optimization of Rice-Based Double-Cropping System with Conservation Practice Mitigates Carbon Emission While Ensuring Profitability","Zhang, X., Chen, T., Qi, Y. K., Yang, R. P., Deng, A. X., Wang, T. S., . . . Zhang, W. J. (2022). Optimization of Rice-Based Double-Cropping System with Conservation Practice Mitigates Carbon Emission While Ensuring Profitability. Agronomy-Basel, 12(4), 13. doi:10.3390/agronomy12040924","Plot","Experiment (research station)","China","Asia","UMIC","Synthetic - below threshold","rainfed",-11.7650735095252,0.882349264904748,"0.58125380401704208","NA","NA","NA","NA","NA","NA","NA","NA","1.1834447257924536",351.338582677165,4.51338582677165,"4.5133858267716533","NA","NA","NA","Mix-Win"
375,708,"Zhao Y, Wang L, Lei X, et al",2021,"Reducing carbon footprint without compromising grain security through relaxing cropping rotation system in the North China Plain","Zhao, Y. X., Wang, L., Lei, X. Y., Wang, B., Cui, J. X., Xu, Y. N., . . . Sui, P. (2021). Reducing carbon footprint without compromising grain security through relaxing cropping rotation system in the North China Plain. Journal of Cleaner Production, 318, 11. doi:10.1016/j.jclepro.2021.128465","Plot","Experiment (research station)","China","Asia","UMIC","Synthetic - above threshold","rainfed",-3.54669044872321,0.964533095512768,"1.0680879879420695","NA","NA","NA","NA","NA","NA","NA","NA","0.86097820308346629",63.5838150289017,1.63583815028902,"1.6358381502890174","NA","NA","NA","Mix-Win"
376,708,"Zhao Y, Wang L, Lei X, et al",2021,"Reducing carbon footprint without compromising grain security through relaxing cropping rotation system in the North China Plain","Zhao, Y. X., Wang, L., Lei, X. Y., Wang, B., Cui, J. X., Xu, Y. N., . . . Sui, P. (2021). Reducing carbon footprint without compromising grain security through relaxing cropping rotation system in the North China Plain. Journal of Cleaner Production, 318, 11. doi:10.1016/j.jclepro.2021.128466","Plot","Experiment (research station)","China","Asia","UMIC","Synthetic - above threshold","rainfed",-17.7028772127424,0.822971227872576,"0.88267852021795234","NA","NA","NA","NA","NA","NA","NA","NA","0.7632639355271994",177.966101694915,2.77966101694915,"2.7796610169491527","NA","NA","NA","Mix-Win"
