"uniqueID","StudyID_IDALL","Authors","Year","Title","Citation","Unit of analysis","Data type","data.collection","Setting Type","Time period","Time scale (years)","Total treatments (including controls)","Number of intercrop or rotation treatments including grain legumes (not sole legumes)","Number of nonintercrop or non rotation treatments not including grain legumes (including sole-cropping controls)","Total number of replicates per treatment","Number of study regions/sites","time.simpl","replicates.simp","Are the authors studying/identifying legume introduction intensification as the main source of ES change?","Are the authors studying/identifying legume introduction as the main source of wellbeing change?","What other drivers are identified as key to ES or well-being change?","Case_countries","Regional_groupings","Regional_groupings_ID","Subnational 
 case area (specify province/region)","Continent","WorldBank National Income Group","Latitude_Decimal_Degrees_N","Longitude (Decimal Degrees) E","Is intensification defined?","Authors' intensification definition","Study design","Intensification actors","Actors.categories","Type of land use intensification described","Simplified cropping system","Intensification type: Crop Change/Addition","Intensification type: Increased Rows/Strip width","Intensification type: Increased rotations","Spatial arrangement of intercropping","Other agro-ecological innovations","Recoded other agro-ecological innovations - Primary","Recoded other agro-ecological innovations - Secondary","Food system classification","Non-legume main crop","Legume_category","Grain legume product: Chickpea","Grain legume product: Cowpea","Grain legume product: Groundnut","Grain legume product: Lentil","Grain legume product: Mung bean","Grain legume product: Pigeonpea","Grain legume product: Faba Bean","Grain legume product: Common Bean","Grain legume product: Soybean","Grain legume product: Pea","Grain legume product: Grain legumes (unspecified/other)","Other products not target of intensification","Mineral Fertiliser
 N–P2O5–K2O kgha−1","Synthetic fertiliser category","Water source","Yield","Freshwater","Fuelwood","Fiber","Biochemicals","Genetic_resources","Climate_regulation","Disease_regulation","Pest_regulation","Water_regulation","Water_purification","Soil_formation","Nutrient_cycling","Primary_production","Biodiversity_composition","Biodiversity_structure","Profit","Financial_security","Physical_capital","Savings_labour_cost","Natural_capital","Health","Education","Social_cultural_relations","Food_security","Employment","Justice","Property_rights","Combined ecological-social outcome","Is the intensification (according to authors) causing changes in demand/ preferences for certain ES?","If intensification is leading to changed demands, specify whose demand and which ES","IF Yes to changed demands: Are the changes disaggregated by different groups?","If disaggregated by different groups, specify categorization (e.g. rich/poor, men/women, land-owners/labourers, other)","If disaggregated by groups, specify for which ES/ wellbeing aspects the results are disaggregated","If disaggregated by groups, specify the reported difference","Trade-offs mentioned between 1) different ES, 2) different wellbeing aspects, or 3) ES and wellbeing","General factors enabling adoption","General factors constraining adoption","Factors identified as enabling ecosystem services","Factors identified as constraining ecosystem services","Factors identified as enabling well being","Factors identified as constraining well being","Notes","Documentation of methods of data extraction","Secondary reference","Study spatial design (do they have enough replicates?)","Study temporal design (do they collect data over multiple points in time?)","Confounding variables (Were baseline characteristics of the intervention comparable with the control or were potential confounders at baseline approximately adjusted for in analysis?)","Reporting","Risk of bias","Tools for assessment (Were valid and reliable tools used to assess  outcomes?)","Sum.Quality"
346,618,"Thomas G.A., Dalal R.C., Weston E.J., King A.J., Holmes C.J., Orange D.N., Lehane K.J.",2011,"Crop rotations for sustainable grain production on a vertisol in the semi-arid subtropics","Thomas, G. A., Dalal, R. C., Weston, E. J., King, A. J., Holmes, C. J., Orange, D. N., & Lehane, K. J. (2010). Crop Rotations for Sustainable Grain Production on a Vertisol in the Semi-Arid Subtropics. Journal of Sustainable Agriculture, 35(1), 2-26. doi:10.1080/10440046.2011.530195","Plot","Quantitative","Experiment (on farm)","RC","1996-2005","10","3","2","1","3","1","5-10","3-4","Yes","Yes","Soil fertility decline, climate","Australia","High Income Countries",3,"St George, Queensland","Australia","HIC","-28.5","148.75","No","NA","Experiment (on farm)","Farmer-led + support by researchers","Farmer-led + researcher/extension","Rotation","Rotation",1,0,0,"Rotation","Zero tillage; Two levels of N application (0, 70)","Tillage practices","Fertilizer rates/type","Grain / Chickpea","Wheat","Chickpea",1,0,0,0,0,0,0,0,0,0,"0",NA,"4-8-0, 74-8-0","Synthetic - below threshold","rainfed",1.16259274,"NA","NA","NA","NA","NA","NA","NA","NA","1","NA","NA","1.1115090000000001","NA","NA","NA","2.3763285019999998","NA","NA","NA",1.1608008,"1.0374326","NA","NA","NA","NA","NA","NA","Mix-Win","NA","NA","NA","NA","NA","NA","NA","NA","NA","Seasonal conditions; Reduction of disease by chickpeas: ""The increase in grain yield in wheat following chickpea, compared with continuous wheat, was apparently due to the combined effects of the chickpea phase in providing soil nitrogen benefit and in reducing the build-up of plant disease"";","Drought: ""Due to drought, no winter crops were grown in 2000 and 2002 and crops sown in 2003 failed to produce grain""; History of nutrification of soil: ""chickpea biomass and N2 fixation for a particular value of soil nitrate-N may decrease as rainfall decreases and potential evapotranspiration increases, which may explain the lower N2 fixation values in south-west Queensland to some extent. Peoples et al. (2001) concluded that N2 fixation by legumes in summer-dominant rainfall regions of eastern Australia was greatly influenced by large variations in %Ndfa caused by yearly fluctuations in growing season (April to October) rainfall and farmer practice which resulted in a build up of soil mineral-N prior to sowing. The net result was a lower average reliance of legumes on N2 fixation for growth and more variable relationships between N2 fixation and dry matter accumulation than in winter-dominant rainfall areas""","Grain prices favourable for crop choice","Drought: ""Due to drought, no winter crops were grown in 2000 and 2002 and crops sown in 2003 failed to produce grain""",NA,"Table 5",NA,2,2,2,2,2,2,12
154,321,"Kutu F.R., Asiwe J.A.N.",2010,"Assessment of maize and dry bean productivity under different intercrop systems and fertilization regimes","Kutu, F. R., & Asiwe, J. A. N. (2010). Assessment of maize and dry bean productivity under different intercrop systems and fertilization regimes. African Journal of Agricultural Research, 5(13), 1627-1631.","Plot","Quantitative","Experiment (research station)","E/M","2006-2008","2","4","3","1","3","1","2-4","3-4","Yes","Yes","Drought, poverty","South Africa","Subsaharan Africa",1,"North West Province","Africa","UMIC","-27.55","24.77","No",NA,"Experiment (research station)","Researcher-led","Researcher-led","Intercropping: Cereal-legume","Intercrop",1,1,0,"Row","Different fertiliser regimes + existing farmers practices","Fertilizer rates/type","best management practices","Grain / Common bean","Maize","Common bean",0,0,0,0,0,0,0,1,0,0,"0",NA,"75-30-20 to 150-60-40","Synthetic - below threshold","irrigation",1.4272,"NA","NA","NA","NA","NA","NA","NA","NA","NA","NA","NA","NA","NA","NA","NA","NA","NA","NA","NA",2.116625,"NA","NA","NA","NA","NA","NA","NA","Win-Win","NA","NA","NA","NA","NA","NA","NA","resource-poor farmers; farms in highly predictable and highly varied rainfall conditions","NA","Choice of crop varieties: ""reduced competition and increased complementary effects of the crop varieties used for the trial""; Seed inoculation; Use of pesticides "" timely application of nematicide (Counter®) on the field at planting""","Dry conditions (low mean annual rainfall amount and poor distribution in that area during cropping season, required supplementary irrigation); Pests (""nematode and bacterial blight infestations recorded on the field which consequently impacted negatively on the performance of dry bean plants""; soil quality (""worsened by the sandy nature of the soil"")","Planting pattern: ""single dry bean row intercrop system gave the highest productivity based on the total LER values ""","Dry conditions (low mean annual rainfall amount and poor distribution in that area during cropping season, required supplementary irrigation); Pests (""nematode and bacterial blight infestations recorded on the field which consequently impacted negatively on the performance of dry bean plants""; soil quality (""worsened by the sandy nature of the soil"")",NA,NA,NA,2,2,2,2,2,2,12
276,514,"Rusinamhodzi L., Corbeels M., Nyamangara J., Giller K.E.",2012,"Maize-grain legume intercropping is an attractive option for ecological intensification that reduces climatic risk for smallholder farmers in central Mozambique","Rusinamhodzi, L., Corbeels, M., Nyamangara, J., & Giller, K. E. (2012). Maize–grain legume intercropping is an attractive option for ecological intensification that reduces climatic risk for smallholder farmers in central Mozambique. Field Crops Research, 136, 12-22. doi:10.1016/j.fcr.2012.07.014","Field","Quantitative","Experiment (on farm)","RC","2008-2011","3","4","3","1","16","2","2-4","11-100","Yes","Yes","Soil degradation, national policy and development agencies","Mozambique","Subsaharan Africa",1,"Ruaca","Africa","LIC","-18.833333","33.183332999999998","No","""an approach to produce more food per unit resource to achieve positive social outcomes without negative effects on the environment""","Experiment (on farm)","Farmer-led + support by researchers","Farmer-led + researcher/extension","Intercroppping + Rotation (Maize–pigeonpea)","Intercrop-Rotation",1,0,0,"Within-row","Different fertiliser rates, no tillage","Fertilizer rates/type","Tillage practice","Grain / Pigeonpea","Maize","Pigeonpea",0,0,0,0,0,1,0,0,0,0,"0",NA,"0:0:0 - 60:20:0","Synthetic - below threshold","rainfed",1.03344482,"NA","NA","NA","NA","NA","NA","NA","NA","1.2978723404255321","NA","NA","NA","NA","NA","NA","NA","NA","NA","0.61647727272727293",1.4,"NA","NA","NA","NA","NA","NA","NA","Win-Mix","NA","NA","NA","NA","NA","NA","Labour needs vs increased productivity and yields of intercrops","Market price for legumes: ""high selling price for pigeonpea was particularly attractive to farmers as it was four times that of maize""","Labour availability: ""Labour shortages often lead to severe weed pressure which is only controlled by burning the entire field before seeding of the next crop.""","Drought and associated weed infestation of main crop (maize): ""sole maize yields in Ruaca were strongly suppressed (<0.8 t ha−1) by heavy infestation with striga (S. asiatica (L.) Kuntze) that was not observed in the intercrops or the sole pigeonpea plots""; Fertiliser application: ""Pigeonpea yield responded significantly to the largest N input of 60 kg ha−1.""; Poor soil quality- ""The low N status of the soils is favourable to stimulate legume N2-fixation but deficiencies of P and K potentially limit the process.""","Soil quality- ""The low N status of the soils is favourable to stimulate legume N2-fixation but deficiencies of P and K potentially limit the process.""","Fertiliser application: ""Pigeonpea yield responded significantly to the largest N input of 60 kg ha−1.""; Market availability: ""In our study area, although maize was commonly sold, it was often sold only when the household food requirements have been achieved whilst pigeonpea could be sold immediately after harvest""","Labour for weeding: ""Weeding time was increased by 36% in intercrops although the
 increase was not related to weed intensity but to the need to take care of pigeonpea which grows slowly compared to maize as well as difficulty in navigating through the crop mixtures.""","""Our results showed that maize–legume intercropping required extra labour compared with sole crops; in Vunduzi land sizes were small and farmers were more likely to meet the labour requirements of intercropping than farmers in Ruaca. In Ruaca, farmers needed to reduce the land cultivated per season to be able to manage the intercropping systems or to hire extra labour. However, the loss in production due to reduction in land area could be compensated by the greater productivity of the intercrops.""","Supporting calc. (Yield, LER); Section 3.4 (H2O runoff); section 3.5 (Labour)",NA,2,2,2,2,2,2,12
277,514,"Rusinamhodzi L., Corbeels M., Nyamangara J., Giller K.E.",2012,"Maize-grain legume intercropping is an attractive option for ecological intensification that reduces climatic risk for smallholder farmers in central Mozambique","Rusinamhodzi, L., Corbeels, M., Nyamangara, J., & Giller, K. E. (2012). Maize–grain legume intercropping is an attractive option for ecological intensification that reduces climatic risk for smallholder farmers in central Mozambique. Field Crops Research, 136, 12-22. doi:10.1016/j.fcr.2012.07.015","Field","Quantitative","Experiment (on farm)","RC","2008-2011","3","4","2","2","12","2","2-4","11-100","Yes","Yes","Soil degradation, national policy and development agencies","Mozambique","Subsaharan Africa",1,"Vunduzi","Africa","LIC","-18.833333","33.183332999999998","Yes","""an approach to produce more food per unit resource to achieve positive social outcomes without negative effects on the environment""","Experiment (on farm)","Farmer-led + support by researchers","Farmer-led + researcher/extension","Intercropping (Maize–cowpea)","Intercrop",1,0,0,"Within-row","Different fertiliser rates, no tillage","Tillage practices",NA,"Grain / Cowpea","Maize","Cowpea",0,1,0,0,0,0,0,0,0,0,"0",NA,"0:0:0 - 60:20:0","Synthetic - below threshold","rainfed",1.33645833,"NA","NA","NA","NA","NA","NA","NA","NA","NA","NA","NA","NA","NA","NA","NA","NA","NA","NA","NA",1.925,"NA","NA","NA","NA","NA","NA","NA","Win-Win","NA","NA","NA","NA","NA","NA","Labour needs vs increased productivity and yields of intercrops","Availability of early-maturing cultivars;","Labour availability: ""Labour shortages often lead to severe weed pressure which is only controlled by burning the entire field before seeding of the next crop.""; Market availability: ""Cowpea matures early which is critical to alleviate the food
 security constraints but had a significantly lower price because it was only sold locally to fellow villagers compared to maize and pigeonpea which had external markets.""","Season (through rainfall distribution) and crop arrangement; Drought: ""In the maize–cowpea intercrops, the poor productivity of maize due to long dry spells reduced competition, which led to relatively greater cowpea productivity""; Fertiliser application: ""maize completely failed due to a prolonged dry spell lasting more than 55 days, yet cowpea survived and gave a significant harvest especially in plots where N and P fertiliser was applied"" ""Cowpea responded significantly to the application of N and P fertiliser in the seasons when it was harvested. ""; time of planting: ""maturity coincided with favourable moisture conditions later in the season; Poor soil quality- ""The low N status of the soils is favourable to stimulate legume N2-fixation but deficiencies of P and K potentially limit the process.""","Soil quality- ""The low N status of the soils is favourable to stimulate legume N2-fixation but deficiencies of P and K potentially limit the process.""","Fertiliser application: ""maize completely failed due to a prolonged dry spell lasting more than 55 days, yet cowpea survived and gave a significant harvest especially in plots where N and P fertiliser was applied""; Erratic rainfall: ""Cowpea was harvested when maize totally failed in Vunduzi in 2009/2010 season suggesting that relay planted intercropping with short duration crops such as cowpea can reduce risk of crop failure under erratic rainfall""; Market availability: ""In our study area, although maize was commonly sold, it was often sold only when the household food requirements have been achieved whilst pigeonpea could be sold immediately after harvest""","Labour for weeding: ""Weeding time was increased by 36% in intercrops although the
 increase was not related to weed intensity but to the need to take care of pigeonpea which grows slowly compared to maize as well as difficulty in navigating through the crop mixtures.""","""Our results showed that maize–legume intercropping required extra labour compared with sole crops; in Vunduzi land sizes were small and farmers were more likely to meet the labour requirements of intercropping than farmers in Ruaca. In Ruaca, farmers needed to reduce the land cultivated per season to be able to manage the intercropping systems or to hire extra labour. However, the loss in production due to reduction in land area could be compensated by the greater productivity of the intercrops.""","Supporting calc. (Yield, LER); Section 3.4 (H2O runoff); section 3.5 (Labour)",NA,2,2,2,2,2,2,12
186,396,"Mudita I.I., Chiduza C., Richardson-Kageler S., Murungu F.S.",2008,"Evaluation of different strategies of intercropping maize (Zea mays L.) and soya bean (Glycine max (L.) Merrill) under small-holder production in sub-humid Zimbabwe","Mudita, I. I., Chiduza, C., Richardson, S., & Murungu, F. S. (2008). Evaluation of Different Strategies of Intercropping Maize (Zea mays L.) and Soya Bean (Glycine max (L.) Merrill) Under Small-Holder Production in Sub-Humid Zimbabwe. Journal of Agronomy, 7(3), 237-243. doi:10.3923/ja.2008.237.243","Plot","Quantitative","Experiment (on farm)","E/M","2003-2004","2","3","1","2","3","3","2-4","5-10","Yes","Yes","Climate/weather variability (erratic and low rainfall), low soil fertility due to historical agricultural exploitation; human-wildlife conflict (damage to crops from wild animals)","Zimbabwe","Subsaharan Africa",1,"Chinyika, Thornpark farm and a Save Valley Experiment Station (SVES)","Africa","LMIC","-18.166667","32.416666999999997","No",NA,"Experiment (on farm)","Farmer-led + support by researchers","Farmer-led + researcher/extension","Intercropping: Cereal-legume","Intercrop",1,0,0,"Inter-row","Different intercropping arrangements","Varied spacing/timing",NA,"Grain / Soybean","Maize","Soybean",0,0,0,0,0,0,0,0,1,0,"0",NA,"40315","Synthetic - below threshold","rainfed",0.87174295,"NA","NA","NA","NA","NA","NA","NA","NA","NA","NA","NA","NA","NA","NA","NA","0.93967514600000002","NA","NA","NA",1.22,"NA","NA","NA","NA","NA","NA","NA","Lose-Mix","NA","NA","NA","NA","NA","NA","NA","poor soil fertility","Access to machinery - mechanical weeding entails investment in new equiptment to cultivate rows","Crop pattern/arrangement- soy bean growth depressed by maize shading, strip cropping higher yield than row","Dry weather - irrigation may increase productivity during dry periods","Crop pattern/arrangement- soy bean growth depressed by maize shading, strip cropping higher yield than row","Dry weather/low rainfall",NA,"Sup. Calc (Table 1)",NA,2,2,2,2,2,2,12
187,396,"Mudita I.I., Chiduza C., Richardson-Kageler S., Murungu F.S.",2008,"Evaluation of different strategies of intercropping maize (Zea mays L.) and soya bean (Glycine max (L.) Merrill) under small-holder production in sub-humid Zimbabwe","Mudita, I. I., Chiduza, C., Richardson, S., & Murungu, F. S. (2008). Evaluation of Different Strategies of Intercropping Maize (Zea mays L.) and Soya Bean (Glycine max (L.) Merrill) Under Small-Holder Production in Sub-Humid Zimbabwe. Journal of Agronomy, 7(3), 237-243. doi:10.3923/ja.2008.237.243","Plot","Quantitative","Experiment (on farm)","E/M","2003-2004","2","3","1","2","3","3","2-4","5-10","Yes","Yes","Climate/weather variability (erratic and low rainfall), low soil fertility due to historical agricultural exploitation; human-wildlife conflict (damage to crops from wild animals)","Zimbabwe","Subsaharan Africa",1,"Chinyika, Thornpark farm and a Save Valley Experiment Station (SVES)","Africa","LMIC","-18.166667","32.416666999999997","No",NA,"Experiment (on farm)","Farmer-led + support by researchers","Farmer-led + researcher/extension","Intercropping: Cereal-legume","Intercrop",1,0,0,"Row","Different intercropping arrangements","Varied spacing/timing",NA,"Grain / Soybean","Maize","Soybean",0,0,0,0,0,0,0,0,1,0,"0",NA,"40315","Synthetic - below threshold","rainfed",0.83893614,"NA","NA","NA","NA","NA","NA","NA","NA","NA","NA","NA","NA","NA","NA","NA","0.91965605100000003","NA","NA","NA",1.24,"NA","NA","NA","NA","NA","NA","NA","Lose-Mix","NA","NA","NA","NA","NA","NA","NA","poor soil fertility","Access to machinery - mechanical weeding entails investment in new equiptment to cultivate rows","Crop pattern/arrangement- soy bean growth depressed by maize shading, strip cropping higher yield than row","Dry weather - irrigation may increase productivity during dry periods","Crop pattern/arrangement- soy bean growth depressed by maize shading, strip cropping higher yield than row","Dry weather/low rainfall",NA,"Sup. Calc (Table 1)",NA,2,2,2,2,2,2,12
188,396,"Mudita I.I., Chiduza C., Richardson-Kageler S., Murungu F.S.",2008,"Evaluation of different strategies of intercropping maize (Zea mays L.) and soya bean (Glycine max (L.) Merrill) under small-holder production in sub-humid Zimbabwe","Mudita, I. I., Chiduza, C., Richardson, S., & Murungu, F. S. (2008). Evaluation of Different Strategies of Intercropping Maize (Zea mays L.) and Soya Bean (Glycine max (L.) Merrill) Under Small-Holder Production in Sub-Humid Zimbabwe. Journal of Agronomy, 7(3), 237-243. doi:10.3923/ja.2008.237.243","Plot","Quantitative","Experiment (on farm)","E/M","2003-2004","2","5","3","2","3","3","2-4","5-10","Yes","Yes","Climate/weather variability (erratic and low rainfall), low soil fertility due to historical agricultural exploitation; human-wildlife conflict (damage to crops from wild animals)","Zimbabwe","Subsaharan Africa",1,"Chinyika, Thornpark farm and a Save Valley Experiment Station (SVES)","Africa","LMIC","-18.166667","32.416666999999997","No",NA,"Experiment (on farm)","Farmer-led + support by researchers","Farmer-led + researcher/extension","Intercropping: Cereal-legume","Intercrop",1,1,0,"Strip","Existing farmers' practices","Existing farmers' practices",NA,"Grain / Soybean","Maize","Soybean",0,0,0,0,0,0,0,0,1,0,"0",NA,"40315","Synthetic - below threshold","rainfed",0.97007335,"NA","NA","NA","NA","NA","NA","NA","NA","NA","NA","NA","NA","NA","NA","NA","1.089019701","NA","NA","NA",1.54,"NA","NA","NA","NA","NA","NA","NA","Lose-Win","NA","NA","NA","NA","NA","NA","NA","poor soil fertility","Access to machinery - mechanical weeding entails investment in new equiptment to cultivate rows","Crop pattern/arrangement- soy bean growth depressed by maize shading, strip cropping higher yield than row","Dry weather - irrigation may increase productivity during dry periods","Crop pattern/arrangement- soy bean growth depressed by maize shading, strip cropping higher yield than row","Dry weather/low rainfall",NA,"Sup. Calc  / Table 1",NA,2,2,2,2,2,2,12
113,251,"Islami T., Guritno B., Utomo W.H.",2011,"Performance of cassava (Manihot esculenta Crantz) based cropping systems and associated soil quality changes in the degraded tropical uplands of East Java, Indonesia","Islami, T., Guritno, B., & Utomo, W. H. (2011). Performance of cassava (Manihot esculenta Crantz) based cropping systems and associated soil quality changes in the degraded tropical uplands of East Java, Indonesia. Journal of Tropical Agriculture, 49, 31-39.","Plot","Quantitative","Experiment (on farm)","RC","2006-2009","4","14","6","8","4","1","2-4","3-4","Yes","Yes","Land degradation","Indonesia","South-east Asia",4,"Wringinrejo, South Blitar, East Java, Indonesia","Asia","LMIC","-8.0833329999999997","112.033333","No",NA,"Experiment (on farm)","Farmer-led + support by researchers","Farmer-led + researcher/extension","Intercropping: Cereal-legume","Intercrop",1,0,0,"Row","Fertiliser; manure vs no manure","Fertilizer rates/type",NA,"Non-Grain /  Groundnut","Cassava","Groundnut",0,0,1,0,0,0,0,0,0,0,"0",NA,"14-6-9","Synthetic - below threshold","irrigation",0.914141414141414,"NA","NA","NA","NA","NA","NA","NA","NA","1.0581255000000001","NA","1.0514950000000001","1.6041666999999999","NA","NA","NA","3.0375000000000001","NA","NA","NA",1.6,"NA","NA","NA","NA","1","NA","NA","Mix-Mix","NA","NA","NA","NA","NA","NA","NA","NA","NA","Organic fertiliser (manure): increased soil fertility and crop productivity","NA","NA","High costs of seeds: ""The high cost for growing leguminous intercrops may be due to the high price of seeds and the additional costs involved in pest control""","NA","See SuppCalc sheet- Tables 1, 2, 3",NA,2,2,2,2,2,2,12
114,251,"Islami T., Guritno B., Utomo W.H.",2011,"Performance of cassava (Manihot esculenta Crantz) based cropping systems and associated soil quality changes in the degraded tropical uplands of East Java, Indonesia","Islami, T., Guritno, B., & Utomo, W. H. (2011). Performance of cassava (Manihot esculenta Crantz) based cropping systems and associated soil quality changes in the degraded tropical uplands of East Java, Indonesia. Journal of Tropical Agriculture, 49, 31-39.","Plot","Quantitative","Experiment (on farm)","RC","2006-2009","4","14","6","8","4","1","2-4","3-4","Yes","Yes","Land degradation","Indonesia","South-east Asia",4,"Wringinrejo, South Blitar, East Java, Indonesia","Asia","LMIC","-8.0833329999999997","112.033333","No",NA,"Experiment (on farm)","Farmer-led + support by researchers","Farmer-led + researcher/extension","Intercropping: Cereal-legume","Intercrop",1,0,0,"Row","Fertiliser; manure vs no manure","Fertilizer rates/type",NA,"Non-Grain / Soybean","Cassava","Soybean",0,0,0,0,0,0,0,0,1,0,"0",NA,"14-6-9","Synthetic - below threshold","irrigation",0.843434343434343,"NA","NA","NA","NA","NA","NA","NA","NA","0.96145119999999995","NA","1.0830565000000001","1.0625","NA","NA","NA","1.2749999999999999","NA","NA","NA",1.45,"NA","NA","NA","NA","1","NA","NA","Mix-Mix","NA","NA","NA","NA","NA","NA","NA","NA","NA","Organic fertiliser (manure): increased soil fertility and crop productivity","NA","NA","High costs of seeds: ""The high cost for growing leguminous intercrops may be due to the high price of seeds and the additional costs involved in pest control""","NA","See SuppCalc sheet- Tables 1, 2, 3",NA,2,2,2,2,2,2,12
115,251,"Islami T., Guritno B., Utomo W.H.",2011,"Performance of cassava (Manihot esculenta Crantz) based cropping systems and associated soil quality changes in the degraded tropical uplands of East Java, Indonesia","Islami, T., Guritno, B., & Utomo, W. H. (2011). Performance of cassava (Manihot esculenta Crantz) based cropping systems and associated soil quality changes in the degraded tropical uplands of East Java, Indonesia. Journal of Tropical Agriculture, 49, 31-39.","Plot","Quantitative","Experiment (on farm)","RC","2006-2009","4","14","6","8","4","1","2-4","3-4","Yes","Yes","Land degradation","Indonesia","South-east Asia",4,"Wringinrejo, South Blitar, East Java, Indonesia","Asia","LMIC","-8.0833329999999997","112.033333","No",NA,"Experiment (on farm)","Farmer-led + support by researchers","Farmer-led + researcher/extension","Intercropping: Cereal-legume","Intercrop",1,0,0,"Row","Fertiliser; manure vs no manure","Fertilizer rates/type",NA,"Non-Grain / Mungbean","Cassava","Mungbean",0,0,0,0,1,0,0,0,0,0,"0",NA,"14-6-9","Synthetic - below threshold","irrigation",0.848484848484849,"NA","NA","NA","NA","NA","NA","NA","NA","0.96659110000000004","NA","1.0472868","1.2083333000000001","NA","NA","NA","0.67500000000000004","NA","NA","NA",1.59,"NA","NA","NA","NA","1","NA","NA","Mix-Mix","NA","NA","NA","NA","NA","NA","NA","NA","NA","Organic fertiliser (manure): increased soil fertility and crop productivity","NA","NA","High costs of seeds: ""The high cost for growing leguminous intercrops may be due to the high price of seeds and the additional costs involved in pest control""","NA","See SuppCalc sheet- Tables 1, 2, 3",NA,2,2,2,2,2,2,12
116,251,"Islami T., Guritno B., Utomo W.H.",2011,"Performance of cassava (Manihot esculenta Crantz) based cropping systems and associated soil quality changes in the degraded tropical uplands of East Java, Indonesia","Islami, T., Guritno, B., & Utomo, W. H. (2011). Performance of cassava (Manihot esculenta Crantz) based cropping systems and associated soil quality changes in the degraded tropical uplands of East Java, Indonesia. Journal of Tropical Agriculture, 49, 31-39.","Plot","Quantitative","Experiment (on farm)","RC","2006-2009","4","14","6","8","4","1","2-4","3-4","Yes","Yes","Land degradation","Indonesia","South-east Asia",4,"Wringinrejo, South Blitar, East Java, Indonesia","Asia","LMIC","-8.0833329999999997","112.033333","No",NA,"Experiment (on farm)","Farmer-led + support by researchers","Farmer-led + researcher/extension","Intercropping: Cereal-legume","Intercrop",1,0,0,"Row","Fertiliser; manure vs no manure","Fertilizer rates/type",NA,"Non-Grain /  Cowpea","Cassava","Cowpea",0,1,0,0,0,0,0,0,0,0,"0",NA,"14-6-9","Synthetic - below threshold","irrigation",0.843434343434343,"NA","NA","NA","NA","NA","NA","NA","NA","1.1030234000000001","NA","1","1.5208333000000001","NA","NA","NA","0.41249999999999998","NA","NA","NA",1.5,"NA","NA","NA","NA","1","NA","NA","Mix-Mix","NA","NA","NA","NA","NA","NA","NA","NA","NA","Organic fertiliser (manure): increased soil fertility and crop productivity","NA","NA","High costs of seeds: ""The high cost for growing leguminous intercrops may be due to the high price of seeds and the additional costs involved in pest control""","NA","See SuppCalc sheet- Tables 1, 2, 3",NA,2,2,2,2,2,2,12
117,251,"Islami T., Guritno B., Utomo W.H.",2011,"Performance of cassava (Manihot esculenta Crantz) based cropping systems and associated soil quality changes in the degraded tropical uplands of East Java, Indonesia","Islami, T., Guritno, B., & Utomo, W. H. (2011). Performance of cassava (Manihot esculenta Crantz) based cropping systems and associated soil quality changes in the degraded tropical uplands of East Java, Indonesia. Journal of Tropical Agriculture, 49, 31-39.","Plot","Quantitative","Experiment (on farm)","RC","2006-2009","4","14","6","8","4","1","2-4","3-4","Yes","Yes","Land degradation","Indonesia","South-east Asia",4,"Wringinrejo, South Blitar, East Java, Indonesia","Asia","LMIC","-8.0833329999999997","112.033333","No",NA,"Experiment (on farm)","Farmer-led + support by researchers","Farmer-led + researcher/extension","Intercropping: Cereal-legume","Intercrop",1,0,0,"Row","Fertiliser; manure vs no manure","Fertilizer rates/type",NA,"Grain / Groundnut","Rice","Groundnut",0,0,1,0,0,0,0,0,0,0,"0",NA,"14-6-9","Synthetic - below threshold","irrigation",1.13333333333333,"NA","NA","NA","NA","NA","NA","NA","NA","1.0581255000000001","NA","NA","NA","NA","NA","NA","NA","NA","NA","NA",1.38,"NA","NA","NA","NA","1","NA","NA","Win-Mix","NA","NA","NA","NA","NA","NA","NA","NA","NA","Organic fertiliser (manure): increased soil fertility and crop productivity","NA","NA","High costs of seeds: ""The high cost for growing leguminous intercrops may be due to the high price of seeds and the additional costs involved in pest control""","NA","See SuppCalc sheet- Tables 1, 2",NA,2,2,2,2,2,2,12
118,251,"Islami T., Guritno B., Utomo W.H.",2011,"Performance of cassava (Manihot esculenta Crantz) based cropping systems and associated soil quality changes in the degraded tropical uplands of East Java, Indonesia","Islami, T., Guritno, B., & Utomo, W. H. (2011). Performance of cassava (Manihot esculenta Crantz) based cropping systems and associated soil quality changes in the degraded tropical uplands of East Java, Indonesia. Journal of Tropical Agriculture, 49, 31-39.","Plot","Quantitative","Experiment (on farm)","RC","2006-2009","4","14","6","8","4","1","2-4","3-4","Yes","Yes","Land degradation","Indonesia","South-east Asia",4,"Wringinrejo, South Blitar, East Java, Indonesia","Asia","LMIC","-8.0833329999999997","112.033333","No",NA,"Experiment (on farm)","Farmer-led + support by researchers","Farmer-led + researcher/extension","Intercropping: Cereal-legume","Intercrop",1,0,0,"Row","Fertiliser; manure vs no manure","Fertilizer rates/type",NA,"Grain / Soybean","Rice","Soybean",0,0,0,0,0,0,0,0,1,0,"0",NA,"14-6-9","Synthetic - below threshold","irrigation",1.09166666666667,"NA","NA","NA","NA","NA","NA","NA","NA","0.96145119999999995","NA","NA","NA","NA","NA","NA","NA","NA","NA","NA",1.44,"NA","NA","NA","NA","1","NA","NA","Mix-Mix","NA","NA","NA","NA","NA","NA","NA","NA","NA","Organic fertiliser (manure): increased soil fertility and crop productivity","NA","NA","High costs of seeds: ""The high cost for growing leguminous intercrops may be due to the high price of seeds and the additional costs involved in pest control""","NA","See SuppCalc sheet- Tables 1, 2",NA,2,2,2,2,2,2,12
119,251,"Islami T., Guritno B., Utomo W.H.",2011,"Performance of cassava (Manihot esculenta Crantz) based cropping systems and associated soil quality changes in the degraded tropical uplands of East Java, Indonesia","Islami, T., Guritno, B., & Utomo, W. H. (2011). Performance of cassava (Manihot esculenta Crantz) based cropping systems and associated soil quality changes in the degraded tropical uplands of East Java, Indonesia. Journal of Tropical Agriculture, 49, 31-39.","Plot","Quantitative","Experiment (on farm)","RC","2006-2009","4","14","6","8","4","1","2-4","3-4","Yes","Yes","Land degradation","Indonesia","South-east Asia",4,"Wringinrejo, South Blitar, East Java, Indonesia","Asia","LMIC","-8.0833329999999997","112.033333","No",NA,"Experiment (on farm)","Farmer-led + support by researchers","Farmer-led + researcher/extension","Intercropping: Cereal-legume","Intercrop",1,0,0,"Row","Fertiliser; manure vs no manure","Fertilizer rates/type",NA,"Grain / Mungbean","Rice","Mungbean",0,0,0,0,1,0,0,0,0,0,"0",NA,"14-6-9","Synthetic - below threshold","irrigation",0.958333333333333,"NA","NA","NA","NA","NA","NA","NA","NA","0.96659110000000004","NA","NA","NA","NA","NA","NA","NA","NA","NA","NA",1.39,"NA","NA","NA","NA","1","NA","NA","Lose-Mix","NA","NA","NA","NA","NA","NA","NA","NA","NA","Organic fertiliser (manure): increased soil fertility and crop productivity","NA","NA","High costs of seeds: ""The high cost for growing leguminous intercrops may be due to the high price of seeds and the additional costs involved in pest control""","NA","See SuppCalc sheet- Tables 1, 2",NA,2,2,2,2,2,2,12
120,251,"Islami T., Guritno B., Utomo W.H.",2011,"Performance of cassava (Manihot esculenta Crantz) based cropping systems and associated soil quality changes in the degraded tropical uplands of East Java, Indonesia","Islami, T., Guritno, B., & Utomo, W. H. (2011). Performance of cassava (Manihot esculenta Crantz) based cropping systems and associated soil quality changes in the degraded tropical uplands of East Java, Indonesia. Journal of Tropical Agriculture, 49, 31-39.","Plot","Quantitative","Experiment (on farm)","RC","2006-2009","4","14","6","8","4","1","2-4","3-4","Yes","Yes","Land degradation","Indonesia","South-east Asia",4,"Wringinrejo, South Blitar, East Java, Indonesia","Asia","LMIC","-8.0833329999999997","112.033333","No",NA,"Experiment (on farm)","Farmer-led + support by researchers","Farmer-led + researcher/extension","Intercropping: Cereal-legume","Intercrop",1,0,0,"Row","Fertiliser; manure vs no manure","Fertilizer rates/type",NA,"Grain / Cowpea","Rice","Cowpea",0,1,0,0,0,0,0,0,0,0,"0",NA,"14-6-9","Synthetic - below threshold","irrigation",1.01666666666667,"NA","NA","NA","NA","NA","NA","NA","NA","1.1030234000000001","NA","NA","NA","NA","NA","NA","NA","NA","NA","NA",1.4,"NA","NA","NA","NA","1","NA","NA","Win-Mix","NA","NA","NA","NA","NA","NA","NA","NA","NA","Organic fertiliser (manure): increased soil fertility and crop productivity","NA","NA","High costs of seeds: ""The high cost for growing leguminous intercrops may be due to the high price of seeds and the additional costs involved in pest control""","NA","See SuppCalc sheet- Tables 1, 2",NA,2,2,2,2,2,2,12
121,251,"Islami T., Guritno B., Utomo W.H.",2011,"Performance of cassava (Manihot esculenta Crantz) based cropping systems and associated soil quality changes in the degraded tropical uplands of East Java, Indonesia","Islami, T., Guritno, B., & Utomo, W. H. (2011). Performance of cassava (Manihot esculenta Crantz) based cropping systems and associated soil quality changes in the degraded tropical uplands of East Java, Indonesia. Journal of Tropical Agriculture, 49, 31-39.","Plot","Quantitative","Experiment (on farm)","RC","2006-2009","4","14","6","8","4","1","2-4","3-4","Yes","Yes","Land degradation","Indonesia","South-east Asia",4,"Wringinrejo, South Blitar, East Java, Indonesia","Asia","LMIC","-8.0833329999999997","112.033333","No",NA,"Experiment (on farm)","Farmer-led + support by researchers","Farmer-led + researcher/extension","Intercropping: Cereal-legume","Intercrop",1,0,0,"Row","Fertiliser; manure vs no manure","Fertilizer rates/type",NA,"Grain / Groundnut","Maize","Groundnut",0,0,1,0,0,0,0,0,0,0,"0",NA,"14-6-9","Synthetic - below threshold","irrigation",1.22,"NA","NA","NA","NA","NA","NA","NA","NA","1.0581255000000001","NA","NA","NA","NA","NA","NA","NA","NA","NA","NA",1.6,"NA","NA","NA","NA","1","NA","NA","Win-Mix","NA","NA","NA","NA","NA","NA","NA","NA","NA","Organic fertiliser (manure): increased soil fertility and crop productivity","NA","NA","High costs of seeds: ""The high cost for growing leguminous intercrops may be due to the high price of seeds and the additional costs involved in pest control""","NA","See SuppCalc sheet- Tables 1, 2",NA,2,2,2,2,2,2,12
122,251,"Islami T., Guritno B., Utomo W.H.",2011,"Performance of cassava (Manihot esculenta Crantz) based cropping systems and associated soil quality changes in the degraded tropical uplands of East Java, Indonesia","Islami, T., Guritno, B., & Utomo, W. H. (2011). Performance of cassava (Manihot esculenta Crantz) based cropping systems and associated soil quality changes in the degraded tropical uplands of East Java, Indonesia. Journal of Tropical Agriculture, 49, 31-39.","Plot","Quantitative","Experiment (on farm)","RC","2006-2009","4","14","6","8","4","1","2-4","3-4","Yes","Yes","Land degradation","Indonesia","South-east Asia",4,"Wringinrejo, South Blitar, East Java, Indonesia","Asia","LMIC","-8.0833329999999997","112.033333","No",NA,"Experiment (on farm)","Farmer-led + support by researchers","Farmer-led + researcher/extension","Intercropping: Cereal-legume","Intercrop",1,0,0,"Row","Fertiliser; manure vs no manure","Fertilizer rates/type",NA,"Grain / Soybean","Maize","Soybean",0,0,0,0,0,0,0,0,1,0,"0",NA,"14-6-9","Synthetic - below threshold","irrigation",1.05333333333333,"NA","NA","NA","NA","NA","NA","NA","NA","0.96145119999999995","NA","NA","NA","NA","NA","NA","NA","NA","NA","NA",1.44,"NA","NA","NA","NA","1","NA","NA","Mix-Mix","NA","NA","NA","NA","NA","NA","NA","NA","NA","Organic fertiliser (manure): increased soil fertility and crop productivity","NA","NA","High costs of seeds: ""The high cost for growing leguminous intercrops may be due to the high price of seeds and the additional costs involved in pest control""","NA","See SuppCalc sheet- Tables 1, 2",NA,2,2,2,2,2,2,12
123,251,"Islami T., Guritno B., Utomo W.H.",2011,"Performance of cassava (Manihot esculenta Crantz) based cropping systems and associated soil quality changes in the degraded tropical uplands of East Java, Indonesia","Islami, T., Guritno, B., & Utomo, W. H. (2011). Performance of cassava (Manihot esculenta Crantz) based cropping systems and associated soil quality changes in the degraded tropical uplands of East Java, Indonesia. Journal of Tropical Agriculture, 49, 31-39.","Plot","Quantitative","Experiment (on farm)","RC","2006-2009","4","14","6","8","4","1","2-4","3-4","Yes","Yes","Land degradation","Indonesia","South-east Asia",4,"Wringinrejo, South Blitar, East Java, Indonesia","Asia","LMIC","-8.0833329999999997","112.033333","No",NA,"Experiment (on farm)","Farmer-led + support by researchers","Farmer-led + researcher/extension","Intercropping: Cereal-legume","Intercrop",1,0,0,"Row","Fertiliser; manure vs no manure","Fertilizer rates/type",NA,"Grain / Mungbean","Maize","Mungbean",0,0,0,0,1,0,0,0,0,0,"0",NA,"14-6-9","Synthetic - below threshold","irrigation",1,"NA","NA","NA","NA","NA","NA","NA","NA","0.96659110000000004","NA","NA","NA","NA","NA","NA","NA","NA","NA","NA",1.5,"NA","NA","NA","NA","1","NA","NA","Mix-Mix","NA","NA","NA","NA","NA","NA","NA","NA","NA","Organic fertiliser (manure): increased soil fertility and crop productivity","NA","NA","High costs of seeds: ""The high cost for growing leguminous intercrops may be due to the high price of seeds and the additional costs involved in pest control""","NA","See SuppCalc sheet- Tables 1, 2",NA,2,2,2,2,2,2,12
124,251,"Islami T., Guritno B., Utomo W.H.",2011,"Performance of cassava (Manihot esculenta Crantz) based cropping systems and associated soil quality changes in the degraded tropical uplands of East Java, Indonesia","Islami, T., Guritno, B., & Utomo, W. H. (2011). Performance of cassava (Manihot esculenta Crantz) based cropping systems and associated soil quality changes in the degraded tropical uplands of East Java, Indonesia. Journal of Tropical Agriculture, 49, 31-39.","Plot","Quantitative","Experiment (on farm)","RC","2006-2009","4","14","6","8","4","1","2-4","3-4","Yes","Yes","Land degradation","Indonesia","South-east Asia",4,"Wringinrejo, South Blitar, East Java, Indonesia","Asia","LMIC","-8.0833329999999997","112.033333","No",NA,"Experiment (on farm)","Farmer-led + support by researchers","Farmer-led + researcher/extension","Intercropping: Cereal-legume","Intercrop",1,0,0,"Row","Fertiliser; manure vs no manure","Fertilizer rates/type",NA,"Grain / Cowpea","Maize","Cowpea",0,1,0,0,0,0,0,0,0,0,"0",NA,"14-6-9","Synthetic - below threshold","irrigation",1.06666666666667,"NA","NA","NA","NA","NA","NA","NA","NA","1.1030234000000001","NA","NA","NA","NA","NA","NA","NA","NA","NA","NA",1.56,"NA","NA","NA","NA","1","NA","NA","Win-Mix","NA","NA","NA","NA","NA","NA","NA","NA","NA","Organic fertiliser (manure): increased soil fertility and crop productivity","NA","NA","High costs of seeds: ""The high cost for growing leguminous intercrops may be due to the high price of seeds and the additional costs involved in pest control""","NA","See SuppCalc sheet- Tables 1, 2",NA,2,2,2,2,2,2,12
278,521,"Saidia P.S., Asch F., Kimaro A.A., Germer J., Kahimba F.C., Graef F., Semoka J.M.R., Rweyemamu C.L.",2019,"Soil moisture management and fertilizer micro-dosing on yield and land utilization efficiency of inter-cropping maize-pigeon-pea in sub humid Tanzania","Saidia, P. S., Asch, F., Kimaro, A. A., Germer, J., Kahimba, F. C., Graef, F., . . . Rweyemamu, C. L. (2019). Soil moisture management and fertilizer micro-dosing on yield and land utilization efficiency of inter-cropping maize-pigeon-pea in sub humid Tanzania. Agricultural Water Management, 223. doi:10.1016/j.agwat.2019.105712","Plot","Quantitative","Experiment (on farm)","RC","2015-2016","2","27","9","18","5","2","2-4","5-10","No","No","Declining soil fertility, water stress, variable weather, inadeqate rainfall","Tanzania","Subsaharan Africa",1,"Ilakala village in Ulaya ward- Kilosa District in the Morogoro Region","Africa","LMIC","-7.14","36.92","No","NA","Experiment (on farm)","Farmer-led","Farmer-led","Intercropping","Intercrop",1,0,0,"Row","Conservation agriculture (ridges) + different fertiliser levels","SWC","Fertilizer rates/type","Grain / Pigeonpea","Maize","Pigeonpea",0,0,0,0,0,1,0,0,0,0,"0",NA,"0:0:0 - 80:40:0","Synthetic - below threshold","rainfed",1.37668902,"NA","NA","NA","NA","NA","NA","NA","NA","NA","NA","NA","NA","NA","NA","NA","NA","NA","NA","NA",1.9441667,"NA","NA","NA","NA","NA","NA","NA","Win-Win","NA","NA","NA","NA","NA","NA","NA","NA","NA","Fertiliser application: ""Inter-cropping maize and pigeon-pea had overall higher yields than sole cropping plots, with yields increasing with fertilizer application""; inter-row rainwater harvesting techniques: ""Maize yields increased significantly (P=0.001 and 0.004) under
 the combined effects of inter-row rainwater harvesting and fertilizer.""; Drought resistance of legume: ""Pigeon pea is well adapted to drought due to its deep tap root system that reaches up to two meters as well as its osmotic adjustment in leaves (Emefiene et al., 2013). Thus, pigeon pea has an inherent advantage due to its increased tolerance to drought under current climate changes""","Low/erratic rainfall: ""intercropping system between maize and pigeon pea was affected by cropping season and locations"" ""Different geographical characteristics and rainfall variation between cropping seasons influenced maize and pigeon-pea yields""","NA","NA",NA,"supporting calc. (Yield, LER); table 2 &3 (yield); Table 4 (LER)","Saidia, P.S., Asch, F., Kimaro, A.A., Germer, J., Kahimba, F.C., Graef, F., Semoka, J.M.R., Rweyemamu, C.L., 2019. Data in brief on inter-row rainwater harvest and fertilizer application on yield of maize and pigeon-pea cropping systems in sub humid Tropics. Agric. Water Manage in press.",2,2,2,2,2,2,12
106,220,"Harsono A., Elisabeth D.A.A., Muzaiyanah S., Rianto S.A.",2020,"Soybean-maize intercropping feasibility under drought-prone area in East Java, Indonesia","Harsono, A., Elisabeth, D. A. A., Muzaiyanah, S., & Rianto, S. A. (2020). Soybean-maize intercropping feasibility under drought-prone area in East Java, Indonesia. Biodiversitas, 21(8), 3744-3754. doi:10.13057/biodiv/d210842","Plot","Quantitative","Experiment (on farm)","RC","2019","1","3","2","1","3","2","1","5-10","Yes","Yes","Weather fluctuation (drought), food security","Indonesia","South-east Asia",4,"East Java - Gesing Village of Semanding Subdistrict","Asia","LMIC","-6.9700689999999996","112.11138099999999","Yes","""increase land productivity""","Experiment (on farm)","Farmer-led","Farmer-led","Intercropping: Cereal-legume","Intercrop",1,0,0,"Row","Seed improvement (legume cultivar diversification)","Seed improvement",NA,"Grain / Soybean","Maize","Soybean",0,0,0,0,0,0,0,0,1,0,"0",NA,"Maize: 300-150-50; soybean: 30-60-30","Synthetic - above threshold","rainfed",1.34505588,"NA","NA","NA","NA","NA","NA","NA","NA","NA","NA","NA","NA","NA","NA","NA","1.225742337","NA","NA","NA",1.59,"NA","NA","NA","NA","NA","NA","NA","Win-Mix","NA","NA","NA","NA","NA","NA","Yes: increased cost of production but increased benefits (yield, revenue)","NA","NA","Low rainfall - caused miaze to grow more slowly and provide less competition for soybean, resulting in higher soybean productivity; planting pattern: ""Soybean intercropping with maize in double row with plant spacing of (40 x 20) cm x 200 cm on DLDC of Tuban District was able to produce maize seeds which were not different from maize monoculture""","Soil quality (low fertility, high alkalinity, not optimal for soybean cultivation); Low rainfall/drought stress (particularly affected maize, rainfall met soybean crop needs)","Planting pattern: ""Soybean intercropping with maize in double row with plant spacing of (40 x 20) cm x 200 cm on DLDC of Tuban District was able to produce maize seeds which were not different from maize monoculture""","Low rainfall/drought stress",NA,"Table 3 = yield, Table 4=LER Table 5= income",NA,2,1,2,2,2,2,11
279,521,"Saidia P.S., Asch F., Kimaro A.A., Germer J., Kahimba F.C., Graef F., Semoka J.M.R., Rweyemamu C.L.",2019,"Soil moisture management and fertilizer micro-dosing on yield and land utilization efficiency of inter-cropping maize-pigeon-pea in sub humid Tanzania","Saidia, P. S., Asch, F., Kimaro, A. A., Germer, J., Kahimba, F. C., Graef, F., . . . Rweyemamu, C. L. (2019). Soil moisture management and fertilizer micro-dosing on yield and land utilization efficiency of inter-cropping maize-pigeon-pea in sub humid Tanzania. Agricultural Water Management, 223. doi:10.1016/j.agwat.2019.105713","Plot","Quantitative","Experiment (on farm)","RC","2015-2016","2","27","9","18","5","2","2-4","5-10","No","No","Declining soil fertility, water stress, variable weather, inadeqate rainfall","Tanzania","Subsaharan Africa",1,"Changarawe village in Masanze ward- Kilosa District in the Morogoro Region","Africa","LMIC","-6.92","36.950000000000003","No","NA","Experiment (on farm)","Farmer-led","Farmer-led","Intercropping","Intercrop",1,0,0,"Row","Conservation agriculture (ridges) + different fertiliser levels","SWC","Fertilizer rates/type","Grain / Pigeonpea","Maize","Pigeonpea",0,0,0,0,0,1,0,0,0,0,"0",NA,"0:0:0 - 80:40:0","Synthetic - below threshold","rainfed",1.713,"NA","NA","NA","NA","NA","NA","NA","NA","NA","NA","NA","NA","NA","NA","NA","NA","NA","NA","NA",2.0016667,"NA","NA","NA","NA","NA","NA","NA","Win-Win","NA","NA","NA","NA","NA","NA","NA","NA","NA","Fertiliser application: ""Inter-cropping maize and pigeon-pea had overall higher yields than sole cropping plots, with yields increasing with fertilizer application""; inter-row rainwater harvesting techniques: ""Maize yields increased significantly (P=0.001 and 0.004) under
 the combined effects of inter-row rainwater harvesting and fertilizer.""; Drought resistance of legume: ""Pigeon pea is well adapted to drought due to its deep tap root system that reaches up to two meters as well as its osmotic adjustment in leaves (Emefiene et al., 2013). Thus, pigeon pea has an inherent advantage due to its increased tolerance to drought under current climate changes""","Low/erratic rainfall: ""intercropping system between maize and pigeon pea was affected by cropping season and locations"" ""Different geographical characteristics and rainfall variation between cropping seasons influenced maize and pigeon-pea yields""","NA","NA",NA,"supporting calc. (Yield, LER); table 2 &3 (yield); Table 4 (LER)","Saidia, P.S., Asch, F., Kimaro, A.A., Germer, J., Kahimba, F.C., Graef, F., Semoka, J.M.R., Rweyemamu, C.L., 2019. Data in brief on inter-row rainwater harvest and fertilizer application on yield of maize and pigeon-pea cropping systems in sub humid Tropics. Agric. Water Manage in press.",2,2,2,2,2,2,12
107,220,"Harsono A., Elisabeth D.A.A., Muzaiyanah S., Rianto S.A.",2020,"Soybean-maize intercropping feasibility under drought-prone area in East Java, Indonesia","Harsono, A., Elisabeth, D. A. A., Muzaiyanah, S., & Rianto, S. A. (2020). Soybean-maize intercropping feasibility under drought-prone area in East Java, Indonesia. Biodiversitas, 21(8), 3744-3754. doi:10.13057/biodiv/d210842","Plot","Quantitative","Experiment (on farm)","RC","2019","1","3","2","1","3","2","1","5-10","Yes","Yes","Weather fluctuation (drought), food security","Indonesia","South-east Asia",4,"East Java - Temandang Village of Merakurak Subdistrict","Asia","LMIC","-6.8660560000000004","111.929733","Yes","""increase land productivity""","Experiment (on farm)","Farmer-led","Farmer-led","Intercropping: Cereal-legume","Intercrop",1,0,0,"Row","Seed improvement (legume cultivar diversification)","Seed improvement",NA,"Grain / Soybean","Maize","Soybean",0,0,0,0,0,0,0,0,1,0,"0",NA,"Maize: 300-150-50; soybean: 30-60-31","Synthetic - above threshold","irrigation",1.07472494,"NA","NA","NA","NA","NA","NA","NA","NA","NA","NA","NA","NA","NA","NA","NA","0.94782734199999996","NA","NA","NA",1.4,"NA","NA","NA","NA","NA","NA","NA","Win-Mix","NA","NA","NA","NA","NA","NA","Yes: increased cost of production but increased benefits (yield, revenue)","NA","NA","Irrigation; planting pattern: ""Soybean intercropping with maize in double row with plant spacing of (40 x 20) cm x 200 cm on DLDC of Tuban District was able to produce maize seeds which were not different from maize monoculture""","Soil quality (low fertility, high alkalinity, not optimal for soybean cultivation); High rainfall - caused maize crops to grow higher than soybean and outcompete soybean","Planting pattern: ""Soybean intercropping with maize in double row with plant spacing of (40 x 20) cm x 200 cm on DLDC of Tuban District was able to produce maize seeds which were not different from maize monoculture""","High rainfall - caused maize crops to grow higher than soybean and outcompete soybean",NA,"Table 3 = yield, Table 4=LER Table 5= income",NA,2,1,2,2,2,2,11
357,647,"Wade M.K., Sanchez P.A.",1984,"Productive potential of an annual intercropping scheme in the Amazon","Wade, M. K., & Sanchez, P. A. (1984). Productive potential of an annual intercropping scheme in the Amazon. Field Crops Research, 9(C), 253-263. doi:10.1016/0378-4290(84)90030-3","Plot","Quantitative","Experiment (research station)","E/M","1974","1","16","12","4","3","1","1","3-4","Yes","Yes",NA,"Peru","Latin America",6,"Yurimaguas Experiment Station","South America","UMIC","-5.9358570000000004","-76.123390999999998","No","NA","Experiment (research station)","Researcher-led","Researcher-led","Intercropping","Intercrop",1,1,0,"Row","Increasing fertiliser","Fertilizer rates/type",NA,"Grain + Non-Grain / Cowpea +Soybean","Corn-Cassava","Multiple",0,1,0,0,0,0,0,0,1,0,"0",NA,"0-50-50 to 120-50-50","Synthetic - below threshold","rainfed",0.72972517,"NA","NA","NA","NA","NA","NA","NA","1.5","NA","NA","NA","NA","NA","NA","NA","1.287509239","NA","NA","NA",1.14333333333333,"NA","NA","NA","NA","NA","NA","NA","Mix-Win","NA","NA","NA","NA","NA","NA","NA","Weeds: ""reduced risk, reduced weed
 pressures and less susceptibility to soil erosion were noted. For the intercropping
 systems, only two weedings per year were required to satisfactorily
 control weeds. The monocultures needed two to four weedings per crop""","NA","NA","NA","Prices of grain and labour","Market availability (corn and rice are the only commodities that presently have a reliable market in the
 Yurimaguas area.)",NA,"See SuppCalc Sheet - control is Corn + Cassava",NA,2,1,2,2,2,2,11
358,647,"Wade M.K., Sanchez P.A.",1984,"Productive potential of an annual intercropping scheme in the Amazon","Wade, M. K., & Sanchez, P. A. (1984). Productive potential of an annual intercropping scheme in the Amazon. Field Crops Research, 9(C), 253-263. doi:10.1016/0378-4290(84)90030-4","Plot","Quantitative","Experiment (research station)","E/M","1975","1","16","12","4","3","1","1","3-4","Yes","Yes",NA,"Peru","Latin America",6,"Yurimaguas Experiment Station","South America","UMIC","-5.9358570000000004","-76.123390999999998","No","NA","Experiment (research station)","Researcher-led","Researcher-led","Intercropping","Intercrop",1,1,0,"Row","Increasing fertiliser","Fertilizer rates/type",NA,"Grain + Non-Grain / Cowpea + Groundnut","Corn-Rice-Cassava","Multiple",0,1,1,0,0,0,0,0,0,0,"0",NA,"0-50-50 to 120-50-50","Synthetic - below threshold","rainfed",0.69510645,"NA","NA","NA","NA","NA","NA","NA","1.5","NA","NA","NA","NA","NA","NA","NA","1.7807768468468466","NA","NA","NA",1.25,"1.6809193280000001","NA","NA","NA","NA","NA","NA","Mix-Win","NA","NA","NA","NA","NA","NA","NA","Weeds: ""reduced risk, reduced weed
 pressures and less susceptibility to soil erosion were noted. For the intercropping
 systems, only two weedings per year were required to satisfactorily
 control weeds. The monocultures needed two to four weedings per crop""","NA","NA","NA","Prices of grain and labour","Market availability (corn and rice are the only commodities that presently have a reliable market in the
 Yurimaguas area.)",NA,"See SuppCalc Sheet - control is Corn + Cassava",NA,2,1,2,2,2,2,11
340,599,"Syafruddin, Suwardi",2020,"Intercropping of maize-mungbean to increase the farmer's income","Syafruddin, S. (2020). Intercropping of maize-mungbean to increase the farmer's income. Paper presented at the IOP Conf. Series: Earth and Environmental Science.","Plot","Quantitative","Experiment (research station)","E/M","2015","1","6","4","2","1","1","1","1-2","Yes","Yes","Land size","Indonesia","South-east Asia",4,"Gowa, South Sulawesi","Asia","LMIC","-5.2863059999999997","119.569389","No","NA","Experiment (research station)","Researcher-led","Researcher-led","Intercropping","Intercrop",1,1,0,"Row","Different intercrop spacings","Varied spacing/timing",NA,"Grain / Mungbean","Maize","Mungbean",0,0,0,0,1,0,0,0,0,0,"0",NA,"184-60-60","Synthetic - below threshold","rainfed",1.406928214,"NA","NA","NA","NA","NA","NA","NA","NA","NA","NA","NA","NA","NA","NA","NA","1.5333469","NA","NA","NA",1.3825,"NA","NA","NA","NA","NA","NA","NA","Win-Mix","NA","NA","NA","NA","NA","NA","NA","Technical feasibility","Production costs","Spatial arrangement of intercrops: 2:2R","NA","Spatial arrangement of intercrops: 2:2R; High market price of mungbeans","NA",NA,"See SuppCalc Sheet (Table 2) for economic well-being; material assets reduction also in Table 2 (increased costs of production); food (maize equivalent yield = Table 1); LER = Table 1 (control = monoculture maize)",NA,0,1,2,1,2,2,8
70,118,"da Silva J.N., Neto F.B., de Lima J.S.S., Chaves A.P., Nunes R.L.C., Rodrigues G.S.O., Lino V.A.D.S., de Sá J.M., Dos Santos E.C.",2020,"Sustainability of carrot-cowpea intercropping systems through optimization of green manuring and spatial arrangements [Sustentabilidade de sistemas consorciados de cenoura e feijão-caupi por meio da otimização da adubação verde e arranjos espaciais]","da Silva, J. N., Neto, F. B., de Lima, J. S. S., Chaves, A. P., Nunes, R. L. C., Rodrigues, G. S. O., . . . Dos Santos, E. C. (2020). Sustainability of carrot-cowpea intercropping systems through optimization of green manuring and spatial arrangements. Ciencia Rural, 51(1), 1-13. doi:10.1590/0103-8478cr20190838","Plot","Quantitative","Experiment (on farm)","E/M","2017-2018","2","4","3","1","4","1","2-4","3-4","Yes","Yes",NA,"Brazil","Latin America",6,"Rafael Fernandes Experimental Farm, located in the Lagoinha district, 20 km from Mossoró-RN","South America","UMIC","-5.1919440000000003","-37.344444000000003","No",NA,"Experiment (on farm)","Farmer-led","Farmer-led","Intercropping: Vegetable-legume","Intercrop",1,0,0,"Row","Existing farmers' practices, including Merremia aegyptia green manure","Existing farmers' practices",NA,"Non-Grain / Cowpea","Carrot","Cowpea",0,1,0,0,0,0,0,0,0,0,"0",NA,"0-0-0","No synthetic","irrigation",1.585,"NA","NA","NA","NA","NA","NA","NA","NA","NA","NA","NA","NA","NA","NA","NA","7.1950000000000003","NA","NA","NA",1.7116667,"NA","NA","NA","NA","NA","NA","NA","Win-Win","NA","NA","NA","NA","NA","NA","NA","NA","NA","Soil quality (history of legume intercropping- ""In the second cropping year, we observed the highest values for the indicators of economic advantage, most likely because of the better nutritional conditions, which resulted in a greater productive capacity, a higher green grain yield, and; consequently, a higher economic efficiency of the intercropping system"")","NA","Intercrop spatial arrangement","NA","NA","NA",NA,2,2,2,2,2,2,12
108,765,"Harsono, A., & Pratiwi, H. (2017, May).",2017,"The increase of Ultisol productivity based on intercropping cassava with peanut and soybean","Harsono, A., & Pratiwi, H. (2017). The increase of Ultisol productivity based on intercropping cassava with peanut and soybean. Nusantara Bioscience, 9(2), 157-163. doi:10.13057/nusbiosci/n090209","Plot","Quantitative","Experiment (research station)","RC","2011","1","8","4","4","4","4","1","11-100","Not exclusively ( also studying improved cassava varieties and different fertilizer rates)","Not exclusively ( also studying improved cassava varieties and different fertilizer rates)","Food demand, lack of agricultural land availability, need to grow food on acidic soils.","Indonesia","South-east Asia",4,"Sukadana District, East Lampung during","Asia","LMIC","-5.0608180007893102","105.545418588507","No","NA","Experiment (research station)","Researcher-led (in collaboration with farmers)","Researcher-led","Intercropping:cassava-legume","Intercrop",1,0,0,"NA","also studying improved cassava varieties and different fertilizer rates","Fertilizer rates/type","improved variety","Non-Grain / Groundnut","Cassava","Groundnut",0,0,1,0,0,0,0,0,0,0,"0","0","200N (farmer monoculture cassava), 150 & 200N (IMPROVED MONOCULTURE CASSAVA ALTERNATIVE & recommended fertilisation), 25 &150 (cassava-peanut improved fertilisation, 150,200 (cassava-peanut recommednded fertilisation","Synthetic - above threshold","rainfed",2.24255474086586,"NA","NA","NA","NA","NA","NA","NA","NA","NA","NA","NA","NA","NA","NA","NA","2.0625336448505007","0.72585537918871257","NA","NA",2.4075,"NA","NA","NA","NA","NA","NA","NA","Win-Mix","NA","NA","NA","NA","NA","NA","NA","NA","NA","land productivity could be further increased by intercropping cassava with peanut","NA","The intercropping system significantly increased the net income of monoculture system","NA",NA,"Harsono_2017_table5_LER & yield, table6_economic analysis",NA,2,1,2,1,2,2,10
112,762,"Isaacs KB, Snapp SS, Chung K, Waldman KB.",2016,"Assessing the value of diverse cropping systems under a new agricultural policy environment in Rwanda.","Isaacs, K. B., Snapp, S. S., Chung, K., & Waldman, K. B. (2016). Assessing the value of diverse cropping systems under a new agricultural policy environment in Rwanda. Food Security, 8(3), 491-506. doi:10.1007/s12571-016-0582-x","Plot","Quantitative + Qualitative","Experiment (research station) + Recall/Surveys","E/M","2011-2012","2","5","3","2","4","2","2-4","5-10","Yes","Yes","Reduce vulnerability to production risks, climate change and uncertain markets.","Rwanda","Subsaharan Africa",1,"Rwerere","Africa","LIC","-1.60778402932732","29.333410247374299","No","NA","Experiment (research station) + Recall/Surveys","Farmer-led","Researcher-led","Intercropping:maize-legume","Intercrop",1,0,0,"NA","Existing farmers' practices","Existing farmers' practices",NA,"Grain / Common bean","Maize","Common bean",0,0,0,0,0,0,0,1,0,0,"0","0","Inorganic fertilizer (Diammonium Phosphate 18-46-00) and organic material were 
applied at a rate of 100 kg/ha (0.12 kg/plot) and 83 kg/ha respectively, according to farmer 
practice (in the row for MO, BO, and IC; in the hole for TC) at maize planting. Urea (46%) was 
applied, at a rate of 100kg/ha to the base of maize plants mid-season to all plots.","Synthetic - below threshold","rainfed",1.4625,"NA","NA","NA","NA","NA","NA","NA","NA","NA","NA","NA","NA","NA","NA","NA","NA","NA","NA","NA",0.93,"1.4491228070175439","NA","NA","NA","NA","NA","NA","Win-Mix","NA","NA","NA","women","The preferences for crops that provide nutritional and marketable
goods, important for family well-being, were all
expressed by women farmers in this study.","NA","NA","Farmers looking to provide the family with
sufficient, nutritious and diverse foods; products to sell in
exchange for other goods or to cover expenses; and to have
preferred traditional foods to build social cohesion. farmers identified crop diversity as key to
providing the range of services they valued, and one of the
main ways that farmers coped with socio-ecological fluctuations.","Agricultural policies promoting the cultivation of a sole crop","both sole crop systems failed to meet smallholders’
expectations of farming systems","NA","shift from local production systems to market oriented
production may contribute to the loss of crops that underpin
traditional dietary diversity. This study adds qualitative evidence that smallholder farmers
value crop diversity at the production level because it improves
their access to diverse foods and contributes to family
well-being. The loss of such diversity, if not replaced via effective
and accessible market-oriented mechanisms, could
have serious nutritional implications.","NA",NA,"table1_grain yield, table2_LER; Figure 3_protein content",NA,2,1,2,1,2,2,10
111,762,"Isaacs KB, Snapp SS, Chung K, Waldman KB.",2016,"Assessing the value of diverse cropping systems under a new agricultural policy environment in Rwanda.","Isaacs, K. B., Snapp, S. S., Chung, K., & Waldman, K. B. (2016). Assessing the value of diverse cropping systems under a new agricultural policy environment in Rwanda. Food Security, 8(3), 491-506. doi:10.1007/s12571-016-0582-x","Plot","Quantitative + Qualitative","Experiment (research station) + Recall/Surveys","E/M","2011-2012","2","5","3","2","4","2","2-4","5-10","Yes","Yes","Reduce vulnerability to production risks, climate change and uncertain markets.","Rwanda","Subsaharan Africa",1,"Musanze","Africa","LIC","-1.4741390000000001","29.568172000000001","No","NA","Experiment (research station) + Recall/Surveys","Farmer-led","Researcher-led","Intercropping:maize-legume","Intercrop",1,0,0,"NA","Existing farmers' practices","Existing farmers' practices",NA,"Grain / Common bean","Maize","Common bean",0,0,0,0,0,0,0,1,0,0,"0","0","Inorganic fertilizer (Diammonium Phosphate 18-46-00) and organic material were 
applied at a rate of 100 kg/ha (0.12 kg/plot) and 83 kg/ha respectively, according to farmer 
practice (in the row for MO, BO, and IC; in the hole for TC) at maize planting. Urea (46%) was 
applied, at a rate of 100kg/ha to the base of maize plants mid-season to all plots.","Synthetic - below threshold","rainfed",0.982599431818182,"NA","NA","NA","NA","NA","NA","NA","NA","NA","NA","NA","NA","NA","NA","NA","NA","NA","NA","NA",1.58,"1.4389261744966444","NA","NA","NA","NA","NA","NA","Lose-Win","NA","NA","NA","women","The preferences for crops that provide nutritional and marketable
goods, important for family well-being, were all
expressed by women farmers in this study.","NA","NA","Farmers looking to provide the family with
sufficient, nutritious and diverse foods; products to sell in
exchange for other goods or to cover expenses; and to have
preferred traditional foods to build social cohesion. farmers identified crop diversity as key to
providing the range of services they valued, and one of the
main ways that farmers coped with socio-ecological fluctuations.","Agricultural policies promoting the cultivation of a sole crop","both sole crop systems failed to meet smallholders’
expectations of farming systems","NA","shift from local production systems to market oriented
production may contribute to the loss of crops that underpin
traditional dietary diversity. This study adds qualitative evidence that smallholder farmers
value crop diversity at the production level because it improves
their access to diverse foods and contributes to family
well-being. The loss of such diversity, if not replaced via effective
and accessible market-oriented mechanisms, could
have serious nutritional implications.","NA",NA,"table1_grain yield, table2_LER; Figure 3_protein content",NA,2,1,2,1,2,2,10
96,198,"Gitari H.I., Nyawade S.O., Kamau S., Karanja N.N., Gachene C.K.K., Raza M.A., Maitra S., Schulte-Geldermann E.",2020,"Revisiting intercropping indices with respect to potato-legume intercropping systems","Gitari, H. I., Nyawade, S. O., Kamau, S., Karanja, N. N., Gachene, C. K. K., Raza, M. A., . . . Schulte-Geldermann, E. (2020). Revisiting intercropping indices with respect to potato-legume intercropping systems. Field Crops Research, 258. doi:10.1016/j.fcr.2020.107957","Plot","Quantitative","Experiment (research station)","E/M","2015-2016","2","7","6","1","4","1","2-4","3-4","Yes","Yes","Rapid population growth and food insecurity","Kenya","Subsaharan Africa",1,"Upper Kabete Campus, University of Nairobi, Nairobi","Africa","LMIC","-1.25223440462695","36.728764710387701","No",NA,"Experiment (research station)","Researcher-led","Researcher-led","Intercropping: Cereal-legume","Intercrop",1,1,0,"Row","Pesticide to control potato blight and aphids on legumes; fertiliser application to both potatoes and legumes","Weed/pest management","Fertilizer rates/type","Non-Grain / Dolichos","Potato","Other",0,0,0,0,0,0,0,0,0,0,"Dolichos (lablab bean)","Dolichos (lablab bean)","90-55-0","Synthetic - below threshold","rainfed",1.03238,"NA","NA","NA","NA","NA","NA","NA","NA","NA","NA","NA","NA","NA","NA","NA","1.0406500000000001","NA","1","NA",1.28,"NA","NA","NA","NA","NA","NA","NA","Win-Win","NA","NA","NA","NA","NA","NA","No","Smallholder farmers","Perception by farmers that intercropping can cause competition between crops and thus lower yields","Planting pattern: higher density intercrop increases yield (""Generally, treatment PD (1:2.4) and PB (1:2.4) significantly improved legume yield by 46 % and 47 %, respectively, as compared to respective yields in PD (1:1.2) and PB (1:1.2).""","NA","Planting pattern: higher density intercrop increases income","NA",NA,"Table 2 - yield, economics; Figure 3 - total LER (average of 2015 and 2016)",NA,2,2,2,2,2,2,12
97,198,"Gitari H.I., Nyawade S.O., Kamau S., Karanja N.N., Gachene C.K.K., Raza M.A., Maitra S., Schulte-Geldermann E.",2020,"Revisiting intercropping indices with respect to potato-legume intercropping systems","Gitari, H. I., Nyawade, S. O., Kamau, S., Karanja, N. N., Gachene, C. K. K., Raza, M. A., . . . Schulte-Geldermann, E. (2020). Revisiting intercropping indices with respect to potato-legume intercropping systems. Field Crops Research, 258. doi:10.1016/j.fcr.2020.107957","Plot","Quantitative","Experiment (research station)","E/M","2015-2016","2","7","6","1","4","1","2-4","3-4","Yes","Yes","Rapid population growth and food insecurity","Kenya","Subsaharan Africa",1,"Upper Kabete Campus, University of Nairobi, Nairobi","Africa","LMIC","-1.25223440462695","36.728764710387701","No",NA,"Experiment (research station)","Researcher-led","Researcher-led","Intercropping: Cereal-legume","Intercrop",1,1,0,"Row","Pesticide to control potato blight and aphids on legumes; fertiliser application to both potatoes and legumes","Weed/pest management","Fertilizer rates/type","Non-Grain / Common bean","Potato","Common bean",0,0,0,0,0,0,0,1,0,0,"0",NA,"90-55-0","Synthetic - below threshold","rainfed",1.00097,"NA","NA","NA","NA","NA","NA","NA","NA","NA","NA","NA","NA","NA","NA","NA","0.997","NA","1","NA",1.255,"NA","NA","NA","NA","NA","NA","NA","Win-Mix","NA","NA","NA","NA","NA","NA","No","Smallholder farmers","Perception by farmers that intercropping can cause competition between crops and thus lower yields","Planting pattern: higher density intercrop increases yield (""Generally, treatment PD (1:2.4) and PB (1:2.4) significantly improved legume yield by 46 % and 47 %, respectively, as compared to respective yields in PD (1:1.2) and PB (1:1.2).""","NA","Planting pattern: higher density intercrop increases income","NA",NA,"Table 2 - yield, economics; Figure 3 - total LER (average of 2015 and 2016)",NA,2,2,2,2,2,2,12
219,432,"Nwofia G.E., Jiwuba F., Okpara D.A., Mbah E.U.",2017,"Yield and Productivity of Eggplant Genotypes Intercropped with Vegetable Cowpea in the Humid Tropics","Nwofia, G. E., Jiwuba, F., Okpara, D. A., & Mbah, E. U. (2017). Yield and Productivity of Eggplant Genotypes Intercropped with Vegetable Cowpea in the Humid Tropics. International Journal of Vegetable Science, 23(5), 400-410. doi:10.1080/19315260.2017.1310779","Plot","Quantitative","Experiment (research station)","E/M","2011-2012","2","12","5","7","3","1","2-4","3-4","Yes","Yes",NA,"Nigeria","Subsaharan Africa",1,"National Horticultural Research Institute, Mbato substation (latitude 5°33′ N, longitude 7°23′ E, altitude 130 m asl), Okigwe, Imo State","Africa","LMIC","5.5333329999999998","7.3833330000000004","No",NA,"Experiment (research station)","Researcher-led","Researcher-led","Intercropping: Cereal-legume","Intercrop",1,0,0,"Row","Existing farmers' practices (compost manure); different eggplant varieties (genotypes)","Existing farmers' practices","Different cultivar","Non-Grain / Cowpea","Eggplant","Cowpea",0,1,0,0,0,0,0,0,0,0,"0",NA,"0","No synthetic","rainfed",1,"NA","NA","NA","NA","NA","NA","NA","NA","NA","NA","NA","NA","NA","NA","NA","1.9014933378830339","NA","0.7486095511776234","NA",1.51833333333333,"NA","NA","NA","NA","NA","NA","NA","Mix-Mix","NA","NA","NA","NA","NA","NA","NA","NA","NA","Genotype of main crop affects yield",NA,"Genotype of main crop affects profits",NA,NA,"LER from Table 8, Net returns from Table 9",NA,2,2,2,1,2,2,11
360,666,"Workayehu T., Wortmann C.S.",2011,"Maize-bean intercrop weed suppression and profitability in Southern Ethiopia","Workayehu, T., & Wortmann, C. S. (2011). Maize-Bean Intercrop Weed Suppression and Profitability in Southern Ethiopia. Agronomy Journal, 103(4), 1058-1063. doi:10.2134/agronj2010.0493","Plot","Quantitative","Experiment (research station)","RC","1996-2000","5","12","6","6","4","1","5-10","3-4","Yes","Yes","Population growth, declining land availability for food production, poverty, urban expansion","Ethiopia","Subsaharan Africa",1,"Awassa","Africa","LIC","7.0833329999999997","38.5","No","NA","Experiment (research station)","Researcher-led","Researcher-led","Intercropping","Intercrop",1,1,0,"Row","Weeding frequency","Weed/pest management",NA,"Grain / Common bean","Maize","Common bean",0,0,0,0,0,0,0,1,0,0,"0",NA,"46-0-0","Synthetic - below threshold","rainfed",1.03066717,"NA","NA","NA","NA","NA","NA","NA","1","NA","NA","NA","NA","NA","NA","NA","1.1041105389999999","NA","NA","NA",1.62,"NA","NA","NA","NA","NA","NA","NA","Mix-Win","NA","NA","NA","NA","NA","NA","NA","NA","Weeds and associated labour requirements","Weeding frequency (increased maize and bean yield); Planting density (intercropping did not affect weed growth but that weed growth was affected by crop plant density); soil water deficits: ""Maize was less competitive
 than bean in 1999 when soil water defi cits were perceived
 to be severe based on little rainfall in late July and August.""","Low rainfall/soil water - Weed biomass was much greater in 1999, a year with relatively poor crop performance due to below-average rainfall, enabling weed growth in bare soil patches: ""Weed growth was greatest in a year with soil
 water defi cit stress during the maize reproductive stage and low
 maize yield, compared with the other years, indicating less weed
 suppression by maize under such stress conditions""","Time of planting: ""providing a bean harvest early enough to contribute to
 food security by partially resolving food shortages of May to July""","Labour requirements to weed legumes (more weeds in beans than in maize, maize suppresses weeds",NA,"See SuppCalc Sheet",NA,2,2,2,2,2,2,12
361,668,"Worku W., Temeche D., Gossa R., Abate B.",2021,"Agronomic management options to enhance adoption of maize–common bean–common bean sequential intercropping in southern Ethiopia","Worku, W., Temeche, D., Gossa, R., & Abate, B. (2021). Agronomic management options to enhance adoption of maize–common bean–common bean sequential intercropping in southern Ethiopia. Journal of Crop Science and Biotechnology, 24(3), 307-318. doi:10.1007/s12892-020-00078-x","Plot","Quantitative","Experiment (research station)","E/M","2016-2017","2","12","11","1","3","1","2-4","3-4","Yes","Yes","Population growth, declining land availability for food production, poverty, urban expansion","Ethiopia","Subsaharan Africa",1,"Farm Center of Hawassa University","Africa","LIC","7.0833329999999997","38.5","Yes","""intensification of the current crop land through mixed cropping and intercropping among others (Kebede et al. 2019). Intercropping, which allows growing of two or more crops on a given plot helps to intensify crop production in time and space dimensions. ""","Experiment (research station)","Researcher-led","Researcher-led","Intercropping","Intercrop",1,1,0,"Row","Existing farmers' practices, including weed control; increasing fertiliser","Existing farmers' practices",NA,"Grain / Common bean","Maize","Common bean",0,0,0,0,0,0,0,1,0,0,"0",NA,"92-46-0","Synthetic - below threshold","rainfed",1.25403226,"NA","NA","NA","NA","NA","NA","NA","NA","NA","NA","NA","NA","NA","NA","NA","1.3","NA","NA","NA",1.481111,"NA","NA","NA","NA","NA","NA","NA","Win-Mix","NA","NA","NA","NA","NA","NA","NA","Absence of significant variation in net revenue among the intercrops could allow farmers to choose from the wider alternative combinations based on their objectives","Increased production costs of intercropping (sowing, weeding, harvesting)","Climatic conditions - season was normally sufficient to grow a single crop of maize, but two common bean crops sequentially; spatial arrangement of intercrops (lower bean densities, within-row and single-row arrangements enhanced maize dominance and allowed it to maintain its productivity by suppressing bean growth. Conversely, double row and greater bean densities favored competitiveness of bean and enhanced its productivity.)","NA","Consistent benefits regardless of spatial planting arrangement: Absence of significant variation in net revenue among the intercrops could allow farmers to choose from the wider alternative combinations based on their objectives","Labour availability (intercropping more labour-intensive to plant + harvest than sole cropping)","Four planting densities of common bean involving 25% (62,500 plants ha−1), 50% (125,000), 75% (187,500) and 100% (250,000) of sole density were combined with three spatial bean arrangements identified as single row (single row of bean alternated with a single row of maize), double row (two rows of bean alternated with a single of maize) and within row (beans grown within maize row)","See SuppCalc Sheet",NA,2,2,2,2,2,2,12
37,64,"Belay D., Schulthess F., Omwega C.",2009,"The profitability of maize-haricot bean intercropping techniques to control maize stem borers under low pest densities in Ethiopia","Belay, D., Schulthess, F., & Omwega, C. (2009). The profitability of maize-haricot bean intercropping techniques to control maize stem borers under low pest densities in Ethiopia. Phytoparasitica, 37(1), 43-50. doi:10.1007/s12600-008-0002-7","Plot","Quantitative","Experiment (on farm)","RC","2004","1","5","4","1","NA","3","1","3-4","Yes","No",NA,"Ethiopia","Subsaharan Africa",1,"Melkassa","Africa","LIC","8.4","39.183332999999998","No",NA,"Experiment (on farm)","Farmer-led","Farmer-led","Intercropping: Cereal-legume","Intercrop",1,0,0,"Row","Existing farmers' practices","Existing farmers' practices",NA,"Grain / Common bean","Maize","Common bean",0,0,0,0,0,0,0,1,0,0,"0",NA,"0 - 85kg N/ha","Synthetic - below threshold","rainfed",0.98975,"NA","NA","NA","NA","NA","NA","NA","1.3235294","NA","NA","NA","NA","NA","NA","NA","1","NA","NA","NA",1.05,"NA","NA","NA","NA","NA","NA","NA","Mix-Mix","NA","NA","NA","NA","NA","NA","NA","NA","NA","NA","low pest densities (""benefits of mixed cropping decreased with a decrease of pest infestations."")","NA","NA","""farmers in
 the Central Rift Valley of Ethiopia can obtain an
 economic advantage by intercropping haricot bean
 with maize at the ratio of 1:1 to 2:1, as indicated by
 higher LER and overall farm income, instead of
 monocropping of both maize and haricot bean.""","NA",NA,0,1,2,2,2,2,9
38,64,"Belay D., Schulthess F., Omwega C.",2009,"The profitability of maize-haricot bean intercropping techniques to control maize stem borers under low pest densities in Ethiopia","Belay, D., Schulthess, F., & Omwega, C. (2009). The profitability of maize-haricot bean intercropping techniques to control maize stem borers under low pest densities in Ethiopia. Phytoparasitica, 37(1), 43-50. doi:10.1007/s12600-008-0002-7","Plot","Quantitative","Experiment (on farm)","RC","2005","1","5","4","1","NA","3","1","3-4","Yes","No",NA,"Ethiopia","Subsaharan Africa",1,"Melkassa","Africa","LIC","8.4","39.183332999999998","No",NA,"Experiment (on farm)","Farmer-led","Farmer-led","Intercropping: Cereal-legume","Intercrop",1,0,0,"Row","Existing farmers' practices","Existing farmers' practices",NA,"Grain / Common bean","Maize","Common bean",0,0,0,0,0,0,0,1,0,0,"0",NA,"0 - 85kg N/ha","Synthetic - below threshold","rainfed",1.1537,"NA","NA","NA","NA","NA","NA","NA","1.75","NA","NA","NA","NA","NA","NA","NA","1.1499999999999999","NA","NA","NA",1.225,"NA","NA","NA","NA","NA","NA","NA","Win-Win","NA","NA","NA","NA","NA","NA","NA","NA","NA","NA","low pest densities (""benefits of mixed cropping decreased with a decrease of pest infestations."")","NA","NA","""farmers in
 the Central Rift Valley of Ethiopia can obtain an
 economic advantage by intercropping haricot bean
 with maize at the ratio of 1:1 to 2:1, as indicated by
 higher LER and overall farm income, instead of
 monocropping of both maize and haricot bean.""","NA",NA,0,1,2,2,2,2,9
9,12,"Agegnehu G., Ghizaw A., Sinebo W.",2006,"Yield performance and land-use efficiency of barley and faba bean mixed cropping in Ethiopian highlands","Agegnehu, G., Ghizaw, A., & Sinebo, W. (2006). Yield performance and land-use efficiency of barley and faba bean mixed cropping in Ethiopian highlands. European Journal of Agronomy, 25(3), 202-207. doi:10.1016/j.eja.2006.05.002","Plot","Quantitative","Experiment (research station)","E/M","2001–2003","3","7","6","1","4","1","2-4","3-4","Yes","Yes","Population pressure, agro-ecological and cultural diversity, need to produce diverse products from the ever-shrinking land holdings","Ethiopia","Subsaharan Africa",1,"Central Highlands","Africa","LIC","9.0500000000000007","38.5","No",NA,"Experiment (research station)","Researcher-led","Researcher-led","Intercropping: Cereal-legume","Intercrop",1,1,0,"Mixed","Existing farmers' practices","Existing farmers' practices",NA,"Grain / Faba bean","Barley","Faba bean",0,0,0,0,0,0,1,0,0,0,"0",NA,"41- 20","Synthetic - below threshold","rainfed",1.1659,"NA","NA","NA","NA","NA","NA","1.762","1.2984","NA","NA","NA","NA","NA","NA","NA","NA","NA","NA","NA",1.148,"NA","NA","NA","NA","NA","NA","NA","Win-Win","NA","NA","NA","NA","NA","NA","Yes (grain yield vs productivity: ""Although seed yields of the component crops in mixtures were low as compared to their respective sole crop yields, the total land productivity was improved in mixed cultures as supported by higher total LERs"")","reduced labour requirements (""increased suppression of weeds in the mixture may ease pressure on labour for manual weed control and thereby enhance the likelihood of adoption of barley/faba bean mixed cropping""); need for less external inputs","NA","low rainfall/high stress environment (greater yield advantage of intercropping due to more efficient use of growth resources and higher yield stability/security); less external inputs (e.g. fertiliser) that affect weeds/nutrients","NA","low rainfall/high stress environment (greater yield advantage of intercropping due to more efficient use of growth resources and higher yield stability/security)","NA","NA","NA",NA,2,2,2,2,2,2,12
10,785,"Agegnehu, G., Ghizaw, A., & Sinebo, W. (2006, Oct).",2006,"Crop productivity and land-use efficiency of a teff/faba bean mixed cropping system in a tropical highland environment","Agegnehu, G., Ghizaw, A., & Sinebo, W. (2006). Crop productivity and land-use efficiency of a teff/faba bean mixed cropping system in a tropical highland environment. Experimental Agriculture, 42(4), 495-504. doi:10.1017/s0014479706003863","Plot","Quantitative","Experiment (research station)","E/M","2002-2003","2","7","5","2","4","1","2-4","3-4","Not exclusively (also asessing influence of 12.5, 25, 37.5, 50 and 62.5% of the sole seed rate of faba bean mixed with a full teff seed rate)","Not exclusively (also asessing influence of 12.5, 25, 37.5, 50 and 62.5% of the sole seed rate of faba bean mixed with a full teff seed rate)","Intercroping benefits: total grain yield is enhanced compared to sole cropping, provides a balanced diet, minimizes risks of crop failure due to adverse
effects of pests, improves the use of limited resources, reduces soil erosion, increases yield stability and provides higher returns. the
continuous diffusion of modern varieties has changed the landscape of on-farm crop
genetic diversity increasingly leading to the growing of genetically uniform varieties.","Ethiopia","Subsaharan Africa",1,"Holetta Agricultural Research Centre - Central Highlands of Ethiopia","Africa","LIC","9.0500000000000007","38.5","No","NA","Experiment (research station)","Researcher-led","Researcher-led","Intercropping: Teff-legume","Intercrop",1,0,0,"NA","asessing influence of 12.5, 25, 37.5, 50 and 62.5% of the sole seed rate of faba bean mixed with a full teff seed rate","Varied spacing/timing",NA,"Grain / Faba bean","Teff","Faba bean",0,0,0,0,0,0,1,0,0,0,"0","0","40-26 kg NP ha−1","Synthetic - below threshold","rainfed",1.15905405405405,"NA","NA","NA","NA","NA","NA","NA","1.3191157347204161","NA","NA","NA","NA","NA","NA","NA","NA","NA","NA","NA",1.24,"NA","NA","NA","NA","NA","NA","NA","Win-Win","NA","NA","NA","NA","NA","NA","Mixed cropping of faba bean in teff reduced weed biomass to below that observed
in sole teff.  As a result, the increased suppression of weeds in the mixture may ease the demand on labour
for manual weed control and thereby enhance the likelihood of adoption of teff/faba
bean mixed cropping.","NA","NA","NA","NA","we propose that mixed cropping of faba bean
in full teff culture at a density not exceeding 62.5% of the sole faba bean culture may
improve overall yields and incomes.","NA",NA,"Table 3_ effects on yield, Table 4_ effects on weed biomass",NA,2,2,2,2,1,2,11
39,64,"Belay D., Schulthess F., Omwega C.",2009,"The profitability of maize-haricot bean intercropping techniques to control maize stem borers under low pest densities in Ethiopia","Belay, D., Schulthess, F., & Omwega, C. (2009). The profitability of maize-haricot bean intercropping techniques to control maize stem borers under low pest densities in Ethiopia. Phytoparasitica, 37(1), 43-50. doi:10.1007/s12600-008-0002-7","Plot","Quantitative","Experiment (on farm)","RC","2005","1","5","4","1","NA","3","1","3-4","Yes","No",NA,"Ethiopia","Subsaharan Africa",1,"Mieso","Africa","LIC","9.3333329999999997","41.183332999999998","No",NA,"Experiment (on farm)","Farmer-led","Farmer-led","Intercropping: Cereal-legume","Intercrop",1,0,0,"Row","Existing farmers' practices","Existing farmers' practices",NA,"Grain / Common bean","Maize","Common bean",0,0,0,0,0,0,0,1,0,0,"0",NA,"0 - 85kg N/ha","Synthetic - below threshold","rainfed",1.0727,"NA","NA","NA","NA","NA","NA","NA","0.4429825","NA","NA","NA","NA","NA","NA","NA","1.05","NA","NA","NA",1.375,"NA","NA","NA","NA","NA","NA","NA","Mix-Win","NA","NA","NA","NA","NA","NA","NA","NA","NA","NA","low pest densities (""benefits of mixed cropping decreased with a decrease of pest infestations."")","NA","NA","""farmers in
 the Central Rift Valley of Ethiopia can obtain an
 economic advantage by intercropping haricot bean
 with maize at the ratio of 1:1 to 2:1, as indicated by
 higher LER and overall farm income, instead of
 monocropping of both maize and haricot bean.""","NA",NA,0,1,2,2,2,2,9
2,1,"Abdul Rahman N., Larbi A., Kotu B., Asante M.O., Akakpo D.B., Mellon-Bedi S., Hoeschle-Zeledon I.",2021,"Maize–legume strip cropping effect on productivity, income, and income risk of farmers in northern Ghana","Abdul Rahman, N., Larbi, A., Kotu, B., Asante, M. O., Akakpo, D. B., Mellon-Bedi, S., & Hoeschle-Zeledon, I. (2021). Maize–legume strip cropping effect on productivity, income, and income risk of farmers in northern Ghana. Agronomy Journal, 113(2), 1574-1585. doi:10.1002/agj2.20536","Community","Quantitative","Participatory Action Research","RC","2014-2016","3","7","4","3","5","2","2-4","5-10","Yes","Yes","Population increase, land accessibility, climate change","Ghana","Subsaharan Africa",1,"Northern Region","Africa","LMIC","9.5","-1.1666669999999999","No","""cropping strategy that increases productivity, income, and resource utilization per unit area of available arable lands to improve land use"".
 ""intervention communities in northern Ghana for the Africa Research In Sustainable Intensification for the Next Generation (Africa RISING) project""","Experiment (on farm)","Farmer-led + support by global NGO & researchers","Farmer-led + researcher/extension","Intercropping: Cereal-legume","Intercrop",1,1,0,"Strip","Existing farmers' practices","Existing farmers' practices",NA,"Grain / Chickpea + Cowpea","Maize","Multiple",0,1,1,0,0,0,0,0,0,0,"0","NA","40-40-40","Synthetic - below threshold","rainfed",1.01,"NA","NA","NA","NA","NA","NA","NA","NA","NA","NA","NA","NA","NA","NA","NA","1.89","NA","NA","NA",1.93,"NA","NA","NA","NA","NA","NA","NA","Win-Win","NA","NA","NA","NA","NA","NA","None","Gender, livestock","Female farmers need to cultivate legumes; crop/livestock farmers use cowpea and groundnut residues for livestock feeding","rainfall fluctuation","NA","market prices; rainfall fluctuation- legumes more steady food supply increase food security","insect pest infestation of cowpea","Quantitative values provided as mean, SD, min-max","NA",NA,2,2,2,2,2,2,12
134,282,"Kermah M., Franke A.C., Adjei-Nsiah S., Ahiabor B.D.K., Abaidoo R.C., Giller K.E.",2017,"Maize-grain legume intercropping for enhanced resource use efficiency and crop productivity in the Guinea savanna of northern Ghana","Kermah, M., Franke, A. C., Adjei-Nsiah, S., Ahiabor, B. D. K., Abaidoo, R. C., & Giller, K. E. (2017). Maize-grain legume intercropping for enhanced resource use efficiency and crop productivity in the Guinea savanna of northern Ghana. Field Crops Research, 213, 38-50. doi:10.1016/j.fcr.2017.07.008","Field","Quantitative","Experiment (on farm)","RC","2013-2014","2","5","3","2","4","2","2-4","5-10","Yes","Yes","Soil degradation, weather fluctuation and risk of crop failure","Ghana","Subsaharan Africa",1,"Kpataribogu - southern Guinea savanna","Africa","LMIC","9.9666669999999993","-0.66666700000000001","No",NA,"Experiment (on farm)","Farmer-led + support by researchers","Farmer-led + researcher/extension","Intercropping: Cereal-legume","Intercrop",1,1,0,"Row","Soil fertility experiment (At each site, three field types representing a highly fertile field (HF), a medium fertile field (MF) and a field low in fertility (LF) were selected)","Soil fertility",NA,"Grain / Cowpea","Maize","Cowpea",0,1,0,0,0,0,0,0,0,0,"0",NA,"25-25-30","Synthetic - below threshold","rainfed",0.9127907,"NA","NA","NA","NA","NA","NA","NA","NA","NA","NA","NA","NA","NA","NA","NA","1.4252873559999999","NA","NA","NA",1.33,"NA","NA","NA","NA","NA","NA","NA","Mix-Mix","NA","NA","NA","NA","NA","NA","NA","NA","NA","Planting pattern: ""within row intercrop was more productive than the other intercrop planting patterns""; low soil fertility conditions + historical management practices (retention of crop residues)","High soil N conditions: ""the maize is more competitive than the legume under high soil N conditions as in the SGS leading to a relatively small contribution of legume""","NA","Low soil fertility: net monetary benefits of grain legume declined with soil fertility and were highest in high-fertility soils ""Greater LERs in the poorly fertile fields""",NA,"Supporting calculation",NA,2,2,2,2,2,2,12
135,282,"Kermah M., Franke A.C., Adjei-Nsiah S., Ahiabor B.D.K., Abaidoo R.C., Giller K.E.",2017,"Maize-grain legume intercropping for enhanced resource use efficiency and crop productivity in the Guinea savanna of northern Ghana","Kermah, M., Franke, A. C., Adjei-Nsiah, S., Ahiabor, B. D. K., Abaidoo, R. C., & Giller, K. E. (2017). Maize-grain legume intercropping for enhanced resource use efficiency and crop productivity in the Guinea savanna of northern Ghana. Field Crops Research, 213, 38-50. doi:10.1016/j.fcr.2017.07.009","Field","Quantitative","Experiment (on farm)","RC","2013-2014","2","5","3","2","4","2","2-4","5-10","Yes","Yes","Soil degradation, weather fluctuation and risk of crop failure","Ghana","Subsaharan Africa",1,"Kpataribogu - southern Guinea savanna","Africa","LMIC","9.9666669999999993","-0.66666700000000001","No",NA,"Experiment (on farm)","Farmer-led + support by researchers","Farmer-led + researcher/extension","Intercropping: Cereal-legume","Intercrop",1,1,0,"Row","Soil fertility experiment (At each site, three field types representing a highly fertile field (HF), a medium fertile field (MF) and a field low in fertility (LF) were selected)","Soil fertility",NA,"Grain / Soybean","Maize","Soybean",0,0,0,0,0,0,0,0,1,0,"0",NA,"25-25-30","Synthetic - below threshold","rainfed",1.0867052,"NA","NA","NA","NA","NA","NA","NA","NA","NA","NA","NA","NA","NA","NA","NA","2.0777777780000002","NA","NA","NA",1.26,"NA","NA","NA","NA","NA","NA","NA","Win-Mix","NA","NA","NA","NA","NA","NA","NA","NA","NA","Planting pattern: ""within row intercrop was more productive than the other intercrop planting patterns""; low soil fertility conditions + historical management practices (retention of crop residues)","High soil N conditions: ""the maize is more competitive than the legume under high soil N conditions as in the SGS leading to a relatively small contribution of legume""","NA","Low soil fertility: net monetary benefits of grain legume declined with soil fertility and were highest in high-fertility soils ""Greater LERs in the poorly fertile fields""",NA,"Supporting calculation",NA,2,2,2,2,2,2,12
136,282,"Kermah M., Franke A.C., Adjei-Nsiah S., Ahiabor B.D.K., Abaidoo R.C., Giller K.E.",2017,"Maize-grain legume intercropping for enhanced resource use efficiency and crop productivity in the Guinea savanna of northern Ghana","Kermah, M., Franke, A. C., Adjei-Nsiah, S., Ahiabor, B. D. K., Abaidoo, R. C., & Giller, K. E. (2017). Maize-grain legume intercropping for enhanced resource use efficiency and crop productivity in the Guinea savanna of northern Ghana. Field Crops Research, 213, 38-50. doi:10.1016/j.fcr.2017.07.010","Field","Quantitative","Experiment (on farm)","RC","2013-2014","2","5","3","2","4","2","2-4","5-10","Yes","Yes","Soil degradation, weather fluctuation and risk of crop failure","Ghana","Subsaharan Africa",1,"Kpataribogu - southern Guinea savanna","Africa","LMIC","9.9666669999999993","-0.66666700000000001","No",NA,"Experiment (on farm)","Farmer-led + support by researchers","Farmer-led + researcher/extension","Intercropping: Cereal-legume","Intercrop",1,1,0,"Row","Soil fertility experiment (At each site, three field types representing a highly fertile field (HF), a medium fertile field (MF) and a field low in fertility (LF) were selected)","Soil fertility",NA,"Grain / Groundnut","Maize","Groundnut",0,0,1,0,0,0,0,0,0,0,"0",NA,"25-25-30","Synthetic - below threshold","rainfed",0.89634146,"NA","NA","NA","NA","NA","NA","NA","NA","NA","NA","NA","NA","NA","NA","NA","1.2","NA","NA","NA",1.35,"NA","NA","NA","NA","NA","NA","NA","Mix-Mix","NA","NA","NA","NA","NA","NA","NA","NA","NA","Planting pattern: ""within row intercrop was more productive than the other intercrop planting patterns""; low soil fertility conditions + historical management practices (retention of crop residues)","High soil N conditions: ""the maize is more competitive than the legume under high soil N conditions as in the SGS leading to a relatively small contribution of legume""","NA","Low soil fertility: net monetary benefits of grain legume declined with soil fertility and were highest in high-fertility soils ""Greater LERs in the poorly fertile fields""",NA,"Supporting calculation",NA,2,2,2,2,2,2,12
1,1,"Abdul Rahman N., Larbi A., Kotu B., Asante M.O., Akakpo D.B., Mellon-Bedi S., Hoeschle-Zeledon I.",2021,"Maize–legume strip cropping effect on productivity, income, and income risk of farmers in northern Ghana","Abdul Rahman, N., Larbi, A., Kotu, B., Asante, M. O., Akakpo, D. B., Mellon-Bedi, S., & Hoeschle-Zeledon, I. (2021). Maize–legume strip cropping effect on productivity, income, and income risk of farmers in northern Ghana. Agronomy Journal, 113(2), 1574-1585. doi:10.1002/agj2.20536","Community","Quantitative","Participatory Action Research","RC","2014-2016","3","7","4","3","5","2","2-4","5-10","Yes","Yes","Population increase, land accessibility, climate change","Ghana","Subsaharan Africa",1,"Upper West region","Africa","LMIC","10.5","-2.3333330000000001","No","""cropping strategy that increases productivity, income, and resource utilization per unit area of available arable lands to improve land use"".
 ""intervention communities in northern Ghana for the Africa Research In Sustainable Intensification for the Next Generation (Africa RISING) project""","Experiment (on farm)","Farmer-led + support by global NGO & researchers","Farmer-led + researcher/extension","Intercropping: Cereal-legume","Intercrop",1,1,0,"Strip","Existing farmers' practices","Existing farmers' practices",NA,"Grain / Chickpea + Cowpea","Maize","Multiple",0,1,1,0,0,0,0,0,0,0,"0","NA","40-40-40","Synthetic - below threshold","rainfed",1.15,"NA","NA","NA","NA","NA","NA","NA","NA","NA","NA","NA","NA","NA","NA","NA","2.12","NA","NA","NA",2.03,"NA","NA","NA","NA","NA","NA","NA","Win-Win","NA","NA","NA","NA","NA","NA","None","Gender, livestock","Female farmers need to cultivate legumes; crop/livestock farmers use cowpea and groundnut residues for livestock feeding","rainfall fluctuation","NA","market prices; rainfall fluctuation- legumes more steady food supply increase food security","insect pest infestation of cowpea","Quantitative values provided as mean, SD, min-max","NA",NA,2,2,2,2,2,2,12
137,282,"Kermah M., Franke A.C., Adjei-Nsiah S., Ahiabor B.D.K., Abaidoo R.C., Giller K.E.",2017,"Maize-grain legume intercropping for enhanced resource use efficiency and crop productivity in the Guinea savanna of northern Ghana","Kermah, M., Franke, A. C., Adjei-Nsiah, S., Ahiabor, B. D. K., Abaidoo, R. C., & Giller, K. E. (2017). Maize-grain legume intercropping for enhanced resource use efficiency and crop productivity in the Guinea savanna of northern Ghana. Field Crops Research, 213, 38-50. doi:10.1016/j.fcr.2017.07.011","Field","Quantitative","Experiment (on farm)","RC","2013-2014","2","5","3","2","4","2","2-4","5-10","Yes","Yes","Soil degradation, weather fluctuation and risk of crop failure","Ghana","Subsaharan Africa",1,"Bundunia - northern Guinea savanna","Africa","LMIC","10.833333","-1.066667","No",NA,"Experiment (on farm)","Farmer-led + support by researchers","Farmer-led + researcher/extension","Intercropping: Cereal-legume","Intercrop",1,1,0,"Row","Soil fertility experiment (At each site, three field types representing a highly fertile field (HF), a medium fertile field (MF) and a field low in fertility (LF) were selected)","Soil fertility",NA,"Grain / Cowpea","Maize","Cowpea",0,1,0,0,0,0,0,0,0,0,"0",NA,"25-25-30","Synthetic - below threshold","rainfed",1.12631579,"NA","NA","NA","NA","NA","NA","NA","NA","NA","NA","NA","NA","NA","NA","NA","NA","NA","NA","NA",1.44,"NA","NA","NA","NA","NA","NA","NA","Win-Mix","NA","NA","NA","NA","NA","NA","NA","NA","NA","Low soil fertility resulting from historical management and soil type: ""Low soil fertility enhanced the performance of the intercropped legumes"" ""Under low soil N conditions such as in the NGS, the competitiveness of the maize is reduced and the intercropped legume gains in relative competitiveness""","Planting pattern: ""within row intercrop was more productive than the other intercrop planting patterns""","Good historical management practices that maintain high organic carbon to support legume development","Low soil nutrients (nitrogen, phosphorus): net monetary benefits of grain legume declined with soil fertility and were highest in high-fertility soils; ""Soils in the NGS had a poorer N status (Table 2) suggesting that LERs increase with decreasing levels of soil N""",NA,"Supporting calculation",NA,2,2,2,2,2,2,12
138,282,"Kermah M., Franke A.C., Adjei-Nsiah S., Ahiabor B.D.K., Abaidoo R.C., Giller K.E.",2017,"Maize-grain legume intercropping for enhanced resource use efficiency and crop productivity in the Guinea savanna of northern Ghana","Kermah, M., Franke, A. C., Adjei-Nsiah, S., Ahiabor, B. D. K., Abaidoo, R. C., & Giller, K. E. (2017). Maize-grain legume intercropping for enhanced resource use efficiency and crop productivity in the Guinea savanna of northern Ghana. Field Crops Research, 213, 38-50. doi:10.1016/j.fcr.2017.07.012","Field","Quantitative","Experiment (on farm)","RC","2013-2014","2","5","3","2","4","2","2-4","5-10","Yes","Yes","Soil degradation, weather fluctuation and risk of crop failure","Ghana","Subsaharan Africa",1,"Bundunia - northern Guinea savanna","Africa","LMIC","10.833333","-1.066667","No",NA,"Experiment (on farm)","Farmer-led + support by researchers","Farmer-led + researcher/extension","Intercropping: Cereal-legume","Intercrop",1,1,0,"Row","Soil fertility experiment (At each site, three field types representing a highly fertile field (HF), a medium fertile field (MF) and a field low in fertility (LF) were selected)","Soil fertility",NA,"Grain / Soybean","Maize","Soybean",0,0,0,0,0,0,0,0,1,0,"0",NA,"25-25-30","Synthetic - below threshold","rainfed",1.24444444,"NA","NA","NA","NA","NA","NA","NA","NA","NA","NA","NA","NA","NA","NA","NA","NA","NA","NA","NA",1.46,"NA","NA","NA","NA","NA","NA","NA","Win-Mix","NA","NA","NA","NA","NA","NA","NA","NA","NA","Low soil fertility resulting from historical management and soil type: ""Low soil fertility enhanced the performance of the intercropped legumes"" ""Under low soil N conditions such as in the NGS, the competitiveness of the maize is reduced and the intercropped legume gains in relative competitiveness""","Planting pattern: ""within row intercrop was more productive than the other intercrop planting patterns""","Good historical management practices that maintain high organic carbon to support legume development","Low soil nutrients (nitrogen, phosphorus): net monetary benefits of grain legume declined with soil fertility and were highest in high-fertility soils; ""Soils in the NGS had a poorer N status (Table 2) suggesting that LERs increase with decreasing levels of soil N""",NA,"Supporting calculation",NA,2,2,2,2,2,2,12
139,282,"Kermah M., Franke A.C., Adjei-Nsiah S., Ahiabor B.D.K., Abaidoo R.C., Giller K.E.",2017,"Maize-grain legume intercropping for enhanced resource use efficiency and crop productivity in the Guinea savanna of northern Ghana","Kermah, M., Franke, A. C., Adjei-Nsiah, S., Ahiabor, B. D. K., Abaidoo, R. C., & Giller, K. E. (2017). Maize-grain legume intercropping for enhanced resource use efficiency and crop productivity in the Guinea savanna of northern Ghana. Field Crops Research, 213, 38-50. doi:10.1016/j.fcr.2017.07.013","Field","Quantitative","Experiment (on farm)","RC","2013-2014","2","5","3","2","4","2","2-4","5-10","Yes","Yes","Soil degradation, weather fluctuation and risk of crop failure","Ghana","Subsaharan Africa",1,"Bundunia - northern Guinea savanna","Africa","LMIC","10.833333","-1.066667","No",NA,"Experiment (on farm)","Farmer-led + support by researchers","Farmer-led + researcher/extension","Intercropping: Cereal-legume","Intercrop",1,1,0,"Row","Soil fertility experiment (At each site, three field types representing a highly fertile field (HF), a medium fertile field (MF) and a field low in fertility (LF) were selected)","Soil fertility",NA,"Grain / Groundnut","Maize","Groundnut",0,0,1,0,0,0,0,0,0,0,"0",NA,"25-25-30","Synthetic - below threshold","rainfed",1.04938272,"NA","NA","NA","NA","NA","NA","NA","NA","NA","NA","NA","NA","NA","NA","NA","NA","NA","NA","NA",1.46,"NA","NA","NA","NA","NA","NA","NA","Win-Mix","NA","NA","NA","NA","NA","NA","NA","NA","NA","Low soil fertility resulting from historical management and soil type: ""Low soil fertility enhanced the performance of the intercropped legumes"" ""Under low soil N conditions such as in the NGS, the competitiveness of the maize is reduced and the intercropped legume gains in relative competitiveness""","Planting pattern: ""within row intercrop was more productive than the other intercrop planting patterns""","Good historical management practices that maintain high organic carbon to support legume development","Low soil nutrients (nitrogen, phosphorus): net monetary benefits of grain legume declined with soil fertility and were highest in high-fertility soils; ""Soils in the NGS had a poorer N status (Table 2) suggesting that LERs increase with decreasing levels of soil N""",NA,"Supporting calculation",NA,2,2,2,2,2,2,12
46,776,"Bitew, Y., Alemayehu, G., Adego, E., & Assefa, A. (2019, Dec).",2019,"Boosting land use efficiency, profitability and productivity of finger millet by intercropping with grain legumes","Bitew, Y., Alemayehu, G., Adego, E., & Assefa, A. (2019). Boosting land use efficiency, profitability and productivity of finger millet by intercropping with grain legumes. Cogent Food & Agriculture, 5(1), 22. doi:10.1080/23311932.2019.1702826","Plot","Quantitative","Experiment (on farm)","RC","2017-2018","3","16","12","4","3","2","2-4","5-10","yes","yes","Planting ratio","Ethiopia","Subsaharan Africa",1,"South Achefere and Mecha districts","Africa","LIC","11.340569","36.934291999999999","Yes","""Sustainable intensification of agriculture is a means of reducing the demand for increased land resources. [...] . Indeed, several authors described
intercropping as an eco-functional intensification practice which has been widely used to boost
crop productivity, increase the land utilization ratio (Laurent et al., 2015), provide a balanced diet,
reduce labor peaks, minimize crop failure due to adverse effects of biotic and abiotic factors,
protect soil against erosion, improve the use of limited resources, increase stability of yield and
provide higher returns (Getachew et al., 2008; Tsubo, Walker, & Ogindo, 2005). ""","Experiment (on farm)","Farmer-led","Farmer-led","Intercropping millet-legume","Intercrop",1,1,0,"Row/Mixed","also studying the relationships between yield of finger millet and planting ratios in row and mixed finger millet-legume
additive design intercropping.","Varied spacing/timing",NA,"Grain / Common bean","Finger Millet","Common bean",0,0,0,0,0,0,0,1,0,0,"0","0","46-46-0 (finger millet) 18-46-0 (legumes)","Synthetic - below threshold","rainfed",1.103073646,"NA","NA","NA","NA","NA","NA","NA","NA","NA","NA","NA","NA","1.2209168800000001","NA","NA","1.2310123952511072","NA","NA","NA",1.533333333,"NA","NA","NA","NA","NA","NA","NA","Win-Win","NA","NA","NA","NA","NA","NA","NA","NA","A treatment is considered a worthy investment by the farmer if the MRR is higher than the minimal acceptable rate of return of 100%","All LER values obtained from scenario 1, 2 and 3 were
above one indicating that an advantage of intercropping over sole cropping",NA,"it could be concluded
that FM+HB RI at 100:50 planting ratio offers much opportunity to smallholder farmers for increasing
productivity of finger millet, land use efficiency and profitability and hence it would be a viable option
for increasing household food security","NA","Specifically, it could be concluded that FM+HB RI at 100:50 planting ratio offers much opportunity to smallholder farmers for increasing
productivity of finger millet, land use efficiency and profitability and hence it would be a viable option for increasing household food security.","Sup calculation",NA,2,2,2,2,2,2,12
47,776,"Bitew, Y., Alemayehu, G., Adego, E., & Assefa, A. (2019, Dec).",2019,"Boosting land use efficiency, profitability and productivity of finger millet by intercropping with grain legumes","Bitew, Y., Alemayehu, G., Adego, E., & Assefa, A. (2019). Boosting land use efficiency, profitability and productivity of finger millet by intercropping with grain legumes. Cogent Food & Agriculture, 5(1), 22. doi:10.1080/23311932.2019.1702826","Plot","Quantitative","Experiment (on farm)","RC","2017-2018","3","16","12","4","3","2","2-4","5-10","yes","yes","Planting ratio","Ethiopia","Subsaharan Africa",1,"South Achefere and Mecha districts","Africa","LIC","11.340569","36.934291999999999","Yes","""Sustainable intensification of agriculture is a means of reducing the demand for increased land resources. [...] . Indeed, several authors described
intercropping as an eco-functional intensification practice which has been widely used to boost
crop productivity, increase the land utilization ratio (Laurent et al., 2015), provide a balanced diet,
reduce labor peaks, minimize crop failure due to adverse effects of biotic and abiotic factors,
protect soil against erosion, improve the use of limited resources, increase stability of yield and
provide higher returns (Getachew et al., 2008; Tsubo, Walker, & Ogindo, 2005). ""","Experiment (on farm)","Farmer-led","Farmer-led","Intercropping millet-legume","Intercrop",1,1,0,"Row/Mixed","also studying the relationships between yield of finger millet and planting ratios in row and mixed finger millet-legume
additive design intercropping.","Varied spacing/timing",NA,"Grain / Lupin","Finger Millet","Other",0,0,0,0,0,0,0,0,0,0,"Lupin","0","46-46-0 (finger millet) 18-46-0 (legumes)","Synthetic - below threshold","rainfed",1.228667072,"NA","NA","NA","NA","NA","NA","NA","NA","NA","NA","NA","NA","1.0103223370000001","NA","NA","1.3535989805802267","NA","NA","NA",1.061666667,"NA","NA","NA","NA","NA","NA","NA","Win-Win","NA","NA","NA","NA","NA","NA","NA","NA","A treatment is considered a worthy investment by the farmer if the MRR is higher than the minimal acceptable rate of return of 100%","All LER values obtained from scenario 1, 2 and 3 were
above one indicating that an advantage of intercropping over sole cropping",NA,"it could be concluded
that FM+HB RI at 100:50 planting ratio offers much opportunity to smallholder farmers for increasing
productivity of finger millet, land use efficiency and profitability and hence it would be a viable option
for increasing household food security","NA","Specifically, it could be concluded that FM+HB RI at 100:50 planting ratio offers much opportunity to smallholder farmers for increasing
productivity of finger millet, land use efficiency and profitability and hence it would be a viable option for increasing household food security.","Sup calculation",NA,2,2,2,2,2,2,12
311,564,"Singh B.B., Ajeigbe H.",2007,"Improved cowpea-cereals-based cropping systems for household food security and poverty reduction in West Africa","Singh, B. B., & Ajeigbe, H. (2007). Improved Cowpea-Cereals-Based Cropping Systems for Household Food Security and Poverty Reduction in West Africa. Journal of Crop Improvement, 19(1-2), 157-172. doi:10.1300/J411v19n01_11","Farm","Quantitative","Experiment (on farm)","RC","2003","1","2","1","1","14","2","1","11-100","Yes","Yes","Population increase, food demands","Nigeria","Subsaharan Africa",1,"Kano State","Africa","LMIC","11.810173418217399","8.8607946035831997","No","NA","Experiment (on farm)","Farmer-led","Farmer-led","Intercropping","Intercrop",1,1,0,"Row","Different intercrop spacings; insecticide to spray cowpea at flowering and podding stages to protect from insects","Varied spacing/timing","pest management","Grain / Cowpea","Sorghum","Cowpea",0,1,0,0,0,0,0,0,0,0,"0",NA,"15:15:15","Synthetic - below threshold","rainfed",1.22393,"NA","NA","NA","NA","NA","NA","NA","NA","NA","NA","NA","NA","NA","NA","NA","2.2867284639999998","NA","NA","NA",2.605915926,"NA","NA","NA","NA","NA","NA","NA","Win-Win","Yes","Food, Economic returns (cowpea)","NA","NA","NA","NA","NA","Increased economic returns","NA","Row spacing of intercrops","Row spacing of intercrops","Profitability: ""all the participating farmers made a profit and were happy with the new system""","Row spacing of intercrops",NA,"See SuppCalc sheet  - I wasn't sure if ""fodder"" could fit into a well-being category (it provided food for farmer's livestock)",NA,0,1,1,1,1,2,6
312,564,"Singh B.B., Ajeigbe H.",2007,"Improved cowpea-cereals-based cropping systems for household food security and poverty reduction in West Africa","Singh, B. B., & Ajeigbe, H. (2007). Improved Cowpea-Cereals-Based Cropping Systems for Household Food Security and Poverty Reduction in West Africa. Journal of Crop Improvement, 19(1-2), 157-172. doi:10.1300/J411v19n01_12","Farm","Quantitative","Experiment (on farm)","RC","2002-2004","1","2","1","1","39 - 334","2","1",">100","Yes","Yes","Population increase, food demands","Nigeria","Subsaharan Africa",1,"Kano State","Africa","LMIC","11.810173418217399","8.8607946035831997","No","NA","Experiment (on farm)","Farmer-led","Farmer-led","Intercropping","Intercrop",1,1,0,"Row","Different intercrop spacings; insecticide to spray cowpea at flowering and podding stages to protect from insects","Varied spacing/timing","pest management","Grain / Cowpea","Sorghum","Cowpea",0,1,0,0,0,0,0,0,0,0,"0",NA,"15:15:15","Synthetic - below threshold","rainfed",3.79435364,"NA","NA","NA","NA","NA","NA","NA","NA","NA","NA","NA","NA","NA","NA","NA","3.7688467839999999","NA","NA","NA",2.3833927,"NA","NA","NA","NA","NA","NA","NA","Win-Win","Yes","Food, Economic returns (cowpea)","NA","NA","NA","NA","NA","Increased economic returns","NA","Row spacing of intercrops","Row spacing of intercrops","Profitability: ""Rabi Abdulrahman, a woman farmer in Bichi, Kano states, “I depended on my husband for everything. And with the household having more than one wife, there was a strain on who was to get the provisions and who was to be left out. Now that I have income from the improved cowpea, I am able to make decisions concerning the household without bothering my husband. In the past my husband would buy standard books to be shared among all the wives’ children, but I am now able to buy specialized books that can help my children. I am also able to supplement my children’s diet with additional food that I grow myself.”","Row spacing of intercrops",NA,"See SuppCalc sheet  - I wasn't sure if ""fodder"" could fit into a well-being category (it provided food for farmer's livestock)",NA,0,1,1,1,1,0,4
308,564,"Singh B.B., Ajeigbe H.",2007,"Improved cowpea-cereals-based cropping systems for household food security and poverty reduction in West Africa","Singh, B. B., & Ajeigbe, H. (2007). Improved Cowpea-Cereals-Based Cropping Systems for Household Food Security and Poverty Reduction in West Africa. Journal of Crop Improvement, 19(1-2), 157-172. doi:10.1300/J411v19n01_08","Plot","Quantitative","Experiment (research station)","E/M","2001","1","6","4","2","1","1","1","1-2","Yes","Yes","Population increase, food demands","Nigeria","Subsaharan Africa",1,"International Institute of Tropical Agriculture, Kano State","Africa","LMIC","11.980343","8.5581960000000006","No","NA","Experiment (research station)","Researcher-led","Researcher-led","Intercropping","Intercrop",1,1,0,"Row","Different intercrop spacings; insecticide to spray cowpea at flowering and podding stages to protect from insects","Varied spacing/timing","pest management","Grain / Cowpea","Millet","Cowpea",0,1,0,0,0,0,0,0,0,0,"0",NA,"15:15:15","Synthetic - below threshold","rainfed",0.82107496,"NA","NA","NA","NA","NA","NA","NA","NA","NA","NA","NA","NA","NA","NA","NA","1.342054691","NA","NA","NA",0.9625,"NA","NA","NA","NA","NA","NA","NA","Lose-Mix","NA","NA","NA","NA","NA","NA","NA","NA","NA","Row spacing of intercrops","type of main crop - ""the cowpea yield under the 1 row millet-1 row cowpea system was much lower than expected due to a severe competition with millet""",NA,NA,NA,"See SuppCalc sheet",NA,0,1,1,1,1,2,6
309,564,"Singh B.B., Ajeigbe H.",2007,"Improved cowpea-cereals-based cropping systems for household food security and poverty reduction in West Africa","Singh, B. B., & Ajeigbe, H. (2007). Improved Cowpea-Cereals-Based Cropping Systems for Household Food Security and Poverty Reduction in West Africa. Journal of Crop Improvement, 19(1-2), 157-172. doi:10.1300/J411v19n01_09","Plot","Quantitative","Experiment (research station)","E/M","2001","1","6","4","2","1","1","1","1-2","Yes","Yes","Population increase, food demands","Nigeria","Subsaharan Africa",1,"International Institute of Tropical Agriculture, Kano State","Africa","LMIC","11.980343","8.5581960000000006","No","NA","Experiment (research station)","Researcher-led","Researcher-led","Intercropping","Intercrop",1,1,0,"Row","Different intercrop spacings; insecticide to spray cowpea at flowering and podding stages to protect from insects","Varied spacing/timing","pest management","Grain / Cowpea","Sorghum","Cowpea",0,1,0,0,0,0,0,0,0,0,"0",NA,"15:15:15","Synthetic - below threshold","rainfed",0.98352232,"NA","NA","NA","NA","NA","NA","NA","NA","NA","NA","NA","NA","NA","NA","NA","1.6526367120000001","NA","NA","NA",1,"NA","NA","NA","NA","NA","NA","NA","Lose-Mix","NA","NA","NA","NA","NA","NA","NA","NA","NA","Row spacing of intercrops","type of main crop - ""the cowpea yield under the 1 row millet-1 row cowpea system was much lower than expected due to a severe competition [with main crop]""",NA,NA,NA,"See SuppCalc sheet",NA,0,1,1,1,1,2,6
378,699,"Zougmore R., Kambou F.N., Ouattara K., Guillobez S.",2000,"Sorghum-cowpea intercropping: An effective technique against runoff and soil erosion in the sahel (saria, burkina faso)","Zougmore, R., Kambou, F. N., Ouattara, K., & Guillobez, S. (2000). Sorghum-cowpea Intercropping: An Effective Technique Against Runoff and Soil Erosion in the Sahel (Saria, Burkina Faso). Arid Soil Research and Rehabilitation, 14(4), 329-342. doi:10.1080/08903060050136441","Plot","Quantitative","Experiment (on farm)","E/M","1993-1995","3","5","2","3","1","1","2-4","1-2","Yes","Yes","Climate, water shortages","Burkina Faso","Subsaharan Africa",1,"Saria village","Africa","LIC","12.2754198093907","-2.1558648385594301","No","NA","Experiment (on farm)","Farmer-led","Farmer-led","Intercropping: Cereal-legume","Intercrop",1,0,0,"Row","Existing farmers' practices- ploughing (cattle drawn)","Existing farmers' practices",NA,"Grain / Cowpea","Sorghum","Cowpea",0,1,0,0,0,0,0,0,0,0,"0","0","0-0-0","Synthetic - below threshold","rainfed",1.7,"NA","NA","NA","NA","NA","NA","NA","NA","1.5976458154563657","NA","1.8258577596000909","NA","NA","NA","NA","NA","NA","NA","NA",1.63333333333333,"NA","NA","NA","NA","NA","NA","NA","Win-Win","NA","NA","NA","NA","NA","NA","NA","droughts, climate (arid/semi-arid zones): ""in arid and semiarid zones where water supply is a major constraint, a cowpea soil cover favors inÐltration and thus results in greater available water reserves. Crops are thus better able to withstand recurrent droughts.""","NA","High rainfall (sorghum monoculture had 4 times more runoff than intercrop during very high rainfall year of 910mm, and approx twice runoff of intercrop during less wet years)","Ploughing/tillage (increased soil displacement and runoff)","NA","NA",NA,"Mean increase in grain yield reported page 338 ""Crop yields""; Table 1 - reduction in surface water loss (Ps+c/Ps); Table 2 - Soil formation (Ps+c/Ps); Table 4- natural capital (average);",NA,0,2,2,1,2,2,9
310,564,"Singh B.B., Ajeigbe H.",2007,"Improved cowpea-cereals-based cropping systems for household food security and poverty reduction in West Africa","Singh, B. B., & Ajeigbe, H. (2007). Improved Cowpea-Cereals-Based Cropping Systems for Household Food Security and Poverty Reduction in West Africa. Journal of Crop Improvement, 19(1-2), 157-172. doi:10.1300/J411v19n01_10","Farm","Quantitative","Experiment (on farm)","RC","2003","1","2","1","1","13","2","1","11-100","Yes","Yes","Population increase, food demands","Nigeria","Subsaharan Africa",1,"Kaduna State (Ungwa Namama)","Africa","LMIC","12.760555999999999","4.0374999999999996","No","NA","Experiment (on farm)","Farmer-led","Farmer-led","Intercropping","Intercrop",1,1,0,"Row","Different intercrop spacings; insecticide to spray cowpea at flowering and podding stages to protect from insects","Varied spacing/timing","pest management","Grain / Cowpea","Maize","Cowpea",0,1,0,0,0,0,0,0,0,0,"0",NA,"15:15:15","Synthetic - below threshold","rainfed",1.06546415,"NA","NA","NA","NA","NA","NA","NA","NA","NA","NA","NA","NA","NA","NA","NA","1.4154350440000001","NA","NA","NA",1.5587045,"NA","NA","NA","NA","NA","NA","NA","Win-Win","Yes","Food, Economic returns (cowpea)","NA","NA","NA","NA","NA","Increased economic returns","NA","Row spacing of intercrops","Row spacing of intercrops","Profitability: ""all the participating farmers made a profit and were happy with the new system""","Row spacing of intercrops",NA,"See SuppCalc sheet  - I wasn't sure if ""fodder"" could fit into a well-being category (it provided food for farmer's livestock)",NA,0,1,1,1,1,2,6
313,564,"Singh B.B., Ajeigbe H.",2007,"Improved cowpea-cereals-based cropping systems for household food security and poverty reduction in West Africa","Singh, B. B., & Ajeigbe, H. (2007). Improved Cowpea-Cereals-Based Cropping Systems for Household Food Security and Poverty Reduction in West Africa. Journal of Crop Improvement, 19(1-2), 157-172. doi:10.1300/J411v19n01_13","Farm","Quantitative","Experiment (on farm)","RC","2002-2004","1","2","1","1","55 - 324","2","1",">100","Yes","Yes","Population increase, food demands","Nigeria","Subsaharan Africa",1,"Kaduna State (Ungwa Namama)","Africa","LMIC","12.760555999999999","4.0374999999999996","No","NA","Experiment (on farm)","Farmer-led","Farmer-led","Intercropping","Intercrop",1,1,0,"Row","Different intercrop spacings; insecticide to spray cowpea at flowering and podding stages to protect from insects","Varied spacing/timing","pest management","Grain / Cowpea","Maize","Cowpea",0,1,0,0,0,0,0,0,0,0,"0",NA,"15:15:15","Synthetic - below threshold","rainfed",2.81400084,"NA","NA","NA","NA","NA","NA","NA","NA","NA","NA","NA","NA","NA","NA","NA","3.4411323469999999","NA","NA","NA",1.8876078,"NA","NA","NA","NA","NA","NA","NA","Win-Win","Yes","Food, Economic returns (cowpea)","NA","NA","NA","NA","NA","Increased economic returns","NA","Row spacing of intercrops","Row spacing of intercrops","Profitability: ""all the participating farmers made a profit and were happy with the new system""","Row spacing of intercrops",NA,"See SuppCalc sheet  - I wasn't sure if ""fodder"" could fit into a well-being category (it provided food for farmer's livestock)",NA,0,1,1,1,1,0,4
304,731,"Shivaramu HS, Shivashankar K.",1992,"PERFORMANCE OF SUNFLOWER (HELIANTHUS-ANNUUS) AND SOYBEAN (GLYCINE-MAX) IN INTERCROPPING WITH DIFFERENT PLANT-POPULATIONS AND PLANTING PATTERNS","Shivaramu, H. S., & Shivashankar, K. (1992). PERFORMANCE OF SUNFLOWER (HELIANTHUS-ANNUUS) AND SOYBEAN (GLYCINE-MAX) IN INTERCROPPING WITH DIFFERENT PLANT-POPULATIONS AND PLANTING PATTERNS. Indian Journal of Agronomy, 37(2), 231-236.","Plot","Quantitative","Experiment (research station)","E/M","1988-1989","2","14","12","2","3","1","2-4","3-4","Yes (but also studying different population levels (planting density) & planting patterns(geometry))","Yes (but also studying different population levels & planting patterns)","Need for higher poroductivity and returns","India","South Asia",2,"Bangalore","Asia","LMIC","12.979119000000001","77.591300000000004","No","NA","Experiment (research station)","Researcher-led","Researcher-led","Intercropping:sunflower-soybean","Intercrop",1,0,0,"NA","different population levels (planting density) & planting patterns(geometry))","Varied spacing/timing",NA,"Grain / Soybean","Sunflower","Soybean",0,0,0,0,0,0,0,0,1,0,"0","0","NA","Unknown","rainfed",1.19700661329621,"NA","NA","NA","NA","NA","NA","NA","NA","NA","NA","NA","NA","1.3135830665075319","NA","NA","1.4486727386282774","NA","NA","NA",1.39,"NA","NA","NA","NA","NA","NA","NA","Win-Win","NA","NA","NA","NA","NA","NA","NA","intercropping generated higher mean income, better LERm higher productivity","NA","NA","NA","intercropping generated higher mean income, better LERm higher productivity","NA",NA,"table 1_yields sunflower, table 2 yields soybean, table3_biomass, gross income, LER Shivaramu1992_",NA,2,2,1,1,2,2,10
182,742,"Mohan, H.M., Chittapur, B.M., Hiremath, S.M",2013,"EVALUATION OF RICEBEAN AND FRENCHBEAN AS INTERCROPS WITH MAIZE UNDER DIFFERENT ROW PROPORTIONS IN THE PENINSULAR REGION","Mohan, H. M., Chittapur, B. M., & Hiremath, S. M. (2013). EVALUATION OF RICEBEAN AND FRENCHBEAN AS INTERCROPS WITH MAIZE UNDER DIFFERENT ROW PROPORTIONS IN THE PENINSULAR REGION. Legume Research, 36(4), 338-343.","Plot","Quantitative","Experiment (research station)","E/M","2022","1","11","6","5","3","1","1","3-4","Not exclusively (also studying impact of differen row spacing and plants density ratio)","Not exclusively (also studying impact of differen row spacing and plants density ratio)","Food security,nutritional security, nutirtional security, need to find another legume because soybean has been affected by rust disease.","India","South Asia",2,"Main Agricultural Research Station, Dharwad, Karnataka","Asia","LMIC","15.463467","75.045457999999996","No","NA","Experiment (research station)","Researcher-led","Researcher-led","Intercropping:maize-legume","Intercrop",1,1,0,"NA","also studying impact of differen row spacing and plants density ratio)","Varied spacing/timing",NA,"Grain / Rice bean","Maize","Ricebean",0,0,0,0,0,0,0,0,0,0,"Rice bean (Vigna umbellate)","0","75-75-37.5","Synthetic - below threshold","rainfed",1.34362549800797,"NA","NA","NA","NA","NA","NA","NA","NA","NA","NA","NA","1.2412698412698413","0.98752645477871615","NA","NA","1.371451509312781","1.1488250652741514","NA","NA",1.66,"1.2273684210526317","NA","NA","NA","NA","NA","NA","Win-Win","NA","NA","NA","NA","NA","NA","study revealed the possibility of
intercropping of non-conventional legumes namely
ricebean and frenchbean in 1:2 row proportions with
maize, while maize + frenchbean assured more
income due higher market price of frenchbean,
ricebean produced comparable maize equivalent
yield as that of recommended maize + soybean
system. However, protein yield was the highest with
the latter intercropping","Frenchbean as row intercrop in maize grown
in 1:2 row proportion in the Northern transitional
zone of Karnataka produced higher maize equivalent
yield (8068 kg ha-1) and assured more income (Rs.
29 054/- ha-1) while, intercropped ricebean was
comparable to maize + soybean in productivity.
Maize + soybean had higher protein output (851 kg
ha-1) than other systems.","NA","All the intercropping systems
assured better utilization of natural resources viz.,
land, light nutrients and water besides maintained
better available soil nitrogen status after crop harvest.","NA","NA","NA",NA,"Table 3_ yield, LER, BC ratio, protein yield, N uptake",NA,2,1,2,2,2,2,11
183,742,"Mohan, H.M., Chittapur, B.M., Hiremath, S.M",2013,"EVALUATION OF RICEBEAN AND FRENCHBEAN AS INTERCROPS WITH MAIZE UNDER DIFFERENT ROW PROPORTIONS IN THE PENINSULAR REGION","Mohan, H. M., Chittapur, B. M., & Hiremath, S. M. (2013). EVALUATION OF RICEBEAN AND FRENCHBEAN AS INTERCROPS WITH MAIZE UNDER DIFFERENT ROW PROPORTIONS IN THE PENINSULAR REGION. Legume Research, 36(4), 338-343.","Plot","Quantitative","Experiment (research station)","E/M","2022","1","11","9","2","3","1","1","3-4","Not exclusively (also studying impact of differen row spacing and plants density ratio)","Not exclusively (also studying impact of differen row spacing and plants density ratio)","Food security,nutritional security, nutirtional security, need to find another legume because soybean has been affected by rust disease.","India","South Asia",2,"Main Agricultural Research Station, Dharwad, Karnataka","Asia","LMIC","15.463467","75.045457999999996","No","NA","Experiment (research station)","Researcher-led","Researcher-led","Intercropping:maize-legume","Intercrop",1,1,0,"NA","also studying impact of differen row spacing and plants density ratio)","Varied spacing/timing",NA,"Grain / Common bean","Maize","Common bean",0,0,0,0,0,0,0,1,0,0,"0","0","75-75-37.5","Synthetic - below threshold","rainfed",1.68193891102258,"NA","NA","NA","NA","NA","NA","NA","NA","NA","NA","NA","1.2317460317460318","0.98570973723147204","NA","NA","1.7503532434168272","1.2845953002610966","NA","NA",1.695,"1.26","NA","NA","NA","NA","NA","NA","Win-Win","NA","NA","NA","NA","NA","NA","study revealed the possibility of
intercropping of non-conventional legumes namely
ricebean and frenchbean in 1:2 row proportions with
maize, while maize + frenchbean assured more
income due higher market price of frenchbean,
ricebean produced comparable maize equivalent
yield as that of recommended maize + soybean
system. However, protein yield was the highest with
the latter intercropping","Frenchbean as row intercrop in maize grown
in 1:2 row proportion in the Northern transitional
zone of Karnataka produced higher maize equivalent
yield (8068 kg ha-1) and assured more income (Rs.
29 054/- ha-1) while, intercropped ricebean was
comparable to maize + soybean in productivity.
Maize + soybean had higher protein output (851 kg
ha-1) than other systems.","NA","All the intercropping systems
assured better utilization of natural resources viz.,
land, light nutrients and water besides maintained
better available soil nitrogen status after crop harvest.","NA","NA","NA",NA,"Table 3_ yield, LER, BC ratio, protein yield, N uptake",NA,2,1,2,2,2,2,11
184,742,"Mohan, H.M., Chittapur, B.M., Hiremath, S.M",2013,"EVALUATION OF RICEBEAN AND FRENCHBEAN AS INTERCROPS WITH MAIZE UNDER DIFFERENT ROW PROPORTIONS IN THE PENINSULAR REGION","Mohan, H. M., Chittapur, B. M., & Hiremath, S. M. (2013). EVALUATION OF RICEBEAN AND FRENCHBEAN AS INTERCROPS WITH MAIZE UNDER DIFFERENT ROW PROPORTIONS IN THE PENINSULAR REGION. Legume Research, 36(4), 338-343.","Plot","Quantitative","Experiment (research station)","E/M","2022","1","11","9","2","3","1","1","3-4","Not exclusively (also studying impact of differen row spacing and plants density ratio)","Not exclusively (also studying impact of differen row spacing and plants density ratio)","Food security,nutritional security, nutirtional security, need to find another legume because soybean has been affected by rust disease.","India","South Asia",2,"Main Agricultural Research Station, Dharwad, Karnataka","Asia","LMIC","15.463467","75.045457999999996","No","NA","Experiment (research station)","Researcher-led","Researcher-led","Intercropping:maize-legume","Intercrop",1,1,0,"NA","also studying impact of differen row spacing and plants density ratio)","Varied spacing/timing",NA,"Grain / Soybean","Maize","Soybean",0,0,0,0,0,0,0,0,1,0,"0","0","75-75-37.5","Synthetic - below threshold","rainfed",1.34783089862771,"NA","NA","NA","NA","NA","NA","NA","NA","NA","NA","NA","1.5111111111111111","0.99258329743599338","NA","NA","1.35","1.0861618798955615","NA","NA",1.695,"1.7","NA","NA","NA","NA","NA","NA","Win-Win","NA","NA","NA","NA","NA","NA","study revealed the possibility of
intercropping of non-conventional legumes namely
ricebean and frenchbean in 1:2 row proportions with
maize, while maize + frenchbean assured more
income due higher market price of frenchbean,
ricebean produced comparable maize equivalent
yield as that of recommended maize + soybean
system. However, protein yield was the highest with
the latter intercropping","Frenchbean as row intercrop in maize grown
in 1:2 row proportion in the Northern transitional
zone of Karnataka produced higher maize equivalent
yield (8068 kg ha-1) and assured more income (Rs.
29 054/- ha-1) while, intercropped ricebean was
comparable to maize + soybean in productivity.
Maize + soybean had higher protein output (851 kg
ha-1) than other systems.","NA","All the intercropping systems
assured better utilization of natural resources viz.,
land, light nutrients and water besides maintained
better available soil nitrogen status after crop harvest.","NA","NA","NA",NA,"Table 3_ yield, LER, BC ratio, protein yield, N uptake",NA,2,1,2,2,2,2,11
170,367,"Manjunath M.G., Salakinkop S.R., Somanagouda G.",2018,"Productivity and profitability of soybean based millets intercropping systems","Manjunath, M. G., Salakinkop, S. R., & Somanagouda, G. (2018). Productivity and profitability of soybean based millets intercropping systems. Research on Crops, 19(1), 43-47. doi:10.5958/2348-7542.2018.00006.2","Plot","Quantitative","Experiment (research station)","E/M","2016","1","10","7","3","3","1","1","3-4","Yes","Yes","Intercropping reduces crop failure, is barrier for pests, improve soil fertility and make farmers self-sufficient","India","South Asia",2,"Agricultural Research Station, Bailhongal, Belagavi district, Karnataka","Asia","LMIC","15.826447","74.786961000000005","No",NA,"Experiment (research station)","Researcher-led","Researcher-led","Intercropping: Cereal-legume","Intercrop",1,1,0,"Row","Existing farmers' practices","Existing farmers' practices",NA,"Grain / Soybean","Millet (foxtail)","Soybean",0,0,0,0,0,0,0,0,1,0,"0",NA,"NA","Unknown","rainfed",1.22146239,"NA","NA","NA","NA","NA","NA","NA","NA","NA","NA","NA","NA","0.93059270000000005","NA","NA","2.1936802489999998","NA","NA","NA",1.495,"NA","NA","NA","NA","NA","NA","NA","Mix-Win","NA","NA","NA","NA","NA","NA","NA","NA","NA","Crop choice: ""efficient utilization of available resources viz., space, nutrients and light compared to other intercropping systems""","Planting pattern: lower dry matter production and leaf area in less dense planting (4:2 legume/cereal vs 2:1)","Market prices, crop combination: ""higher market prices coupled with better utilization of resources""","Planting pattern: slight economic benefit of denser planting (4:2 legume/cereal vs 2:1)","See supporting alculations tab","Table 4. Production and profitability of soybean and millets in intercropping systems, Table 1. Growth attributes of soybean and millets in intercropping systems, Table 2. Total dry matter production in soybean and millets in intercropping systems (g plant -1)",NA,2,1,2,1,2,2,10
171,367,"Manjunath M.G., Salakinkop S.R., Somanagouda G.",2018,"Productivity and profitability of soybean based millets intercropping systems","Manjunath, M. G., Salakinkop, S. R., & Somanagouda, G. (2018). Productivity and profitability of soybean based millets intercropping systems. Research on Crops, 19(1), 43-47. doi:10.5958/2348-7542.2018.00006.3","Plot","Quantitative","Experiment (research station)","E/M","2016","1","10","7","3","3","1","1","3-4","Yes","Yes","Intercropping reduces crop failure, is barrier for pests, improve soil fertility and make farmers self-sufficient","India","South Asia",2,"Agricultural Research Station, Bailhongal, Belagavi district, Karnataka","Asia","LMIC","15.826447","74.786961000000005","No",NA,"Experiment (research station)","Researcher-led","Researcher-led","Intercropping: Cereal-legume","Intercrop",1,1,0,"Row","Existing farmers' practices","Existing farmers' practices",NA,"Grain / Soybean","Millet (finger)","Soybean",0,0,0,0,0,0,0,0,1,0,"0",NA,"NA","Unknown","rainfed",1.1734072,"NA","NA","NA","NA","NA","NA","NA","NA","NA","NA","NA","NA","0.825654","NA","NA","2.1704203930000001","NA","NA","NA",1.46,"NA","NA","NA","NA","NA","NA","NA","Mix-Win","NA","NA","NA","NA","NA","NA","NA","NA","NA","Crop choice: ""efficient utilization of available resources viz., space, nutrients and light compared to other intercropping systems""","Planting pattern: lower dry matter production and leaf area in less dense planting (4:2 legume/cereal vs 2:1)","Market prices, crop combination: ""higher market prices coupled with better utilization of resources""","Planting pattern: slight economic benefit of denser planting (4:2 legume/cereal vs 2:1)","See supporting alculations tab","Table 4. Production and profitability of soybean and millets in intercropping systems, Table 1. Growth attributes of soybean and millets in intercropping systems, Table 2. Total dry matter production in soybean and millets in intercropping systems (g plant -1)",NA,2,1,2,1,2,2,10
172,367,"Manjunath M.G., Salakinkop S.R., Somanagouda G.",2018,"Productivity and profitability of soybean based millets intercropping systems","Manjunath, M. G., Salakinkop, S. R., & Somanagouda, G. (2018). Productivity and profitability of soybean based millets intercropping systems. Research on Crops, 19(1), 43-47. doi:10.5958/2348-7542.2018.00006.4","Plot","Quantitative","Experiment (research station)","E/M","2016","1","10","7","3","3","1","1","3-4","Yes","Yes","Intercropping reduces crop failure, is barrier for pests, improve soil fertility and make farmers self-sufficient","India","South Asia",2,"Agricultural Research Station, Bailhongal, Belagavi district, Karnataka","Asia","LMIC","15.826447","74.786961000000005","No",NA,"Experiment (research station)","Researcher-led","Researcher-led","Intercropping: Cereal-legume","Intercrop",1,1,0,"Row","Existing farmers' practices","Existing farmers' practices",NA,"Grain / Soybean","Millet (little)","Soybean",0,0,0,0,0,0,0,0,1,0,"0",NA,"NA","Unknown","rainfed",1.28172255,"NA","NA","NA","NA","NA","NA","NA","NA","NA","NA","NA","NA","0.77932729999999995","NA","NA","2.6167059620000002","NA","NA","NA",1.38,"NA","NA","NA","NA","NA","NA","NA","Mix-Win","NA","NA","NA","NA","NA","NA","NA","NA","NA","Crop choice: ""efficient utilization of available resources viz., space, nutrients and light compared to other intercropping systems""","Planting pattern: lower dry matter production and leaf area in less dense planting (4:2 legume/cereal vs 2:1)","Market prices, crop combination: ""higher market prices coupled with better utilization of resources""","Planting pattern: slight economic benefit of denser planting (4:2 legume/cereal vs 2:1)","See supporting alculations tab","Table 4. Production and profitability of soybean and millets in intercropping systems, Table 1. Growth attributes of soybean and millets in intercropping systems, Table 2. Total dry matter production in soybean and millets in intercropping systems (g plant -1)",NA,2,1,2,1,2,2,10
265,505,"Reddy P.R.R., Mohammad S.",2009,"Evaluation of cotton (Gossypium hirsutum)-based intercropping system through different approaches under rainfed conditions","Reddy, P. R. R., & Mohammad, S. (2009). Evaluation of cotton (Gossypium hirsutum)-based intercropping system through different approaches under rainfed conditions. Indian Journal of Agricultural Sciences, 79(3), 210-214.","Plot","Quantitative","Experiment (research station)","E/M","2004-2005","2","7","5","2","3","1","2-4","3-4","Yes","Yes","Intercropping increases yields, insurance against crop failure, pest control, soybean provides self consumption and groundnut provides oil","India","South Asia",2,"Regional Agricultural Research Station Warangal","Asia","LMIC","18.05","79.366667000000007","No",NA,"Experiment (research station)","Researcher-led","Researcher-led","Intercropping (Cereal-legume)","Intercrop",1,0,0,"Row","Existing farmers' practices","Existing farmers' practices",NA,"Non-Grain / Soybean","Cotton","Soybean",0,0,0,0,0,0,0,0,1,0,"0","Sesame","120:60:60","Synthetic - below threshold","rainfed",0.966924700914849,"NA","NA","NA","NA","NA","NA","NA","NA","NA","NA","NA","NA","NA","NA","NA","1.03","NA","NA","NA",1.165,"NA","NA","NA","NA","NA","NA","NA","Lose-Win","NA","NA","NA","NA","NA","NA","NA","NA","NA","NA","NA","NA","Relative net returns of intercropping with soybean are not profitable than the sole crop of cotton.","NA","Table1_Yield, Table 2 land equivalent ratio and net returns",NA,2,2,2,2,2,2,12
266,505,"Reddy P.R.R., Mohammad S.",2009,"Evaluation of cotton (Gossypium hirsutum)-based intercropping system through different approaches under rainfed conditions","Reddy, P. R. R., & Mohammad, S. (2009). Evaluation of cotton (Gossypium hirsutum)-based intercropping system through different approaches under rainfed conditions. Indian Journal of Agricultural Sciences, 79(3), 210-214.","Plot","Quantitative","Experiment (research station)","E/M","2004-2005","2","7","5","2","3","1","2-4","3-4","Yes","Yes","Intercropping increases yields, insurance against crop failure, pest control, soybean provides self consumption and groundnut provides oil","India","South Asia",2,"Regional Agricultural Research Station Warangal","Asia","LMIC","18.05","79.366667000000007","No",NA,"Experiment (research station)","Researcher-led","Researcher-led","Intercropping (Cereal-legume)","Intercrop",1,0,0,"Row","Existing farmers' practices","Existing farmers' practices",NA,"Non-Grain / Mungbean","Cotton","Mungbean",0,0,0,0,1,0,0,0,0,0,"0","Sesame","5.0423611111111111","Synthetic - below threshold","rainfed",1.265306122,"NA","NA","NA","NA","NA","NA","NA","NA","NA","NA","NA","NA","NA","NA","NA","1.33","NA","NA","NA",1.415,"NA","NA","NA","NA","NA","NA","NA","Win-Win","NA","NA","NA","NA","NA","NA","NA","NA","NA","NA","NA","NA","NA","NA","Table1_Yield, Table 2 land equivalent ratio and net returns",NA,2,2,2,2,2,2,12
267,505,"Reddy P.R.R., Mohammad S.",2009,"Evaluation of cotton (Gossypium hirsutum)-based intercropping system through different approaches under rainfed conditions","Reddy, P. R. R., & Mohammad, S. (2009). Evaluation of cotton (Gossypium hirsutum)-based intercropping system through different approaches under rainfed conditions. Indian Journal of Agricultural Sciences, 79(3), 210-214.","Plot","Quantitative","Experiment (research station)","E/M","2004-2005","2","7","5","2","3","1","2-4","3-4","Yes","Yes","Intercropping increases yields, insurance against crop failure, pest control, soybean provides self consumption and groundnut provides oil","India","South Asia",2,"Regional Agricultural Research Station Warangal","Asia","LMIC","18.05","79.366667000000007","No",NA,"Experiment (research station)","Researcher-led","Researcher-led","Intercropping (Cereal-legume)","Intercrop",1,0,0,"Row","Existing farmers' practices","Existing farmers' practices",NA,"Non-Grain / Black Gram","Cotton","Mungbean/Black gram",0,0,0,0,0,0,0,0,0,0,"Black gram","Sesame","120:60:60","Synthetic - below threshold","rainfed",1.27797325826882,"NA","NA","NA","NA","NA","NA","NA","NA","NA","NA","NA","NA","NA","NA","NA","1.3399999999999999","NA","NA","NA",1.46,"NA","NA","NA","NA","NA","NA","NA","Win-Win","NA","NA","NA","NA","NA","NA","NA","NA","NA","NA","NA","NA","NA","NA","Table1_Yield, Table 2 land equivalent ratio and net returns",NA,2,2,2,2,2,2,12
268,505,"Reddy P.R.R., Mohammad S.",2009,"Evaluation of cotton (Gossypium hirsutum)-based intercropping system through different approaches under rainfed conditions","Reddy, P. R. R., & Mohammad, S. (2009). Evaluation of cotton (Gossypium hirsutum)-based intercropping system through different approaches under rainfed conditions. Indian Journal of Agricultural Sciences, 79(3), 210-214.","Plot","Quantitative","Experiment (research station)","E/M","2004-2005","2","7","5","2","3","1","2-4","3-4","Yes","Yes","Intercropping increases yields, insurance against crop failure, pest control, soybean provides self consumption and groundnut provides oil","India","South Asia",2,"Regional Agricultural Research Station Warangal","Asia","LMIC","18.05","79.366667000000007","No",NA,"Experiment (research station)","Researcher-led","Researcher-led","Intercropping (Cereal-legume)","Intercrop",1,0,0,"Row","Existing farmers' practices","Existing farmers' practices",NA,"Non-Grain / Cowpea","Cotton","Cowpea",0,1,0,0,0,0,0,0,0,0,"0","Sesame","120:60:60","Synthetic - below threshold","rainfed",1.2512315270936,"NA","NA","NA","NA","NA","NA","NA","NA","NA","NA","NA","NA","NA","NA","NA","1.335","NA","NA","NA",1.505,"NA","NA","NA","NA","NA","NA","NA","Win-Win","NA","NA","NA","NA","NA","NA","NA","NA","NA","NA","NA","NA","NA","NA","Table1_Yield, Table 2 land equivalent ratio and net returns",NA,2,2,2,2,2,2,12
269,505,"Reddy P.R.R., Mohammad S.",2009,"Evaluation of cotton (Gossypium hirsutum)-based intercropping system through different approaches under rainfed conditions","Reddy, P. R. R., & Mohammad, S. (2009). Evaluation of cotton (Gossypium hirsutum)-based intercropping system through different approaches under rainfed conditions. Indian Journal of Agricultural Sciences, 79(3), 210-214.","Plot","Quantitative","Experiment (research station)","E/M","2004-2005","2","7","5","2","3","1","2-4","3-4","Yes","Yes","Intercropping increases yields, insurance against crop failure, pest control, soybean provides self consumption and groundnut provides oil","India","South Asia",2,"Regional Agricultural Research Station Warangal","Asia","LMIC","18.05","79.366667000000007","No",NA,"Experiment (research station)","Researcher-led","Researcher-led","Intercropping (Cereal-legume)","Intercrop",1,0,0,"Row","Existing farmers' practices","Existing farmers' practices",NA,"Non-Grain / Groundnut","Cotton","Groundnut",0,0,1,0,0,0,0,0,0,0,"0","Sesame","120:60:60","Synthetic - below threshold","rainfed",1.0387051372273,"NA","NA","NA","NA","NA","NA","NA","NA","NA","NA","NA","NA","NA","NA","NA","1.125","NA","NA","NA",1.155,"NA","NA","NA","NA","NA","NA","NA","Win-Win","NA","NA","NA","NA","NA","NA","NA","NA","NA","NA","NA","NA","Relative net returns of intercropping with groundnut are not profitable than the sole crop of cotton.","NA","Table1_Yield, Table 2 land equivalent ratio and net returns",NA,2,2,2,2,2,2,12
201,412,"Narkhede W.N., Deshmukh M.S., Bhale V.M., Gill M.S., Gadade G.D., More S.S.",2011,"Diversification of cropping systems under assured irrigated conditions in central plateau zone of Maharashtra","Narkhede, W. N., Deshmukh, M. S., Bhale, V. M., Gill, M. S., Gadade, G. D., & More, S. S. (2011). Diversification of cropping systems under assured irrigated conditions in central plateau zone of Maharashtra. Indian Journal of Agronomy, 56(2), 104-108.","Plot","Quantitative","Experiment (research station)","E/M","2005-2007","3","2","1","1","3","1","2-4","3-4","Yes","Yes",NA,"India","South Asia",2,"Marathwada Krishi Vidyapeeth, Parbhani","Asia","LMIC","19.266667000000002","76.783332999999999","No",NA,"Experiment (research station)","Researcher-led","Researcher-led","Rotation","Rotation",1,0,0,"Rotation","Existing farmers' practices","Existing farmers' practices",NA,"Grain / Cowpea","Maize-wheat","Cowpea",0,1,0,0,0,0,0,0,0,0,"0",NA,"100-50-50","Synthetic - below threshold","irrigation",1.16,"NA","NA","NA","NA","NA","NA","NA","NA","NA","NA","NA","1.0976361790983022","NA","NA","NA","1.0161023947151115","NA","NA","1.2097378277153559",0.9358,"NA","NA","NA","NA","NA","NA","NA","Win-Mix","NA","NA","NA","NA","NA","NA","NA","NA","NA","NA","NA","NA","NA","NA","Table 1 (yield/incom); soil N (Table 4); Labour req. (Table 2)",NA,2,2,2,2,2,2,12
33,779,"Bastia, D. K., Behera, S. K., & Panda, M. R. (2021, Dec).",2021,"Impacts of soil fertility management on productivity and economics of rice and fodder intercropping systems under rainfed conditions in Odisha, India","Bastia, D. K., Behera, S. K., & Panda, M. R. (2021). Impacts of soil fertility management on productivity and economics of rice and fodder intercropping systems under rainfed conditions in Odisha, India. Journal of Integrative Agriculture, 20(12), 3114-3126. doi:10.1016/s2095-3119(20)63591-2","Plot","Quantitative","Experiment (research station)","E/M","2015-2017","3","9","6","3","3","1","2-4","3-4","Not exclusively (also asessing influence of different fertilizing treatments: N1, application of farm yard manure (FYM) at 5 t ha–1; N2, application of inorganic fertilizer (RDF of rice, 60:30:30 kg ha–1 of N:P2O5:K2O); N3, application of both FYM at 5 t ha–1 and 50% inorganic fertilizer (RDF))","Not exclusively (also asessing influence of different fertilizing treatments: N1, application of farm yard manure (FYM) at 5 t ha–1; N2, application of inorganic fertilizer (RDF of rice, 60:30:30 kg ha–1 of N:P2O5:K2O); N3, application of both FYM at 5 t ha–1 and 50% inorganic fertilizer (RDF))","Intercropping cereals with fodder legume crops like cowpea
and ricebean is a practice in the semi-arid tropics of India to
reduce the fragility and uncertainty of agricultural production
systems under rainfed upland situations. These systems
produce a considerable amount of biomass that can be
incorporated into the soil, transferring nutrients from the
crops to soil and enriching the organic carbon content. --Maize and other forage legumes such as sesbania,
cowpea, pigeonpea, ricebean, and mungbean are important
short-duration crops which provide more economic return
to growers than long-duration crops","India","South Asia",2,"Research Farm of All India Coordinated Research Project for Dryland
Agriculture (AICRPDA), Phulbani  in North Eastern Ghat Zone of Odisha","Asia","LMIC","20.466667000000001","84.233333000000002","No","NA","Experiment (research station)","Researcher-led","Researcher-led","Intercropping rice-legume","Intercrop",1,0,0,"Row","also asessing influence of different fertilizing treatments: N1, application of farm yard manure (FYM) at 5 t ha–1; N2, application of inorganic fertilizer (RDF of rice, 60:30:30 kg ha–1 of N:P2O5:K2O); N3, application of both FYM at 5 t ha–1 and 50% inorganic fertilizer (RDF))","Fertilizer rates/type",NA,"Grain / Cowpea","Rice","Cowpea",0,1,0,0,0,0,0,0,0,0,"0","0","N1, application of farm yard manure (FYM) at 5 t ha–1; N2, application of inorganic fertilizer (RDF of rice, 60:30:30 kg ha–1 of N:P2O5:K2O); N3, application of both FYM at 5 t ha–1 and 50% inorganic fertilizer (RDF).","Synthetic - below threshold","rainfed",1.07337151037938,"NA","NA","NA","NA","NA","1.0880503144654088","NA","NA","0.93569131832797436","NA","NA","1.0509683187764658","NA","NA","NA","0.85055145859165959","0.94838709677419353","NA","NA",1.14,"NA","NA","NA","NA","NA","NA","NA","Mix-Mix","NA","NA","NA","NA","NA","NA","NA","The leguminous fodders as intercrops with cereal crops have
special significances because of high herbage protein for
animal feeding and partial independence from concentrate
for their nitrogen needs.","NA","The
leaf area of the rice crop in intercropping systems were found
to be significantly higher than that in monocropping system
because rice plants were getting more nitrogen from soil
due to nitrogen fixation of leguminous fodder crops. --- Rice yield
was higher in monocropping system than in rice and fodder
intercropping system when price was taken as a factor, but
when energy was taken as a factor rice yield of intercropping
system was higher than that of monocropping system.","Rice yield
was higher in monocropping system than in rice and fodder
intercropping system when price was taken as a factor, but
when energy was taken as a factor rice yield of intercropping
system was higher than that of monocropping system.","Rice yield
was higher in monocropping system than in rice and fodder
intercropping system when price was taken as a factor, but
when energy was taken as a factor rice yield of intercropping
system was higher than that of monocropping system.","Rice yield
was higher in monocropping system than in rice and fodder
intercropping system when price was taken as a factor, but
when energy was taken as a factor rice yield of intercropping
system was higher than that of monocropping system.",NA,"Table 8_Rainwater use efficiency (RWUE), land equivalent ratio (LER), energy use efficiency (EUE), and economics as influenced by different cropping systems and different nutrient management practices1)",NA,2,2,2,2,2,2,12
34,779,"Bastia, D. K., Behera, S. K., & Panda, M. R. (2021, Dec).",2021,"Impacts of soil fertility management on productivity and economics of rice and fodder intercropping systems under rainfed conditions in Odisha, India","Bastia, D. K., Behera, S. K., & Panda, M. R. (2021). Impacts of soil fertility management on productivity and economics of rice and fodder intercropping systems under rainfed conditions in Odisha, India. Journal of Integrative Agriculture, 20(12), 3114-3126. doi:10.1016/s2095-3119(20)63591-2","Plot","Quantitative","Experiment (research station)","E/M","2015-2017","3","9","6","3","3","1","2-4","3-4","Not exclusively (also asessing influence of different fertilizing treatments: N1, application of farm yard manure (FYM) at 5 t ha–1; N2, application of inorganic fertilizer (RDF of rice, 60:30:30 kg ha–1 of N:P2O5:K2O); N3, application of both FYM at 5 t ha–1 and 50% inorganic fertilizer (RDF))","Not exclusively (also asessing influence of different fertilizing treatments: N1, application of farm yard manure (FYM) at 5 t ha–1; N2, application of inorganic fertilizer (RDF of rice, 60:30:30 kg ha–1 of N:P2O5:K2O); N3, application of both FYM at 5 t ha–1 and 50% inorganic fertilizer (RDF))","Intercropping cereals with fodder legume crops like cowpea
and ricebean is a practice in the semi-arid tropics of India to
reduce the fragility and uncertainty of agricultural production
systems under rainfed upland situations. These systems
produce a considerable amount of biomass that can be
incorporated into the soil, transferring nutrients from the
crops to soil and enriching the organic carbon content. --Maize and other forage legumes such as sesbania,
cowpea, pigeonpea, ricebean, and mungbean are important
short-duration crops which provide more economic return
to growers than long-duration crops","India","South Asia",2,"Research Farm of All India Coordinated Research Project for Dryland
Agriculture (AICRPDA), Phulbani  in North Eastern Ghat Zone of Odisha","Asia","LMIC","20.466667000000001","84.233333000000002","No","NA","Experiment (research station)","Researcher-led","Researcher-led","Intercropping rice-legume","Intercrop",1,0,0,"Row","also asessing influence of different fertilizing treatments: N1, application of farm yard manure (FYM) at 5 t ha–1; N2, application of inorganic fertilizer (RDF of rice, 60:30:30 kg ha–1 of N:P2O5:K2O); N3, application of both FYM at 5 t ha–1 and 50% inorganic fertilizer (RDF))","Fertilizer rates/type",NA,"Grain / Ricebean","Rice","Ricebean",0,0,0,0,0,0,0,0,0,0,"Ricebean","0","N1, application of farm yard manure (FYM) at 5 t ha–1; N2, application of inorganic fertilizer (RDF of rice, 60:30:30 kg ha–1 of N:P2O5:K2O); N3, application of both FYM at 5 t ha–1 and 50% inorganic fertilizer (RDF).","Synthetic - below threshold","rainfed",1.05941302791696,"NA","NA","NA","NA","NA","1.0691823899371069","NA","NA","0.91961414790996787","NA","NA","1.0348892470434086","NA","NA","NA","0.8060432030281276","0.93548387096774188","NA","NA",1.13,"NA","NA","NA","NA","NA","NA","NA","Mix-Mix","NA","NA","NA","NA","NA","NA","NA","The leguminous fodders as intercrops with cereal crops have
special significances because of high herbage protein for
animal feeding and partial independence from concentrate
for their nitrogen needs.","NA","The
leaf area of the rice crop in intercropping systems were found
to be significantly higher than that in monocropping system
because rice plants were getting more nitrogen from soil
due to nitrogen fixation of leguminous fodder crops. --- Rice yield
was higher in monocropping system than in rice and fodder
intercropping system when price was taken as a factor, but
when energy was taken as a factor rice yield of intercropping
system was higher than that of monocropping system.","Rice yield
was higher in monocropping system than in rice and fodder
intercropping system when price was taken as a factor, but
when energy was taken as a factor rice yield of intercropping
system was higher than that of monocropping system.","Rice yield
was higher in monocropping system than in rice and fodder
intercropping system when price was taken as a factor, but
when energy was taken as a factor rice yield of intercropping
system was higher than that of monocropping system.","Rice yield
was higher in monocropping system than in rice and fodder
intercropping system when price was taken as a factor, but
when energy was taken as a factor rice yield of intercropping
system was higher than that of monocropping system.",NA,"Table 8_Rainwater use efficiency (RWUE), land equivalent ratio (LER), energy use efficiency (EUE), and economics as influenced by different cropping systems and different nutrient management practices1)",NA,2,2,2,2,2,2,12
180,388,"Mishra M.M., Mohanty M., Gulati J.M.L., Nanda S.S.",2013,"Evaluation of various rice (Oryza sativa) based crop sequences for enhanced productivity, profitability and energy efficiency in eastern plateau and hills zone of India","Mishra, M. M., Mohanty, M., Gulati, J. M. L., & Nanda, S. S. (2013). Evaluation of various rice (Oryza sativa) based crop sequences for enhanced productivity, profitability and energy efficiency in eastern plateau and hills zone of India. Indian Journal of Agricultural Sciences, 83(12), 1279-1284.","Plot","Quantitative","Experiment (on farm)","E/M","2004-2008","4","10","4","6","5","1","2-4","5-10","Yes","Yes","Over-exploitation of agriculture, soil and land degradation","India","South Asia",2,"Regional Research Station, Chiplima, Sambalpur","Asia","LMIC","21.374772","83.893241000000003","No",NA,"Experiment (on farm)","Researcher-led","Researcher-led","Rotation","Rotation",1,0,0,"Rotation","Existing farmers' practices","Existing farmers' practices",NA,"Grain + Non-Grain / Mungbean","Rice-groundnut","Mungbean",0,0,0,0,1,0,0,0,0,0,"0",NA,"80-40-40, 20-40-40, 20-40-40","Synthetic - below threshold","rainfed",1.23242042931162,"NA","NA","NA","NA","NA","NA","NA","NA","NA","NA","NA","1.0273871206513694","NA","NA","NA","1.2183809930288803","NA","0.83997744572878486","NA",1.25003802281369,"NA","NA","NA","NA","NA","NA","NA","Win-Mix","NA","NA","NA","NA","NA","NA","NA","NA","NA","NA","NA","NA","NA",NA,"Tables 1 (yiels, income) T2 (NUE, LUE), T4 (EUE)",NA,2,2,2,2,2,2,12
181,388,"Mishra M.M., Mohanty M., Gulati J.M.L., Nanda S.S.",2013,"Evaluation of various rice (Oryza sativa) based crop sequences for enhanced productivity, profitability and energy efficiency in eastern plateau and hills zone of India","Mishra, M. M., Mohanty, M., Gulati, J. M. L., & Nanda, S. S. (2013). Evaluation of various rice (Oryza sativa) based crop sequences for enhanced productivity, profitability and energy efficiency in eastern plateau and hills zone of India. Indian Journal of Agricultural Sciences, 83(12), 1279-1284.","Plot","Quantitative","Experiment (on farm)","E/M","2004-2008","4","10","4","6","5","1","2-4","5-10","Yes","Yes",NA,"India","South Asia",2,"Regional Research Station, Chiplima, Sambalpur","Asia","LMIC","21.374772","83.893241000000003","No",NA,"Experiment (on farm)","Researcher-led","Researcher-led","Rotation","Rotation",1,0,0,"Rotation","Existing farmers' practices","Existing farmers' practices",NA,"Grain + Non-Grain / Cowpea","Rice-groundnut","Cowpea",0,1,0,0,0,0,0,0,0,0,"0",NA,"80-40-40, 20-40-40, 25-50-50","Synthetic - below threshold","rainfed",1.14285714285714,"NA","NA","NA","NA","NA","NA","NA","NA","NA","NA","NA","0.91413767579570693","NA","NA","NA","1.0130886328069426","NA","0.79295179024527773","NA",1.2,"NA","NA","NA","NA","NA","NA","NA","Mix-Mix","NA","NA","NA","NA","NA","NA","NA","NA","NA","NA","NA","NA","NA",NA,"Tables 1 (yiels, income) T2 (NUE, LUE), T4 (EUE)",NA,2,2,2,2,2,2,12
281,529,"Sarkar R.K., Chakraborty A.",2000,"Biological feasibility and economic viability of intercropping pulse and oilseed crops with sesame (Sesamum indicum) under different planting patterns in rice-fallow gangetic alluvial land","Sarkar, R. K., & Chakraborty, A. (2000). Biological feasibility and economic viability of intercropping pulse and oilseed crops with sesame (Sesamum indicum) under different planting patterns in rice-fallow gangetic alluvial land. Indian Journal of Agricultural Sciences, 70(4), 211-214.","Plot","Quantitative","Experiment (research station)","E/M","1996-1997","2","14","9","5","3","1","2-4","3-4","Yes","Yes",NA,"India","South Asia",2,"Baruipur","Asia","LMIC","22.366667","88.466667000000001","No","NA","Experiment (research station)","Researcher-led","Researcher-led","Intercropping","Intercrop",1,1,0,"Row","Different intercrop spacings","Varied spacing/timing",NA,"Non-Grain / Mungbean","Sesame","Mungbean",0,0,0,0,1,0,0,0,0,0,"0",NA,"Sesame: 60:16.8 (16.6kg/ha); gram : 20-16-8 (16.6kg/ha); groundnut 20-28-8 (16.6kg/ha)","Synthetic - below threshold","rainfed",1.79481638,"NA","NA","NA","NA","NA","NA","NA","NA","NA","NA","NA","NA","NA","NA","NA","2.1349875030000001","NA","NA","NA",1.6866667,"NA","NA","NA","NA","NA","NA","NA","Win-Win","NA","NA","NA","NA","NA","NA","NA","NA","NA","NA","NA","NA","NA","NA","See SuppCalc sheet (Table 2)","NA",2,2,2,2,2,2,12
282,529,"Sarkar R.K., Chakraborty A.",2000,"Biological feasibility and economic viability of intercropping pulse and oilseed crops with sesame (Sesamum indicum) under different planting patterns in rice-fallow gangetic alluvial land","Sarkar, R. K., & Chakraborty, A. (2000). Biological feasibility and economic viability of intercropping pulse and oilseed crops with sesame (Sesamum indicum) under different planting patterns in rice-fallow gangetic alluvial land. Indian Journal of Agricultural Sciences, 70(4), 211-214.","Plot","Quantitative","Experiment (research station)","E/M","1996-1997","2","14","9","5","3","1","2-4","3-4","Yes","Yes",NA,"India","South Asia",2,"Baruipur","Asia","LMIC","22.366667","88.466667000000001","No","NA","Experiment (research station)","Researcher-led","Researcher-led","Intercropping","Intercrop",1,1,0,"Row","Different intercrop spacings","Varied spacing/timing",NA,"Non-Grain / Black gram","Sesame","Mungbean/Black gram",0,0,0,0,0,0,0,0,0,0,"Black gram","Black gram","Sesame: 60:16.8 (16.6kg/ha); gram : 20-16-8 (16.6kg/ha); groundnut 20-28-8 (16.6kg/ha)","Synthetic - below threshold","rainfed",1.72745847,"NA","NA","NA","NA","NA","NA","NA","NA","NA","NA","NA","NA","NA","NA","NA","1.846682889","NA","NA","NA",1.6866667,"NA","NA","NA","NA","NA","NA","NA","Win-Win","NA","NA","NA","NA","NA","NA","NA","NA","NA","NA","NA","NA","NA","NA","See SuppCalc sheet (Table 2)","NA",2,2,2,2,2,2,12
283,529,"Sarkar R.K., Chakraborty A.",2000,"Biological feasibility and economic viability of intercropping pulse and oilseed crops with sesame (Sesamum indicum) under different planting patterns in rice-fallow gangetic alluvial land","Sarkar, R. K., & Chakraborty, A. (2000). Biological feasibility and economic viability of intercropping pulse and oilseed crops with sesame (Sesamum indicum) under different planting patterns in rice-fallow gangetic alluvial land. Indian Journal of Agricultural Sciences, 70(4), 211-214.","Plot","Quantitative","Experiment (research station)","E/M","1996-1997","2","14","9","5","3","1","2-4","3-4","Yes","Yes",NA,"India","South Asia",2,"Baruipur","Asia","LMIC","22.366667","88.466667000000001","No","NA","Experiment (research station)","Researcher-led","Researcher-led","Intercropping","Intercrop",1,1,0,"Row","Different intercrop spacings","Varied spacing/timing",NA,"Non-Grain / Groundnut","Sesame","Groundnut",0,0,1,0,0,0,0,0,0,0,"0",NA,"Sesame: 60:16.8 (16.6kg/ha); gram : 20-16-8 (16.6kg/ha); groundnut 20-28-8 (16.6kg/ha)","Synthetic - below threshold","rainfed",1.51869078,"NA","NA","NA","NA","NA","NA","NA","NA","NA","NA","NA","NA","NA","NA","NA","1.307143803","NA","NA","NA",1.2833333,"NA","NA","NA","NA","NA","NA","NA","Win-Win","NA","NA","NA","NA","NA","NA","NA","NA","NA","NA","NA","NA","NA","NA","See SuppCalc sheet (Table 2)","NA",2,2,2,2,2,2,12
284,530,"Sarkar R.K., Chakraborty A., Bala B.",1998,"Biological potential and economic feasibility of intercropping of sunflower (Helianthus annuus) with pulses and oilseeds under different planting patterns on rice fallow land","Sarkar, R. K., Chakraborty, A., & Bala, B. (1998). Biological potential and economic feasibility of intercropping of sunflower (Helianthus annuus) with pulses and oilseeds under different planting patterns on rice fallow land. Indian Journal of Agronomy, 43(4), 601-605.","Plot","Quantitative","Experiment (research station)","E/M","1995-1996","2","14","8","6","3","1","2-4","3-4","Yes","Yes",NA,"India","South Asia",2,"Baruipur","Asia","LMIC","22.366667","88.466667000000001","No","NA","Experiment (research station)","Researcher-led","Researcher-led","Intercropping","Intercrop",1,1,0,"Row","Different intercrop spacings","Varied spacing/timing",NA,"Grain / Mungbean","Sunflower","Mungbean",0,0,0,0,1,0,0,0,0,0,"0","Sesame","60-40-40 (sunflower); 20-40-20 (gram); 30-60-30 (groundnut)","Synthetic - below threshold","rainfed",1.4698382,"NA","NA","NA","NA","NA","NA","NA","NA","NA","NA","NA","NA","NA","NA","NA","1.9512891699999999","NA","NA","NA",1.46,"NA","NA","NA","NA","NA","NA","NA","Win-Win","NA","NA","NA","NA","NA","NA","NA","NA","NA","Row spacing of intercrops","NA","Legume choice (market value)","NA","NA","See SuppCalc sheet (Tables 1 and 2)",NA,2,2,2,2,2,2,12
285,530,"Sarkar R.K., Chakraborty A., Bala B.",1998,"Biological potential and economic feasibility of intercropping of sunflower (Helianthus annuus) with pulses and oilseeds under different planting patterns on rice fallow land","Sarkar, R. K., Chakraborty, A., & Bala, B. (1998). Biological potential and economic feasibility of intercropping of sunflower (Helianthus annuus) with pulses and oilseeds under different planting patterns on rice fallow land. Indian Journal of Agronomy, 43(4), 601-605.","Plot","Quantitative","Experiment (research station)","E/M","1995-1996","2","14","8","6","3","1","2-4","3-4","Yes","Yes",NA,"India","South Asia",2,"Baruipur","Asia","LMIC","22.366667","88.466667000000001","No","NA","Experiment (research station)","Researcher-led","Researcher-led","Intercropping","Intercrop",1,1,0,"Row","Different intercrop spacings","Varied spacing/timing",NA,"Grain / Black gram","Sunflower","Mungbean/Black gram",0,0,0,0,0,0,0,0,0,0,"Black gram","Sesame","60-40-40 (sunflower); 20-40-20 (gram); 30-60-30 (groundnut)","Synthetic - below threshold","rainfed",1.4127647,"NA","NA","NA","NA","NA","NA","NA","NA","NA","NA","NA","NA","NA","NA","NA","1.8414772530000001","NA","NA","NA",1.45,"NA","NA","NA","NA","NA","NA","NA","Win-Win","NA","NA","NA","NA","NA","NA","NA","NA","NA","Row spacing of intercrops","NA","Legume choice (market value)","NA","NA","See SuppCalc sheet (Tables 1 and 2)",NA,2,2,2,2,2,2,12
286,530,"Sarkar R.K., Chakraborty A., Bala B.",1998,"Biological potential and economic feasibility of intercropping of sunflower (Helianthus annuus) with pulses and oilseeds under different planting patterns on rice fallow land","Sarkar, R. K., Chakraborty, A., & Bala, B. (1998). Biological potential and economic feasibility of intercropping of sunflower (Helianthus annuus) with pulses and oilseeds under different planting patterns on rice fallow land. Indian Journal of Agronomy, 43(4), 601-605.","Plot","Quantitative","Experiment (research station)","E/M","1995-1996","2","14","8","6","3","1","2-4","3-4","Yes","Yes",NA,"India","South Asia",2,"Baruipur","Asia","LMIC","22.366667","88.466667000000001","No","NA","Experiment (research station)","Researcher-led","Researcher-led","Intercropping","Intercrop",1,1,0,"Row","Different intercrop spacings","Varied spacing/timing",NA,"Grain / Groundnut","Sunflower","Groundnut",0,0,1,0,0,0,0,0,0,0,"0","Sesame","60-40-40 (sunflower); 20-40-20 (gram); 30-60-30 (groundnut)","Synthetic - below threshold","rainfed",2.1594388,"NA","NA","NA","NA","NA","NA","NA","NA","NA","NA","NA","NA","NA","NA","NA","2.2310868699999999","NA","NA","NA",1.49,"NA","NA","NA","NA","NA","NA","NA","Win-Win","NA","NA","NA","NA","NA","NA","NA","NA","NA","Row spacing of intercrops","NA","Legume choice (market value)","NA","NA","See SuppCalc sheet (Tables 1 and 2)",NA,2,2,2,2,2,2,12
287,528,"Sarkar R.K., Sanyal S.R.",2000,"Production potential and economic feasibility of sesame (Sesamum indicum)-based intercropping system with pulse and oilseed crops on rice fallow land","Sarkar, R. K., & Sanyal, S. R. (2000). Production potential and economic feasibility of sesame (Sesamum indicum)-based intercropping system with pulse and oilseed crops on rice fallow land. Indian Journal of Agronomy, 45(3), 545-550.","Plot","Quantitative","Experiment (research station)","E/M","1997-1998","2","13","6","7","3","1","2-4","3-4","Yes","Yes",NA,"India","South Asia",2,"Baruipur","Asia","LMIC","22.366667","88.466667000000001","No","NA","Experiment (research station)","Researcher-led","Researcher-led","Intercropping","Intercrop",1,0,0,"Row","Existing farmers' practices","Existing farmers' practices",NA,"Non-Grain / Mungbean","Sesame","Mungbean",0,0,0,0,1,0,0,0,0,0,"0","Sunflower","60-40-40 (sesame); 20-40-20 (gram); 30-60-30 (groundnut)","Synthetic - below threshold","rainfed",1.09398496,"NA","NA","NA","NA","NA","NA","NA","NA","NA","NA","NA","NA","NA","NA","NA","1.0297482840000001","NA","NA","NA",1.21,"NA","NA","NA","NA","NA","NA","NA","Win-Win","NA","NA","NA","NA","NA","NA","NA","NA","Higher cost of cultivation of legume intercrops compared with sesame-only system","Low rainfall during reproductive phase of crops: ""the yield levels of different crops were comparatively low due to insufficient rainfall during reproductive phase of crops and thus gave low yield""","Low rainfall during reproductive phase of crops: ""the yield levels of different crops were comparatively low due to insufficient rainfall during reproductive phase of crops and thus gave low yield""","Monetary value (market price) of legumes","Higher cost of cultivation of legume intercrops compared with sesame-only system",NA,"See SuppCalc sheet",NA,2,2,2,2,2,2,12
288,528,"Sarkar R.K., Sanyal S.R.",2000,"Production potential and economic feasibility of sesame (Sesamum indicum)-based intercropping system with pulse and oilseed crops on rice fallow land","Sarkar, R. K., & Sanyal, S. R. (2000). Production potential and economic feasibility of sesame (Sesamum indicum)-based intercropping system with pulse and oilseed crops on rice fallow land. Indian Journal of Agronomy, 45(3), 545-550.","Plot","Quantitative","Experiment (research station)","E/M","1997-1998","2","13","6","7","3","1","2-4","3-4","Yes","Yes",NA,"India","South Asia",2,"Baruipur","Asia","LMIC","22.366667","88.466667000000001","No","NA","Experiment (research station)","Researcher-led","Researcher-led","Intercropping","Intercrop",1,0,0,"Row","Existing farmers' practices","Existing farmers' practices",NA,"Non-Grain / Black gram","Sesame","Mungbean/Black gram",0,0,0,0,0,0,0,0,0,0,"Black gram","Sunflower","60-40-40 (sesame); 20-40-20 (gram); 30-60-30 (groundnut)","Synthetic - below threshold","rainfed",1.02030075,"NA","NA","NA","NA","NA","NA","NA","NA","NA","NA","NA","NA","NA","NA","NA","0.87025171599999995","NA","NA","NA",1.15,"NA","NA","NA","NA","NA","NA","NA","Win-Mix","NA","NA","NA","NA","NA","NA","NA","NA","Higher cost of cultivation of legume intercrops compared with sesame-only system","Low rainfall during reproductive phase of crops: ""the yield levels of different crops were comparatively low due to insufficient rainfall during reproductive phase of crops and thus gave low yield""","Low rainfall during reproductive phase of crops: ""the yield levels of different crops were comparatively low due to insufficient rainfall during reproductive phase of crops and thus gave low yield""","Monetary value (market price) of legumes","Higher cost of cultivation of legume intercrops compared with sesame-only system",NA,"See SuppCalc sheet",NA,2,2,2,2,2,2,12
289,528,"Sarkar R.K., Sanyal S.R.",2000,"Production potential and economic feasibility of sesame (Sesamum indicum)-based intercropping system with pulse and oilseed crops on rice fallow land","Sarkar, R. K., & Sanyal, S. R. (2000). Production potential and economic feasibility of sesame (Sesamum indicum)-based intercropping system with pulse and oilseed crops on rice fallow land. Indian Journal of Agronomy, 45(3), 545-550.","Plot","Quantitative","Experiment (research station)","E/M","1997-1998","2","13","6","7","3","1","2-4","3-4","Yes","Yes",NA,"India","South Asia",2,"Baruipur","Asia","LMIC","22.366667","88.466667000000001","No","NA","Experiment (research station)","Researcher-led","Researcher-led","Intercropping","Intercrop",1,0,0,"Row","Existing farmers' practices","Existing farmers' practices",NA,"Non-Grain / Groundnut","Sesame","Groundnut",0,0,1,0,0,0,0,0,0,0,"0","Sunflower","60-40-40 (sesame); 20-40-20 (gram); 30-60-30 (groundnut)","Synthetic - below threshold","rainfed",1.35413534,"NA","NA","NA","NA","NA","NA","NA","NA","NA","NA","NA","NA","NA","NA","NA","1.109038902","NA","NA","NA",1.245,"NA","NA","NA","NA","NA","NA","NA","Win-Win","NA","NA","NA","NA","NA","NA","NA","NA","Higher cost of cultivation of legume intercrops compared with sesame-only system","Low rainfall during reproductive phase of crops: ""the yield levels of different crops were comparatively low due to insufficient rainfall during reproductive phase of crops and thus gave low yield""; Spacing did not affect growth: ""Sesame + groundnut association irrespective of spatial arrangement proved most productive pro6ably because groundnut utilizes early season resources efficiently and has the capacity to make effifient use of low light levels ""","Low rainfall during reproductive phase of crops: ""the yield levels of different crops were comparatively low due to insufficient rainfall during reproductive phase of crops and thus gave low yield""; Spacing did not affect growth: ""Sesame + groundnut association irrespective of spatial arrangement proved most productive pro6ably because groundnut utilizes early season resources efficiently and has the capacity to make effifient use of low light levels ""","Monetary value (market price) of legumes","Higher cost of cultivation of legume intercrops compared with sesame-only system",NA,"See SuppCalc sheet",NA,2,2,2,2,2,2,12
337,727,"Suhi AA, Mia S, Khanam S, et al",2022,"How Does Maize-Cowpea Intercropping Maximize Land Use and Economic Return? A Field Trial in Bangladesh","Suhi, A. A., Mia, S., Khanam, S., Mithu, M. H., Uddin, M. K., Muktadir, M. A., . . . Jindo, K. (2022). How Does Maize-Cowpea Intercropping Maximize Land Use and Economic Return? A Field Trial in Bangladesh. Land, 11(4), 18. doi:10.3390/land11040581","Plot","Quantitative","Experiment (research station)","E/M","2018-2019","1","6","4","2","3","1","1","3-4","Yes (but also studying different spacing & sowing times)","Yes (but also studying different spacing & sowing times)","Crop diversification supporting soil fertility, eater use efficiency, pest control, crop resilience, , soil heatlh, stable yield, production, profit.","Bangladesh","South Asia",2,"Research Field of Patuakhali Science and Technology University in Dumki","Asia","LMIC","22.464424999999999","90.387247000000002","No","NA","Experiment (research station)","Researcher-led","Researcher-led","Intercropping:Maize-cowpea","Intercrop",1,0,0,"NA","different spacing & sowing times","Varied spacing/timing",NA,"Grain / Cowpea","Maize","Cowpea",0,1,0,0,0,0,0,0,0,0,"0","0","120-60-40","Synthetic - below threshold","irrigation",0.936846038863976,"NA","NA","NA","NA","NA","NA","NA","NA","NA","NA","NA","NA","NA","NA","NA","1.1958743406664094","1.0533175355450237","NA","NA",1.5075,"NA","NA","NA","NA","NA","NA","NA","Lose-Win","NA","NA","NA","NA","NA","NA","variable costs where higher for intercropping, however, the net return was higher (when compared aginst sole maize crop)","NA","Low price of cowpea","NA","intercropping comes with challenges of competition between the crops, therefore it is best to sow maize 3 weeks after cowpea","There is a clear advantage of land utilization (LER)","relatively low monetary contribution of the component crop may not provide a greater
economic benefit",NA,"table5_yield, LER; table6_economic returns",NA,2,1,2,2,2,1,10
297,540,"Sharma K.C.",2018,"Inter/mixed cropping of lentil (Lens culinaris) in late-sown wheat (Triticum aestivum) for higher productivity and profitability of wheat in vertisols of central india","Sharma, K. C. (2018). Inter/mixed cropping of lentil (Lens culinaris) in late-sown wheat (Triticum aestivum) for higher productivity and profitability of wheat in vertisols of central india. Indian Journal of Agronomy, 63(1), 32-38.","Plot","Quantitative","Experiment (research station)","E/M","2012-2014","2","10","8","2","3","1","2-4","3-4","Yes","Yes",NA,"India","South Asia",2,"Research Farm of ICAR-Indian Agricultural Research Institute, Regional Station, Indore, Madhya Pradesh","Asia","LMIC","22.616667","75.833332999999996","No","NA","Experiment (research station)","Researcher-led","Researcher-led","Intercropping","Intercrop",1,0,0,"Mixed","Different intercrop spacings","Varied spacing/timing",NA,"Grain / Lentil","Wheat","Lentil",0,0,0,1,0,0,0,0,0,0,"0",NA,"120:26.4:33.2","Synthetic - below threshold","irrigation",0.98635824,"NA","NA","NA","NA","NA","NA","NA","NA","NA","NA","NA","1.0366972000000001","1","NA","NA","0.95971410000000001","NA","NA","NA",1.0066667,"1.0381294000000001","NA","NA","NA","NA","NA","NA","Mix-Mix","NA","NA","NA","NA","NA","NA","NA","NA","NA","Intercrop spatial arrangement",NA,"Market prices: :Different treatments had different yield potential of
 component crops and economic values, and therefore for
 better comparison, the yields of wheat and lentil were converted
 into wheat-equivalent yield (WEY) on the basis of
 prevalent market prices",NA,NA,"See SuppCalc sheet (Table 4)",NA,2,2,2,2,2,2,12
298,540,"Sharma K.C.",2018,"Inter/mixed cropping of lentil (Lens culinaris) in late-sown wheat (Triticum aestivum) for higher productivity and profitability of wheat in vertisols of central india","Sharma, K. C. (2018). Inter/mixed cropping of lentil (Lens culinaris) in late-sown wheat (Triticum aestivum) for higher productivity and profitability of wheat in vertisols of central india. Indian Journal of Agronomy, 63(1), 32-38.","Plot","Quantitative","Experiment (research station)","E/M","2012-2014","2","10","8","2","3","1","2-4","3-4","Yes","Yes",NA,"India","South Asia",2,"Research Farm of ICAR-Indian Agricultural Research Institute, Regional Station, Indore, Madhya Pradesh","Asia","LMIC","22.616667","75.833332999999996","No","NA","Experiment (research station)","Researcher-led","Researcher-led","Intercropping","Intercrop",1,0,0,"Row","Different intercrop spacings","Varied spacing/timing",NA,"Grain / Lentil","Wheat","Lentil",0,0,0,1,0,0,0,0,0,0,"0",NA,"120:26.4:33.2","Synthetic - below threshold","irrigation",0.94439502,"NA","NA","NA","NA","NA","NA","NA","NA","NA","NA","NA","1.0294890000000001","1","NA","NA","0.91325540000000005","NA","NA","NA",1,"1.0372319999999999","NA","NA","NA","NA","NA","NA","Mix-Mix","NA","NA","NA","NA","NA","NA","NA","NA","NA","Intercrop spatial arrangement",NA,"Market prices: :Different treatments had different yield potential of
  component crops and economic values, and therefore for
  better comparison, the yields of wheat and lentil were converted
  into wheat-equivalent yield (WEY) on the basis of
  prevalent market prices",NA,NA,"See SuppCalc sheet (Table 4)",NA,2,2,2,2,2,2,12
341,609,"Telkar S.G., Singh A.K.",2018,"Productivity, profitability and soil biochemical properties in maize (Zea mays) and soybean (Glycine max) intercropping as influenced by population proportion of component crops","Telkar, S. G., & Singh, A. K. (2018). Productivity, profitability and soil biochemical properties in maize (Zea mays) and soybean (Glycine max) intercropping as influenced by population proportion of component crops. Indian Journal of Agricultural Sciences, 88(3), 458-462.","Plot","Quantitative","Experiment (research station)","E/M","2016","1","8","6","2","3","1","1","3-4","Yes","Yes",NA,"India","South Asia",2,"experimental farm of College of Post Graduate Studies, CAU, Umiam, Meghalaya","Asia","LMIC","25.681858123463801","91.911925321924102","No","NA","Experiment (research station)","Researcher-led","Researcher-led","Intercropping","Intercrop",1,1,0,"Row","Different intercrop spacings","Varied spacing/timing",NA,"Grain / Soybean","Maize","Soybean",0,0,0,0,0,0,0,0,1,0,"0",NA,"80-60-40","Synthetic - below threshold","rainfed",0.96955128,"NA","NA","NA","NA","NA","NA","NA","NA","NA","NA","NA","1.153497","1.0016461000000001","NA","NA","1.1938183899999999","NA","NA","NA",1.14,"NA","NA","NA","NA","NA","NA","NA","Mix-Mix","NA","NA","NA","NA","NA","NA","NA","NA","NA","Spatial arrangement of intercrops: 1:1R","NA","Market price of legume - high compared with cereal: ""minimum support price""","Cost of cultivation: ""result of additional input and laborer’s requirement for intercrop soybean in addition to maize crop accompanied with much higher costs of legume seeds than maize seeds""",NA,"See SuppCalc Sheet (Tables 2 and 3)",NA,2,1,2,1,2,2,10
306,560,"Singh A., Tanwar S.P.S., Meghwal P.R., Saxena A., Kumar M.",2018,"Assessing productivity and profitability of a rejuvenated ber (Ziziphus mauritiana) based agri-horti system under arid rainfed conditions","Singh, A., Tanwar, S. P. S., Meghwal, P. R., Saxena, A., & Kumar, M. (2018). Assessing productivity and profitability of a rejuvenated ber (Ziziphus mauritiana) based agri-horti system under arid rainfed conditions. Indian Journal of Agricultural Sciences, 88(4), 573-578.","Plot","Quantitative","Experiment (research station)","E/M","2011-2015","4","6","2","4","3","1","2-4","3-4","Yes","Yes","climate change, land degradation, degeneration of biodiversity and over exploitation of natural resources","India","South Asia",2,"Central
 Research Farm, Central Arid Zone Research Institute Jodhpur","Asia","LMIC","26.3","73.066666999999995","No","NA","Experiment (research station)","Researcher-led","Researcher-led","Intercropping","Intercrop",1,0,0,"Row","Existing farmers' practices; Ber tree rejuvenation","Existing farmers' practices",NA,"Non-Grain / Mungbean","Ber (Jujube fruit tree) (Ziziphus maurtitiajna)","Mungbean",0,0,0,0,1,0,0,0,0,0,"0","Pearl millet; Senna","0-0-0","No synthetic","rainfed",1.2629045,"NA","NA","NA","NA","NA","NA","NA","NA","NA","NA","NA","1.0214270999999999","NA","NA","NA","1.4816950630000001","NA","NA","NA",1.9,"NA","NA","NA","NA","NA","NA","NA","Win-Win","NA","NA","NA","NA","NA","NA","NA","NA","Higher cost of cultivation of legume intercrops compared with castor-only system","Timely, well-distributed rainfall: ""cropping season of 2013 received timely and well distributed rainfall hence favoured the crop growth and yield.""; Choice of legume and its growth season: ""biological feasibility of green gram with ber is more compatible as cropping duration of green gram is short and completed its cropping season (July to early October) before fruit setting of ber. This supported green gram has less competition for space, moisture, light, pollinating insect and nutrient from the ber compared to pearl millet and senna.""","Interannual rainfall variability - ""The weather over the years varied. During 2012, the onset of monsoon delayed as far as 6th August and hence adversely affected yield of intercrops""; insufficient rainfall: ""During 2014, occurrence and frequency of rainfall was optimum but total amount was insufficient for timely crop sowing""; Tree spacing: ""The total system productivity in 6 m × 12 m spacing was less 50.47% during first year followed by 30.3, 34.6 and 40% during subsequent years, respectively, compared to 6 m × 6 m spacing. Hence the appropriate strategy should be to introduce intercrops at recommended spacing of ber, no matter if sub optimal yields of intercrops are achieved""",NA,"Higher cost of cultivation of legume intercrops compared with castor-only system",NA,"See SuppCalc sheet ; Senna not included as not grown for grain - grown for leaves and laxative properties",NA,2,2,2,2,2,2,12
151,309,"Kumar M., Kumar R., Rangnamei K.L., Das A., Meena K.L., Rajkhowa D.J.",2019,"Crop diversification for enhancing the productivity for food and nutritional security under the Eastern Himalayas","Kumar, M., Kumar, R., Rangnamei, K. L., Das, A., Meena, K. L., & Rajkhowa, D. J. (2019). Crop diversification for enhancing the productivity for food and nutritional security under the Eastern Himalayas. Indian Journal of Agricultural Sciences, 89(7), 1157-1161.","Field","Quantitative","Experiment (on farm)","RC","2013-2015","2","5","1","4","20","5","2-4",">100","Yes","Yes","Poverty","India","South Asia",2,"Nagaland (5 villages)","Asia","LMIC","26.475000000000001","94.8","No",NA,"Experiment (on farm)","Farmer-led","Farmer-led","Rotation","Rotation",1,0,0,"Rotation","Existing farmers' practices","Existing farmers' practices",NA,"Grain / Pea","Rice","Pea",0,0,0,0,0,0,0,0,0,1,"0","Toria, tomato, cabbage","NA","Unknown","rainfed",5.89473684210526,"NA","NA","NA","NA","NA","1.336898396","NA","NA","NA","NA","NA","NA","2.8333333333333335","NA","NA","11.428621908127209","NA","NA","1.0358306188925082",1.78310502283105,"1.5279117849758788","NA","NA","NA","NA","NA","NA","Win-Mix","NA","NA","NA","NA","NA","NA","Yes: ""double cropping required more input, which is responsible for consumption of more energy""","NA","NA","Access to training/knowledge about new cropping practices (extension)","NA","Market prices (Increase in system net returns was mainly due to the higher market price of vegetables included in rice–based system compared with rice-fallow)","NA",NA,"Tables: 2: yield, land & H2O use; 3: profit, nutrition, climate; 4: Energy",NA,2,2,2,1,2,2,11
15,784,"Ansari, M. H., Verma, B. K., Ansari, M. A., Mishra, D., Srivastava, A. K., Khan, N., & Saquib, M. (2015, Mar).  [Article]. Indian Journal of Agricultural Sciences, 85(3), 100-104. <Go to ISI>://WOS:000351480400015",2015,"Impact of cropping pattern on growth, yield attributes and system productivity of citronella (Citronella winterianus) - pulses intercropping system in Central India","Ansari, M. H., Verma, B. K., Ansari, M. A., Mishra, D., Srivastava, A. K., Khan, N., & Saquib, M. (2015). Impact of cropping pattern on growth, yield attributes and system productivity of citronella (Citronella winterianus) - pulses intercropping system in Central India. Indian Journal of Agricultural Sciences, 85(3), 100-104.","Plot","Quantitative","Experiment (research station)","E/M","2010-2012","2","5","3","2","4","1","2-4","3-4","Not exclusively (also asessing influence of densities 1:1 ,2:1, 2:2)","Not exclusively (also asessing influence of densities 1:1 ,2:1, 2:2)","Increase in demand of Citronella, Pigeonpea being the second most important pulse crop of India","India","South Asia",2,"Chandra Shekhar Azad University of Agriculture and Technology, Kanpur, UP
","Asia","LMIC","26.490144000000001","80.301111000000006","No","NA","Experiment (research station)","Researcher-led","Researcher-led","Intercropping: Citronella-Legume","Intercrop",1,0,0,"Row","also asessing influence of densities 1:1 ,2:1, 2:2","Varied spacing/timing",NA,"Non-Grain / Pigeonpea","Citronella winterianus","Pigeonpea",0,0,0,0,0,1,0,0,0,0,"0","0","150-80-40","Synthetic - below threshold","irrigation",0.633879018734707,"NA","NA","NA","NA","NA","NA","NA","NA","NA","NA","1.0523809523809522","1.0832325675130994","NA","NA","NA","0.74028967841604865","1.0409528141372282","NA","NA",1.03166666666667,"NA","NA","NA","NA","NA","NA","NA","Mix-Mix","NA","NA","NA","NA","NA","NA","NA","citronella sole cropping followed by
pigeonpea + citronella intercropping system (2:1) can be
practiced to achieve better high yield as well as profitability
than other cropping system in sandy loam soils of north and
central India.","Sole crops provided higher yields compared to the intercrops. The
citronella sole cropping system gave significantly the highest
citronella equivalent oil yield, net returns and B: C ratio
followed by citronella + pigeonpea (2:1) and citronella +
pigeonpea (2:2) intercropping system than other cropping
systems (Fig 2).","NA","NA","NA","NA",NA,"Table 6 Effect of cropping system, Ansari_2015_Table 1_soil fertility",NA,2,2,2,1,2,2,11
58,105,"Choudhary V.K., Kumar P.S.",2016,"Productivity, Water Use and Energy Profitability of Staggered Maize–Legume Intercropping in the Eastern Himalayan Region of India","Choudhary, V. K., & Kumar, P. S. (2016). Productivity, Water Use and Energy Profitability of Staggered Maize–Legume Intercropping in the Eastern Himalayan Region of India. Proceedings of the National Academy of Sciences India Section B - Biological Sciences, 86(3), 547-557. doi:10.1007/s40011-014-0476-7","Plot","Quantitative","Experiment (research station)","E/M","2010-2011","2","9","8","1","3","1","2-4","3-4","Yes","Yes",NA,"India","South Asia",2,"Research Farm of ICAR Research Complex for NEH Region, Basar, Arunachal Pradesh","Asia","LMIC","27.980252","94.691135000000003","No","""increasing the crop yield and farm productivity""","Experiment (research station)","Researcher-led","Researcher-led","Intercropping: Cereal-legume","Intercrop",1,1,0,"Row","Existing farmers' practices, including mulch","Existing farmers' practices",NA,"Grain / Soybean","Maize","Soybean",0,0,0,0,0,0,0,0,1,0,"0",NA,"NA","Unknown","rainfed",1.29221689,"NA","NA","NA","NA","NA","0.98780000000000001","NA","NA","2.8235294","NA","NA","NA","NA","NA","NA","1.4048","NA","NA","NA",1.2742616,"NA","NA","NA","NA","NA","NA","NA","Mix-Mix","NA","NA","NA","NA","NA","NA","Yes: (1) row proportions: higher water use with increasing rows but lower energy input and higher energy use efficiency; (2) water use vs monetary benefit: increase in monetary benefit with water use to threshold then decrease (quadratic function)","NA","NA","Rainfall (higher rain in one year led to increased yield); Intercropping design - higher intercrop row density = higher yield, energy efficiency + soil moisture: ""Energy parameters were significantly (p\0.05) influenced by solitary and intercrops of legumes with their respective row proportions.""","NA","Labour ""Suitable technologies that are accessible to resource-poor farmers must be affordable in terms of labour, land, energy and capital investments ""","Intercropping design - higher intercrop row density = higher water use",NA,"NA",NA,2,2,2,1,2,2,11
59,105,"Choudhary V.K., Kumar P.S.",2016,"Productivity, Water Use and Energy Profitability of Staggered Maize–Legume Intercropping in the Eastern Himalayan Region of India","Choudhary, V. K., & Kumar, P. S. (2016). Productivity, Water Use and Energy Profitability of Staggered Maize–Legume Intercropping in the Eastern Himalayan Region of India. Proceedings of the National Academy of Sciences India Section B - Biological Sciences, 86(3), 547-557. doi:10.1007/s40011-014-0476-7","Plot","Quantitative","Experiment (research station)","E/M","2010-2011","2","9","8","1","3","1","2-4","3-4","Yes","Yes",NA,"India","South Asia",2,"Research Farm of ICAR Research Complex for NEH Region, Basar, Arunachal Pradesh","Asia","LMIC","27.980252","94.691135000000003","No","""increasing the crop yield and farm productivity""","Experiment (research station)","Researcher-led","Researcher-led","Intercropping: Cereal-legume","Intercrop",1,1,0,"Row","Existing farmers' practices, including mulch","Existing farmers' practices",NA,"Grain / Groundnut","Maize","Groundnut",0,0,1,0,0,0,0,0,0,0,"0",NA,"NA","Unknown","rainfed",1.38057723,"NA","NA","NA","NA","NA","0.93200000000000005","NA","NA","3.2209150000000002","NA","NA","NA","NA","NA","NA","1.583","NA","NA","NA",1.3769339,"NA","NA","NA","NA","NA","NA","NA","Mix-Mix","NA","NA","NA","NA","NA","NA","Yes: (1) row proportions: higher water use with increasing rows but lower energy input and higher energy use efficiency; (2) water use vs monetary benefit: increase in monetary benefit with water use to threshold then decrease (quadratic function)","NA","NA","Market prices (higher for groundnut); Rainfall (higher rain in one year led to increased yield); Intercropping design - higher intercrop row density = higher yield, energy efficiency + soil moisture: ""Energy parameters were significantly (p\0.05) influenced by solitary and intercrops of legumes with their respective row proportions.""",NA,"Labour ""Suitable technologies that are accessible to resource-poor farmers must be affordable in terms of labour, land, energy and capital investments ""","Intercropping design - higher intercrop row density = higher water use",NA,"NA",NA,2,2,2,1,2,2,11
60,106,"Choudhary V.K., Kumar P.S.",2013,"Crop and water productivity, profitability and energy consumption pattern of a maize-based crop sequence in the North Eastern Himalayan Region, India","Choudhary, V. K., & Kumar, P. S. (2013). Crop and water productivity, profitability and energy consumption pattern of a maize-based crop sequence in the North Eastern Himalayan Region, India. Archives of Agronomy and Soil Science, 59(5), 653-669. doi:10.1080/03650340.2012.665992","Plot","Quantitative","Experiment (research station)","E/M","2008-2011","3","5","3","2","3","1","2-4","3-4","Yes","Yes","Extreme weather (drought), water scarcity","India","South Asia",2,"Research Farm of ICAR Research Complex for NEH Region, Basar, Arunachal Pradesh","Asia","LMIC","27.980252","94.691135000000003","No","""Crop intensification was measured by calculating land utilisation efficiency by dividing the total duration of respective cropping systems by the numbers of days in a year (365 days), expressed in percentage.""","Experiment (research station)","Researcher-led","Researcher-led","Rotation","Rotation",1,0,0,"Rotation","Existing farmers' practices, including mulch","Existing farmers' practices",NA,"Grain / Pea","Maize","Pea",0,0,0,0,0,0,0,0,0,1,"0",NA,"80-60-40 (Maize); 20-60-30 (pea)","Synthetic - below threshold","rainfed",1.68656716,"1.0533399999999999","NA","NA","NA","NA","1.408573104","NA","NA","1.1868099999999999","NA","NA","NA","NA","NA","NA","1.8736692690000001","NA","NA","NA",1.7621622,"NA","NA","NA","NA","1.667","NA","NA","Win-Mix","NA","NA","NA","NA","NA","NA","Yes (energy input highe but balanced by higher energy use efficiency of maize-legumes compared with maize-fallow)","NA","NA","Soil moisture content: ""growth of sequential crops depended solely on the moisture availability in the soil post rainy season""; mulch ""Crop yield was 18–35% higher under straw mulch than in the no-mulch condition""; Non-renewable energy sources (machinery, fuel)","NA","Renewable energy sources","Access to renewable energy",NA,"NA",NA,2,2,2,2,2,2,12
61,106,"Choudhary V.K., Kumar P.S.",2013,"Crop and water productivity, profitability and energy consumption pattern of a maize-based crop sequence in the North Eastern Himalayan Region, India","Choudhary, V. K., & Kumar, P. S. (2013). Crop and water productivity, profitability and energy consumption pattern of a maize-based crop sequence in the North Eastern Himalayan Region, India. Archives of Agronomy and Soil Science, 59(5), 653-669. doi:10.1080/03650340.2012.665992","Plot","Quantitative","Experiment (research station)","E/M","2008-2011","3","5","3","2","3","1","2-4","3-4","Yes","Yes","Extreme weather (drought), water scarcity","India","South Asia",2,"Research Farm of ICAR Research Complex for NEH Region, Basar, Arunachal Pradesh","Asia","LMIC","27.980252","94.691135000000003","No","""Crop intensification was measured by calculating land utilisation efficiency by dividing the total duration of respective cropping systems by the numbers of days in a year (365 days), expressed in percentage.""","Experiment (research station)","Researcher-led","Researcher-led","Rotation","Rotation",1,0,0,"Rotation","Existing farmers' practices, including mulch","Existing farmers' practices",NA,"Grain / Common bean","Maize","Common bean",0,0,0,0,0,0,0,1,0,0,"0",NA,"80-60-40 (Maize); 50-60-30 (bean)","Synthetic - below threshold","rainfed",1.91791045,"1.03525","NA","NA","NA","NA","1.46","NA","NA","1.24451","NA","NA","NA","NA","NA","NA","2.499645138","NA","NA","NA",1.7513514,"NA","NA","NA","NA","1.9","NA","NA","Win-Mix","NA","NA","NA","NA","NA","NA","Yes (energy input highe but balanced by higher energy use efficiency of maize-legumes compared with maize-fallow)","NA","NA","Soil moisture content: ""growth of sequential crops depended solely on the moisture availability in the soil post rainy season""; mulch ""Crop yield was 18–35% higher under straw mulch than in the no-mulch condition""; Non-renewable energy sources (machinery, fuel)","NA","Renewable energy sources","Access to renewable energy",NA,"NA",NA,2,2,2,2,2,2,12
62,106,"Choudhary V.K., Kumar P.S.",2013,"Crop and water productivity, profitability and energy consumption pattern of a maize-based crop sequence in the North Eastern Himalayan Region, India","Choudhary, V. K., & Kumar, P. S. (2013). Crop and water productivity, profitability and energy consumption pattern of a maize-based crop sequence in the North Eastern Himalayan Region, India. Archives of Agronomy and Soil Science, 59(5), 653-669. doi:10.1080/03650340.2012.665992","Plot","Quantitative","Experiment (research station)","E/M","2008-2011","3","5","3","2","3","1","2-4","3-4","Yes","Yes","Extreme weather (drought), water scarcity","India","South Asia",2,"Research Farm of ICAR Research Complex for NEH Region, Basar, Arunachal Pradesh","Asia","LMIC","27.980252","94.691135000000003","No","""Crop intensification was measured by calculating land utilisation efficiency by dividing the total duration of respective cropping systems by the numbers of days in a year (365 days), expressed in percentage.""","Experiment (research station)","Researcher-led","Researcher-led","Rotation","Rotation",1,0,0,"Rotation","Existing farmers' practices, including mulch","Existing farmers' practices",NA,"Grain / Groundnut","Maize","Groundnut",0,0,1,0,0,0,0,0,0,0,"0",NA,"80-60-40 (Maize); 20-60-30 (groundnut)","Synthetic - below threshold","rainfed",1.78358209,"1.07335","NA","NA","NA","NA","1.28","NA","NA","1.3351599999999999","NA","NA","NA","NA","NA","NA","1.9215755859999999","NA","NA","NA",1.8891892,"NA","NA","NA","NA","1.7330000000000001","NA","NA","Win-Mix","NA","NA","NA","NA","NA","NA","Yes (energy input highe but balanced by higher energy use efficiency of maize-legumes compared with maize-fallow)","NA","NA","Soil moisture content: ""growth of sequential crops depended solely on the moisture availability in the soil post rainy season""; mulch ""Crop yield was 18–35% higher under straw mulch than in the no-mulch condition""; Non-renewable energy sources (machinery, fuel)","NA","Renewable energy sources","Access to renewable energy",NA,"NA",NA,2,2,2,2,2,2,12
63,107,"Choudhary V.K., Kumar P.S., Sarkar S.K., Yadav J.S.",2013,"Production potential, economic analysis and energy auditing for maize (Zea mays)-vegetable based cropping systems in Eastern Himalayan Region, Arunachal Pradesh","Choudhary, V. K., Kumar, P. S., Sarkar, S. K., & Yadav, J. S. (2013). Production potential, economic analysis and energy auditing for maize (Zea mays)-vegetable based cropping systems in Eastern Himalayan Region, Arunachal Pradesh. Indian Journal of Agricultural Sciences, 83(1), 110-115.","Plot","Quantitative","Experiment (research station)","E/M","2010-2011","2","8","2","6","3","1","2-4","3-4","Yes","Yes",NA,"India","South Asia",2,"Research Farm of ICAR Research Complex for NEH Region, Basar, Arunachal Pradesh","Asia","LMIC","27.980252","94.691135000000003","No",NA,"Experiment (research station)","Researcher-led","Researcher-led","Rotation","Rotation",1,0,0,"Rotation","Existing farmers' practices","Existing farmers' practices",NA,"Grain / Common bean","Maize","Common bean",0,0,0,0,0,0,0,1,0,0,"0",NA,"80-60-40 (Maize); 25-60-40 (bean)","Synthetic - below threshold","rainfed",4.29954955,"NA","NA","NA","NA","NA","1.8191027500000001","NA","NA","NA","NA","NA","NA","NA","NA","NA","1.8160000000000001","NA","NA","NA",1.8100257,"NA","NA","NA","NA","2.2000000000000002","NA","NA","Win-Mix","NA","NA","NA","NA","NA","NA","Yes (energy input highe but balanced by higher energy use efficiency of maize-legumes compared with maize-fallow)","NA","NA","Non-renewable energy sources (machinery, fuel)","NA","Renewable energy sources","Access to renewable energy",NA,"NA",NA,2,2,2,2,2,2,12
64,107,"Choudhary V.K., Kumar P.S., Sarkar S.K., Yadav J.S.",2013,"Production potential, economic analysis and energy auditing for maize (Zea mays)-vegetable based cropping systems in Eastern Himalayan Region, Arunachal Pradesh","Choudhary, V. K., Kumar, P. S., Sarkar, S. K., & Yadav, J. S. (2013). Production potential, economic analysis and energy auditing for maize (Zea mays)-vegetable based cropping systems in Eastern Himalayan Region, Arunachal Pradesh. Indian Journal of Agricultural Sciences, 83(1), 110-115.","Plot","Quantitative","Experiment (research station)","E/M","2010-2011","2","8","2","6","3","1","2-4","3-4","Yes","Yes",NA,"India","South Asia",2,"Research Farm of ICAR Research Complex for NEH Region, Basar, Arunachal Pradesh","Asia","LMIC","27.980252","94.691135000000003","No",NA,"Experiment (research station)","Researcher-led","Researcher-led","Rotation","Rotation",1,0,0,"Rotation","Existing farmers' practices","Existing farmers' practices",NA,"Grain / Pea","Maize","Pea",0,0,0,0,0,0,0,0,0,1,"0",NA,"80-60-40 (Maize); 20-60-40 (pea)","Synthetic - below threshold","rainfed",2.79504505,"NA","NA","NA","NA","NA","0.865412446","NA","NA","NA","NA","NA","NA","NA","NA","NA","1.6990000000000001","NA","NA","NA",1.6902314,"NA","NA","NA","NA","2.2000000000000002","NA","NA","Mix-Mix","NA","NA","NA","NA","NA","NA","Yes (energy input highe but balanced by higher energy use efficiency of maize-legumes compared with maize-fallow)","NA","NA","Non-renewable energy sources (machinery, fuel)","NA","Renewable energy sources","Access to renewable energy",NA,"NA",NA,2,2,2,2,2,2,12
292,539,"Sharma A.R., Behera U.K.",2009,"Recycling of legume residues for nitrogen economy and higher productivity in maize (Zea mays)-wheat (Triticum aestivum) cropping system","Sharma, A., Sharma, J. J., Rana, M. C., & Sood, S. (2006). Evaluation of Phaseolus vulgaris as intercrop with vegetables for enhancing productivity system and profitability under high hill dry temperate conditions of north-western Himalayas. Indian Journal of Agricultural Sciences, 76(1), 29-32.","Plot","Quantitative","Experiment (research station)","E/M","2002–2004","2","6","5","1","4","1","2-4","3-4","Yes","Yes",NA,"India","South Asia",2,"Indian Agricultural Research Institute, New Delhi","Asia","LMIC","28.066666999999999","77.016666999999998","No","NA","Experiment (research station)","Researcher-led","Researcher-led","Intercropping","Intercrop",1,0,0,"Row","Different fertiliser rates; crop residues incorporated","Fertilizer rates/type","best management practices","Grain / Black gram","Maize-wheat","Mungbean/Black gram",0,0,0,0,0,0,0,0,0,0,"Black gram","Black gram","0:26.2:33.3 - 120:26.2:33.3","Synthetic - below threshold","irrigation",1.082495294,"NA","NA","NA","NA","NA","NA","NA","NA","NA","NA","NA","1.94","NA","NA","NA","0.95726500000000003","NA","NA","NA",1.23,"NA","NA","NA","NA","NA","NA","NA","Win-Mix","NA","NA","NA","NA","NA","NA","NA","NA","Low availability of legume varieties and low market prices: ""Poor returns from
  grain legumes due to their low productivity on
  account of non-suitability of varieties and nonremunerative
  prices have been the major factors,
  discouraging cultivation of pulses in India by the
  farmers. This has resulted in no increase in area and
  productivity of pulses in India during the last 3
  decades""","Incorporation of legume residues: ""Incorporation of residues of different legumes in
  intercropping and sole cropping systems added
  variable amounts of N (Table 3), which led to a
  significant influence on the productivity of following
  wheat""","Fertiliser rates - effect of legume on N uptake decreased with increasing fertiliser rates- ""the N contribution from
  legume residues was maximum under no N""","NA","Market prices of legumes (low)",NA,"See SuppCalc sheet",NA,2,2,2,2,2,2,12
293,539,"Sharma A.R., Behera U.K.",2009,"Recycling of legume residues for nitrogen economy and higher productivity in maize (Zea mays)-wheat (Triticum aestivum) cropping system","Sharma, A., Sharma, J. J., Rana, M. C., & Sood, S. (2006). Evaluation of Phaseolus vulgaris as intercrop with vegetables for enhancing productivity system and profitability under high hill dry temperate conditions of north-western Himalayas. Indian Journal of Agricultural Sciences, 76(1), 29-32.","Plot","Quantitative","Experiment (research station)","E/M","2002–2004","2","6","5","1","4","1","2-4","3-4","Yes","Yes",NA,"India","South Asia",2,"Indian Agricultural Research Institute, New Delhi","Asia","LMIC","28.066666999999999","77.016666999999998","No","NA","Experiment (research station)","Researcher-led","Researcher-led","Intercropping","Intercrop",1,0,0,"Row","Different fertiliser rates; crop residues incorporated","Fertilizer rates/type","SWC","Grain / Mungbean","Maize-wheat","Mungbean",0,0,0,0,1,0,0,0,0,0,"0",NA,"0:26.2:33.3 - 120:26.2:33.3","Synthetic - below threshold","irrigation",1.22992573682989,"NA","NA","NA","NA","NA","NA","NA","NA","NA","NA","NA","5.16","NA","NA","NA","1.0341880341880343","NA","NA","NA",1.23,"NA","NA","NA","NA","NA","NA","NA","Win-Mix","NA","NA","NA","NA","NA","NA","NA","NA","Low availability of legume varieties and low market prices: ""Poor returns from
 grain legumes due to their low productivity on
 account of non-suitability of varieties and nonremunerative
 prices have been the major factors,
 discouraging cultivation of pulses in India by the
 farmers. This has resulted in no increase in area and
 productivity of pulses in India during the last 3
 decades""","Incorporation of legume residues: ""Incorporation of residues of different legumes in
 intercropping and sole cropping systems added
 variable amounts of N (Table 3), which led to a
 significant influence on the productivity of following
 wheat""","Fertiliser rates - effect of legume on N uptake decreased with increasing fertiliser rates- ""the N contribution from
 legume residues was maximum under no N""","NA","Market prices of legumes (low)",NA,"See SuppCalc sheet",NA,2,2,2,2,2,2,12
294,539,"Sharma A.R., Behera U.K.",2009,"Recycling of legume residues for nitrogen economy and higher productivity in maize (Zea mays)-wheat (Triticum aestivum) cropping system","Sharma, A., Sharma, J. J., Rana, M. C., & Sood, S. (2006). Evaluation of Phaseolus vulgaris as intercrop with vegetables for enhancing productivity system and profitability under high hill dry temperate conditions of north-western Himalayas. Indian Journal of Agricultural Sciences, 76(1), 29-32.","Plot","Quantitative","Experiment (research station)","E/M","2002–2004","2","6","5","1","4","1","2-4","3-4","Yes","Yes",NA,"India","South Asia",2,"Indian Agricultural Research Institute, New Delhi","Asia","LMIC","28.066666999999999","77.016666999999998","No","NA","Experiment (research station)","Researcher-led","Researcher-led","Intercropping","Intercrop",1,0,0,"Row","Different fertiliser rates; crop residues incorporated","Fertilizer rates/type","SWC","Grain / Cowpea","Maize-wheat","Cowpea",0,1,0,0,0,0,0,0,0,0,"0",NA,"0:26.2:33.3 - 120:26.2:33.3","Synthetic - below threshold","irrigation",1.09184265490833,"NA","NA","NA","NA","NA","NA","NA","NA","NA","NA","NA","3.2399999999999998","NA","NA","NA","0.96581196581196582","NA","NA","NA",1.24,"NA","NA","NA","NA","NA","NA","NA","Win-Mix","NA","NA","NA","NA","NA","NA","NA","NA","Low availability of legume varieties and low market prices: ""Poor returns from
 grain legumes due to their low productivity on
 account of non-suitability of varieties and nonremunerative
 prices have been the major factors,
 discouraging cultivation of pulses in India by the
 farmers. This has resulted in no increase in area and
 productivity of pulses in India during the last 3
 decades""","Incorporation of legume residues: ""Incorporation of residues of different legumes in
 intercropping and sole cropping systems added
 variable amounts of N (Table 3), which led to a
 significant influence on the productivity of following
 wheat""","Fertiliser rates - effect of legume on N uptake decreased with increasing fertiliser rates- ""the N contribution from
 legume residues was maximum under no N""","NA","Market prices of legumes (low)",NA,"See SuppCalc sheet",NA,2,2,2,2,2,2,12
295,539,"Sharma A.R., Behera U.K.",2009,"Recycling of legume residues for nitrogen economy and higher productivity in maize (Zea mays)-wheat (Triticum aestivum) cropping system","Sharma, A., Sharma, J. J., Rana, M. C., & Sood, S. (2006). Evaluation of Phaseolus vulgaris as intercrop with vegetables for enhancing productivity system and profitability under high hill dry temperate conditions of north-western Himalayas. Indian Journal of Agricultural Sciences, 76(1), 29-32.","Plot","Quantitative","Experiment (research station)","E/M","2002–2004","2","6","5","1","4","1","2-4","3-4","Yes","Yes",NA,"India","South Asia",2,"Indian Agricultural Research Institute, New Delhi","Asia","LMIC","28.066666999999999","77.016666999999998","No","NA","Experiment (research station)","Researcher-led","Researcher-led","Intercropping","Intercrop",1,0,0,"Row","Different fertiliser rates; crop residues incorporated","Fertilizer rates/type","SWC","Grain / Groundnut","Maize-wheat","Groundnut",0,0,1,0,0,0,0,0,0,0,"0",NA,"0:26.2:33.3 - 120:26.2:33.3","Synthetic - below threshold","irrigation",1.1562105154586,"NA","NA","NA","NA","NA","NA","NA","NA","NA","NA","NA","3.3200000000000003","NA","NA","NA","0.91452991452991461","NA","NA","NA",1.08,"NA","NA","NA","NA","NA","NA","NA","Win-Mix","NA","NA","NA","NA","NA","NA","NA","NA","Low availability of legume varieties and low market prices: ""Poor returns from
 grain legumes due to their low productivity on
 account of non-suitability of varieties and nonremunerative
 prices have been the major factors,
 discouraging cultivation of pulses in India by the
 farmers. This has resulted in no increase in area and
 productivity of pulses in India during the last 3
 decades""","Incorporation of legume residues: ""Incorporation of residues of different legumes in
 intercropping and sole cropping systems added
 variable amounts of N (Table 3), which led to a
 significant influence on the productivity of following
 wheat""","Fertiliser rates - effect of legume on N uptake decreased with increasing fertiliser rates- ""the N contribution from
 legume residues was maximum under no N""","NA","Market prices of legumes (low)",NA,"See SuppCalc sheet",NA,2,2,2,2,2,2,12
296,539,"Sharma A.R., Behera U.K.",2009,"Recycling of legume residues for nitrogen economy and higher productivity in maize (Zea mays)-wheat (Triticum aestivum) cropping system","Sharma, A., Sharma, J. J., Rana, M. C., & Sood, S. (2006). Evaluation of Phaseolus vulgaris as intercrop with vegetables for enhancing productivity system and profitability under high hill dry temperate conditions of north-western Himalayas. Indian Journal of Agricultural Sciences, 76(1), 29-32.","Plot","Quantitative","Experiment (research station)","E/M","2002–2004","2","6","5","1","4","1","2-4","3-4","Yes","Yes",NA,"India","South Asia",2,"Indian Agricultural Research Institute, New Delhi","Asia","LMIC","28.066666999999999","77.016666999999998","No","NA","Experiment (research station)","Researcher-led","Researcher-led","Intercropping","Intercrop",1,0,0,"Row","Different fertiliser rates; crop residues incorporated","Fertilizer rates/type","SWC","Grain / Soybean","Maize-wheat","Soybean",0,0,0,0,0,0,0,0,1,0,"0",NA,"0:26.2:33.3 - 120:26.2:33.3","Synthetic - below threshold","irrigation",1.07541708568629,"NA","NA","NA","NA","NA","NA","NA","NA","NA","NA","NA","4.3","NA","NA","NA","0.89743589743589758","NA","NA","NA",1.06,"NA","NA","NA","NA","NA","NA","NA","Win-Mix","NA","NA","NA","NA","NA","NA","NA","NA","Low availability of legume varieties and low market prices: ""Poor returns from
 grain legumes due to their low productivity on
 account of non-suitability of varieties and nonremunerative
 prices have been the major factors,
 discouraging cultivation of pulses in India by the
 farmers. This has resulted in no increase in area and
 productivity of pulses in India during the last 3
 decades""","Incorporation of legume residues: ""Incorporation of residues of different legumes in
 intercropping and sole cropping systems added
 variable amounts of N (Table 3), which led to a
 significant influence on the productivity of following
 wheat""","Fertiliser rates - effect of legume on N uptake decreased with increasing fertiliser rates- ""the N contribution from
 legume residues was maximum under no N""","NA","Market prices of legumes (low)",NA,"See SuppCalc sheet",NA,2,2,2,2,2,2,12
343,613,"Tetarwal J.P., Rana K.S.",2006,"Impact of cropping system, fertility level and moisture-conservation practice on productivity, nutrient uptake, water use and profitability of pearlmillet (Pennisetum glaucum) under rainfed conditions","Tetarwal, J. P., & Rana, K. S. (2006). Impact of cropping system, fertility level and moisture-conservation practice on productivity, nutrient uptake, water use and profitability of pearlmillet (Pennisetum glaucum) under rainfed conditions. Indian Journal of Agronomy, 51(4), 263-266.","Plot","Quantitative","Experiment (research station)","E/M","2003-2004","2","24","12","12","3","1","2-4","3-4","Yes","Yes",NA,"India","South Asia",2,"Indian Agricultural Research Institute, New Delhi","Asia","LMIC","28.066666999999999","77.016666999999998","No","NA","Experiment (research station)","Researcher-led","Researcher-led","Intercropping","Intercrop",1,0,0,"Row","Three fertility levels; four moisture-conservation practices (no mulch vs mulch)","Fertilizer rates/type",NA,"Grain / Mothbean","Pearl Millet","Other",0,0,0,0,0,0,0,0,0,0,"Mothbean","Mothbean","0-0-0, 40-20-0, 80-40-0","Synthetic - below threshold","rainfed",1.11278195488722,"NA","NA","NA","NA","NA","NA","NA","NA","0.9925372010936977","NA","NA","0.95937296593621169","NA","NA","NA","1.120101645044804","NA","NA","NA",1.03345724907063,"NA","NA","NA","NA","NA","NA","NA","Mix-Win","NA","NA","NA","NA","NA","NA","NA","NA","NA","Conservation agriculture - use of mulch: ""increased productivity of grain and stover with moisture-conservation practices was owing to the use of dust mulch and straw mulch, which helped extend the period of storage of water in soil profile due to reduction in evaporation; as Kaolin reduces transpirational loss of water and FYM increases water-holding capacity of soil.""","Dry conditions (soil moisture stress): ""The intercropping system depleted more moisture from deeper layers than pearlmillet sole. The moisture stress in upper (0-30 cm) soil profile might have compelled roots to go deeper in search of moisture.""","Market price of legume - high compared with cereal","NA",NA,"Table 1 = food (PEY column, control = pearlmillet sole); water regulation (moisture extraction pattern average of 5 depths); net return (economic wellbeing); natural capital (WUE = water use efficiency)",NA,2,2,2,1,2,2,11
153,320,"Kuri B.R., Yadav R.S., Kumawat A.",2012,"Evaluation of pearl millet (Pennisetum glaucum) and mothbean (Vigna acconitifolia) intercropping systems in hyper arid partially irrigated north-western plains zone","Kuri, B. R., Yadav, R. S., & Kumawat, A. (2014). Evaluation of pearl millet (Pennisetum glaucum) and mothbean (Vigna acconitifolia) intercropping systems in hyper arid partially irrigated north-western plains zone. Indian Journal of Agricultural Sciences, 82(11), 993-996.","Plot","Quantitative","Experiment (research station)","RC","2008","1","15","11","4","3","1","1","3-4","Yes","Yes",NA,"India","South Asia",2,"Agronomy Farm, College of Agriculture, Bikaner, Rajasthan","Asia","LMIC","28.094828","73.352658000000005","No",NA,"Experiment (research station)","Researcher-led","Researcher-led","Intercropping: Cereal-legume","Intercrop",1,1,0,"Row","Existing farmers' practices","Existing farmers' practices",NA,"Grain / Mothbean","Pearl Millet","Other",0,0,0,0,0,0,0,0,0,0,"Mothbean","Mothbean","40-20-0","Synthetic - below threshold","irrigation",1.23210743801653,"NA","NA","NA","NA","NA","NA","NA","NA","NA","NA","NA","1.2132959025206069","NA","NA","NA","1.1222294389867662","NA","NA","NA",1.02636363636364,"NA","NA","NA","NA","NA","NA","NA","Win-Mix","NA","NA","NA","NA","NA","NA","NA","NA","NA","Planting pattern (pearl millet/mothbean ratio 1:7 superior)","Dry conditions (low rainfall amount during cropping season, required life-saving irrigation)","Planting pattern (pearl millet/mothbean ratio 1:7 superior)","Seed prices: Cost of cultivation higher for intercropping due to higher seed prices for beans compared with cereals",NA,"Tables: 1=Yield; 2= LER, income, N uptake",NA,0,1,2,1,2,2,8
300,546,"Sharma S.K., Singh J.",2014,"Productivity and economics of castor (Ricinus communis) - based intercropping systems under rainfed conditions","Sharma, S. K., & Singh, J. (2014). Productivity and economics of castor (Ricinus communis) - based intercropping systems under rainfed conditions. Indian Journal of Agricultural Sciences, 84(3), 432-435.","Plot","Quantitative","Experiment (research station)","E/M","2006-2009","4","14","8","6","3","1","2-4","3-4","Yes","Yes",NA,"India","South Asia",2,"Chaudary Charan Sing Haryana Agricultural University, Hisar","Asia","LMIC","29.150169999999999","75.704463000000004","No","NA","Experiment (research station)","Researcher-led","Researcher-led","Intercropping","Intercrop",1,1,0,"Row","Different intercrop spacings and rows","Varied spacing/timing",NA,"Non-Grain / Mungbean","Castor","Mungbean",0,0,0,0,1,0,0,0,0,0,"0","Pearl millet","40-20-0","Synthetic - below threshold","rainfed",1.6237854,"NA","NA","NA","0.89480000000000004","NA","NA","NA","NA","NA","NA","NA","NA","NA","NA","NA","6.22965313","NA","NA","NA",1.31,"NA","NA","NA","NA","NA","NA","NA","Mix-Win","NA","NA","NA","NA","NA","NA","NA","NA","NA","Type of legume (greengram superior to other intercrops); row spacing had no significant effect","Fast growth of castor compared with slower growth of legumes, especially moth bean and clusterbean (competition for resources)","High market prices for legumes","NA",NA,"See SuppCalc sheet",NA,2,2,2,2,2,2,12
301,546,"Sharma S.K., Singh J.",2014,"Productivity and economics of castor (Ricinus communis) - based intercropping systems under rainfed conditions","Sharma, S. K., & Singh, J. (2014). Productivity and economics of castor (Ricinus communis) - based intercropping systems under rainfed conditions. Indian Journal of Agricultural Sciences, 84(3), 432-435.","Plot","Quantitative","Experiment (research station)","E/M","2006-2009","4","14","8","6","3","1","2-4","3-4","Yes","Yes",NA,"India","South Asia",2,"Chaudary Charan Sing Haryana Agricultural University, Hisar","Asia","LMIC","29.150169999999999","75.704463000000004","No","NA","Experiment (research station)","Researcher-led","Researcher-led","Intercropping","Intercrop",1,1,0,"Row","Different intercrop spacings and rows","Varied spacing/timing",NA,"Non-Grain / Mothbean","Castor","Other",0,0,0,0,0,0,0,0,0,0,"Moth bean","Pearl millet","40-20-0","Synthetic - below threshold","rainfed",1.3704226,"NA","NA","NA","0.87619999999999998","NA","NA","NA","NA","NA","NA","NA","NA","NA","NA","NA","3.62222899","NA","NA","NA",1.165,"NA","NA","NA","NA","NA","NA","NA","Mix-Win","NA","NA","NA","NA","NA","NA","NA","NA","NA","Type of legume (greengram superior to other intercrops); row spacing had no significant effect","Fast growth of castor compared with slower growth of legumes, especially moth bean and clusterbean (competition for resources)","High market prices for legumes","NA",NA,"See SuppCalc sheet",NA,2,2,2,2,2,2,12
302,546,"Sharma S.K., Singh J.",2014,"Productivity and economics of castor (Ricinus communis) - based intercropping systems under rainfed conditions","Sharma, S. K., & Singh, J. (2014). Productivity and economics of castor (Ricinus communis) - based intercropping systems under rainfed conditions. Indian Journal of Agricultural Sciences, 84(3), 432-435.","Plot","Quantitative","Experiment (research station)","E/M","2006-2009","4","14","8","6","3","1","2-4","3-4","Yes","Yes",NA,"India","South Asia",2,"Chaudary Charan Sing Haryana Agricultural University, Hisar","Asia","LMIC","29.150169999999999","75.704463000000004","No","NA","Experiment (research station)","Researcher-led","Researcher-led","Intercropping","Intercrop",1,1,0,"Row","Different intercrop spacings and rows","Varied spacing/timing",NA,"Non-Grain / Clusterbean","Castor","Other",0,0,0,0,0,0,0,0,0,0,"clusterbean","Pearl millet","40-20-0","Synthetic - below threshold","rainfed",1.3026331,"NA","NA","NA","0.83299999999999996","NA","NA","NA","NA","NA","NA","NA","NA","NA","NA","NA","3.0282235100000001","NA","NA","NA",1.06,"NA","NA","NA","NA","NA","NA","NA","Mix-Win","NA","NA","NA","NA","NA","NA","NA","NA","NA","Type of legume (greengram superior to other intercrops); row spacing had no significant effect","Fast growth of castor compared with slower growth of legumes, especially moth bean and clusterbean (competition for resources)","High market prices for legumes","NA",NA,"See SuppCalc sheet",NA,2,2,2,2,2,2,12
303,546,"Sharma S.K., Singh J.",2014,"Productivity and economics of castor (Ricinus communis) - based intercropping systems under rainfed conditions","Sharma, S. K., & Singh, J. (2014). Productivity and economics of castor (Ricinus communis) - based intercropping systems under rainfed conditions. Indian Journal of Agricultural Sciences, 84(3), 432-435.","Plot","Quantitative","Experiment (research station)","E/M","2006-2009","4","14","8","6","3","1","2-4","3-4","Yes","Yes",NA,"India","South Asia",2,"Chaudary Charan Sing Haryana Agricultural University, Hisar","Asia","LMIC","29.150169999999999","75.704463000000004","No","NA","Experiment (research station)","Researcher-led","Researcher-led","Intercropping","Intercrop",1,1,0,"Row","Different intercrop spacings and rows","Varied spacing/timing",NA,"Non-Grain / Cowpea","Castor","Cowpea",0,1,0,0,0,0,0,0,0,0,"0","Pearl millet","40-20-0","Synthetic - below threshold","rainfed",1.3273254,"NA","NA","NA","0.75270000000000004","NA","NA","NA","NA","NA","NA","NA","NA","NA","NA","NA","3.2326927599999999","NA","NA","NA",1.105,"NA","NA","NA","NA","NA","NA","NA","Mix-Win","NA","NA","NA","NA","NA","NA","NA","NA","NA","Type of legume (greengram superior to other intercrops); row spacing had no significant effect","Fast growth of castor compared with slower growth of legumes, especially moth bean and clusterbean (competition for resources)","High market prices for legumes","NA",NA,"See SuppCalc sheet",NA,2,2,2,2,2,2,12
307,563,"Singh B., Dhaka A.K., Kumar S., Singh S., Kumar M.",2017,"Land, biological and economic evaluation of intercropping systems involving barley (Hordeum vulgare), Indian mustard (Brassica juncea) and chickpea (Cicer arietinum) under different spatial arrangements","Singh, B., Dhaka, A. K., Kumar, S., Singh, S., & Kumar, M. (2017). Land, biological and economic evaluation of intercropping systems involving barley (Hordeum vulgare), Indian mustard (Brassica juncea) and chickpea (Cicer arietinum) under different spatial arrangements. Indian Journal of Agronomy, 62(4), 443-450.","Plot","Quantitative","Experiment (research station)","E/M","2011-2013","2","9","3","6","3","1","2-4","3-4","Yes","Yes","poverty, population growth, hunger","India","South Asia",2,"Chaudary Charan Sing Haryana Agricultural University, Hisar","Asia","LMIC","29.150169999999999","75.704463000000004","No","NA","Experiment (research station)","Researcher-led","Researcher-led","Intercropping","Intercrop",1,1,0,"Row","Different intercrop spacings","Varied spacing/timing",NA,"Grain / Chickpea","Barley","Chickpea",1,0,0,0,0,0,0,0,0,0,"0","Indian mustard","2.5208333333333335","Synthetic - below threshold","irrigation",0.896742896742897,"NA","NA","NA","NA","NA","NA","NA","NA","NA","NA","NA","NA","1.0567567567567566","NA","NA","1.0173775671406002","NA","NA","NA",1.07333333333333,"NA","NA","NA","NA","NA","NA","NA","Mix-Win","NA","NA","NA","NA","NA","NA","NA","NA","NA","Row spacing of intercrops","Choice of main crop (barley outcompetes legumes compared with other cereals)","Row spacing of intercrops","Choice of main crop (barley outcompetes legumes compared with other cereals)",NA,"Table 1, Table 2, Table 4",NA,2,2,2,1,2,2,11
353,626,"Tripathi S.C., Singh R.P.",2008,"Effect of crop diversification on productivity and profitability of rice (Oryza sativa) - Wheat (triticum aestivum) cropping system","Tripathi, S. C., & Singh, R. P. (2008). Effect of crop diversification on productivity and profitability of rice (Oryza sativa) - Wheat (triticum aestivum) cropping system. Indian Journal of Agronomy, 53(1), 27-31.","Plot","Quantitative","Experiment (research station)","E/M","2000-2006","6","8","2","6","4","1","5-10","3-4","Yes","Yes",NA,"India","South Asia",2,"Karnal (Directorate of Wheat Research)","Asia","LMIC","29.703534999999999","76.992881999999994","No","NA","Experiment (research station)","Researcher-led","Researcher-led","Rotation","Rotation",1,0,0,"Rotation","Existing farmers' practices","Existing farmers' practices",NA,"Grain / Pigeonpea","Rice-wheat","Pigeonpea",0,0,0,0,0,1,0,0,0,0,"0",NA,"""Recommended doses""","Synthetic - below threshold","irrigation",1.02849958088852,"NA","NA","NA","NA","NA","NA","NA","1.3647058823529412","NA","NA","NA","NA","NA","NA","NA","1.3442622950819672","NA","NA","NA",1.04325334099727,"NA","NA","NA","NA","NA","NA","NA","Win-Win","NA","NA","NA","NA","NA","NA","NA","NA","NA","Soil: low organic C content; Residue incorporation: ""Greengram and vegetable pea residues were incorporated into the soil after picking of pods""","NA","NA","NA",NA,"Table 2 = yield (control= rice-wheat-rice -wheat- rice- wheat, treatment = piigeonpea-wheat - rice -wheat - rice- wheat)- ""Pooled"" column of ""Wheat equivalent yield""; Weeds (""Dry weight of weeds in wheat""); Organic C (average of 0-15cm and 15-30cm); Net returns; LUE (natural capital)",NA,2,2,2,1,2,2,11
354,626,"Tripathi S.C., Singh R.P.",2008,"Effect of crop diversification on productivity and profitability of rice (Oryza sativa) - Wheat (triticum aestivum) cropping system","Tripathi, S. C., & Singh, R. P. (2008). Effect of crop diversification on productivity and profitability of rice (Oryza sativa) - Wheat (triticum aestivum) cropping system. Indian Journal of Agronomy, 53(1), 27-31.","Plot","Quantitative","Experiment (research station)","E/M","2000-2006","6","8","2","6","4","1","5-10","3-4","Yes","Yes",NA,"India","South Asia",2,"Karnal (Directorate of Wheat Research)","Asia","LMIC","29.703534999999999","76.992881999999994","No","NA","Experiment (research station)","Researcher-led","Researcher-led","Rotation","Rotation",1,0,0,"Rotation","Existing farmers' practices","Existing farmers' practices",NA,"Grain / Mungbean + Pea","Rice-wheat","Multiple",0,0,0,0,1,0,0,0,0,1,"Vegetable pea","Vegetable pea","""Recommended doses""","Synthetic - below threshold","irrigation",1.279128248114,"NA","NA","NA","NA","NA","NA","NA","1.6812834224598929","NA","NA","NA","NA","NA","NA","NA","1.389344262295082","NA","NA","NA",1.38583129760023,"NA","NA","NA","NA","NA","NA","NA","Win-Win","NA","NA","NA","NA","NA","NA","NA","NA","NA","Soil: low organic C content; Residue incorporation: ""Greengram and vegetable pea residues were incorporated into the soil after picking of pods""","NA","NA","NA",NA,"Table 2 = yield (control= rice-wheat-rice -wheat- rice- wheat, treatment = piigeonpea-wheat - rice -wheat - rice- wheat)- ""Pooled"" column of ""Wheat equivalent yield""; Weeds (""Dry weight of weeds in wheat""); Organic C (average of 0-15cm and 15-30cm); Net returns; LUE (natural capital)",NA,2,2,2,1,2,2,11
53,99,"Chauhan D.S., Sharma R.K., Kharub A.S., Tripathi S.C., Chhokar R.S.",2001,"Effect of crop intensification on productivity, profitability, energetics and soil fertility in rice (Oryza sativa)-wheat (Triticum aestivum) cropping system of north-western plains","Chauhan, D. S., Sharma, R. K., Kharub, A. S., Tripathi, S. C., & Chhokar, R. S. (2001). Effect of crop intensification on productivity, profitability, energetics and soil fertility in rice (Oryza sativa)-wheat (Triticum aestivum) cropping system of north-western plains. Indian Journal of Agricultural Sciences, 71(5), 299-302.","Plot","Quantitative","Experiment (research station)","E/M","1996-2000","4","7","3","4","3","1","2-4","3-4","Yes","Yes",NA,"India","South Asia",2,"Directorate of Wheat Research, Karnal","Asia","LMIC","29.705297999999999","76.991967000000002","Yes","""crop intensification options by introduction of vegetable pea or potato, with objective to maximize production, land use and economic efficiences of the system""","Experiment (research station)","Researcher-led","Researcher-led","Rotation","Rotation",1,0,0,"Rotation","Existing farmers' practices","Existing farmers' practices",NA,"Grain / Pea","Rice-Wheat","Pea",0,0,0,0,0,0,0,0,0,1,"0","Potato, Prickly sesban (green manure)","0-0-0","No synthetic","irrigation",1.41898527,"NA","NA","NA","NA","NA","1.3073929959999999","NA","NA","NA","NA","NA","1.0637037","NA","NA","NA","1.2874231549999999","NA","NA","NA",1.037741,"NA","NA","NA","NA","NA","NA","NA","Win-Mix","NA","NA","NA","NA","NA","NA","NA","NA","NA","NA","NA","NA","NA","NA","NA",NA,2,2,2,1,2,2,11
54,99,"Chauhan D.S., Sharma R.K., Kharub A.S., Tripathi S.C., Chhokar R.S.",2001,"Effect of crop intensification on productivity, profitability, energetics and soil fertility in rice (Oryza sativa)-wheat (Triticum aestivum) cropping system of north-western plains","Chauhan, D. S., Sharma, R. K., Kharub, A. S., Tripathi, S. C., & Chhokar, R. S. (2001). Effect of crop intensification on productivity, profitability, energetics and soil fertility in rice (Oryza sativa)-wheat (Triticum aestivum) cropping system of north-western plains. Indian Journal of Agricultural Sciences, 71(5), 299-302.","Plot","Quantitative","Experiment (research station)","E/M","1996-2000","4","7","3","4","3","1","2-4","3-4","Yes","Yes",NA,"India","South Asia",2,"Directorate of Wheat Research, Karnal","Asia","LMIC","29.705297999999999","76.991967000000002","Yes","""crop intensification options by introduction of vegetable pea or potato, with objective to maximize production, land use and economic efficiences of the system""","Experiment (research station)","Researcher-led","Researcher-led","Rotation","Rotation",1,0,0,"Rotation","Existing farmers' practices","Existing farmers' practices",NA,"Grain / Mungbean","Rice-Wheat","Mungbean",0,0,0,0,1,0,0,0,0,0,"0","Potato, Prickly sesban (green manure)","0-0-0","No synthetic","irrigation",1.08919804,"NA","NA","NA","NA","NA","0.953307393","NA","NA","NA","NA","NA","1.0977778","NA","NA","NA","1.063626177","NA","NA","NA",1.2830579,"NA","NA","NA","NA","NA","NA","NA","Mix-Mix","NA","NA","NA","NA","NA","NA","NA","NA","NA","NA","NA","NA","NA","NA","NA",NA,2,2,2,1,2,2,11
125,258,"Jat R.D., Jat H.S., Nanwal R.K., Yadav A.K., Bana A., Choudhary K.M., Kakraliya S.K., Sutaliya J.M., Sapkota T.B., Jat M.L.",2018,"Conservation agriculture and precision nutrient management practices in maize-wheat system: Effects on crop and water productivity and economic profitability","Jat, R. D., Jat, H. S., Nanwal, R. K., Yadav, A. K., Bana, A., Choudhary, K. M., . . . Jat, M. L. (2018). Conservation agriculture and precision nutrient management practices in maize-wheat system: Effects on crop and water productivity and economic profitability. Field Crops Research, 222, 111-120. doi:10.1016/j.fcr.2018.03.025","Farm","Quantitative","Experiment (on farm)","RC","2012-2015","3","4","2","2","3","1","2-4","3-4","No","No","Water scarcity","India","South Asia",2,"Taraori village, district Karnal, Haryana","Asia","LMIC","29.808333000000001","76.921110999999996","No",NA,"Experiment (on farm)","Farmer-led","Farmer-led","Intercropping: Cereal-legume","Intercrop",1,0,0,"Mixed","Conservation agriculture (reduced tillage + residue management) + Site-specific nutrient management","Conservation ag (residue + tillage)",NA,"Grain / Mungbean","Maize-Wheat","Mungbean",0,0,0,0,1,0,0,0,0,0,"0",NA,"150-60-60","Synthetic - below threshold","irrigation",1.20427,"NA","NA","NA","NA","NA","NA","NA","NA","NA","NA","NA","NA","NA","NA","NA","1.1776","NA","NA","NA",1.2039,"NA","NA","NA","NA","NA","NA","NA","Win-Win","NA","NA","NA","NA","NA","NA","Yes: increased water use (for irrigation) when introducing legumes (bad) but increased water use efficiency (good)","NA","NA","Soil quality (history of legume intercropping - cumulative improvement in soil health over years intercropped)","NA","NA","NA","NA","See SuppCalc sheet- Tables 2 (NPK), 5(yield) 7(H2O use efficiency) 8 (income)",NA,2,2,2,2,2,2,12
86,176,"Feng L., Raza M.A., Chen Y., Khalid M.H.B., Meraj T.A., Ahsan F., Fan Y., Du J., Wu X., Song C., Liu C., Bawa G., Zhang Z., Yuan S., Yang F., Yang W.",2019,"Narrow-wide row planting pattern improves the light environment and seed yields of intercrop species in relay intercropping system","Feng, L., Raza, M. A., Chen, Y., Khalid, M. H. B., Meraj, T. A., Ahsan, F., . . . Yang, W. (2019). Narrow-wide row planting pattern improves the light environment and seed yields of intercrop species in relay intercropping system. PLoS ONE, 14(2). doi:10.1371/journal.pone.0212885","Plot","Quantitative","Experiment (research station)","E/M","2016-2017","2","2","1","1","3","1","2-4","3-4","Yes","Yes","Food security pressure, environmental degradation","China","East Asia",5,"Renshou Research Farm of Sichuan Agricultural University, Sichuan Province","Asia","UMIC","29.9859245588653","102.993473553904","Yes","""intensive farming has been practiced with high inputs ofchemicals, fertilizers, seeds, and irrigation""","Experiment (research station)","Researcher-led","Researcher-led","Intercropping: Cereal-legume","Intercrop",1,1,0,"Relay strip","Existing farmers' practices, including no tillage","Tillage practices",NA,"Grain / Soybean","Maize","Soybean",0,0,0,0,0,0,0,0,1,0,"0",NA,"45-40-150","Synthetic - below threshold","irrigation",1.0967,"NA","NA","NA","NA","NA","NA","NA","NA","NA","NA","NA","NA","1","NA","NA","NA","NA","NA","NA",1.505,"NA","NA","NA","NA","NA","NA","NA","Mix-Mix","NA","NA","NA","NA","NA","NA","NA","NA","NA","Planting pattern: ""narrow wide planting pattern (2M2S) exhibited a higher photosynthetic rate ofsoybean than equal row planting system (1M1S) which increased the dry matter production and final seed yield ofsoybean plants by maintaining optimum maize yield""","NA","Planting pattern: high density intercrop increases yield","Planting pattern: low density intercrop reduces net income + increases total expenses",NA,"NA",NA,2,2,2,2,2,2,12
355,631,"ul Haq M.I., Ahmad R., Jabbar A., Khalid M.",2018,"The effect of different planting techniques on productivity and profitability of barley-lentil intercrops under semi-arid subtropical climate","ul Haq, M. I., Ahmad, R., Jabbar, A., & Khalid, M. (2018). The effect of different planting techniques on productivity and profitability of barley-lentil intercrops under semi-arid subtropical climate. International Journal of Agriculture and Biology, 20(11), 2437-2445. doi:10.17957/IJAB/15.0787","Plot","Quantitative","Experiment (research station)","E/M","2014-2015","2","10","4","6","1","1","2-4","1-2","Yes","Yes","Yield stagnations, pest and pathogen accumulation, soil degradation, and environmental deterioration","Pakistan","South Asia",2,"Agronomic Research Area, University of Agriculture, Faisalabad","Asia","LMIC","31.333333","73.083332999999996","No","NA","Experiment (research station)","Researcher-led","Researcher-led","Intercropping","Intercrop",1,1,0,"Strip","Raised beds vs no beds","SWC",NA,"Grain / Lentil","Barley","Lentil",0,0,0,1,0,0,0,0,0,0,"0",NA,"50-50-0","Synthetic - below threshold","irrigation",1.1389157,"NA","NA","NA","NA","NA","NA","NA","NA","NA","NA","NA","NA","1.1835878","NA","NA","3.1779097630000002","NA","NA","NA",1.4975,"NA","NA","NA","NA","NA","NA","NA","Win-Mix","NA","NA","NA","NA","NA","NA","NA","Profitability, Water saving","NA","Spatial/topological arrangements of intercrop/Planting geometries: Higher density plantings (more rows) led to higher grain yield","NA","Spatial/topological arrangements of intercrop/Planting geometries: Affected land and water use efficiency ""Different planting geometries markedly differed for irrigation water use efficiency during both years"", higher densities led to higher profits; Conservation agriculture: ""Raised bed planting geometry caused substantial saving of irrigation water over flat irrigation system.""","NA",NA,"See SuppCalc Sheet",NA,0,2,2,2,2,2,10
314,567,"Singh L., Singh J.K., Chand L., Hasan B.",2009,"Productivity, economics and competitive indices of lentil (Lens Culinaris)-based intercropping systems in Kashmir valley","Singh, L., Singh, J. K., Chand, L., & Hasan, B. (2009). Productivity, economics and competitive indices of lentil (Lens Culinaris)-based intercropping systems in Kashmir valley. Indian Journal of Agronomy, 54(3), 291-295.","Plot","Quantitative","Experiment (research station)","E/M","2005-2007","2","11","8","3","3","1","2-4","3-4","Yes","Yes",NA,"India","South Asia",2,"Shalimar, Srinagar (34°08' N, 74 52 E)","Asia","LMIC","34.133333","74.866667000000007","No","NA","Experiment (research station)","Researcher-led","Researcher-led","Intercropping","Intercrop",1,1,0,"Row","Different intercrop spacings","Varied spacing/timing",NA,"Grain / Lentil","Oats","Lentil",0,0,0,1,0,0,0,0,0,0,"0",NA,"40:26.4:20","Synthetic - below threshold","rainfed",1.15599173553719,"NA","NA","NA","NA","NA","NA","NA","NA","NA","NA","NA","NA","1.0920600858369101","NA","NA","1.2383086515978174","NA","1.0013661202185791","NA",1.07914572864322,"NA","NA","NA","NA","NA","NA","NA","Win-Win","NA","NA","NA","NA","NA","NA","NA","NA","NA","Diverse morphology, growth rhythm and similar climatic requirements of intercrops","NA","High legume market prices","NA",NA,"Table 2, Table 3, Table 4",NA,2,2,2,1,2,2,11
315,567,"Singh L., Singh J.K., Chand L., Hasan B.",2009,"Productivity, economics and competitive indices of lentil (Lens Culinaris)-based intercropping systems in Kashmir valley","Singh, L., Singh, J. K., Chand, L., & Hasan, B. (2009). Productivity, economics and competitive indices of lentil (Lens Culinaris)-based intercropping systems in Kashmir valley. Indian Journal of Agronomy, 54(3), 291-295.","Plot","Quantitative","Experiment (research station)","E/M","2005-2007","2","11","8","3","3","1","2-4","3-4","Yes","Yes",NA,"India","South Asia",2,"Shalimar, Srinagar (34°08' N, 74 52 E)","Asia","LMIC","34.133333","74.866667000000007","No","NA","Experiment (research station)","Researcher-led","Researcher-led","Intercropping","Intercrop",1,1,0,"Row","Different intercrop spacings","Varied spacing/timing",NA,"Non-Grain / Lentil","Brown sarson","Lentil",0,0,0,1,0,0,0,0,0,0,"0",NA,"40:26.4:20","Synthetic - below threshold","rainfed",1.3625730994152,"NA","NA","NA","NA","NA","NA","NA","NA","NA","NA","NA","NA","0.95741261550823631","NA","NA","1.5322175732217573","NA","0.93454724409448997","NA",0.995,"NA","NA","NA","NA","NA","NA","NA","Mix-Mix","NA","NA","NA","NA","NA","NA","NA","NA","NA","Diverse morphology, growth rhythm and similar climatic requirements of intercrops","NA","High legume market prices","NA",NA,"Table 2, Table 3, Table 4",NA,2,2,2,1,2,2,11
318,575,"Singh U., Singh S.R., Saad A.A., Khanday B.A., Singh J.K.",2011,"Yield advantage, reciprosity functions and energy budgeting of lentil (Lens culinaris) + oat (Avena sativa) intercropping under varying row ratio and phosphorus management",NA,"Plot","Quantitative","Experiment (research station)","E/M","2006-2008","2","29","9","20","3","1","2-4","3-4","Yes","Yes",NA,"India","South Asia",2,"Wadura, Sopore, Kashmir (34°172′N latitude and 74°332′ E longitude)","Asia","LMIC","34.283332999999999","74.533332999999999","No","NA","Experiment (research station)","Researcher-led","Researcher-led","Intercropping","Intercrop",1,1,0,"Row","Different intercrop spacings","Varied spacing/timing",NA,"Grain / Lentil","Oats","Lentil",0,0,0,1,0,0,0,0,0,0,"0",NA,"80:16.6:0","Synthetic - below threshold","rainfed",1.18390804597701,"NA","NA","NA","NA","NA","1.0372093023255815","NA","NA","1.2247706422018347","NA","NA","1.2655367231638417","1.1852861035422342","NA","NA","1.2404815742834443","NA","0.98359073359073368","NA",1.24,"NA","NA","NA","NA","NA","NA","NA","Win-Mix","NA","NA","NA","NA","NA","NA","NA","NA","NA","Row spacing of intercrops - nutrient uptake higher in 1:1 than 2:1 and 3:1","Row spacing of intercrops - nutrient uptake higher in 1:1 than 2:1 and 3:1","Row spacing of intercrops - economic returns higher in 1:1 than 3:1","NA",NA,"Tables 1-4",NA,2,2,2,2,2,2,12
161,338,"LI Y.-H., SHI D.-Y., LI G.-H., ZHAO B., ZHANG J.-W., LIU P., REN B., DONG S.-T.",2019,"Maize/peanut intercropping increases photosynthetic characteristics, 13C-photosynthate distribution, and grain yield of summer maize","Li, Y.-h., Shi, D.-y., Li, G.-h., Zhao, B., Zhang, J.-w., Liu, P., . . . Dong, S.-t. (2019). Maize/peanut intercropping increases photosynthetic characteristics, 13C-photosynthate distribution, and grain yield of summer maize. Journal of Integrative Agriculture, 18(10), 2219-2229. doi:10.1016/s2095-3119(19)62616-x","Plot","Quantitative","Experiment (research station)","E/M","2015-2016","2","4","3","1","1","1","2-4","1-2","Yes","No",NA,"China","East Asia",5,"Corn Technology Innovation Center of Shandong Agricultural University, Tai´an (Shandong Province)","Asia","UMIC","36.166666999999997","117.15","No",NA,"Experiment (research station)","Researcher-led","Researcher-led","Intercropping-Rotation","Intercrop-Rotation",1,0,0,"Strip","Existing farmers' practices","Existing farmers' practices",NA,"Grain / Groundnut","Maize","Groundnut",0,0,1,0,0,0,0,0,0,0,"0",NA,"200-100-120","Synthetic - above threshold","rainfed",1.89730590745632,"NA","NA","NA","NA","NA","NA","NA","NA","NA","NA","NA","NA","1.26325","NA","NA","1.23","NA","NA","NA",1.155,"NA","NA","NA","NA","NA","NA","NA","Win-Win","NA","NA","NA","NA","NA","NA","NA","NA","NA","Planting pattern: ""yield advantages and higher land productivity in the maize/peanut intercropping system under a 4:6 pattern (four rows of maize and six rows of peanut)""","NA","Planting pattern: ""yield advantages and higher land productivity in the maize/peanut intercropping system under a 4:6 pattern (four rows of maize and six rows of peanut)""","Calculation of profits only considered gross income, ignored other costs like labour and machinery","intercropping system can be economically favorable for farmers, but a full evaluation of costs and benefits should also consider differences in costs, e.g., labor cost and mechanical cost","Table 1: LER, Yield; Section 3.4 ES impact",NA,2,2,2,2,2,2,12
368,682,"Yang X., Chen Y., Pacenka S., Gao W., Ma L., Wang G., Yan P., Sui P., Steenhuis T.S.",2015,"Effect of diversified crop rotations on groundwater levels and crop water productivity in the North China Plain","Yang, X., Chen, Y., Pacenka, S., Gao, W., Ma, L., Wang, G., . . . Steenhuis, T. S. (2015). Effect of diversified crop rotations on groundwater levels and crop water productivity in the North China Plain. Journal of Hydrology, 522, 428-438. doi:10.1016/j.jhydrol.2015.01.010","Plot","Quantitative","Experiment (on farm)","E/M","2002","1","5","1","4","15","1","1","11-100","No (general diversification)","No","Drought, water shortages, Over-exploitation of groundwater for irrigation","China","East Asia",5,"Luancheng County, North China Plain","Asia","UMIC","37.833333000000003","114.666667","No","NA","Experiment (on farm)","Farmer-led","Farmer-led","Rotation","Rotation",1,0,0,"Rotation","Existing farmers' practices","Existing farmers' practices",NA,"Grain / Groundnut","Winter wheat-summer maize","Groundnut",0,0,1,0,0,0,0,0,0,0,"0","0","180-105-75","Synthetic - below threshold","irrigation",1.32219271063893,"NA","NA","NA","NA","NA","1.2769641844749957","NA","NA","1.1621253405994549","NA","NA","NA","1.3152956008955154","NA","NA","1.1572773329611494","NA","NA","NA",1.45454545454545,"NA","NA","NA","NA","NA","NA","NA","Win-Win","NA","NA","NA","NA","NA","NA","NA","NA","NA","Diversified multi-year rotations, drought-resistant cultivars","NA","NA","NA",NA,"Table 3 = water regulation (reduction in evapotransipiration - bottom line ""average of 2003-2013""); carbon emissions from Yang et al 2014 (Table 4 - PWS/WS CFa column); yield (food grain) and biomass from Yang et al 2014 Table 1 PWS/WS;soil org carbon from Yang et al 2014 Figure 2 PWS/WS; Tables and figures from Yang et al 2014 added to SubClac tab","Yang, X.L., Gao, W.S., Zhang, M., Chen, Y.Q., Sui, P., 2014a. Reducing agricultural carbon footprint through diversified crop rotation systems in the North China Plain. J. Clean. Prod. 76, 131–139.",2,1,2,2,2,2,11
150,757,"Koskey G, Leoni F, Carlesi S, Avio L, Barberi P.",2022,"Exploiting Plant Functional Diversity in Durum Wheat-Lentil Relay Intercropping to Stabilize Crop Yields under Contrasting Climatic Conditions","Koskey, G., Leoni, F., Carlesi, S., Avio, L., & Barberi, P. (2022). Exploiting Plant Functional Diversity in Durum Wheat-Lentil Relay Intercropping to Stabilize Crop Yields under Contrasting Climatic Conditions. Agronomy-Basel, 12(1), 15. doi:10.3390/agronomy12010210","Plot","Quantitative","Experiment (research station)","E/M","2019-2021","3","5","2","3","4 & 5","1","2-4","5-10","Yes","Yes","Food security amidst shrinking arable land, rising human populatio and food demand. need to reduce GHG, maintain ecosystem sustainability and reduce environmental impacts associated with agricultural intensification and climate change. there is a growing consumption demand
in Europe for lentil yet its production in the region remains low.","Italy","High Income Countries",3,"Interdepartmental Centre for Agri-Environmental Research Enrico Avanzi (CiRAA) of the University of Pisa","Europe","HIC","43.68","10.345972","No","NA","Experiment (research station)","Researcher-led","Researcher-led","Intercropping:wheat-legume","Intercrop",1,0,0,"NA","Varied spacing/timing","Varied spacing/timing",NA,"Grain / Lentil","Wheat","Lentil",0,0,0,1,0,0,0,0,0,0,"0","0","Not applied","No synthetic","rainfed",1.18673081626126,"NA","NA","NA","NA","NA","NA","NA","1.4863188505261675","NA","NA","NA","1.1288981673071237","1.2510572820342787","NA","NA","NA","NA","NA","NA",3.34166666666667,"NA","NA","NA","NA","NA","NA","NA","Win-Win","NA","NA","NA","NA","NA","NA","NA","NA","NA","lentil was relay intercropped into the
already developed durum wheat (at the tillering stage), thus minimizing early competition
with the main crop while maximizing resource facilitation and sharing at the later stages of
both intercrops. This study showed that despite contrasting climatic conditions, intercropping of winter
durum wheat with spring lentil can increase the overall aboveground biomass and grain
production per unit area compared to sole crops. No adverse competition effects between
the intercrops were observed, hence a yield advantage in both intercropping systems over
the sole crops. The complementary functional traits of durum wheat–lentil
intercrops effectively controlled weeds comparable to mechanical hoeing.","NA","NA","NA",NA,"Fig2_weed biomass, table1_crop biomass, table2_grain yield, table3_phosphorus concentration, table4_LER",NA,2,2,2,2,2,2,12
190,404,"Mwila M., Mhlanga B., Thierfelder C.",2021,"Intensifying cropping systems through doubled-up legumes in Eastern Zambia","Mwila, M., Mhlanga, B., & Thierfelder, C. (2021). Intensifying cropping systems through doubled-up legumes in Eastern Zambia. Sci Rep, 11(1), 8101. doi:10.1038/s41598-021-87594-0","Farm","Quantitative","Experiment (on farm)","RC","2016-2018","3","4","2","2","5","1","2-4","5-10","Yes","Yes","Climate change, climate variability, declining soil fertility, food/nutrition security","Zambia","Subsaharan Africa",1,"Eastern Zambia","Africa","LIC","− 10° (-10) to 15° S(-15)","30° (30)–33° (33)E","Yes","""diversify and increase the output per unit area""","Experiment (on farm)","Farmer-led + support by researchers","Farmer-led + researcher/extension","Intercropping: Cereal-legume (double crop legume)","Intercrop-Rotation",1,1,0,"Row","Conservation agriculture vs Tillage (existing farmers practices)","Conservation ag (residue + tillage)",NA,"Grain / Groundnut + Pigeonpea","Maize","Multiple",0,0,1,0,0,1,0,0,0,0,"0",NA,"40471","Synthetic - below threshold","rainfed",1.11624326,"NA","NA","NA","NA","NA","NA","NA","NA","NA","NA","NA","NA","1.1468575000000001","NA","NA","NA","NA","NA","NA",1.22,"NA","NA","NA","NA","NA","NA","NA","Win-Win","NA","NA","NA","NA","NA","NA","NA","NA","NA","Season, reduced tillage + crop combination: ""interaction of season and system (p < 0.001) and legume combinations (p < 0.001) significantly affected total system biomass ""; High rainfall:""Less water stress and crop competition on the other hand was experienced in the higher rainfall season of 2016/2017 emphasizing again the strong influence of rainfall season on crop yields.""","Pests: ""Pests such as the blister beetle (Mylabris oculata MYLBPU) and cotton bollworm (Helicoverpa amigra Hb.) heavily attacked the pigeonpea which led to a significant yield penalty on the crop in the first season""; Dry weather: ""reduced biomass yields in the doubled-up legumes systems in two years was attributed to lower rainfall received in the 2015/2016 and 2017/2018 agricultural seasons and associated crop competition for soil moisture."" ""This was the year of an unprecedented El Niño, which significantly affected the whole region and its farmers43. Competition for moisture in more intensified crop management systems with several crops in a doubled-up legumes system is expected and may have led to reduced productivity of the constituent""; Traditional harvest/management methods: ""current management of pigeonpea biomass in the system is critical. Traditional management of pigeonpea leaves and stems means cutting the pigeonpea stalks at harvest (in July/August) and replanting pigeonpea in the following cropping season. If this practice is continued, the green leaf of pigeonpea, the plant part where most of the nitrogen is accumulated47 will not be used and most of the N in the leaves will volatilize during the long dry period between harvest and planting maize losing the benefit to the atmosphere. Ratooning of pigeonpea at maize planting time and using the green leaves at seeding of maize would be a better strategy""","""Long dry spells and early tailing-off of the rainfall seasons significantly affected crop production in the trial areas as it coincided with critical growth stages (pod formation on legumes and/or cob formation and grain filling on maize). From the statistical analysis (Table 1), the seasonal rainfall effect was stronger than the crop management systems effect""","Dry weather: ""reduced biomass yields in the doubled-up legumes systems in two years was attributed to lower rainfall received in the 2015/2016 and 2017/2018 agricultural seasons and associated crop competition for soil moisture.""","""Declining soil fertility and increased threats of climate variability and change will require that crop management systems are sustainably intensified or the number of hungry people around the world will increase"". ""doubled-up legumes systems and their individual components are affected more seriously in drier seasons as a result of the competition from the constituent crops. Legume intensification with pigeonpea and groundnut is therefore not overcoming climate related challenges, despite the drought-tolerant nature of both groundnut and pigeonpea""; ""Pigeonpea grain provides nutritional benefits and a potential cash income from the export markets. Stalks can be used as firewood or left standing and used as mulch at the onset of the cropping season""","Sup. Calc / Figure 4 (Yield, biomass) Table 4 (LER)",NA,2,2,1,2,2,2,11
210,421,"Ngwira A.R., Kabambe V., Simwaka P., Makoko K., Kamoyo K.",2020,"Productivity and profitability of maize-legume cropping systems under conservation agriculture among smallholder farmers in Malawi","Ngwira, A. R., Kabambe, V., Simwaka, P., Makoko, K., & Kamoyo, K. (2020). Productivity and profitability of maize-legume cropping systems under conservation agriculture among smallholder farmers in Malawi. Acta Agriculturae Scandinavica, Section B — Soil & Plant Science, 70(3), 241-251. doi:10.1080/09064710.2020.1712472","Plot","Quantitative","Participatory Action Research","RC","2014-2017","3","9","6","3","12","1","2-4","11-100","Yes","Yes","Soil degradation, drought, low and unstable crop yields and high production costs","Malawi","Subsaharan Africa",1,"Mzimba","Africa","LIC","-11.736925842848937, 33.40270094708989 / -11.339373918733227, 33.81883762004159","-11.736925842848937, 33.40270094708989 / -11.339373918733227, 33.81883762004160","No",NA,"Experiment (on farm)","Farmer-led + support by extension officers and researchers","Farmer-led + researcher/extension","Intercropping: cereal-legume + rotation: cereal-legume","Intercrop-Rotation",1,0,0,"Inter-row","Conservation agriculture vs. conventional tillage + application of fertiliser on maize + weed control","Tillage practices",NA,"Grain / Soybean","Maize","Soybean",0,0,0,0,0,0,0,0,1,0,"0","0","23-21-0 + 4S at seeding and 100 kg urea/ha (46% N) 3 weeks after planting for maize","Synthetic - below threshold","rainfed",1.04201681,"NA","NA","NA","NA","NA","NA","NA","NA","NA","NA","NA","NA","NA","NA","NA","0.79775280900000001","NA","NA","NA",1.025,"NA","NA","NA","NA","NA","NA","NA","Win-Mix","NA","NA","NA","NA","NA","NA","NA","NA","NA","Providing incentives to farmers in the early years of implementation as they gain knowledge and skills will make the system successful.","There is a lack of knowledge by farmers to manage legume systems. Farmers also lack access to legume seeds.","NA","In Malawi farmers prioritise food security concerns above other farming objectives hence allocate larger proportions of their land holding to maize than other crops. Farmers also lack stable and fair markets for legume crops.","In the paper, a big emphasis is played on conventional tillage vs. conservation agriculture.","Sup Calc. (need to be checked) Table 3&4 (Yield); Table 5 (Benefit/cost); P246 in text (LER)",NA,2,2,2,1,2,2,11
81,767,"Falconnier, G. N., Descheemaeker, K., Van Mourik, T. A., & Giller, K. E. (2016, Feb).",2016,"Unravelling the causes of variability in crop yields and treatment responses for better tailoring of options for sustainable intensification in southern Mali","Falconnier, G. N., Descheemaeker, K., Van Mourik, T. A., & Giller, K. E. (2016). Unravelling the causes of variability in crop yields and treatment responses for better tailoring of options for sustainable intensification in southern Mali. Field Crops Research, 187, 113-126. doi:10.1016/j.fcr.2015.12.015","Farm","Quantitative","Experiment (on farm)","RC","2012-2014","3","7","2","5","71","9","2-4",">100","Not exclusively (The aim was to explore options for sustainable intensification and identify the factors that contribute to the variability in crop yields and ES across different socio-ecological contexts)","Not exclusively","soil fertility management, crop diversity, grazing management, water management, seasonal variability, and access to credit and information.","Mali","Subsaharan Africa",1,"Koutiala district","Africa","LIC","12.284518897111528, -5.342026519362749 / 
12.324141139442702, -5.309194020693147 / 
12.363462187700772, -5.346383977058427 / 
12.290785333161283, -5.496685476696215 /
12.755592813272688, -5.826635343042835/ 
12.250070539502527, -5.175471929377544 /
 12.28121802792912, -5.259616713631484 / 
12.284425887073713, -5.348305433441962
","12.284518897111528, -5.342026519362749 / 12.324141139442702, -5.309194020693147 / 12.363462187700772, -5.346383977058427 / 12.290785333161283, -5.496685476696215 /12.755592813272688, -5.826635343042835/ 12.318436783584565, -5.3670230707599265 / 12.250070539502527, -5.175471929377544","yes","Sustainable intensification offers an avenue to improve farmers' livelihood and is based on three principles (Vanlauwe et al., 2014): (i) production of more food, feed and/or fuel from the same amount of land, labour and/or capital (ii) maintenance of healthy soils and reduction of negative environmental impacts and (iii) resilience to climate shocks and stresses.""","Experiment (on farm)","Farmer-led + support by researchers","Farmer-led + researcher/extension","Intercropping: Maize-Legume","Intercrop",1,0,0,"Row","Integrated Soil Fertility Management (ISFM); Crop diversification; Livestock management; Participatory approaches","Fertilizer rates/type",NA,"Grain / Cowpea","Maize","Cowpea",0,1,0,0,0,0,0,0,0,0,"0","Groundnut, Soyabean","80;7;12 Kgha-1","Synthetic - below threshold","rainfed",0.8015625,"NA","NA","NA","NA","NA","NA","NA","NA","NA","NA","NA","NA","NA","NA","NA","NA","NA","NA","NA",1.0425,"NA","NA","NA","NA","NA","NA","NA","Lose-Win","NA","NA","NA","NA","NA","NA","NA","- Access to inputs such as improved seeds, fertilizers, and herbicides.
- Access to credit and other forms of financial support that enable farmers to invest in their agricultural practices.
- Access to markets that provide incentives for farmers to invest in their farms and improve crop yields.
- Availability of labor (either household or hired labor) to support agricultural operations.
- Availability of knowledge and information about sustainable intensification practices, including demonstration plots and training programs.","- Limited institutional support and policy frameworks to promote sustainable intensification, including weak extension services and inadequate agricultural research and development.
- Socio-economic and cultural factors such as conflicts over land and water resources, as well as entrenched cultural norms that restrict women's access to land and other resources.","Maize/cowpea intercropping after cotton
or maize can provide a bonus of fodder for crop-livestock farmers
on all soil types, without penalty on the cereal grain production,
regardless of the type of rainy season","NA","Soyabean and cowpea, currently not commonly
grown, offer opportunities to diversify income and diets and to pro￾duce high quality fodder","NA","A large part of the result foccused on the effect on soil type (WUE, Nutrient availability) rather than effects of intercropping","Table 4 (Yield, pLER)",NA,2,2,2,1,2,2,11
82,767,"Falconnier, G. N., Descheemaeker, K., Van Mourik, T. A., & Giller, K. E. (2016, Feb).",2016,"Unravelling the causes of variability in crop yields and treatment responses for better tailoring of options for sustainable intensification in southern Mali","Falconnier, G. N., Descheemaeker, K., Van Mourik, T. A., & Giller, K. E. (2016). Unravelling the causes of variability in crop yields and treatment responses for better tailoring of options for sustainable intensification in southern Mali. Field Crops Research, 187, 113-126. doi:10.1016/j.fcr.2015.12.016","Farm","Quantitative","Experiment (on farm)","RC","2012-2014","3","7","2","5","71","9","2-4",">100","Not exclusively (The aim was to explore options for sustainable intensification and identify the factors that contribute to the variability in crop yields and ES across different socio-ecological contexts)","Not exclusively","soil fertility management, crop diversity, grazing management, water management, seasonal variability, and access to credit and information.","Mali","Subsaharan Africa",1,"Koutiala district","Africa","LIC","12.284518897111528, -5.342026519362749 / 
12.324141139442702, -5.309194020693147 / 
12.363462187700772, -5.346383977058427 / 
12.290785333161283, -5.496685476696215 /
12.755592813272688, -5.826635343042835/ 
12.250070539502527, -5.175471929377544 /
 12.28121802792912, -5.259616713631484 / 
12.284425887073713, -5.348305433441962
","12.284518897111528, -5.342026519362749 / 
12.324141139442702, -5.309194020693147 / 
12.363462187700772, -5.346383977058427 / 
12.290785333161283, -5.496685476696215 /
12.755592813272688, -5.826635343042835/ 
12.250070539502527, -5.175471929377544 /
 12.28121802792912, -5.259616713631484 / 
12.284425887073713, -5.348305433441962
","yes","Sustainable intensification offers an avenue to improve farmers' livelihood and is based on three principles (Vanlauwe et al., 2014): (i) production of more food, feed and/or fuel from the same amount of land, labour and/or capital (ii) maintenance of healthy soils and reduction of negative environmental impacts and (iii) resilience to climate shocks and stresses.""","Experiment (on farm)","Farmer-led + support by researchers","Farmer-led + researcher/extension","Intercropping: Sorghum-Legume","Intercrop",1,0,0,"Row","Integrated Soil Fertility Management (ISFM); Crop diversification; Livestock management; Participatory approaches","Fertilizer rates/type",NA,"Grain / Cowpea","Sorghum","Cowpea",0,1,0,0,0,0,0,0,0,0,"0","Groundnut, Soyabean","0-0-0","No synthetic","rainfed",1.28706395348837,"NA","NA","NA","NA","NA","NA","NA","NA","NA","NA","NA","NA","NA","NA","NA","NA","NA","NA","NA",0.8345,"NA","NA","NA","NA","NA","NA","NA","Win-Lose","NA","NA","NA","NA","NA","NA","NA","- Access to inputs such as improved seeds, fertilizers, and herbicides.
- Access to credit and other forms of financial support that enable farmers to invest in their agricultural practices.
- Access to markets that provide incentives for farmers to invest in their farms and improve crop yields.
- Availability of labor (either household or hired labor) to support agricultural operations.
- Availability of knowledge and information about sustainable intensification practices, including demonstration plots and training programs.","- Limited institutional support and policy frameworks to promote sustainable intensification, including weak extension services and inadequate agricultural research and development.
- Socio-economic and cultural factors such as conflicts over land and water resources, as well as entrenched cultural norms that restrict women's access to land and other resources.","Maize/cowpea intercropping after cotton
or maize can provide a bonus of fodder for crop-livestock farmers
on all soil types, without penalty on the cereal grain production,
regardless of the type of rainy season","NA","Soyabean and cowpea, currently not commonly
grown, offer opportunities to diversify income and diets and to pro￾duce high quality fodder","NA","A large part of the result foccused on the effect on soil type (WUE, Nutrient availability) rather than effects of intercropping","Table 4 (Yield, pLER)",NA,2,2,2,1,2,2,11
83,768,"Falconnier, G. N., Descheemaeker, K., Van Mourik, T. A., Adam, M., Sogoba, B., & Giller, K. E. (2017, Sep).",2017,"Co-learning cycles to support the design of innovative farm systems in southern Mali","Falconnier, G. N., Descheemaeker, K., Van Mourik, T. A., Adam, M., Sogoba, B., & Giller, K. E. (2017). Co-learning cycles to support the design of innovative farm systems in southern Mali. European Journal of Agronomy, 89, 61-74. doi:10.1016/j.eja.2017.06.008","Farm","Quantitative + Qualitative","Participatory Action Research","RC","2013-2015","3","7","2","5","132","9","2-4",">100","No","Not exclusively","diversification of farm activities, including crop-livestock integrated systems, agroforestry, and the cultivation of legumes and other non-cereal crops, as well as improved soil fertility management practices.","Mali","Subsaharan Africa",1,"Koutiala district","Africa","LIC","12.284518897111528, -5.342026519362749 / 
12.324141139442702, -5.309194020693147 / 
12.363462187700772, -5.346383977058427 / 
12.290785333161283, -5.496685476696215 /
12.755592813272688, -5.826635343042835/ 
12.250070539502527, -5.175471929377544 /
 12.28121802792912, -5.259616713631484 / 
12.284425887073713, -5.348305433441962
","12.284518897111528, -5.342026519362749 / 
12.324141139442702, -5.309194020693147 / 
12.363462187700772, -5.346383977058427 / 
12.290785333161283, -5.496685476696215 /
12.755592813272688, -5.826635343042835/ 
12.250070539502527, -5.175471929377544 /
 12.28121802792912, -5.259616713631484 / 
12.284425887073713, -5.348305433441962
","No","NA","Participatory Action Research","Farmer-led + support by researchers","Farmer-led + researcher/extension","Intercropping: Maize Legume","Intercrop",1,0,0,"Row","Fertiliser rates","Tillage practices",NA,"Grain / Cowpea","Maize","Cowpea",0,1,0,0,0,0,0,0,0,0,"0","Groundnut, Soyabean","80;7;12 Kgha-1","Synthetic - below threshold","rainfed",0.8015625,"NA","NA","NA","NA","NA","NA","NA","NA","NA","NA","NA","NA","NA","NA","NA","1.0326086956521738","NA","NA","NA",1.0425,"NA","NA","NA","NA","NA","NA","NA","Lose-Mix","NA","NA","NA","NA","NA","NA","NA",NA,"risk perception was an important factor affecting farmers’ choices. lack of availability of cowpea seeds; Although diversification with legumes offers potential,
cotton remains a key feature of the current farming system;","NA","NA","Knowledge","risk perception","The study's focus is on co-creating innovative farm systems through participatory action research in Southern Mali to improve productivity, livelihoods, and resilience","Cost increase:  Table 1; Gross margin Fig 3; Falconnier 2016 Table 4 (Yield, pLER)",NA,2,2,1,0,1,2,8
84,768,"Falconnier, G. N., Descheemaeker, K., Van Mourik, T. A., Adam, M., Sogoba, B., & Giller, K. E. (2017, Sep).",2017,"Co-learning cycles to support the design of innovative farm systems in southern Mali","Falconnier, G. N., Descheemaeker, K., Van Mourik, T. A., Adam, M., Sogoba, B., & Giller, K. E. (2017). Co-learning cycles to support the design of innovative farm systems in southern Mali. European Journal of Agronomy, 89, 61-74. doi:10.1016/j.eja.2017.06.009","Farm","Quantitative + Qualitative","Participatory Action Research","RC","2013-2015","3","7","2","5","132","9","2-4",">100","No","Not exclusively","diversification of farm activities, including crop-livestock integrated systems, agroforestry, and the cultivation of legumes and other non-cereal crops, as well as improved soil fertility management practices.","Mali","Subsaharan Africa",1,"Koutiala district","Africa","LIC","12.284518897111528, -5.342026519362749 / 
12.324141139442702, -5.309194020693147 / 
12.363462187700772, -5.346383977058427 / 
12.290785333161283, -5.496685476696215 /
12.755592813272688, -5.826635343042835/ 
12.250070539502527, -5.175471929377544 /
 12.28121802792912, -5.259616713631484 / 
12.284425887073713, -5.348305433441962
","12.284518897111528, -5.342026519362749 / 
12.324141139442702, -5.309194020693147 / 
12.363462187700772, -5.346383977058427 / 
12.290785333161283, -5.496685476696215 /
12.755592813272688, -5.826635343042835/ 
12.250070539502527, -5.175471929377544 /
 12.28121802792912, -5.259616713631484 / 
12.284425887073713, -5.348305433441962
","No","NA","Participatory Action Research","Farmer-led + support by researchers","Farmer-led + researcher/extension","Intercropping: SorghumLegume","Intercrop",1,0,0,"Row","Different fertilizers","Fertilizer rates/type","Seed improvement","Grain / Cowpea","Sorghum","Cowpea",0,1,0,0,0,0,0,0,0,0,"0","Groundnut, Soyabean","0-0-0","No synthetic","rainfed",1.28706395348837,"NA","NA","NA","NA","NA","NA","NA","NA","NA","NA","NA","NA","NA","NA","NA","NA","NA","NA","NA",0.8345,"NA","NA","NA","NA","NA","NA","NA","Win-Lose","NA","NA","NA","NA","NA","NA","NA",NA,"risk perception was an important factor affecting farmers’ choices. lack of availability of cowpea seeds; Although diversification with legumes offers potential,
cotton remains a key feature of the current farming system;","NA","NA","Knowledge","risk perception","The study's focus is on co-creating innovative farm systems through participatory action research in Southern Mali to improve productivity, livelihoods, and resilience","Cost increase:  Table 1; Falconnier 2016 Table 4 (Yield, pLER)",NA,2,2,1,0,1,2,8
212,421,"Ngwira A.R., Kabambe V., Simwaka P., Makoko K., Kamoyo K.",2020,"Productivity and profitability of maize-legume cropping systems under conservation agriculture among smallholder farmers in Malawi","Ngwira, A. R., Kabambe, V., Simwaka, P., Makoko, K., & Kamoyo, K. (2020). Productivity and profitability of maize-legume cropping systems under conservation agriculture among smallholder farmers in Malawi. Acta Agriculturae Scandinavica, Section B — Soil & Plant Science, 70(3), 241-251. doi:10.1080/09064710.2020.1712474","Plot","Quantitative","Participatory Action Research","RC","2014-2017","3","9","6","3","12","1","2-4","11-100","Yes","Yes","Soil degradation, drought, low and unstable crop yields and high production costs","Malawi","Subsaharan Africa",1,"Salima","Africa","LIC","-13.79640583701472, 34.48174880605908 / -13.729928328650335, 34.30451992191025","-13.79640583701472, 34.48174880605908 / -13.729928328650335, 34.30451992191026","No",NA,"Experiment (on farm)","Farmer-led + support by extension officers and researchers","Farmer-led + researcher/extension","Intercropping: cereal-legume + rotation: cereal-legume","Intercrop-Rotation",1,0,0,"Inter-row","Conservation agriculture vs. conventional tillage + application of fertiliser on maize + weed control","Conservation ag (residue + tillage)",NA,"Grain / Cowpea","Maize","Cowpea",0,1,0,0,0,0,0,0,0,0,"0","0","23-21-0 + 4S at seeding and 100 kg urea/ha (46% N) 3 weeks after planting for maize","Synthetic - below threshold","rainfed",1.13392541,"NA","NA","NA","NA","NA","NA","NA","NA","NA","NA","NA","NA","NA","NA","NA","1.0717821780000001","NA","NA","NA",1.165,"NA","NA","NA","NA","NA","NA","NA","Win-Win","NA","NA","NA","NA","NA","NA","NA","NA","NA","Providing incentives to farmers in the early years of implementation as they gain knowledge and skills will make the system successful.","There is a lack of knowledge by farmers to manage legume systems. Farmers also lack access to legume seeds.","NA","In Malawi farmers prioritise food security concerns above other farming objectives hence allocate larger proportions of their land holding to maize than other crops. Farmers also lack stable and fair markets for legume crops.","In the paper, a big emphasis is played on conventional tillage vs. conservation agriculture.","Sup Calc. (need to be checked) Table 3&4 (Yield); Table 5 (Benefit/cost); P246 in text (LER)",NA,2,2,2,1,2,2,11
208,421,"Ngwira A.R., Kabambe V., Simwaka P., Makoko K., Kamoyo K.",2020,"Productivity and profitability of maize-legume cropping systems under conservation agriculture among smallholder farmers in Malawi","Ngwira, A. R., Kabambe, V., Simwaka, P., Makoko, K., & Kamoyo, K. (2020). Productivity and profitability of maize-legume cropping systems under conservation agriculture among smallholder farmers in Malawi. Acta Agriculturae Scandinavica, Section B — Soil & Plant Science, 70(3), 241-251. doi:10.1080/09064710.2020.1712470","Plot","Quantitative","Participatory Action Research","RC","2014-2017","3","9","6","3","12","1","2-4","11-100","Yes","Yes","Soil degradation, drought, low and unstable crop yields and high production costs","Malawi","Subsaharan Africa",1,"Mangochi","Africa","LIC","-14.740399462137598, 34.68376808580233 / -14.388394830798319, 35.50128646283252","-14.740399462137598, 34.68376808580233 / -14.388394830798319, 35.50128646283253","No",NA,"Experiment (on farm)","Farmer-led + support by extension officers and researchers","Farmer-led + researcher/extension","Intercropping: cereal-legume + rotation: cereal-legume","Intercrop-Rotation",1,0,0,"Inter-row","Conservation agriculture vs. conventional tillage + application of fertiliser on maize + weed control","Tillage practices",NA,"Grain / Pigeonpea","Maize","Pigeonpea",0,0,0,0,0,1,0,0,0,0,"0","0","23-21-0 + 4S at seeding and 100 kg urea/ha (46% N) 3 weeks after planting for maize","Synthetic - below threshold","rainfed",1.3705419,"NA","NA","NA","NA","NA","NA","NA","NA","NA","NA","NA","NA","NA","NA","NA","1.697986577","NA","NA","NA",0.945,"NA","NA","NA","NA","NA","NA","NA","Win-Mix","NA","NA","NA","NA","NA","NA","NA","NA","NA","Providing incentives to farmers in the early years of implementation as they gain knowledge and skills will make the system successful.","There is a lack of knowledge by farmers to manage legume systems. Farmers also lack access to legume seeds.","NA","In Malawi farmers prioritise food security concerns above other farming objectives hence allocate larger proportions of their land holding to maize than other crops. Farmers also lack stable and fair markets for legume crops.","In the paper, a big emphasis is played on conventional tillage vs. conservation agriculture.","Sup Calc. (need to be checked) Table 3&4 (Yield); Table 5 (Benefit/cost); P246 in text (LER)",NA,2,2,2,1,2,2,11
36,61,"Bedoussac L., Journet E.-P., Hauggaard-Nielsen H., Naudin C., Corre-Hellou G., Jensen E.S., Prieur L., Justes E.",2015,"Ecological principles underlying the increase of productivity achieved by cereal-grain legume intercrops in organic farming. A review","Bedoussac, L., Journet, E. P., Hauggaard-Nielsen, H., Naudin, C., Corre-Hellou, G., Jensen, E. S., . . . Justes, E. (2015). Ecological principles underlying the increase of productivity achieved by cereal-grain legume intercrops in organic farming. A review. Agronomy for Sustainable Development, 35(3), 911-935. doi:10.1007/s13593-014-0277-7","Plot","Quantitative","Review","E/M","Various","Various","Various","Various","Various","Various","Various","Unknown","Unknown","Yes","No","Population increase, climate change, limited resources","Denmark, France","High Income Countries",3,"Denmark, France","Europe","HIC","43.52917, 1.500601/47.483112,-0.614047/55.669274, 12.301280","43.52917, 1.500601/47.483112,-0.614047/55.669274, 12.301281","No",NA,"Review","Farmer-led","Farmer-led","Intercropping: Cereal-legume","Intercrop",0,0,1,"Rotation","Reduced fertiliser application (organic)","Fertilizer rates/type",NA,"Grain / Faba bean + Pea","Wheat,Barley","Multiple",0,0,0,0,0,0,1,0,0,1,"0",NA,"0-0-0","No synthetic","rainfed",1.22222222,"NA","NA","NA","NA","NA","NA","NA","1.7142857","NA","NA","NA","1.1590909","NA","NA","NA","1.2166377820000001","NA","NA","NA",1.27,"1.1326531","NA","NA","NA","NA","NA","NA","Win-Win","NA","NA","NA","NA","NA","NA","Yes (the more the cereal grain yield increased when intercropped, the less the legume yielded suggesting that there is a trade-offbetween the two crops yield)","Variable weather; technical support since the new generation of farmers may not possess the know-how to grow arable crops as intercrops and organically","(i) the farmers who need technical support since the new generation of farmers may not possess the know-how to grow arable crops as intercrops and organically; (ii) the companies collecting and storing seeds which will have to adapt their collecting, sorting and storage equipment to satisfy the processors’ quality demands; (iii) the industrials to adapt food processing; (iv) the breeders expected to select varieties suited to intercropping; (v) the technical institutions which must acquire and transfer operational knowledge, (vi) the researchers to produce cognitive know-how on the multiple mechanisms in play and (vii) the national and European authorities to consider relevant policy and subsidies to help reintroducing these cropping strategies","soil quality (low nitrogen availability - ""biggest advantage of the intercrop is observed for low grain protein concentration ofthe sole cropped wheat due to limited availability of nitrogen during growth, thus confirming intercrops benefits in low-nitrogen availability systems"")","NA","Variable weather (intercrop gross margin higher than sole crop when cereal crop yields low due to poor weather)","NA",NA,"NA",NA,1,1,2,2,2,2,10
49,97,"Chapagain T., Pudasaini R., Ghimire B., Gurung K., Choi K., Rai L., Magar S., BK B., Raizada M.N.",2018,"Intercropping of maize, millet, mustard, wheat and ginger increased land productivity and potential economic returns for smallholder terrace farmers in Nepal","Chapagain, T., Pudasaini, R., Ghimire, B., Gurung, K., Choi, K., Rai, L., . . . Raizada, M. N. (2018). Intercropping of maize, millet, mustard, wheat and ginger increased land productivity and potential economic returns for smallholder terrace farmers in Nepal. Field Crops Research, 227, 91-101. doi:10.1016/j.fcr.2018.07.016","Village","Quantitative","Experiment (on farm)","RC","2015-2017","2","8","4","4","20","1","2-4","11-100","Yes","Yes","Increasing demands for food and livestock forage","Nepal","South Asia",2,"Dhading and Kaski","Asia","LMIC","Dhading: 27° 78′ 84″ (28.323333) N and 84° 70′ 02″ E(85.167222), Kaski: 28° 20′ 25″ N (28.340278) and 84° 11′ 71″ E (84.185278)","Dhading: 27° 78′ 84″ (28.323333) N and 84° 70′ 02″ E(85.167222), Kaski: 28° 20′ 25″ N (28.340278) and 84° 11′ 71″ E (84.185278)","Yes","""intensification that enhances productivity and environmental sustainability ""","Experiment (on farm)","Farmer-led","Farmer-led","Intercropping: Cereal-legume","Intercrop",1,0,0,"Mixed","Existing farmers' practices","Existing farmers' practices",NA,"Grain / Cowpea","Maize","Cowpea",0,1,0,0,0,0,0,0,0,0,"0",NA,"46-0-0","Synthetic - below threshold","rainfed",1.21022727,"NA","NA","NA","NA","NA","NA","NA","NA","NA","NA","NA","NA","NA","NA","NA","1.67","NA","NA","NA",1.58,"NA","NA","NA","NA","NA","NA","NA","Win-Win","NA","NA","NA","NA","NA","NA","Yes (productivity: ""although intercropping is beneficial, challenges may arise from strong interspecific competition for resources such as nutrients, water and light between the crops in time and space."")","Access to resources (inputs) ""improved intercropping could be a promising ecological practice for low external input smallholder agriculture in the hills and mountains where on-farm mechanization is already constrained by the topology and where agriculture is already reliant upon animal and human labour""","Difficulties in mechanizing field-level tasks (e.g., planting, harvesting, weeding, etc.) especially in a mixed system which may demand more labour than sole cropping","soil quality (low input/yield environments): ""crop mixtures were more efficient than the sole cash crops particularly under low-input conditions, a situation typical to resource-poor smallholder farmers in developing countries""","rainfall fluctuations ""growth and yields of field crops (both legume and non-legume) were poor in year 1 compared to year 2 which was perhaps associated with the low rainfall in year 1.""; ""Prasad and Brook (2005) reported that high rainfall favored the growth of maize but supressed the growth of soybean in a maize+soybean intercropping system""","reduction of external inputs (inorganic fertilisers); intercropping design: ""competition between crops can be managed by rearranging plant populations through substitutive or additive designs to maintain productivity of the main crop (Vandermeer, 1989). Also, within-row intercropping may be more productive and lucrative compared to an inter-row system which can be more challenging to plant""","labour (intercropping more challenging to plant than sole cropping); poverty; lack of education (illiteracy) and need for policies/support in remote rural areas of developing countries",NA,"NA",NA,2,2,2,2,2,2,12
50,97,"Chapagain T., Pudasaini R., Ghimire B., Gurung K., Choi K., Rai L., Magar S., BK B., Raizada M.N.",2018,"Intercropping of maize, millet, mustard, wheat and ginger increased land productivity and potential economic returns for smallholder terrace farmers in Nepal","Chapagain, T., Pudasaini, R., Ghimire, B., Gurung, K., Choi, K., Rai, L., . . . Raizada, M. N. (2018). Intercropping of maize, millet, mustard, wheat and ginger increased land productivity and potential economic returns for smallholder terrace farmers in Nepal. Field Crops Research, 227, 91-101. doi:10.1016/j.fcr.2018.07.016","Village","Quantitative","Experiment (on farm)","RC","2015-2017","2","8","4","4","20","1","2-4","11-100","Yes","Yes","Increasing demands for food and livestock forage","Nepal","South Asia",2,"Dhading and Kaski","Asia","LMIC","Dhading: 27° 78′ 84″ (28.323333) N and 84° 70′ 02″ E(85.167222), Kaski: 28° 20′ 25″ N (28.340278) and 84° 11′ 71″ E (84.185278)","Dhading: 27° 78′ 84″ (28.323333) N and 84° 70′ 02″ E(85.167222), Kaski: 28° 20′ 25″ N (28.340278) and 84° 11′ 71″ E (84.185278)","Yes","""intensification that enhances productivity and environmental sustainability ""","Experiment (on farm)","Farmer-led","Farmer-led","Intercropping: Cereal-legume","Intercrop",1,0,0,"Mixed","Existing farmers' practices","Existing farmers' practices",NA,"Grain / Soybean","Millet","Soybean",0,0,0,0,0,0,0,0,1,0,"0",NA,"46-0-0","Synthetic - below threshold","rainfed",1.25568182,"NA","NA","NA","NA","NA","NA","NA","NA","NA","NA","NA","NA","NA","NA","NA","2.88","NA","NA","NA",1.4,"NA","NA","NA","NA","NA","NA","NA","Win-Win","NA","NA","NA","NA","NA","NA","Yes (productivity: ""although intercropping is beneficial, challenges may arise from strong interspecific competition for resources such as nutrients, water and light between the crops in time and space."")","Access to resources (inputs) ""improved intercropping could be a promising ecological practice for low external input smallholder agriculture in the hills and mountains where on-farm mechanization is already constrained by the topology and where agriculture is already reliant upon animal and human labour""","Difficulties in mechanizing field-level tasks (e.g., planting, harvesting, weeding, etc.) especially in a mixed system which may demand more labour than sole cropping","soil quality (low input/yield environments): ""crop mixtures were more efficient than the sole cash crops particularly under low-input conditions, a situation typical to resource-poor smallholder farmers in developing countries""","rainfall fluctuations ""growth and yields of field crops (both legume and non-legume) were poor in year 1 compared to year 2 which was perhaps associated with the low rainfall in year 1.""; ""Prasad and Brook (2005) reported that high rainfall favored the growth of maize but supressed the growth of soybean in a maize+soybean intercropping system""","reduction of external inputs (inorganic fertilisers); intercropping design: ""competition between crops can be managed by rearranging plant populations through substitutive or additive designs to maintain productivity of the main crop (Vandermeer, 1989). Also, within-row intercropping may be more productive and lucrative compared to an inter-row system which can be more challenging to plant""","labour (intercropping more challenging to plant than sole cropping); poverty; lack of education (illiteracy) and need for policies/support in remote rural areas of developing countries",NA,"NA",NA,2,2,2,2,2,2,12
51,97,"Chapagain T., Pudasaini R., Ghimire B., Gurung K., Choi K., Rai L., Magar S., BK B., Raizada M.N.",2018,"Intercropping of maize, millet, mustard, wheat and ginger increased land productivity and potential economic returns for smallholder terrace farmers in Nepal","Chapagain, T., Pudasaini, R., Ghimire, B., Gurung, K., Choi, K., Rai, L., . . . Raizada, M. N. (2018). Intercropping of maize, millet, mustard, wheat and ginger increased land productivity and potential economic returns for smallholder terrace farmers in Nepal. Field Crops Research, 227, 91-101. doi:10.1016/j.fcr.2018.07.016","Village","Quantitative","Experiment (on farm)","RC","2015-2017","2","8","4","4","20","1","2-4","11-100","Yes","Yes","Increasing demands for food and livestock forage","Nepal","South Asia",2,"Dhading and Kaski","Asia","LMIC","Dhading: 27° 78′ 84″ (28.323333) N and 84° 70′ 02″ E(85.167222), Kaski: 28° 20′ 25″ N (28.340278) and 84° 11′ 71″ E (84.185278)","Dhading: 27° 78′ 84″ (28.323333) N and 84° 70′ 02″ E(85.167222), Kaski: 28° 20′ 25″ N (28.340278) and 84° 11′ 71″ E (84.185278)","Yes","""intensification that enhances productivity and environmental sustainability ""","Experiment (on farm)","Farmer-led","Farmer-led","Intercropping: Cereal-legume","Intercrop",1,0,0,"Mixed","Existing farmers' practices","Existing farmers' practices",NA,"Grain / Pea","Mustard","Pea",0,0,0,0,0,0,0,0,0,1,"0",NA,"46-0-0","Synthetic - below threshold","rainfed",1.30487805,"NA","NA","NA","NA","NA","NA","NA","NA","NA","NA","NA","NA","NA","NA","NA","1.1499999999999999","NA","NA","NA",1.36,"NA","NA","NA","NA","NA","NA","NA","Win-Win","NA","NA","NA","NA","NA","NA","Yes (productivity: ""although intercropping is beneficial, challenges may arise from strong interspecific competition for resources such as nutrients, water and light between the crops in time and space."")","Access to resources (inputs) ""improved intercropping could be a promising ecological practice for low external input smallholder agriculture in the hills and mountains where on-farm mechanization is already constrained by the topology and where agriculture is already reliant upon animal and human labour""","Difficulties in mechanizing field-level tasks (e.g., planting, harvesting, weeding, etc.) especially in a mixed system which may demand more labour than sole cropping","soil quality (low input/yield environments): ""crop mixtures were more efficient than the sole cash crops particularly under low-input conditions, a situation typical to resource-poor smallholder farmers in developing countries""","rainfall fluctuations ""growth and yields of field crops (both legume and non-legume) were poor in year 1 compared to year 2 which was perhaps associated with the low rainfall in year 1.""; ""Prasad and Brook (2005) reported that high rainfall favored the growth of maize but supressed the growth of soybean in a maize+soybean intercropping system""","reduction of external inputs (inorganic fertilisers); intercropping design: ""competition between crops can be managed by rearranging plant populations through substitutive or additive designs to maintain productivity of the main crop (Vandermeer, 1989). Also, within-row intercropping may be more productive and lucrative compared to an inter-row system which can be more challenging to plant""","labour (intercropping more challenging to plant than sole cropping); poverty; lack of education (illiteracy) and need for policies/support in remote rural areas of developing countries",NA,"NA",NA,2,2,2,2,2,2,12
52,97,"Chapagain T., Pudasaini R., Ghimire B., Gurung K., Choi K., Rai L., Magar S., BK B., Raizada M.N.",2018,"Intercropping of maize, millet, mustard, wheat and ginger increased land productivity and potential economic returns for smallholder terrace farmers in Nepal","Chapagain, T., Pudasaini, R., Ghimire, B., Gurung, K., Choi, K., Rai, L., . . . Raizada, M. N. (2018). Intercropping of maize, millet, mustard, wheat and ginger increased land productivity and potential economic returns for smallholder terrace farmers in Nepal. Field Crops Research, 227, 91-101. doi:10.1016/j.fcr.2018.07.016","Village","Quantitative","Experiment (on farm)","RC","2015-2017","2","8","4","4","20","1","2-4","11-100","Yes","Yes","Increasing demands for food and livestock forage","Nepal","South Asia",2,"Dhading and Kaski","Asia","LMIC","Dhading: 27° 78′ 84″ (28.323333) N and 84° 70′ 02″ E(85.167222), Kaski: 28° 20′ 25″ N (28.340278) and 84° 11′ 71″ E (84.185278)","Dhading: 27° 78′ 84″ (28.323333) N and 84° 70′ 02″ E(85.167222), Kaski: 28° 20′ 25″ N (28.340278) and 84° 11′ 71″ E (84.185278)","Yes","""intensification that enhances productivity and environmental sustainability ""","Experiment (on farm)","Farmer-led","Farmer-led","Intercropping: Cereal-legume","Intercrop",1,0,0,"Mixed","Existing farmers' practices","Existing farmers' practices",NA,"Grain / Pea","Wheat","Pea",0,0,0,0,0,0,0,0,0,1,"0",NA,"46-0-0","Synthetic - below threshold","rainfed",1.16,"NA","NA","NA","NA","NA","NA","NA","NA","NA","NA","NA","NA","NA","NA","NA","1.54","NA","NA","NA",1.31,"NA","NA","NA","NA","NA","NA","NA","Win-Win","NA","NA","NA","NA","NA","NA","Yes (productivity: ""although intercropping is beneficial, challenges may arise from strong interspecific competition for resources such as nutrients, water and light between the crops in time and space."")","Access to resources (inputs) ""improved intercropping could be a promising ecological practice for low external input smallholder agriculture in the hills and mountains where on-farm mechanization is already constrained by the topology and where agriculture is already reliant upon animal and human labour""","Difficulties in mechanizing field-level tasks (e.g., planting, harvesting, weeding, etc.) especially in a mixed system which may demand more labour than sole cropping","soil quality (low input/yield environments): ""crop mixtures were more efficient than the sole cash crops particularly under low-input conditions, a situation typical to resource-poor smallholder farmers in developing countries""","rainfall fluctuations ""growth and yields of field crops (both legume and non-legume) were poor in year 1 compared to year 2 which was perhaps associated with the low rainfall in year 1.""; ""Prasad and Brook (2005) reported that high rainfall favored the growth of maize but supressed the growth of soybean in a maize+soybean intercropping system""","reduction of external inputs (inorganic fertilisers); intercropping design: ""competition between crops can be managed by rearranging plant populations through substitutive or additive designs to maintain productivity of the main crop (Vandermeer, 1989). Also, within-row intercropping may be more productive and lucrative compared to an inter-row system which can be more challenging to plant""","labour (intercropping more challenging to plant than sole cropping); poverty; lack of education (illiteracy) and need for policies/support in remote rural areas of developing countries",NA,"NA",NA,2,2,2,2,2,2,12
14,19,"Alemayehu A., Tamado T., Nigussie D., Yigzaw D., Kinde T., Wortmann C.S.",2017,"Maize-common bean intercropping to optimize maize-based crop production","Alemayehu, A., Tamado, T., Nigussie, D., Yigzaw, D., Kinde, T., & Wortmann, C. S. (2017). Maize-common bean intercropping to optimize maize-based crop production. Journal of Agricultural Science, 155(7), 1124-1136. doi:10.1017/S0021859617000193","Plot","Quantitative","Experiment (research station)","Mixed","2012-2013","2","9","8","1","3","2","2-4","5-10","Yes","Yes","Population increase, food and nutrition requirements, land degradation, land scarcity","Ethiopia","Subsaharan Africa",1,"Mecha and South Achefer","Africa","LIC","Mecha research station:  11.392673578259751, 37.11324985601226
South Achefer, on-farm site : 11.3406,36.938983","Mecha research station:  11.392673578259751, 37.11324985601226
South Achefer, on-farm site : 11.3406,36.938983","No","""one strategy for increasing productivity is to intensify land use (Matusso et al. 2014)""","Experiment (research station)","Researcher-led","Researcher-led","Intercropping: Cereal-legume","Intercrop",0,1,0,"Row","Reduced fertiliser (High input vs low input)","Fertilizer rates/type",NA,"Grain / Common bean","Maize","Common bean",0,0,0,0,0,0,0,1,0,0,"0",NA,"92-20, 128-40 (on maize - no fertiliser on been)","Synthetic - below threshold","rainfed",1.06018519,"NA","NA","NA","NA","NA","NA","NA","NA","NA","NA","NA","1.0173611","0.96250000000000002","NA","NA","1.06","NA","NA","NA",1.1875,"NA","NA","NA","NA","NA","NA","NA","Win-Win","NA","NA","NA","NA","NA","NA","Yes (reduced intercropped maize yield compared with the solecrop maize was compensated by the additional yield of common bean in the intercrop system)","NA","NA","NA","drought/moisture stress, soil quality","NA","NA","High input not economically feasible, low input feasible","NA",NA,2,2,2,2,2,2,12
45,74,"Bitew Y., Alemayehu G., Adgo E., Assefa A.",2020,"Competition, production efficiency and yield stability of finger millet and legume additive design intercropping","Bitew, Y., Alemayehu, G., Adgo, E., & Assefa, A. (2020). Competition, production efficiency and yield stability of finger millet and legume additive design intercropping. Renewable Agriculture and Food Systems. doi:10.1017/S1742170520000101","Plot","Quantitative","Experiment (on farm)","Mixed","2017-2018","2","16","8","8","1","2","2-4","1-2","Yes","Yes","Population growth, pressure on resources, climate change","Ethiopia","Subsaharan Africa",1,"Mecha and South Achefere","Africa","LIC",NA,"Site 1 (station): 37°06.478′E (37.107967), Site 2 (on farm): 36°56.339′E (37.938983)","No","""several authors described intercropping as an ecofunctional
  intensification practice which has been widely used to boost crop productivity,
  increase the land utilization ratio (Laurent et al., 2015), provide a balanced diet, reduce
  labor peaks, minimize crop failure due to adverse effects of biotic and abiotic factors, protect
  soil against erosion, improve the use of limited resources (Tsubo et al., 2005), increase stability
  of yield (Vandermeer, 1989) and provide higher returns (Yayeh et al., 2019) compared with
  sole cropping""","Experiment (on farm)","Farmer-led","Farmer-led","Intercropping: Cereal-legume","Intercrop",1,0,0,"Row","Existing farmers' practices","Existing farmers' practices",NA,"Grain / Common bean","Finger Millet","Common bean",0,0,0,0,0,0,0,1,0,0,"0","Lupin","46-46-0","Synthetic - below threshold","rainfed",1.574,"NA","NA","NA","NA","NA","NA","NA","1.58","NA","NA","NA","NA","1.0989340000000001","NA","NA","1.3765000000000001","NA","NA","NA",1.21,"NA","NA","NA","NA","NA","NA","NA","Win-Win","NA","NA","NA","NA","NA","NA","NA","NA","NA","soil quality (low input/yield environments)","rainfall variability","NA","NA",NA,"NA",NA,0,2,2,2,2,2,10
