"uniqueID","StudyID_IDALL","Authors","Year","Title","Citation","Unit_analysis","Study_design","Case_countries","Continent","Worldbank_national_income_group","Synthetic_fertiliser_category","Water_source","Yield","Recoded_aspect_of_yield","Freshwater","Fuelwood","Fiber","Biochemicals","Genetic_resources","Climate_regulation","Disease_regulation","Pest_regulation","Water_regulation","Water_purification","Pollination","Soil_formation","Nutrient_cycling","Primary_production","Biodiversity_composition_spp_occurrence_abundance","Biodiversity_structure_habitat","Biodiversity_functions_processes_soil_organic_carbon","Recoded_spect_of_function","Profit","Financial_security","Physical_capital","Savings_labour_cost","Natural_capital","Health","Education","Social_cultural_relations","Food_security","Employment","Justice","Property_rights","Combined_ecological_social_outcome"
1,1,"Abdul Rahman N., Larbi A., Kotu B., Asante M.O., Akakpo D.B., Mellon-Bedi S., Hoeschle-Zeledon I.",2021,"Maize–legume strip cropping effect on productivity, income, and income risk of farmers in northern Ghana","Abdul Rahman, N., Larbi, A., Kotu, B., Asante, M. O., Akakpo, D. B., Mellon-Bedi, S., & Hoeschle-Zeledon, I. (2021). Maize–legume strip cropping effect on productivity, income, and income risk of farmers in northern Ghana. Agronomy Journal, 113(2), 1574-1585. doi:10.1002/agj2.20536","Community","Experiment (on farm)","Ghana","Africa","LMIC","Synthetic - below threshold","rainfed",1.15,"Equivalent_cumulative_yield",NA,NA,NA,NA,NA,NA,NA,NA,NA,NA,NA,NA,NA,NA,NA,NA,NA,NA,2.12,NA,NA,NA,2.03,NA,NA,NA,NA,NA,NA,NA,"Win-Win"
2,1,"Abdul Rahman N., Larbi A., Kotu B., Asante M.O., Akakpo D.B., Mellon-Bedi S., Hoeschle-Zeledon I.",2021,"Maize–legume strip cropping effect on productivity, income, and income risk of farmers in northern Ghana","Abdul Rahman, N., Larbi, A., Kotu, B., Asante, M. O., Akakpo, D. B., Mellon-Bedi, S., & Hoeschle-Zeledon, I. (2021). Maize–legume strip cropping effect on productivity, income, and income risk of farmers in northern Ghana. Agronomy Journal, 113(2), 1574-1585. doi:10.1002/agj2.20536","Community","Experiment (on farm)","Ghana","Africa","LMIC","Synthetic - below threshold","rainfed",1.01,"Equivalent_cumulative_yield",NA,NA,NA,NA,NA,NA,NA,NA,NA,NA,NA,NA,NA,NA,NA,NA,NA,NA,1.89,NA,NA,NA,1.93,NA,NA,NA,NA,NA,NA,NA,"Win-Win"
11,14,"Akhtar M., Yaqub M., Iqbal Z., Ashraf M.Y., Akhter J., Hussain F.",2010,"Improvement in yield and nutrient uptake by cocropping of wheat and chickpea","Akhtar, M., Yaqub, M., Iqbal, Z., Ashraf, M. Y., Akhter, J., & Hussain, F. (2010). Improvement in yield and nutrient uptake by cocropping of wheat and chickpea. Pakistan Journal of Botany, 42(6), 4043-4049.","Plot","Experiment (research station)","Pakistan","Asia","LMIC","No synthetic","rainfed",1.258,"Equivalent_cumulative_yield",NA,NA,NA,NA,NA,NA,NA,NA,NA,NA,NA,NA,1.833,NA,NA,NA,NA,NA,1.992,NA,NA,NA,NA,NA,NA,NA,NA,NA,NA,NA,"Win-Win"
13,18,"Alam M.M., Ladha J.K., Faisal M.W., Sharma S., Saha A., Noor S., Rahman M.A.",2015,"Improvement of cereal-based cropping systems following the principles of conservation agriculture under changing agricultural scenarios in Bangladesh","Alam, M. M., Ladha, J. K., Faisal, M. W., Sharma, S., Saha, A., Noor, S., & Rahman, M. A. (2015). Improvement of cereal-based cropping systems following the principles of conservation agriculture under changing agricultural scenarios in Bangladesh. Field Crops Research, 175, 1-15. doi:10.1016/j.fcr.2014.12.015","Plot","Experiment (research station)","Bangladesh","Asia","LMIC","Synthetic - below threshold","irrigation",1.8117647,"Equivalent_cumulative_yield",NA,NA,NA,NA,NA,NA,NA,NA,2.85,NA,NA,NA,NA,NA,NA,NA,NA,NA,1.457,NA,NA,NA,NA,NA,NA,NA,NA,NA,NA,NA,"Win-Mix"
14,19,"Alemayehu A., Tamado T., Nigussie D., Yigzaw D., Kinde T., Wortmann C.S.",2017,"Maize-common bean intercropping to optimize maize-based crop production","Alemayehu, A., Tamado, T., Nigussie, D., Yigzaw, D., Kinde, T., & Wortmann, C. S. (2017). Maize-common bean intercropping to optimize maize-based crop production. Journal of Agricultural Science, 155(7), 1124-1136. doi:10.1017/S0021859617000193","Plot","Experiment (research station)","Ethiopia","Africa","LIC","Synthetic - below threshold","rainfed",1.06018519,"Equivalent_cumulative_yield",NA,NA,NA,NA,NA,NA,NA,NA,NA,NA,NA,NA,1.0173611,0.9625,NA,NA,NA,NA,1.06,NA,NA,NA,1.1875,NA,NA,NA,NA,NA,NA,NA,"Win-Win"
15,784,"Ansari, M. H., Verma, B. K., Ansari, M. A., Mishra, D., Srivastava, A. K., Khan, N., & Saquib, M. (2015, Mar).  [Article]. Indian Journal of Agricultural Sciences, 85(3), 100-104. <Go to ISI>://WOS:000351480400015",2015,"Impact of cropping pattern on growth, yield attributes and system productivity of citronella (Citronella winterianus) - pulses intercropping system in Central India","Ansari, M. H., Verma, B. K., Ansari, M. A., Mishra, D., Srivastava, A. K., Khan, N., & Saquib, M. (2015). Impact of cropping pattern on growth, yield attributes and system productivity of citronella (Citronella winterianus) - pulses intercropping system in Central India. Indian Journal of Agricultural Sciences, 85(3), 100-104.","Plot","Experiment (research station)","India","Asia","LMIC","Synthetic - below threshold","irrigation",0.633879018734707,"Equivalent_cumulative_yield",NA,NA,NA,NA,NA,NA,NA,NA,NA,NA,NA,1.05238095238095,1.0832325675131,NA,NA,NA,NA,NA,0.740289678416049,1.04095281413723,NA,NA,1.03166666666667,NA,NA,NA,NA,NA,NA,NA,"Mix-Mix"
17,39,"Arunrat N., Wang C., Pumijumnong N.",2016,"Alternative cropping systems for greenhouse gases mitigation in rice field: a case study in Phichit province of Thailand","Arunrat, N., Wang, C., & Pumijumnong, N. (2016). Alternative cropping systems for greenhouse gases mitigation in rice field: a case study in Phichit province of Thailand. Journal of Cleaner Production, 133, 657-671. doi:10.1016/j.jclepro.2016.05.137","Household","Recall","Thailand","Asia","UMIC","Synthetic - below threshold","irrigation",0.9585,"Equivalent_cumulative_yield",NA,NA,NA,NA,NA,1.229889,NA,NA,NA,NA,NA,NA,NA,NA,NA,NA,NA,NA,1.366,NA,NA,NA,NA,NA,NA,NA,NA,NA,NA,NA,"Mix-Win"
18,39,"Arunrat N., Wang C., Pumijumnong N.",2016,"Alternative cropping systems for greenhouse gases mitigation in rice field: a case study in Phichit province of Thailand","Arunrat, N., Wang, C., & Pumijumnong, N. (2016). Alternative cropping systems for greenhouse gases mitigation in rice field: a case study in Phichit province of Thailand. Journal of Cleaner Production, 133, 657-671. doi:10.1016/j.jclepro.2016.05.137","Household","Recall","Thailand","Asia","UMIC","Synthetic - below threshold","rainfed",1.289,"Equivalent_cumulative_yield",NA,NA,NA,NA,NA,0.877379,NA,NA,NA,NA,NA,NA,NA,NA,NA,NA,NA,NA,2.782,NA,NA,NA,NA,NA,NA,NA,NA,NA,NA,NA,"Mix-Win"
19,39,"Arunrat N., Wang C., Pumijumnong N.",2016,"Alternative cropping systems for greenhouse gases mitigation in rice field: a case study in Phichit province of Thailand","Arunrat, N., Wang, C., & Pumijumnong, N. (2016). Alternative cropping systems for greenhouse gases mitigation in rice field: a case study in Phichit province of Thailand. Journal of Cleaner Production, 133, 657-671. doi:10.1016/j.jclepro.2016.05.137","Household","Recall","Thailand","Asia","UMIC","Synthetic - below threshold","irrigation",0.866,"Equivalent_cumulative_yield",NA,NA,NA,NA,NA,1.286173,NA,NA,NA,NA,NA,NA,NA,NA,NA,NA,NA,NA,1.596,NA,NA,NA,NA,NA,NA,NA,NA,NA,NA,NA,"Mix-Win"
20,39,"Arunrat N., Wang C., Pumijumnong N.",2016,"Alternative cropping systems for greenhouse gases mitigation in rice field: a case study in Phichit province of Thailand","Arunrat, N., Wang, C., & Pumijumnong, N. (2016). Alternative cropping systems for greenhouse gases mitigation in rice field: a case study in Phichit province of Thailand. Journal of Cleaner Production, 133, 657-671. doi:10.1016/j.jclepro.2016.05.137","Household","Recall","Thailand","Asia","UMIC","Synthetic - below threshold","rainfed",1.156,"Equivalent_cumulative_yield",NA,NA,NA,NA,NA,0.948491,NA,NA,NA,NA,NA,NA,NA,NA,NA,NA,NA,NA,3.151,NA,NA,NA,NA,NA,NA,NA,NA,NA,NA,NA,"Mix-Win"
24,50,"Baishya L.K., Ansari M.A., Sarkar D., Ghosh M., Kumar S., Prakash N.",2016,"Productivity enhancement in shifting cultivated lands through biofertilizer and micro-dosing of NPK in Eastern HiMalayan Region","Baishya, L. K., Ansari, M. A., Sarkar, D., Ghosh, M., Kumar, S., & Prakash, N. (2016). Productivity enhancement in shifting cultivated lands through biofertilizer and micro-dosing of NPK in Eastern HiMalayan Region. Research on Crops, 17(2), 268-275. doi:10.5958/2348-7542.2016.00046.2","Farm","Experiment (on farm)","India","Asia","LMIC","Synthetic - below threshold","rainfed",1.29310345,"Equivalent_cumulative_yield",NA,NA,NA,NA,NA,NA,NA,NA,NA,NA,NA,NA,1.1666667,NA,NA,NA,1.1538462,"Energy flows",1.668202555,NA,NA,NA,NA,NA,NA,NA,NA,NA,NA,NA,"Win-Win"
25,50,"Baishya L.K., Ansari M.A., Sarkar D., Ghosh M., Kumar S., Prakash N.",2016,"Productivity enhancement in shifting cultivated lands through biofertilizer and micro-dosing of NPK in Eastern HiMalayan Region","Baishya, L. K., Ansari, M. A., Sarkar, D., Ghosh, M., Kumar, S., & Prakash, N. (2016). Productivity enhancement in shifting cultivated lands through biofertilizer and micro-dosing of NPK in Eastern HiMalayan Region. Research on Crops, 17(2), 268-275. doi:10.5958/2348-7542.2016.00046.2","Farm","Experiment (on farm)","India","Asia","LMIC","Synthetic - below threshold","rainfed",2,"Equivalent_cumulative_yield",NA,NA,NA,NA,NA,NA,NA,NA,NA,NA,NA,NA,1.1949405,NA,NA,NA,1.2307692,"Energy flows",3.031706204,NA,NA,NA,NA,NA,NA,NA,NA,NA,NA,NA,"Win-Win"
26,50,"Baishya L.K., Ansari M.A., Sarkar D., Ghosh M., Kumar S., Prakash N.",2016,"Productivity enhancement in shifting cultivated lands through biofertilizer and micro-dosing of NPK in Eastern HiMalayan Region","Baishya, L. K., Ansari, M. A., Sarkar, D., Ghosh, M., Kumar, S., & Prakash, N. (2016). Productivity enhancement in shifting cultivated lands through biofertilizer and micro-dosing of NPK in Eastern HiMalayan Region. Research on Crops, 17(2), 268-275. doi:10.5958/2348-7542.2016.00046.2","Farm","Experiment (on farm)","India","Asia","LMIC","Synthetic - below threshold","rainfed",1.18215613,"Equivalent_cumulative_yield",NA,NA,NA,NA,NA,NA,NA,NA,NA,NA,NA,NA,1.3,NA,NA,NA,1.1864407,"Energy flows",1.322730924,NA,NA,NA,NA,NA,NA,NA,NA,NA,NA,NA,"Win-Win"
27,50,"Baishya L.K., Ansari M.A., Sarkar D., Ghosh M., Kumar S., Prakash N.",2016,"Productivity enhancement in shifting cultivated lands through biofertilizer and micro-dosing of NPK in Eastern HiMalayan Region","Baishya, L. K., Ansari, M. A., Sarkar, D., Ghosh, M., Kumar, S., & Prakash, N. (2016). Productivity enhancement in shifting cultivated lands through biofertilizer and micro-dosing of NPK in Eastern HiMalayan Region. Research on Crops, 17(2), 268-275. doi:10.5958/2348-7542.2016.00046.2","Farm","Experiment (on farm)","India","Asia","LMIC","Synthetic - below threshold","rainfed",1.79182156,"Equivalent_cumulative_yield",NA,NA,NA,NA,NA,NA,NA,NA,NA,NA,NA,NA,1.3339286,NA,NA,NA,1.2711864,"Energy flows",2.283148594,NA,NA,NA,NA,NA,NA,NA,NA,NA,NA,NA,"Win-Win"
29,782,"Baishya, L. K., Jamir, T., Walling, N., & Rajkhowa, D. J. (2021, Nov).",2021,"Evaluation of Maize (Zea mays L.) plus Legume Intercropping System for Productivity, Profitability, Energy Budgeting and Soil Health in Hill Terraces of Eastern Himalayan Region","Baishya, L. K., Jamir, T., Walling, N., & Rajkhowa, D. J. (2021). Evaluation of Maize (Zea mays L.) plus Legume Intercropping System for Productivity, Profitability, Energy Budgeting and Soil Health in Hill Terraces of Eastern Himalayan Region. Legume Research, 44(11), 1343-1347. doi:10.18805/lr-4190","Plot","Experiment (research station)","India","Asia","LMIC","Synthetic - below threshold","rainfed",1.23943662,"Equivalent_cumulative_yield",NA,NA,NA,NA,NA,NA,NA,NA,NA,NA,NA,NA,1.33329848405646,NA,NA,NA,1.31818181818182,"Carbon",1.24600466995708,1.03625377643505,0.802879060954758,NA,NA,NA,NA,NA,NA,NA,NA,NA,"Win-Mix"
30,782,"Baishya, L. K., Jamir, T., Walling, N., & Rajkhowa, D. J. (2021, Nov).",2021,"Evaluation of Maize (Zea mays L.) plus Legume Intercropping System for Productivity, Profitability, Energy Budgeting and Soil Health in Hill Terraces of Eastern Himalayan Region","Baishya, L. K., Jamir, T., Walling, N., & Rajkhowa, D. J. (2021). Evaluation of Maize (Zea mays L.) plus Legume Intercropping System for Productivity, Profitability, Energy Budgeting and Soil Health in Hill Terraces of Eastern Himalayan Region. Legume Research, 44(11), 1343-1347. doi:10.18805/lr-4191","Plot","Experiment (research station)","India","Asia","LMIC","Synthetic - below threshold","rainfed",1.13380281690141,"Equivalent_cumulative_yield",NA,NA,NA,NA,NA,NA,NA,NA,NA,NA,NA,NA,1.5310245687402,NA,NA,NA,1.44155844155844,"Carbon",1.147166566463,1.06948640483384,0.924187809048477,NA,NA,NA,NA,NA,NA,NA,NA,NA,"Win-Mix"
31,782,"Baishya, L. K., Jamir, T., Walling, N., & Rajkhowa, D. J. (2021, Nov).",2021,"Evaluation of Maize (Zea mays L.) plus Legume Intercropping System for Productivity, Profitability, Energy Budgeting and Soil Health in Hill Terraces of Eastern Himalayan Region","Baishya, L. K., Jamir, T., Walling, N., & Rajkhowa, D. J. (2021). Evaluation of Maize (Zea mays L.) plus Legume Intercropping System for Productivity, Profitability, Energy Budgeting and Soil Health in Hill Terraces of Eastern Himalayan Region. Legume Research, 44(11), 1343-1347. doi:10.18805/lr-4192","Plot","Experiment (research station)","India","Asia","LMIC","Synthetic - below threshold","rainfed",1.1056338028169,"Equivalent_cumulative_yield",NA,NA,NA,NA,NA,NA,NA,NA,NA,NA,NA,NA,1.66662310507057,NA,NA,NA,1.5,"Carbon",1.11387564491548,1.05891238670695,0.941517630204723,NA,NA,NA,NA,NA,NA,NA,NA,NA,"Win-Mix"
32,56,"Banjara T.R., Bohra J.S., Kumar S., Singh T., Shori A., Prajapat K.",2021,"Sustainable alternative crop rotations to the irrigated rice-wheat cropping system of Indo-Gangetic plains of India","Banjara, T. R., Bohra, J. S., Kumar, S., Singh, T., Shori, A., & Prajapat, K. (2021). Sustainable alternative crop rotations to the irrigated rice-wheat cropping system of Indo-Gangetic plains of India. Archives of Agronomy and Soil Science. doi:10.1080/03650340.2021.1912324","Plot","Experiment (research station)","India","Asia","LMIC","Synthetic - below threshold","irrigation",1.8949825,"Equivalent_cumulative_yield",NA,NA,NA,NA,NA,NA,NA,NA,1.0123273,NA,NA,1,1.0825838,NA,NA,NA,1.0790123,"Carbon",1.802556818,NA,NA,NA,NA,NA,NA,NA,NA,1.4726776,NA,NA,"Mix-Win"
33,779,"Bastia, D. K., Behera, S. K., & Panda, M. R. (2021, Dec).",2021,"Impacts of soil fertility management on productivity and economics of rice and fodder intercropping systems under rainfed conditions in Odisha, India","Bastia, D. K., Behera, S. K., & Panda, M. R. (2021). Impacts of soil fertility management on productivity and economics of rice and fodder intercropping systems under rainfed conditions in Odisha, India. Journal of Integrative Agriculture, 20(12), 3114-3126. doi:10.1016/s2095-3119(20)63591-2","Plot","Experiment (research station)","India","Asia","LMIC","Synthetic - below threshold","rainfed",1.07337151037938,"Equivalent_cumulative_yield",NA,NA,NA,NA,NA,1.08805031446541,NA,NA,0.935691318327974,NA,NA,NA,1.05096831877647,NA,NA,NA,NA,NA,0.85055145859166,0.948387096774194,NA,NA,1.14,NA,NA,NA,NA,NA,NA,NA,"Mix-Mix"
34,779,"Bastia, D. K., Behera, S. K., & Panda, M. R. (2021, Dec).",2021,"Impacts of soil fertility management on productivity and economics of rice and fodder intercropping systems under rainfed conditions in Odisha, India","Bastia, D. K., Behera, S. K., & Panda, M. R. (2021). Impacts of soil fertility management on productivity and economics of rice and fodder intercropping systems under rainfed conditions in Odisha, India. Journal of Integrative Agriculture, 20(12), 3114-3126. doi:10.1016/s2095-3119(20)63591-2","Plot","Experiment (research station)","India","Asia","LMIC","Synthetic - below threshold","rainfed",1.05941302791696,"Equivalent_cumulative_yield",NA,NA,NA,NA,NA,1.06918238993711,NA,NA,0.919614147909968,NA,NA,NA,1.03488924704341,NA,NA,NA,NA,NA,0.806043203028128,0.935483870967742,NA,NA,1.13,NA,NA,NA,NA,NA,NA,NA,"Mix-Mix"
36,61,"Bedoussac L., Journet E.-P., Hauggaard-Nielsen H., Naudin C., Corre-Hellou G., Jensen E.S., Prieur L., Justes E.",2015,"Ecological principles underlying the increase of productivity achieved by cereal-grain legume intercrops in organic farming. A review","Bedoussac, L., Journet, E. P., Hauggaard-Nielsen, H., Naudin, C., Corre-Hellou, G., Jensen, E. S., . . . Justes, E. (2015). Ecological principles underlying the increase of productivity achieved by cereal-grain legume intercrops in organic farming. A review. Agronomy for Sustainable Development, 35(3), 911-935. doi:10.1007/s13593-014-0277-7","Plot","Review","Denmark, France","Europe","HIC","No synthetic","rainfed",1.22222222,"Equivalent_cumulative_yield",NA,NA,NA,NA,NA,NA,NA,1.7142857,NA,NA,NA,NA,1.1590909,NA,NA,NA,NA,NA,1.216637782,NA,NA,NA,1.27,1.1326531,NA,NA,NA,NA,NA,NA,"Win-Win"
37,64,"Belay D., Schulthess F., Omwega C.",2009,"The profitability of maize-haricot bean intercropping techniques to control maize stem borers under low pest densities in Ethiopia","Belay, D., Schulthess, F., & Omwega, C. (2009). The profitability of maize-haricot bean intercropping techniques to control maize stem borers under low pest densities in Ethiopia. Phytoparasitica, 37(1), 43-50. doi:10.1007/s12600-008-0002-7","Plot","Experiment (on farm)","Ethiopia","Africa","LIC","Synthetic - below threshold","rainfed",0.98975,"Equivalent_cumulative_yield",NA,NA,NA,NA,NA,NA,NA,1.3235294,NA,NA,NA,NA,NA,NA,NA,NA,NA,NA,1,NA,NA,NA,1.05,NA,NA,NA,NA,NA,NA,NA,"Mix-Mix"
38,64,"Belay D., Schulthess F., Omwega C.",2009,"The profitability of maize-haricot bean intercropping techniques to control maize stem borers under low pest densities in Ethiopia","Belay, D., Schulthess, F., & Omwega, C. (2009). The profitability of maize-haricot bean intercropping techniques to control maize stem borers under low pest densities in Ethiopia. Phytoparasitica, 37(1), 43-50. doi:10.1007/s12600-008-0002-7","Plot","Experiment (on farm)","Ethiopia","Africa","LIC","Synthetic - below threshold","rainfed",1.1537,"Equivalent_cumulative_yield",NA,NA,NA,NA,NA,NA,NA,1.75,NA,NA,NA,NA,NA,NA,NA,NA,NA,NA,1.15,NA,NA,NA,1.225,NA,NA,NA,NA,NA,NA,NA,"Win-Win"
39,64,"Belay D., Schulthess F., Omwega C.",2009,"The profitability of maize-haricot bean intercropping techniques to control maize stem borers under low pest densities in Ethiopia","Belay, D., Schulthess, F., & Omwega, C. (2009). The profitability of maize-haricot bean intercropping techniques to control maize stem borers under low pest densities in Ethiopia. Phytoparasitica, 37(1), 43-50. doi:10.1007/s12600-008-0002-7","Plot","Experiment (on farm)","Ethiopia","Africa","LIC","Synthetic - below threshold","rainfed",1.0727,"Equivalent_cumulative_yield",NA,NA,NA,NA,NA,NA,NA,0.4429825,NA,NA,NA,NA,NA,NA,NA,NA,NA,NA,1.05,NA,NA,NA,1.375,NA,NA,NA,NA,NA,NA,NA,"Mix-Win"
43,72,"Bhat R., Hussain S., Wani W.M., Banday F.A., Sharma M.K.",2015,"Effect of intercrops on productivity, quality, leaf nutrient status and relative economic yield of apple cv. Red Delicious","Bhat, R., Hussain, S., Wani, W. M., Banday, F. A., & Sharma, M. K. (2015). Effect of intercrops on productivity, quality, leaf nutrient status and relative economic yield of apple cv. Red Delicious. Journal of Applied Horticulture, 17(3), 213-216.","Plot","Experiment (on farm)","India","Asia","LMIC","Unknown","rainfed",1.45050822,"Equivalent_cumulative_yield",NA,NA,NA,NA,NA,NA,NA,NA,NA,NA,NA,NA,1.08,NA,NA,NA,NA,NA,1.499866365,NA,NA,NA,NA,NA,NA,NA,NA,NA,NA,NA,"Win-Win"
44,72,"Bhat R., Hussain S., Wani W.M., Banday F.A., Sharma M.K.",2015,"Effect of intercrops on productivity, quality, leaf nutrient status and relative economic yield of apple cv. Red Delicious","Bhat, R., Hussain, S., Wani, W. M., Banday, F. A., & Sharma, M. K. (2015). Effect of intercrops on productivity, quality, leaf nutrient status and relative economic yield of apple cv. Red Delicious. Journal of Applied Horticulture, 17(3), 213-216.","Plot","Experiment (on farm)","India","Asia","LMIC","Unknown","rainfed",1.28051198,"Equivalent_cumulative_yield",NA,NA,NA,NA,NA,NA,NA,NA,NA,NA,NA,NA,1.04,NA,NA,NA,NA,NA,1.22135074,NA,NA,NA,NA,NA,NA,NA,NA,NA,NA,NA,"Win-Win"
45,74,"Bitew Y., Alemayehu G., Adgo E., Assefa A.",2020,"Competition, production efficiency and yield stability of finger millet and legume additive design intercropping","Bitew, Y., Alemayehu, G., Adgo, E., & Assefa, A. (2020). Competition, production efficiency and yield stability of finger millet and legume additive design intercropping. Renewable Agriculture and Food Systems. doi:10.1017/S1742170520000101","Plot","Experiment (on farm)","Ethiopia","Africa","LIC","Synthetic - below threshold","rainfed",1.574,"Equivalent_cumulative_yield",NA,NA,NA,NA,NA,NA,NA,1.58,NA,NA,NA,NA,NA,1.098934,NA,NA,NA,NA,1.3765,NA,NA,NA,1.21,NA,NA,NA,NA,NA,NA,NA,"Win-Win"
46,776,"Bitew, Y., Alemayehu, G., Adego, E., & Assefa, A. (2019, Dec).",2019,"Boosting land use efficiency, profitability and productivity of finger millet by intercropping with grain legumes","Bitew, Y., Alemayehu, G., Adego, E., & Assefa, A. (2019). Boosting land use efficiency, profitability and productivity of finger millet by intercropping with grain legumes. Cogent Food & Agriculture, 5(1), 22. doi:10.1080/23311932.2019.1702826","Plot","Experiment (on farm)","Ethiopia","Affrica","LIC","Synthetic - below threshold","rainfed",1.103073646,"Equivalent_cumulative_yield",NA,NA,NA,NA,NA,NA,NA,NA,NA,NA,NA,NA,NA,1.22091688,NA,NA,NA,NA,1.23101239525111,NA,NA,NA,1.533333333,NA,NA,NA,NA,NA,NA,NA,"Win-Win"
47,776,"Bitew, Y., Alemayehu, G., Adego, E., & Assefa, A. (2019, Dec).",2019,"Boosting land use efficiency, profitability and productivity of finger millet by intercropping with grain legumes","Bitew, Y., Alemayehu, G., Adego, E., & Assefa, A. (2019). Boosting land use efficiency, profitability and productivity of finger millet by intercropping with grain legumes. Cogent Food & Agriculture, 5(1), 22. doi:10.1080/23311932.2019.1702826","Plot","Experiment (on farm)","Ethiopia","Affrica","LIC","Synthetic - below threshold","rainfed",1.228667072,"Equivalent_cumulative_yield",NA,NA,NA,NA,NA,NA,NA,NA,NA,NA,NA,NA,NA,1.010322337,NA,NA,NA,NA,1.35359898058023,NA,NA,NA,1.061666667,NA,NA,NA,NA,NA,NA,NA,"Win-Win"
49,97,"Chapagain T., Pudasaini R., Ghimire B., Gurung K., Choi K., Rai L., Magar S., BK B., Raizada M.N.",2018,"Intercropping of maize, millet, mustard, wheat and ginger increased land productivity and potential economic returns for smallholder terrace farmers in Nepal","Chapagain, T., Pudasaini, R., Ghimire, B., Gurung, K., Choi, K., Rai, L., . . . Raizada, M. N. (2018). Intercropping of maize, millet, mustard, wheat and ginger increased land productivity and potential economic returns for smallholder terrace farmers in Nepal. Field Crops Research, 227, 91-101. doi:10.1016/j.fcr.2018.07.016","Village","Experiment (on farm)","Nepal","Asia","LMIC","Synthetic - below threshold","rainfed",1.21022727,"Equivalent_cumulative_yield",NA,NA,NA,NA,NA,NA,NA,NA,NA,NA,NA,NA,NA,NA,NA,NA,NA,NA,1.67,NA,NA,NA,1.58,NA,NA,NA,NA,NA,NA,NA,"Win-Win"
50,97,"Chapagain T., Pudasaini R., Ghimire B., Gurung K., Choi K., Rai L., Magar S., BK B., Raizada M.N.",2018,"Intercropping of maize, millet, mustard, wheat and ginger increased land productivity and potential economic returns for smallholder terrace farmers in Nepal","Chapagain, T., Pudasaini, R., Ghimire, B., Gurung, K., Choi, K., Rai, L., . . . Raizada, M. N. (2018). Intercropping of maize, millet, mustard, wheat and ginger increased land productivity and potential economic returns for smallholder terrace farmers in Nepal. Field Crops Research, 227, 91-101. doi:10.1016/j.fcr.2018.07.016","Village","Experiment (on farm)","Nepal","Asia","LMIC","Synthetic - below threshold","rainfed",1.25568182,"Equivalent_cumulative_yield",NA,NA,NA,NA,NA,NA,NA,NA,NA,NA,NA,NA,NA,NA,NA,NA,NA,NA,2.88,NA,NA,NA,1.4,NA,NA,NA,NA,NA,NA,NA,"Win-Win"
51,97,"Chapagain T., Pudasaini R., Ghimire B., Gurung K., Choi K., Rai L., Magar S., BK B., Raizada M.N.",2018,"Intercropping of maize, millet, mustard, wheat and ginger increased land productivity and potential economic returns for smallholder terrace farmers in Nepal","Chapagain, T., Pudasaini, R., Ghimire, B., Gurung, K., Choi, K., Rai, L., . . . Raizada, M. N. (2018). Intercropping of maize, millet, mustard, wheat and ginger increased land productivity and potential economic returns for smallholder terrace farmers in Nepal. Field Crops Research, 227, 91-101. doi:10.1016/j.fcr.2018.07.016","Village","Experiment (on farm)","Nepal","Asia","LMIC","Synthetic - below threshold","rainfed",1.30487805,"Equivalent_cumulative_yield",NA,NA,NA,NA,NA,NA,NA,NA,NA,NA,NA,NA,NA,NA,NA,NA,NA,NA,1.15,NA,NA,NA,1.36,NA,NA,NA,NA,NA,NA,NA,"Win-Win"
52,97,"Chapagain T., Pudasaini R., Ghimire B., Gurung K., Choi K., Rai L., Magar S., BK B., Raizada M.N.",2018,"Intercropping of maize, millet, mustard, wheat and ginger increased land productivity and potential economic returns for smallholder terrace farmers in Nepal","Chapagain, T., Pudasaini, R., Ghimire, B., Gurung, K., Choi, K., Rai, L., . . . Raizada, M. N. (2018). Intercropping of maize, millet, mustard, wheat and ginger increased land productivity and potential economic returns for smallholder terrace farmers in Nepal. Field Crops Research, 227, 91-101. doi:10.1016/j.fcr.2018.07.016","Village","Experiment (on farm)","Nepal","Asia","LMIC","Synthetic - below threshold","rainfed",1.16,"Equivalent_cumulative_yield",NA,NA,NA,NA,NA,NA,NA,NA,NA,NA,NA,NA,NA,NA,NA,NA,NA,NA,1.54,NA,NA,NA,1.31,NA,NA,NA,NA,NA,NA,NA,"Win-Win"
53,99,"Chauhan D.S., Sharma R.K., Kharub A.S., Tripathi S.C., Chhokar R.S.",2001,"Effect of crop intensification on productivity, profitability, energetics and soil fertility in rice (Oryza sativa)-wheat (Triticum aestivum) cropping system of north-western plains","Chauhan, D. S., Sharma, R. K., Kharub, A. S., Tripathi, S. C., & Chhokar, R. S. (2001). Effect of crop intensification on productivity, profitability, energetics and soil fertility in rice (Oryza sativa)-wheat (Triticum aestivum) cropping system of north-western plains. Indian Journal of Agricultural Sciences, 71(5), 299-302.","Plot","Experiment (research station)","India","Asia","LMIC","No synthetic","irrigation",1.41898527,"Equivalent_cumulative_yield",NA,NA,NA,NA,NA,1.307392996,NA,NA,NA,NA,NA,NA,1.0637037,NA,NA,NA,1.0892857,"Carbon",1.287423155,NA,NA,NA,1.037741,NA,NA,NA,NA,NA,NA,NA,"Win-Mix"
54,99,"Chauhan D.S., Sharma R.K., Kharub A.S., Tripathi S.C., Chhokar R.S.",2001,"Effect of crop intensification on productivity, profitability, energetics and soil fertility in rice (Oryza sativa)-wheat (Triticum aestivum) cropping system of north-western plains","Chauhan, D. S., Sharma, R. K., Kharub, A. S., Tripathi, S. C., & Chhokar, R. S. (2001). Effect of crop intensification on productivity, profitability, energetics and soil fertility in rice (Oryza sativa)-wheat (Triticum aestivum) cropping system of north-western plains. Indian Journal of Agricultural Sciences, 71(5), 299-302.","Plot","Experiment (research station)","India","Asia","LMIC","No synthetic","irrigation",1.08919804,"Equivalent_cumulative_yield",NA,NA,NA,NA,NA,0.953307393,NA,NA,NA,NA,NA,NA,1.0977778,NA,NA,NA,1.0663265,"Carbon",1.063626177,NA,NA,NA,1.2830579,NA,NA,NA,NA,NA,NA,NA,"Mix-Mix"
57,104,"Choudhary R., Singh P., Sidhu H.S., Nandal D.P., Jat H.S., Yadvinder-Singh, Jat M.L.",2016,"Evaluation of tillage and crop establishment methods integrated with relay seeding of wheat and mungbean for sustainable intensification of cotton-wheat system in South Asia","Choudhary, R., Singh, P., Sidhu, H. S., Nandal, D. P., Jat, H. S., Yadvinder, S., & Jat, M. L. (2016). Evaluation of tillage and crop establishment methods integrated with relay seeding of wheat and mungbean for sustainable intensification of cotton-wheat system in South Asia. Field Crops Research, 199, 31-41. doi:10.1016/j.fcr.2016.08.011","Plot","Experiment (research station)","India","Asia","LMIC","Synthetic - below threshold","irrigation",1.32561294,"Equivalent_cumulative_yield",NA,NA,0.94864,NA,NA,1.216219276,NA,NA,1.2493295,NA,NA,NA,NA,1.0075416,NA,NA,NA,NA,1.315287836,NA,1.13692217462566,NA,NA,NA,NA,NA,NA,NA,NA,NA,"Win-Mix"
58,105,"Choudhary V.K., Kumar P.S.",2016,"Productivity, Water Use and Energy Profitability of Staggered Maize–Legume Intercropping in the Eastern Himalayan Region of India","Choudhary, V. K., & Kumar, P. S. (2016). Productivity, Water Use and Energy Profitability of Staggered Maize–Legume Intercropping in the Eastern Himalayan Region of India. Proceedings of the National Academy of Sciences India Section B - Biological Sciences, 86(3), 547-557. doi:10.1007/s40011-014-0476-7","Plot","Experiment (research station)","India","Asia","LMIC","Unknown","rainfed",1.29221689,"Equivalent_cumulative_yield",NA,NA,NA,NA,NA,0.9878,NA,NA,2.8235294,NA,NA,NA,NA,NA,NA,NA,NA,NA,1.4048,NA,NA,NA,1.2742616,NA,NA,NA,NA,NA,NA,NA,"Mix-Mix"
59,105,"Choudhary V.K., Kumar P.S.",2016,"Productivity, Water Use and Energy Profitability of Staggered Maize–Legume Intercropping in the Eastern Himalayan Region of India","Choudhary, V. K., & Kumar, P. S. (2016). Productivity, Water Use and Energy Profitability of Staggered Maize–Legume Intercropping in the Eastern Himalayan Region of India. Proceedings of the National Academy of Sciences India Section B - Biological Sciences, 86(3), 547-557. doi:10.1007/s40011-014-0476-7","Plot","Experiment (research station)","India","Asia","LMIC","Unknown","rainfed",1.38057723,"Equivalent_cumulative_yield",NA,NA,NA,NA,NA,0.932,NA,NA,3.220915,NA,NA,NA,NA,NA,NA,NA,NA,NA,1.583,NA,NA,NA,1.3769339,NA,NA,NA,NA,NA,NA,NA,"Mix-Mix"
60,106,"Choudhary V.K., Kumar P.S.",2013,"Crop and water productivity, profitability and energy consumption pattern of a maize-based crop sequence in the North Eastern Himalayan Region, India","Choudhary, V. K., & Kumar, P. S. (2013). Crop and water productivity, profitability and energy consumption pattern of a maize-based crop sequence in the North Eastern Himalayan Region, India. Archives of Agronomy and Soil Science, 59(5), 653-669. doi:10.1080/03650340.2012.665992","Plot","Experiment (research station)","India","Asia","LMIC","Synthetic - below threshold","rainfed",1.68656716,"Equivalent_cumulative_yield",1.05334,NA,NA,NA,NA,1.408573104,NA,NA,1.18681,NA,NA,NA,NA,NA,NA,NA,NA,NA,1.873669269,NA,NA,NA,1.7621622,NA,NA,NA,NA,1.667,NA,NA,"Win-Mix"
61,106,"Choudhary V.K., Kumar P.S.",2013,"Crop and water productivity, profitability and energy consumption pattern of a maize-based crop sequence in the North Eastern Himalayan Region, India","Choudhary, V. K., & Kumar, P. S. (2013). Crop and water productivity, profitability and energy consumption pattern of a maize-based crop sequence in the North Eastern Himalayan Region, India. Archives of Agronomy and Soil Science, 59(5), 653-669. doi:10.1080/03650340.2012.665992","Plot","Experiment (research station)","India","Asia","LMIC","Synthetic - below threshold","rainfed",1.91791045,"Equivalent_cumulative_yield",1.03525,NA,NA,NA,NA,1.46,NA,NA,1.24451,NA,NA,NA,NA,NA,NA,NA,NA,NA,2.499645138,NA,NA,NA,1.7513514,NA,NA,NA,NA,1.9,NA,NA,"Win-Mix"
62,106,"Choudhary V.K., Kumar P.S.",2013,"Crop and water productivity, profitability and energy consumption pattern of a maize-based crop sequence in the North Eastern Himalayan Region, India","Choudhary, V. K., & Kumar, P. S. (2013). Crop and water productivity, profitability and energy consumption pattern of a maize-based crop sequence in the North Eastern Himalayan Region, India. Archives of Agronomy and Soil Science, 59(5), 653-669. doi:10.1080/03650340.2012.665992","Plot","Experiment (research station)","India","Asia","LMIC","Synthetic - below threshold","rainfed",1.78358209,"Equivalent_cumulative_yield",1.07335,NA,NA,NA,NA,1.28,NA,NA,1.33516,NA,NA,NA,NA,NA,NA,NA,NA,NA,1.921575586,NA,NA,NA,1.8891892,NA,NA,NA,NA,1.733,NA,NA,"Win-Mix"
63,107,"Choudhary V.K., Kumar P.S., Sarkar S.K., Yadav J.S.",2013,"Production potential, economic analysis and energy auditing for maize (Zea mays)-vegetable based cropping systems in Eastern Himalayan Region, Arunachal Pradesh","Choudhary, V. K., Kumar, P. S., Sarkar, S. K., & Yadav, J. S. (2013). Production potential, economic analysis and energy auditing for maize (Zea mays)-vegetable based cropping systems in Eastern Himalayan Region, Arunachal Pradesh. Indian Journal of Agricultural Sciences, 83(1), 110-115.","Plot","Experiment (research station)","India","Asia","LMIC","Synthetic - below threshold","rainfed",4.29954955,"Equivalent_cumulative_yield",NA,NA,NA,NA,NA,1.81910275,NA,NA,NA,NA,NA,NA,NA,NA,NA,NA,NA,NA,1.816,NA,NA,NA,1.8100257,NA,NA,NA,NA,2.2,NA,NA,"Win-Mix"
64,107,"Choudhary V.K., Kumar P.S., Sarkar S.K., Yadav J.S.",2013,"Production potential, economic analysis and energy auditing for maize (Zea mays)-vegetable based cropping systems in Eastern Himalayan Region, Arunachal Pradesh","Choudhary, V. K., Kumar, P. S., Sarkar, S. K., & Yadav, J. S. (2013). Production potential, economic analysis and energy auditing for maize (Zea mays)-vegetable based cropping systems in Eastern Himalayan Region, Arunachal Pradesh. Indian Journal of Agricultural Sciences, 83(1), 110-115.","Plot","Experiment (research station)","India","Asia","LMIC","Synthetic - below threshold","rainfed",2.79504505,"Equivalent_cumulative_yield",NA,NA,NA,NA,NA,0.865412446,NA,NA,NA,NA,NA,NA,NA,NA,NA,NA,NA,NA,1.699,NA,NA,NA,1.6902314,NA,NA,NA,NA,2.2,NA,NA,"Mix-Mix"
70,118,"da Silva J.N., Neto F.B., de Lima J.S.S., Chaves A.P., Nunes R.L.C., Rodrigues G.S.O., Lino V.A.D.S., de Sá J.M., Dos Santos E.C.",2020,"Sustainability of carrot-cowpea intercropping systems through optimization of green manuring and spatial arrangements [Sustentabilidade de sistemas consorciados de cenoura e feijão-caupi por meio da otimização da adubação verde e arranjos espaciais]","da Silva, J. N., Neto, F. B., de Lima, J. S. S., Chaves, A. P., Nunes, R. L. C., Rodrigues, G. S. O., . . . Dos Santos, E. C. (2020). Sustainability of carrot-cowpea intercropping systems through optimization of green manuring and spatial arrangements. Ciencia Rural, 51(1), 1-13. doi:10.1590/0103-8478cr20190838","Plot","Experiment (on farm)","Brazil","South America","UMIC","No synthetic","irrigation",1.585,"Equivalent_cumulative_yield",NA,NA,NA,NA,NA,NA,NA,NA,NA,NA,NA,NA,NA,NA,NA,NA,NA,NA,7.195,NA,NA,NA,1.7116667,NA,NA,NA,NA,NA,NA,NA,"Win-Win"
71,128,"Das R., Dhara P.K., Mandal A.R., Ray S.K.D.",2014,"Agri-silvi-fruit-vegetable based agro-production system - Suitable models for sustainable land use and conservation in red-laterite and semi-arid tracks","Das, R., Dhara, P. K., Mandal, A. R., & Ray, S. K. D. (2014). Agri-silvi-fruit-vegetable based agro-production system - Suitable models for sustainable land use and conservation in red-laterite and semi-arid tracks. Ecology, Environment and Conservation, 20, S7-S13.","Plot","Experiment (on farm)","India","Asia","LMIC","No synthetic","rainfed",2.2755102,"Equivalent_cumulative_yield",NA,NA,NA,NA,NA,NA,NA,NA,NA,NA,NA,NA,2.8404255,1.7857143,NA,NA,7.0028011,"Carbon",4.321428571,NA,NA,NA,NA,NA,NA,NA,NA,NA,NA,NA,"Win-Win"
72,128,"Das R., Dhara P.K., Mandal A.R., Ray S.K.D.",2014,"Agri-silvi-fruit-vegetable based agro-production system - Suitable models for sustainable land use and conservation in red-laterite and semi-arid tracks","Das, R., Dhara, P. K., Mandal, A. R., & Ray, S. K. D. (2014). Agri-silvi-fruit-vegetable based agro-production system - Suitable models for sustainable land use and conservation in red-laterite and semi-arid tracks. Ecology, Environment and Conservation, 20, S7-S13.","Plot","Experiment (on farm)","India","Asia","LMIC","No synthetic","rainfed",2.63265306,"Equivalent_cumulative_yield",NA,NA,NA,NA,NA,NA,NA,NA,NA,NA,NA,NA,2.5744681,1.4285714,NA,NA,5.6022409,"Carbon",5.227678571,NA,NA,NA,NA,NA,NA,NA,NA,NA,NA,NA,"Win-Win"
83,768,"Falconnier, G. N., Descheemaeker, K., Van Mourik, T. A., Adam, M., Sogoba, B., & Giller, K. E. (2017, Sep).",2017,"Co-learning cycles to support the design of innovative farm systems in southern Mali","Falconnier, G. N., Descheemaeker, K., Van Mourik, T. A., Adam, M., Sogoba, B., & Giller, K. E. (2017). Co-learning cycles to support the design of innovative farm systems in southern Mali. European Journal of Agronomy, 89, 61-74. doi:10.1016/j.eja.2017.06.008","Farm","Participatory Action Research","Mali","Africa","LIC","Synthetic - below threshold","rainfed",0.8015625,"Equivalent_cumulative_yield",NA,NA,NA,NA,NA,NA,NA,NA,NA,NA,NA,NA,NA,NA,NA,NA,NA,NA,1.03260869565217,NA,NA,NA,1.0425,NA,NA,NA,NA,NA,NA,NA,"Lose-Mix"
87,179,"Foltz J.C., Lee J.G., Martin M.A., Preckel P.V.",1995,"Multiattribute assessment of alternative cropping systems","Foltz, J. C., Lee, J. G., Martin, M. A., & Preckel, P. V. (1995). Multiattribute assessment of alternative cropping systems. American Journal of Agricultural Economics, 77(2), 408-420. doi:10.2307/1243550","System","Simulation model","USA","North America","HIC","Synthetic - below threshold","rainfed",1.21481481,"Equivalent_cumulative_yield",NA,NA,NA,NA,NA,NA,NA,NA,NA,1.7857,NA,1.52,1.0267197,NA,NA,NA,NA,NA,1.504920202,NA,NA,NA,NA,NA,NA,NA,NA,NA,NA,NA,"Win-Win"
89,195,"Ghosh P.K., Hazra K.K., Venkatesh M.S., Praharaj C.S., Kumar N., Nath C.P., Singh U., Singh S.S.",2020,"Grain legume inclusion in cereal-cereal rotation increased base crop productivity in the long run","Ghosh, P. K., Hazra, K. K., Venkatesh, M. S., Praharaj, C. S., Kumar, N., Nath, C. P., . . . Singh, S. S. (2020). Grain legume inclusion in cereal-cereal rotation increased base crop productivity in the long run. Experimental Agriculture, 56(1), 142-158. doi:10.1017/s0014479719000243","Plot","Experiment (research station)","India","Asia","LMIC","Synthetic - below threshold","irrigation",1.7,"Equivalent_cumulative_yield",NA,NA,NA,NA,NA,NA,NA,NA,1.3267327,NA,NA,NA,1.1493955,1.07,NA,NA,1.350365,"Carbon",2.42857142857143,NA,NA,NA,NA,NA,NA,NA,NA,NA,NA,NA,"Win-Win"
90,195,"Ghosh P.K., Hazra K.K., Venkatesh M.S., Praharaj C.S., Kumar N., Nath C.P., Singh U., Singh S.S.",2020,"Grain legume inclusion in cereal-cereal rotation increased base crop productivity in the long run","Ghosh, P. K., Hazra, K. K., Venkatesh, M. S., Praharaj, C. S., Kumar, N., Nath, C. P., . . . Singh, S. S. (2020). Grain legume inclusion in cereal-cereal rotation increased base crop productivity in the long run. Experimental Agriculture, 56(1), 142-158. doi:10.1017/s0014479719000243","Plot","Experiment (research station)","India","Asia","LMIC","Synthetic - below threshold","irrigation",1.79,"Equivalent_cumulative_yield",NA,NA,NA,NA,NA,NA,NA,NA,1.1459459,NA,NA,NA,1.1637857,1.1,NA,NA,1.24,"Carbon",2.41666666666667,1,NA,NA,NA,NA,NA,NA,1,NA,NA,NA,"Win-Mix"
91,195,"Ghosh P.K., Hazra K.K., Venkatesh M.S., Praharaj C.S., Kumar N., Nath C.P., Singh U., Singh S.S.",2020,"Grain legume inclusion in cereal-cereal rotation increased base crop productivity in the long run","Ghosh, P. K., Hazra, K. K., Venkatesh, M. S., Praharaj, C. S., Kumar, N., Nath, C. P., . . . Singh, S. S. (2020). Grain legume inclusion in cereal-cereal rotation increased base crop productivity in the long run. Experimental Agriculture, 56(1), 142-158. doi:10.1017/s0014479719000243","Plot","Experiment (research station)","India","Asia","LMIC","Synthetic - below threshold","irrigation",1.16666666666667,"Equivalent_cumulative_yield",NA,NA,NA,NA,NA,NA,NA,NA,1.28712871287129,NA,NA,NA,1.0293609671848,1.0281667915388,NA,NA,1.06569343065693,"Carbon",1.66666666666667,NA,NA,NA,NA,NA,NA,NA,NA,NA,NA,NA,"Win-Win"
92,195,"Ghosh P.K., Hazra K.K., Venkatesh M.S., Praharaj C.S., Kumar N., Nath C.P., Singh U., Singh S.S.",2020,"Grain legume inclusion in cereal-cereal rotation increased base crop productivity in the long run","Ghosh, P. K., Hazra, K. K., Venkatesh, M. S., Praharaj, C. S., Kumar, N., Nath, C. P., . . . Singh, S. S. (2020). Grain legume inclusion in cereal-cereal rotation increased base crop productivity in the long run. Experimental Agriculture, 56(1), 142-158. doi:10.1017/s0014479719000243","Plot","Experiment (research station)","India","Asia","LMIC","Synthetic - below threshold","irrigation",1.125,"Equivalent_cumulative_yield",NA,NA,NA,NA,NA,NA,NA,NA,1.43783783783784,NA,NA,NA,1.04969749351772,1.03754266211604,NA,NA,1.192,"Carbon",1.33333333333333,1,NA,NA,NA,NA,NA,NA,1,NA,NA,NA,"Win-Mix"
93,199,"Gitari H.I., Gachene C.K.K., Karanja N.N., Kamau S., Nyawade S., Sharma K., Schulte-Geldermann E.",2018,"Optimizing yield and economic returns of rain-fed potato (Solanum tuberosum L.) through water conservation under potato-legume intercropping systems","Gitari, H. I., Gachene, C. K. K., Karanja, N. N., Kamau, S., Nyawade, S., Sharma, K., & Schulte-Geldermann, E. (2018). Optimizing yield and economic returns of rain-fed potato (Solanum tuberosum L.) through water conservation under potato-legume intercropping systems. Agricultural Water Management, 208, 59-66. doi:10.1016/j.agwat.2018.06.005","Plot","Experiment (research station)","Kenya","Africa","LMIC","Synthetic - below threshold","rainfed",1.2125,"Equivalent_cumulative_yield",NA,NA,NA,NA,NA,NA,NA,NA,1.2561,NA,NA,NA,NA,NA,NA,NA,NA,NA,1.2352,NA,NA,NA,NA,NA,NA,NA,NA,NA,NA,NA,"Win-Mix"
94,199,"Gitari H.I., Gachene C.K.K., Karanja N.N., Kamau S., Nyawade S., Sharma K., Schulte-Geldermann E.",2018,"Optimizing yield and economic returns of rain-fed potato (Solanum tuberosum L.) through water conservation under potato-legume intercropping systems","Gitari, H. I., Gachene, C. K. K., Karanja, N. N., Kamau, S., Nyawade, S., Sharma, K., & Schulte-Geldermann, E. (2018). Optimizing yield and economic returns of rain-fed potato (Solanum tuberosum L.) through water conservation under potato-legume intercropping systems. Agricultural Water Management, 208, 59-66. doi:10.1016/j.agwat.2018.06.005","Plot","Experiment (research station)","Kenya","Africa","LMIC","Synthetic - below threshold","rainfed",1.0626,"Equivalent_cumulative_yield",NA,NA,NA,NA,NA,NA,NA,NA,1.0996,NA,NA,NA,NA,NA,NA,NA,NA,NA,1.0614,NA,NA,NA,NA,NA,NA,NA,NA,NA,NA,NA,"Win-Mix"
95,199,"Gitari H.I., Gachene C.K.K., Karanja N.N., Kamau S., Nyawade S., Sharma K., Schulte-Geldermann E.",2018,"Optimizing yield and economic returns of rain-fed potato (Solanum tuberosum L.) through water conservation under potato-legume intercropping systems","Gitari, H. I., Gachene, C. K. K., Karanja, N. N., Kamau, S., Nyawade, S., Sharma, K., & Schulte-Geldermann, E. (2018). Optimizing yield and economic returns of rain-fed potato (Solanum tuberosum L.) through water conservation under potato-legume intercropping systems. Agricultural Water Management, 208, 59-66. doi:10.1016/j.agwat.2018.06.005","Plot","Experiment (research station)","Kenya","Africa","LMIC","Synthetic - below threshold","rainfed",1.143,"Equivalent_cumulative_yield",NA,NA,NA,NA,NA,NA,NA,NA,1.0755,NA,NA,NA,NA,NA,NA,NA,NA,NA,1.1517,NA,NA,NA,NA,NA,NA,NA,NA,NA,NA,NA,"Win-Mix"
96,198,"Gitari H.I., Nyawade S.O., Kamau S., Karanja N.N., Gachene C.K.K., Raza M.A., Maitra S., Schulte-Geldermann E.",2020,"Revisiting intercropping indices with respect to potato-legume intercropping systems","Gitari, H. I., Nyawade, S. O., Kamau, S., Karanja, N. N., Gachene, C. K. K., Raza, M. A., . . . Schulte-Geldermann, E. (2020). Revisiting intercropping indices with respect to potato-legume intercropping systems. Field Crops Research, 258. doi:10.1016/j.fcr.2020.107957","Plot","Experiment (research station)","Kenya","Africa","LMIC","Synthetic - below threshold","rainfed",1.03238,"Equivalent_cumulative_yield",NA,NA,NA,NA,NA,NA,NA,NA,NA,NA,NA,NA,NA,NA,NA,NA,NA,NA,1.04065,NA,1,NA,1.28,NA,NA,NA,NA,NA,NA,NA,"Win-Win"
97,198,"Gitari H.I., Nyawade S.O., Kamau S., Karanja N.N., Gachene C.K.K., Raza M.A., Maitra S., Schulte-Geldermann E.",2020,"Revisiting intercropping indices with respect to potato-legume intercropping systems","Gitari, H. I., Nyawade, S. O., Kamau, S., Karanja, N. N., Gachene, C. K. K., Raza, M. A., . . . Schulte-Geldermann, E. (2020). Revisiting intercropping indices with respect to potato-legume intercropping systems. Field Crops Research, 258. doi:10.1016/j.fcr.2020.107957","Plot","Experiment (research station)","Kenya","Africa","LMIC","Synthetic - below threshold","rainfed",1.00097,"Equivalent_cumulative_yield",NA,NA,NA,NA,NA,NA,NA,NA,NA,NA,NA,NA,NA,NA,NA,NA,NA,NA,0.997,NA,1,NA,1.255,NA,NA,NA,NA,NA,NA,NA,"Win-Mix"
98,200,"Glenk K., Shrestha S., Topp C.F.E., Sánchez B., Iglesias A., Dibari C., Merante P.",2017,"A farm level approach to explore farm gross margin effects of soil organic carbon management","Glenk, K., Shrestha, S., Topp, C. F. E., Sánchez, B., Iglesias, A., Dibari, C., & Merante, P. (2017). A farm level approach to explore farm gross margin effects of soil organic carbon management. Agricultural Systems, 151, 33-46. doi:10.1016/j.agsy.2016.11.002","Farm","Model (Aragon Census Data for Aragon, Spain)","Spain","Europe","HIC","Synthetic - below threshold","rainfed",1.3,"Equivalent_cumulative_yield",NA,NA,NA,NA,NA,NA,NA,1,NA,NA,NA,NA,NA,NA,NA,NA,4,"Carbon",1.26,NA,NA,NA,NA,NA,NA,NA,NA,NA,NA,NA,"Mix-Win"
99,202,"Gnahoua J.G., Ettien D.J.B., N’zué B., De Neve S., Boeckx P.",2016,"Assessment of low-input technologies to improve productivity of early harvested cassava in Côte d’Ivoire","Gnahoua, J. G., Ettien, D. J. B., N’zué, B., De Neve, S., & Boeckx, P. (2016). Assessment of low-input technologies to improve productivity of early harvested cassava in Côte d’Ivoire. Agroecology and Sustainable Food Systems, 40(9), 941-964. doi:10.1080/21683565.2016.1209610","Plot","Experiment (on farm)","Côte d’Ivoire","Africa","LMIC","Synthetic - below threshold","rainfed",1.0514,"Equivalent_cumulative_yield",NA,NA,NA,NA,NA,NA,NA,NA,NA,NA,NA,NA,NA,NA,NA,NA,NA,NA,7.1481,NA,NA,NA,NA,NA,NA,NA,NA,NA,NA,NA,"Win-Win"
100,202,"Gnahoua J.G., Ettien D.J.B., N’zué B., De Neve S., Boeckx P.",2016,"Assessment of low-input technologies to improve productivity of early harvested cassava in Côte d’Ivoire","Gnahoua, J. G., Ettien, D. J. B., N’zué, B., De Neve, S., & Boeckx, P. (2016). Assessment of low-input technologies to improve productivity of early harvested cassava in Côte d’Ivoire. Agroecology and Sustainable Food Systems, 40(9), 941-964. doi:10.1080/21683565.2016.1209611","Plot","Experiment (on farm)","Côte d’Ivoire","Africa","LMIC","Synthetic - below threshold","rainfed",1.2681,"Equivalent_cumulative_yield",NA,NA,NA,NA,NA,NA,NA,NA,NA,NA,NA,NA,NA,NA,NA,NA,NA,NA,8.3756,NA,NA,NA,NA,NA,NA,NA,NA,NA,NA,NA,"Win-Win"
101,202,"Gnahoua J.G., Ettien D.J.B., N’zué B., De Neve S., Boeckx P.",2016,"Assessment of low-input technologies to improve productivity of early harvested cassava in Côte d’Ivoire","Gnahoua, J. G., Ettien, D. J. B., N’zué, B., De Neve, S., & Boeckx, P. (2016). Assessment of low-input technologies to improve productivity of early harvested cassava in Côte d’Ivoire. Agroecology and Sustainable Food Systems, 40(9), 941-964. doi:10.1080/21683565.2016.1209612","Plot","Experiment (on farm)","Côte d’Ivoire","Africa","LMIC","Synthetic - below threshold","rainfed",1.1531,"Equivalent_cumulative_yield",NA,NA,NA,NA,NA,NA,NA,NA,NA,NA,NA,NA,NA,NA,NA,NA,NA,NA,3.2854,NA,NA,NA,NA,NA,NA,NA,NA,NA,NA,NA,"Win-Win"
102,202,"Gnahoua J.G., Ettien D.J.B., N’zué B., De Neve S., Boeckx P.",2016,"Assessment of low-input technologies to improve productivity of early harvested cassava in Côte d’Ivoire","Gnahoua, J. G., Ettien, D. J. B., N’zué, B., De Neve, S., & Boeckx, P. (2016). Assessment of low-input technologies to improve productivity of early harvested cassava in Côte d’Ivoire. Agroecology and Sustainable Food Systems, 40(9), 941-964. doi:10.1080/21683565.2016.1209613","Plot","Experiment (on farm)","Côte d’Ivoire","Africa","LMIC","Synthetic - below threshold","rainfed",1.16372,"Equivalent_cumulative_yield",NA,NA,NA,NA,NA,NA,NA,NA,NA,NA,NA,NA,NA,NA,NA,NA,NA,NA,4.0357,NA,NA,NA,NA,NA,NA,NA,NA,NA,NA,NA,"Win-Win"
105,217,"Halpin N.V., Wang W., Rehbein W.E., Reeves S.H.",2015,"Sugarcane productivity response to different fallow and soybean residue management practices in the Bundaberg district","Halpin, N. V., Wang, W., Rehbein, W. E., & Reeves, S. H. (2015). Sugarcane productivity response to different fallow and soybean residue management practices in the Bundaberg district. 37th Annual Conference of the Australian Society of Sugar Cane Technologists, ASSCT 2015, 23-32.","Plot","Experiment (research station)","Australia","Australia","HIC","Synthetic - below threshold","irrigation",1.11345291479821,"Equivalent_cumulative_yield",NA,NA,NA,NA,NA,NA,NA,NA,NA,1,NA,NA,1.01213890596189,1,NA,NA,NA,NA,1.21527373325568,NA,NA,NA,NA,NA,NA,NA,NA,NA,NA,NA,"Mix-Win"
106,220,"Harsono A., Elisabeth D.A.A., Muzaiyanah S., Rianto S.A.",2020,"Soybean-maize intercropping feasibility under drought-prone area in East Java, Indonesia","Harsono, A., Elisabeth, D. A. A., Muzaiyanah, S., & Rianto, S. A. (2020). Soybean-maize intercropping feasibility under drought-prone area in East Java, Indonesia. Biodiversitas, 21(8), 3744-3754. doi:10.13057/biodiv/d210842","Plot","Experiment (on farm)","Indonesia","Asia","LMIC","Synthetic - above threshold","rainfed",1.34505588,"Equivalent_cumulative_yield",NA,NA,NA,NA,NA,NA,NA,NA,NA,NA,NA,NA,NA,NA,NA,NA,NA,NA,1.225742337,NA,NA,NA,1.59,NA,NA,NA,NA,NA,NA,NA,"Win-Mix"
107,220,"Harsono A., Elisabeth D.A.A., Muzaiyanah S., Rianto S.A.",2020,"Soybean-maize intercropping feasibility under drought-prone area in East Java, Indonesia","Harsono, A., Elisabeth, D. A. A., Muzaiyanah, S., & Rianto, S. A. (2020). Soybean-maize intercropping feasibility under drought-prone area in East Java, Indonesia. Biodiversitas, 21(8), 3744-3754. doi:10.13057/biodiv/d210842","Plot","Experiment (on farm)","Indonesia","Asia","LMIC","Synthetic - above threshold","irrigation",1.07472494,"Equivalent_cumulative_yield",NA,NA,NA,NA,NA,NA,NA,NA,NA,NA,NA,NA,NA,NA,NA,NA,NA,NA,0.947827342,NA,NA,NA,1.4,NA,NA,NA,NA,NA,NA,NA,"Win-Mix"
108,765,"Harsono, A., & Pratiwi, H. (2017, May).",2017,"The increase of Ultisol productivity based on intercropping cassava with peanut and soybean","Harsono, A., & Pratiwi, H. (2017). The increase of Ultisol productivity based on intercropping cassava with peanut and soybean. Nusantara Bioscience, 9(2), 157-163. doi:10.13057/nusbiosci/n090209","Plot","Experiment (research station)","Indonesia","Asia","LMIC","Synthetic - above threshold","rainfed",2.24255474086586,"Equivalent_cumulative_yield",NA,NA,NA,NA,NA,NA,NA,NA,NA,NA,NA,NA,NA,NA,NA,NA,NA,NA,2.0625336448505,0.725855379188713,NA,NA,2.4075,NA,NA,NA,NA,NA,NA,NA,"Win-Mix"
110,231,"Hokazono S., Hayashi K.",2015,"Life cycle assessment of organic paddy rotation systems using land- and product-based indicators: a case study in Japan","Hokazono, S., & Hayashi, K. (2015). Life cycle assessment of organic paddy rotation systems using land- and product-based indicators: a case study in Japan. International Journal of Life Cycle Assessment, 20(8), 1061-1075. doi:10.1007/s11367-015-0906-7","Farm","Model (Life Cycle Assessment)","Japan","Asia","HIC","No synthetic","irrigation",1.19516129,"Equivalent_cumulative_yield",NA,NA,NA,NA,NA,NA,NA,NA,NA,NA,NA,NA,NA,NA,NA,NA,NA,NA,1.551283173,NA,NA,NA,NA,NA,NA,NA,NA,NA,NA,NA,"Win-Win"
113,251,"Islami T., Guritno B., Utomo W.H.",2011,"Performance of cassava (Manihot esculenta Crantz) based cropping systems and associated soil quality changes in the degraded tropical uplands of East Java, Indonesia","Islami, T., Guritno, B., & Utomo, W. H. (2011). Performance of cassava (Manihot esculenta Crantz) based cropping systems and associated soil quality changes in the degraded tropical uplands of East Java, Indonesia. Journal of Tropical Agriculture, 49, 31-39.","Plot","Experiment (on farm)","Indonesia","Asia","LMIC","Synthetic - below threshold","irrigation",0.914141414141414,"Equivalent_cumulative_yield",NA,NA,NA,NA,NA,NA,NA,NA,1.0581255,NA,NA,1.051495,1.6041667,NA,NA,NA,1.1767435,"Carbon",3.0375,NA,NA,NA,1.6,NA,NA,NA,NA,1,NA,NA,"Mix-Mix"
114,251,"Islami T., Guritno B., Utomo W.H.",2011,"Performance of cassava (Manihot esculenta Crantz) based cropping systems and associated soil quality changes in the degraded tropical uplands of East Java, Indonesia","Islami, T., Guritno, B., & Utomo, W. H. (2011). Performance of cassava (Manihot esculenta Crantz) based cropping systems and associated soil quality changes in the degraded tropical uplands of East Java, Indonesia. Journal of Tropical Agriculture, 49, 31-39.","Plot","Experiment (on farm)","Indonesia","Asia","LMIC","Synthetic - below threshold","irrigation",0.843434343434343,"Equivalent_cumulative_yield",NA,NA,NA,NA,NA,NA,NA,NA,0.9614512,NA,NA,1.0830565,1.0625,NA,NA,NA,0.967051,"Carbon",1.275,NA,NA,NA,1.45,NA,NA,NA,NA,1,NA,NA,"Mix-Mix"
115,251,"Islami T., Guritno B., Utomo W.H.",2011,"Performance of cassava (Manihot esculenta Crantz) based cropping systems and associated soil quality changes in the degraded tropical uplands of East Java, Indonesia","Islami, T., Guritno, B., & Utomo, W. H. (2011). Performance of cassava (Manihot esculenta Crantz) based cropping systems and associated soil quality changes in the degraded tropical uplands of East Java, Indonesia. Journal of Tropical Agriculture, 49, 31-39.","Plot","Experiment (on farm)","Indonesia","Asia","LMIC","Synthetic - below threshold","irrigation",0.848484848484849,"Equivalent_cumulative_yield",NA,NA,NA,NA,NA,NA,NA,NA,0.9665911,NA,NA,1.0472868,1.2083333,NA,NA,NA,1.0480877,"Carbon",0.675,NA,NA,NA,1.59,NA,NA,NA,NA,1,NA,NA,"Mix-Mix"
116,251,"Islami T., Guritno B., Utomo W.H.",2011,"Performance of cassava (Manihot esculenta Crantz) based cropping systems and associated soil quality changes in the degraded tropical uplands of East Java, Indonesia","Islami, T., Guritno, B., & Utomo, W. H. (2011). Performance of cassava (Manihot esculenta Crantz) based cropping systems and associated soil quality changes in the degraded tropical uplands of East Java, Indonesia. Journal of Tropical Agriculture, 49, 31-39.","Plot","Experiment (on farm)","Indonesia","Asia","LMIC","Synthetic - below threshold","irrigation",0.843434343434343,"Equivalent_cumulative_yield",NA,NA,NA,NA,NA,NA,NA,NA,1.1030234,NA,NA,1,1.5208333,NA,NA,NA,1.1230784,"Carbon",0.4125,NA,NA,NA,1.5,NA,NA,NA,NA,1,NA,NA,"Mix-Mix"
125,258,"Jat R.D., Jat H.S., Nanwal R.K., Yadav A.K., Bana A., Choudhary K.M., Kakraliya S.K., Sutaliya J.M., Sapkota T.B., Jat M.L.",2018,"Conservation agriculture and precision nutrient management practices in maize-wheat system: Effects on crop and water productivity and economic profitability","Jat, R. D., Jat, H. S., Nanwal, R. K., Yadav, A. K., Bana, A., Choudhary, K. M., . . . Jat, M. L. (2018). Conservation agriculture and precision nutrient management practices in maize-wheat system: Effects on crop and water productivity and economic profitability. Field Crops Research, 222, 111-120. doi:10.1016/j.fcr.2018.03.025","Farm","Experiment (on farm)","India","Asia","LMIC","Synthetic - below threshold","irrigation",1.20427,"Equivalent_cumulative_yield",NA,NA,NA,NA,NA,NA,NA,NA,NA,NA,NA,NA,NA,NA,NA,NA,NA,NA,1.1776,NA,NA,NA,1.2039,NA,NA,NA,NA,NA,NA,NA,"Win-Win"
126,259,"Jat R.S., Choudhary R.L., Singh H.V., Meena M.K., Singh V.V., Rai P.K.",2021,"Sustainability, productivity, profitability and soil health with conservation agriculture based sustainable intensification of oilseed brassica production system","Jat, R. S., Choudhary, R. L., Singh, H. V., Meena, M. K., Singh, V. V., & Rai, P. K. (2021). Sustainability, productivity, profitability and soil health with conservation agriculture based sustainable intensification of oilseed brassica production system. Scientific Reports, 11(1). doi:10.1038/s41598-021-92801-z","Plot","Experiment (on farm)","India","Asia","LMIC","Synthetic - below threshold","irrigation",1.39285714,"Equivalent_cumulative_yield",NA,NA,NA,NA,NA,NA,NA,NA,NA,NA,NA,NA,1.1289398,NA,NA,NA,1.129423,"Carbon",1.376452363,NA,NA,NA,NA,NA,NA,NA,NA,NA,NA,NA,"Win-Win"
127,259,"Jat R.S., Choudhary R.L., Singh H.V., Meena M.K., Singh V.V., Rai P.K.",2021,"Sustainability, productivity, profitability and soil health with conservation agriculture based sustainable intensification of oilseed brassica production system","Jat, R. S., Choudhary, R. L., Singh, H. V., Meena, M. K., Singh, V. V., & Rai, P. K. (2021). Sustainability, productivity, profitability and soil health with conservation agriculture based sustainable intensification of oilseed brassica production system. Scientific Reports, 11(1). doi:10.1038/s41598-021-92801-z","Plot","Experiment (on farm)","India","Asia","LMIC","Synthetic - below threshold","irrigation",1.10526316,"Equivalent_cumulative_yield",NA,NA,NA,NA,NA,NA,NA,NA,NA,NA,NA,NA,1.0773639,NA,NA,NA,1.2392517,"Carbon",1.43609605,NA,NA,NA,NA,NA,NA,NA,NA,NA,NA,NA,"Win-Win"
133,278,"Kaur N., Bhullar M.S., Gill G.",2015,"Weed management options for sugarcane-vegetable intercropping systems in north-western India","Kaur, N., Bhullar, M. S., & Gill, G. (2015). Weed management options for sugarcane-vegetable intercropping systems in north-western India. Crop Protection, 74, 18-23. doi:10.1016/j.cropro.2015.03.025","Plot","Experiment (research station)","India","Asia","LMIC","Synthetic - above threshold","rainfed",1.51256227,"Equivalent_cumulative_yield",NA,NA,NA,NA,NA,NA,NA,1.6772934,NA,NA,NA,NA,NA,NA,NA,NA,NA,NA,1.877427184,NA,NA,NA,NA,NA,NA,NA,NA,NA,NA,NA,"Win-Mix"
134,282,"Kermah M., Franke A.C., Adjei-Nsiah S., Ahiabor B.D.K., Abaidoo R.C., Giller K.E.",2017,"Maize-grain legume intercropping for enhanced resource use efficiency and crop productivity in the Guinea savanna of northern Ghana","Kermah, M., Franke, A. C., Adjei-Nsiah, S., Ahiabor, B. D. K., Abaidoo, R. C., & Giller, K. E. (2017). Maize-grain legume intercropping for enhanced resource use efficiency and crop productivity in the Guinea savanna of northern Ghana. Field Crops Research, 213, 38-50. doi:10.1016/j.fcr.2017.07.008","Field","Experiment (on farm)","Ghana","Africa","LMIC","Synthetic - below threshold","rainfed",0.9127907,"Equivalent_cumulative_yield",NA,NA,NA,NA,NA,NA,NA,NA,NA,NA,NA,NA,NA,NA,NA,NA,NA,NA,1.425287356,NA,NA,NA,1.33,NA,NA,NA,NA,NA,NA,NA,"Mix-Mix"
135,282,"Kermah M., Franke A.C., Adjei-Nsiah S., Ahiabor B.D.K., Abaidoo R.C., Giller K.E.",2017,"Maize-grain legume intercropping for enhanced resource use efficiency and crop productivity in the Guinea savanna of northern Ghana","Kermah, M., Franke, A. C., Adjei-Nsiah, S., Ahiabor, B. D. K., Abaidoo, R. C., & Giller, K. E. (2017). Maize-grain legume intercropping for enhanced resource use efficiency and crop productivity in the Guinea savanna of northern Ghana. Field Crops Research, 213, 38-50. doi:10.1016/j.fcr.2017.07.009","Field","Experiment (on farm)","Ghana","Africa","LMIC","Synthetic - below threshold","rainfed",1.0867052,"Equivalent_cumulative_yield",NA,NA,NA,NA,NA,NA,NA,NA,NA,NA,NA,NA,NA,NA,NA,NA,NA,NA,2.077777778,NA,NA,NA,1.26,NA,NA,NA,NA,NA,NA,NA,"Win-Mix"
136,282,"Kermah M., Franke A.C., Adjei-Nsiah S., Ahiabor B.D.K., Abaidoo R.C., Giller K.E.",2017,"Maize-grain legume intercropping for enhanced resource use efficiency and crop productivity in the Guinea savanna of northern Ghana","Kermah, M., Franke, A. C., Adjei-Nsiah, S., Ahiabor, B. D. K., Abaidoo, R. C., & Giller, K. E. (2017). Maize-grain legume intercropping for enhanced resource use efficiency and crop productivity in the Guinea savanna of northern Ghana. Field Crops Research, 213, 38-50. doi:10.1016/j.fcr.2017.07.010","Field","Experiment (on farm)","Ghana","Africa","LMIC","Synthetic - below threshold","rainfed",0.89634146,"Equivalent_cumulative_yield",NA,NA,NA,NA,NA,NA,NA,NA,NA,NA,NA,NA,NA,NA,NA,NA,NA,NA,1.2,NA,NA,NA,1.35,NA,NA,NA,NA,NA,NA,NA,"Mix-Mix"
148,297,"Kihara J., Vanlauwe B., Waswa B., Kimetu J.M., Chianu J., Bationo A.",2010,"Strategic phosphorus application in legume-cereal rotations increases land productivity and profitability in western Kenya","Kihara, J., Vanlauwe, B., Waswa, B., Kimetu, J. M., Chianu, J., & Bationo, A. (2010). Strategic phosphorus application in legume-cereal rotations increases land productivity and profitability in western Kenya. Experimental Agriculture, 46(1), 35-52. doi:10.1017/S0014479709990810","Plot","Experiment (on farm)","Kenya","Africa","LMIC","Synthetic - below threshold","rainfed",1.10555556,"Equivalent_cumulative_yield",NA,NA,NA,NA,NA,NA,NA,NA,NA,NA,NA,NA,NA,NA,NA,NA,NA,NA,1.940817551,NA,NA,NA,NA,NA,NA,NA,NA,1,NA,NA,"Win-Win"
151,309,"Kumar M., Kumar R., Rangnamei K.L., Das A., Meena K.L., Rajkhowa D.J.",2019,"Crop diversification for enhancing the productivity for food and nutritional security under the Eastern Himalayas","Kumar, M., Kumar, R., Rangnamei, K. L., Das, A., Meena, K. L., & Rajkhowa, D. J. (2019). Crop diversification for enhancing the productivity for food and nutritional security under the Eastern Himalayas. Indian Journal of Agricultural Sciences, 89(7), 1157-1161.","Field","Experiment (on farm)","India","Asia","LMIC","Unknown","rainfed",5.89473684210526,"Equivalent_cumulative_yield",NA,NA,NA,NA,NA,1.336898396,NA,NA,NA,NA,NA,NA,NA,2.83333333333333,NA,NA,NA,NA,11.4286219081272,NA,NA,1.03583061889251,1.78310502283105,1.52791178497588,NA,NA,NA,NA,NA,NA,"Win-Mix"
153,320,"Kuri B.R., Yadav R.S., Kumawat A.",2012,"Evaluation of pearl millet (Pennisetum glaucum) and mothbean (Vigna acconitifolia) intercropping systems in hyper arid partially irrigated north-western plains zone","Kuri, B. R., Yadav, R. S., & Kumawat, A. (2014). Evaluation of pearl millet (Pennisetum glaucum) and mothbean (Vigna acconitifolia) intercropping systems in hyper arid partially irrigated north-western plains zone. Indian Journal of Agricultural Sciences, 82(11), 993-996.","Plot","Experiment (on farm)","India","Asia","LMIC","Synthetic - below threshold","irrigation",1.23210743801653,"Equivalent_cumulative_yield",NA,NA,NA,NA,NA,NA,NA,NA,NA,NA,NA,NA,1.21329590252061,NA,NA,NA,NA,NA,1.12222943898677,NA,NA,NA,1.02636363636364,NA,NA,NA,NA,NA,NA,NA,"Win-Mix"
161,338,"LI Y.-H., SHI D.-Y., LI G.-H., ZHAO B., ZHANG J.-W., LIU P., REN B., DONG S.-T.",2019,"Maize/peanut intercropping increases photosynthetic characteristics, 13C-photosynthate distribution, and grain yield of summer maize","Li, Y.-h., Shi, D.-y., Li, G.-h., Zhao, B., Zhang, J.-w., Liu, P., . . . Dong, S.-t. (2019). Maize/peanut intercropping increases photosynthetic characteristics, 13C-photosynthate distribution, and grain yield of summer maize. Journal of Integrative Agriculture, 18(10), 2219-2229. doi:10.1016/s2095-3119(19)62616-x","Plot","Experiment (research station)","China","Asia","UMIC","Synthetic - above threshold","rainfed",1.89730590745632,"Equivalent_cumulative_yield",NA,NA,NA,NA,NA,NA,NA,NA,NA,NA,NA,NA,NA,1.26325,NA,NA,NA,NA,1.23,NA,NA,NA,1.155,NA,NA,NA,NA,NA,NA,NA,"Win-Win"
168,366,"Manjunath B.L., Paramesh V., Mahajan G.R., Reddy K.V., Das B., Singh N.P.",2018,"A five years study on the selection of rice based cropping systems in Goa, for west coast region of India","Manjunath, B. L., Paramesh, V., Mahajan, G. R., Reddy, K. V., Das, B., & Singh, N. P. (2018). A five years study on the selection of rice based cropping systems in Goa, for west coast region of India. Journal of Environmental Biology, 39(3), 393-399. doi:10.22438/jeb/39/3/MRN-593","Plot","Experiment (research station)","India","Asia","LMIC","No synthetic","irrigation",1.78821363,"Equivalent_cumulative_yield",NA,NA,NA,NA,NA,0.970238095,NA,NA,NA,NA,NA,NA,1.0352397,1.2772926,NA,NA,NA,NA,1.598185242,NA,NA,NA,NA,NA,NA,NA,NA,2.8076923,NA,NA,"Mix-Mix"
169,366,"Manjunath B.L., Paramesh V., Mahajan G.R., Reddy K.V., Das B., Singh N.P.",2018,"A five years study on the selection of rice based cropping systems in Goa, for west coast region of India","Manjunath, B. L., Paramesh, V., Mahajan, G. R., Reddy, K. V., Das, B., & Singh, N. P. (2018). A five years study on the selection of rice based cropping systems in Goa, for west coast region of India. Journal of Environmental Biology, 39(3), 393-399. doi:10.22438/jeb/39/3/MRN-593","Plot","Experiment (research station)","India","Asia","LMIC","No synthetic","irrigation",1.6519337,"Equivalent_cumulative_yield",NA,NA,NA,NA,NA,0.96031746,NA,NA,NA,NA,NA,NA,0.938186,1.9104803,NA,NA,NA,NA,1.213319637,NA,NA,NA,NA,NA,NA,NA,NA,2.2115385,NA,NA,"Mix-Mix"
170,367,"Manjunath M.G., Salakinkop S.R., Somanagouda G.",2018,"Productivity and profitability of soybean based millets intercropping systems","Manjunath, M. G., Salakinkop, S. R., & Somanagouda, G. (2018). Productivity and profitability of soybean based millets intercropping systems. Research on Crops, 19(1), 43-47. doi:10.5958/2348-7542.2018.00006.2","Plot","Experiment (research station)","India","Asia","LMIC","Unknown","rainfed",1.22146239,"Equivalent_cumulative_yield",NA,NA,NA,NA,NA,NA,NA,NA,NA,NA,NA,NA,NA,0.9305927,NA,NA,NA,NA,2.193680249,NA,NA,NA,1.495,NA,NA,NA,NA,NA,NA,NA,"Mix-Win"
171,367,"Manjunath M.G., Salakinkop S.R., Somanagouda G.",2018,"Productivity and profitability of soybean based millets intercropping systems","Manjunath, M. G., Salakinkop, S. R., & Somanagouda, G. (2018). Productivity and profitability of soybean based millets intercropping systems. Research on Crops, 19(1), 43-47. doi:10.5958/2348-7542.2018.00006.3","Plot","Experiment (research station)","India","Asia","LMIC","Unknown","rainfed",1.1734072,"Equivalent_cumulative_yield",NA,NA,NA,NA,NA,NA,NA,NA,NA,NA,NA,NA,NA,0.825654,NA,NA,NA,NA,2.170420393,NA,NA,NA,1.46,NA,NA,NA,NA,NA,NA,NA,"Mix-Win"
172,367,"Manjunath M.G., Salakinkop S.R., Somanagouda G.",2018,"Productivity and profitability of soybean based millets intercropping systems","Manjunath, M. G., Salakinkop, S. R., & Somanagouda, G. (2018). Productivity and profitability of soybean based millets intercropping systems. Research on Crops, 19(1), 43-47. doi:10.5958/2348-7542.2018.00006.4","Plot","Experiment (research station)","India","Asia","LMIC","Unknown","rainfed",1.28172255,"Equivalent_cumulative_yield",NA,NA,NA,NA,NA,NA,NA,NA,NA,NA,NA,NA,NA,0.7793273,NA,NA,NA,NA,2.616705962,NA,NA,NA,1.38,NA,NA,NA,NA,NA,NA,NA,"Mix-Win"
180,388,"Mishra M.M., Mohanty M., Gulati J.M.L., Nanda S.S.",2013,"Evaluation of various rice (Oryza sativa) based crop sequences for enhanced productivity, profitability and energy efficiency in eastern plateau and hills zone of India","Mishra, M. M., Mohanty, M., Gulati, J. M. L., & Nanda, S. S. (2013). Evaluation of various rice (Oryza sativa) based crop sequences for enhanced productivity, profitability and energy efficiency in eastern plateau and hills zone of India. Indian Journal of Agricultural Sciences, 83(12), 1279-1284.","Plot","Experiment (on farm)","India","Asia","LMIC","Synthetic - below threshold","rainfed",1.23242042931162,"Equivalent_cumulative_yield",NA,NA,NA,NA,NA,NA,NA,NA,NA,NA,NA,NA,1.02738712065137,NA,NA,NA,NA,NA,1.21838099302888,NA,0.839977445728785,NA,1.25003802281369,NA,NA,NA,NA,NA,NA,NA,"Win-Mix"
181,388,"Mishra M.M., Mohanty M., Gulati J.M.L., Nanda S.S.",2013,"Evaluation of various rice (Oryza sativa) based crop sequences for enhanced productivity, profitability and energy efficiency in eastern plateau and hills zone of India","Mishra, M. M., Mohanty, M., Gulati, J. M. L., & Nanda, S. S. (2013). Evaluation of various rice (Oryza sativa) based crop sequences for enhanced productivity, profitability and energy efficiency in eastern plateau and hills zone of India. Indian Journal of Agricultural Sciences, 83(12), 1279-1284.","Plot","Experiment (on farm)","India","Asia","LMIC","Synthetic - below threshold","rainfed",1.14285714285714,"Equivalent_cumulative_yield",NA,NA,NA,NA,NA,NA,NA,NA,NA,NA,NA,NA,0.914137675795707,NA,NA,NA,NA,NA,1.01308863280694,NA,0.792951790245278,NA,1.2,NA,NA,NA,NA,NA,NA,NA,"Mix-Mix"
182,742,"Mohan, H.M., Chittapur, B.M., Hiremath, S.M",2013,"EVALUATION OF RICEBEAN AND FRENCHBEAN AS INTERCROPS WITH MAIZE UNDER DIFFERENT ROW PROPORTIONS IN THE PENINSULAR REGION","Mohan, H. M., Chittapur, B. M., & Hiremath, S. M. (2013). EVALUATION OF RICEBEAN AND FRENCHBEAN AS INTERCROPS WITH MAIZE UNDER DIFFERENT ROW PROPORTIONS IN THE PENINSULAR REGION. Legume Research, 36(4), 338-343.","Plot","Experiment (research station)","India","Asia","LMIC","Synthetic - below threshold","rainfed",1.34362549800797,"Equivalent_cumulative_yield",NA,NA,NA,NA,NA,NA,NA,NA,NA,NA,NA,NA,1.24126984126984,0.987526454778716,NA,NA,NA,NA,1.37145150931278,1.14882506527415,NA,NA,1.66,1.22736842105263,NA,NA,NA,NA,NA,NA,"Win-Win"
183,742,"Mohan, H.M., Chittapur, B.M., Hiremath, S.M",2013,"EVALUATION OF RICEBEAN AND FRENCHBEAN AS INTERCROPS WITH MAIZE UNDER DIFFERENT ROW PROPORTIONS IN THE PENINSULAR REGION","Mohan, H. M., Chittapur, B. M., & Hiremath, S. M. (2013). EVALUATION OF RICEBEAN AND FRENCHBEAN AS INTERCROPS WITH MAIZE UNDER DIFFERENT ROW PROPORTIONS IN THE PENINSULAR REGION. Legume Research, 36(4), 338-343.","Plot","Experiment (research station)","India","Asia","LMIC","Synthetic - below threshold","rainfed",1.68193891102258,"Equivalent_cumulative_yield",NA,NA,NA,NA,NA,NA,NA,NA,NA,NA,NA,NA,1.23174603174603,0.985709737231472,NA,NA,NA,NA,1.75035324341683,1.2845953002611,NA,NA,1.695,1.26,NA,NA,NA,NA,NA,NA,"Win-Win"
184,742,"Mohan, H.M., Chittapur, B.M., Hiremath, S.M",2013,"EVALUATION OF RICEBEAN AND FRENCHBEAN AS INTERCROPS WITH MAIZE UNDER DIFFERENT ROW PROPORTIONS IN THE PENINSULAR REGION","Mohan, H. M., Chittapur, B. M., & Hiremath, S. M. (2013). EVALUATION OF RICEBEAN AND FRENCHBEAN AS INTERCROPS WITH MAIZE UNDER DIFFERENT ROW PROPORTIONS IN THE PENINSULAR REGION. Legume Research, 36(4), 338-343.","Plot","Experiment (research station)","India","Asia","LMIC","Synthetic - below threshold","rainfed",1.34783089862771,"Equivalent_cumulative_yield",NA,NA,NA,NA,NA,NA,NA,NA,NA,NA,NA,NA,1.51111111111111,0.992583297435993,NA,NA,NA,NA,1.35,1.08616187989556,NA,NA,1.695,1.7,NA,NA,NA,NA,NA,NA,"Win-Win"
185,390,"Montgomery S., Guppy C., Martin R., Wright G., Flavel R., Phan S., Im S., Tighe M.",2017,"Productivity and profitability of upland crop rotations in Northwest Cambodia","Montgomery, S., Guppy, C., Martin, R., Wright, G., Flavel, R., Phan, S., . . . Tighe, M. (2017). Productivity and profitability of upland crop rotations in Northwest Cambodia. Field Crops Research, 203, 150-162. doi:10.1016/j.fcr.2016.12.010","Plot","Experiment (on farm)","Cambodia","Asia","LMIC","Synthetic - below threshold","rainfed",0.830618892508143,"Equivalent_cumulative_yield",NA,NA,NA,NA,NA,NA,NA,NA,NA,NA,NA,NA,NA,NA,NA,NA,NA,NA,0.93575923733566,NA,NA,NA,NA,NA,NA,NA,NA,NA,NA,NA,"Lose-Lose"
186,396,"Mudita I.I., Chiduza C., Richardson-Kageler S., Murungu F.S.",2008,"Evaluation of different strategies of intercropping maize (Zea mays L.) and soya bean (Glycine max (L.) Merrill) under small-holder production in sub-humid Zimbabwe","Mudita, I. I., Chiduza, C., Richardson, S., & Murungu, F. S. (2008). Evaluation of Different Strategies of Intercropping Maize (Zea mays L.) and Soya Bean (Glycine max (L.) Merrill) Under Small-Holder Production in Sub-Humid Zimbabwe. Journal of Agronomy, 7(3), 237-243. doi:10.3923/ja.2008.237.243","Plot","Experiment (on farm)","Zimbabwe","Africa","LMIC","Synthetic - below threshold","rainfed",0.87174295,"Equivalent_cumulative_yield",NA,NA,NA,NA,NA,NA,NA,NA,NA,NA,NA,NA,NA,NA,NA,NA,NA,NA,0.939675146,NA,NA,NA,1.22,NA,NA,NA,NA,NA,NA,NA,"Lose-Mix"
187,396,"Mudita I.I., Chiduza C., Richardson-Kageler S., Murungu F.S.",2008,"Evaluation of different strategies of intercropping maize (Zea mays L.) and soya bean (Glycine max (L.) Merrill) under small-holder production in sub-humid Zimbabwe","Mudita, I. I., Chiduza, C., Richardson, S., & Murungu, F. S. (2008). Evaluation of Different Strategies of Intercropping Maize (Zea mays L.) and Soya Bean (Glycine max (L.) Merrill) Under Small-Holder Production in Sub-Humid Zimbabwe. Journal of Agronomy, 7(3), 237-243. doi:10.3923/ja.2008.237.243","Plot","Experiment (on farm)","Zimbabwe","Africa","LMIC","Synthetic - below threshold","rainfed",0.83893614,"Equivalent_cumulative_yield",NA,NA,NA,NA,NA,NA,NA,NA,NA,NA,NA,NA,NA,NA,NA,NA,NA,NA,0.919656051,NA,NA,NA,1.24,NA,NA,NA,NA,NA,NA,NA,"Lose-Mix"
188,396,"Mudita I.I., Chiduza C., Richardson-Kageler S., Murungu F.S.",2008,"Evaluation of different strategies of intercropping maize (Zea mays L.) and soya bean (Glycine max (L.) Merrill) under small-holder production in sub-humid Zimbabwe","Mudita, I. I., Chiduza, C., Richardson, S., & Murungu, F. S. (2008). Evaluation of Different Strategies of Intercropping Maize (Zea mays L.) and Soya Bean (Glycine max (L.) Merrill) Under Small-Holder Production in Sub-Humid Zimbabwe. Journal of Agronomy, 7(3), 237-243. doi:10.3923/ja.2008.237.243","Plot","Experiment (on farm)","Zimbabwe","Africa","LMIC","Synthetic - below threshold","rainfed",0.97007335,"Equivalent_cumulative_yield",NA,NA,NA,NA,NA,NA,NA,NA,NA,NA,NA,NA,NA,NA,NA,NA,NA,NA,1.089019701,NA,NA,NA,1.54,NA,NA,NA,NA,NA,NA,NA,"Lose-Win"
189,741,"Muoneke, C.O., Ogwuche, M.A.O., Kalu, B.A., 2007. .",2007,"Effect of maize planting density on the performance of maize/soybean intercropping system in a guinea savannah agroecosystem","Muoneke, C. O., Ogwuche, M. A. O., & Kalu, B. A. (2007). Effect of maize planting density on the performance of maize/soybean intercropping system in a guinea savannah agroecosystem. African Journal of Agricultural Research, 2(12), 667-677.","Plot","Experiment (research station)","Nigeria","Africa","LMIC","Synthetic - below threshold","rainfed",1.12004634874858,"Equivalent_cumulative_yield",NA,NA,NA,NA,NA,NA,NA,NA,NA,NA,NA,NA,NA,NA,NA,NA,NA,NA,1.31341245041519,NA,NA,NA,NA,NA,NA,NA,NA,NA,NA,NA,"Win-Win"
192,737,"Nageswara Rao N, Meinke H, Craufurd PQ, et al.",2015,"Strategic double cropping on Vertisols: A viable rainfed cropping option in the Indian SAT to increase productivity and reduce risk","Nageswara Rao, V., Meinke, H., Craufurd, P. Q., Parsons, D., Kropff, M. J., Anten, N. P. R., . . . Rego, T. J. (2015). Strategic double cropping on Vertisols: A viable rainfed cropping option in the Indian SAT to increase productivity and reduce risk. European Journal of Agronomy, 62, 26-37. doi:10.1016/j.eja.2014.09.003","Plot","Experiment (research station)","India","Asia","LMIC","Synthetic - below threshold","rainfed",1.38635465656385,"Equivalent_cumulative_yield",NA,NA,NA,NA,NA,NA,NA,NA,NA,NA,NA,NA,2.16550372295827,NA,NA,NA,NA,NA,5.04951187140019,NA,NA,NA,NA,NA,NA,NA,NA,NA,NA,NA,"Win-Win"
193,737,"Nageswara Rao N, Meinke H, Craufurd PQ, et al.",2015,"Strategic double cropping on Vertisols: A viable rainfed cropping option in the Indian SAT to increase productivity and reduce risk","Nageswara Rao, V., Meinke, H., Craufurd, P. Q., Parsons, D., Kropff, M. J., Anten, N. P. R., . . . Rego, T. J. (2015). Strategic double cropping on Vertisols: A viable rainfed cropping option in the Indian SAT to increase productivity and reduce risk. European Journal of Agronomy, 62, 26-37. doi:10.1016/j.eja.2014.09.004","Plot","Experiment (research station)","India","Asia","LMIC","Synthetic - below threshold","rainfed",2.19219167012942,"Equivalent_cumulative_yield",NA,NA,NA,NA,NA,NA,NA,NA,NA,NA,NA,NA,2.15832818403857,NA,NA,NA,NA,NA,5.19923558141984,NA,NA,NA,NA,NA,NA,NA,NA,NA,NA,NA,"Win-Win"
194,407,"Nageswara Rao V., Meinke H., Craufurd P.Q., Parsons D., Kropff M.J., Anten N.P.R., Wani S.P., Rego T.J.",2015,"Strategic double cropping on Vertisols: A viable rainfed cropping option in the Indian SAT to increase productivity and reduce risk","Nageswara Rao, V., Meinke, H., Craufurd, P. Q., Parsons, D., Kropff, M. J., Anten, N. P. R., . . . Rego, T. J. (2015). Strategic double cropping on Vertisols: A viable rainfed cropping option in the Indian SAT to increase productivity and reduce risk. European Journal of Agronomy, 62, 26-37. doi:10.1016/j.eja.2014.09.003","Plot","Experiment (research station)","India","Asia","LMIC","Synthetic - below threshold","rainfed",1.4775558419244,"Equivalent_cumulative_yield",NA,NA,NA,NA,NA,NA,NA,NA,NA,NA,NA,NA,2.39725260966869,NA,NA,NA,NA,NA,2.49952108502976,NA,NA,NA,NA,NA,NA,NA,NA,NA,NA,NA,"Win-Win"
195,407,"Nageswara Rao V., Meinke H., Craufurd P.Q., Parsons D., Kropff M.J., Anten N.P.R., Wani S.P., Rego T.J.",2015,"Strategic double cropping on Vertisols: A viable rainfed cropping option in the Indian SAT to increase productivity and reduce risk","Nageswara Rao, V., Meinke, H., Craufurd, P. Q., Parsons, D., Kropff, M. J., Anten, N. P. R., . . . Rego, T. J. (2015). Strategic double cropping on Vertisols: A viable rainfed cropping option in the Indian SAT to increase productivity and reduce risk. European Journal of Agronomy, 62, 26-37. doi:10.1016/j.eja.2014.09.003","Plot","Experiment (research station)","India","Asia","LMIC","Synthetic - below threshold","rainfed",0.91076030927835,"Equivalent_cumulative_yield",NA,NA,NA,NA,NA,NA,NA,NA,NA,NA,NA,NA,1.21364461555316,NA,NA,NA,NA,NA,1.37118624045363,NA,NA,NA,NA,NA,NA,NA,NA,NA,NA,NA,"Mix-Mix"
196,407,"Nageswara Rao V., Meinke H., Craufurd P.Q., Parsons D., Kropff M.J., Anten N.P.R., Wani S.P., Rego T.J.",2015,"Strategic double cropping on Vertisols: A viable rainfed cropping option in the Indian SAT to increase productivity and reduce risk","Nageswara Rao, V., Meinke, H., Craufurd, P. Q., Parsons, D., Kropff, M. J., Anten, N. P. R., . . . Rego, T. J. (2015). Strategic double cropping on Vertisols: A viable rainfed cropping option in the Indian SAT to increase productivity and reduce risk. European Journal of Agronomy, 62, 26-37. doi:10.1016/j.eja.2014.09.003","Plot","Experiment (research station)","India","Asia","LMIC","Synthetic - below threshold","rainfed",2.20640034364261,"Equivalent_cumulative_yield",NA,NA,NA,NA,NA,NA,NA,NA,NA,NA,NA,NA,1.97155393530613,NA,NA,NA,NA,NA,2.2244961814513,NA,NA,NA,NA,NA,NA,NA,NA,NA,NA,NA,"Win-Win"
198,410,"Naresh R.K., Singh S.P., Kumar P., Singh B., Singh P.K., Chauhan P., Rathore R.S.",2014,"Sustainability of maize (Zea mays)-wheat (Triticum aestivum) cropping system under legumes intercropping and effect of nitrogen level on light distribution, soil temperature and crop productivity","Naresh, R. K., Singh, S. P., Kumar, P., Singh, B., Singh, P. K., Chauhan, P., & Rathore, R. S. (2014). Sustainability of maize (Zea mays)-wheat (Triticum aestivum) cropping system under legumes intercropping and effect of nitrogen level on light distribution, soil temperature and crop productivity. Indian Journal of Agricultural Sciences, 84(6), 695-701.","Field","Experiment (research station)","India","Asia","LMIC","Synthetic - below threshold","irrigation",1.094459761,"Equivalent_cumulative_yield",NA,NA,NA,NA,NA,NA,NA,NA,1.3978022,NA,NA,NA,6.7083333,0.9649468,NA,NA,1.1923077,NA,1.0390625,NA,NA,NA,NA,NA,NA,NA,NA,NA,NA,NA,"Mix-Win"
199,410,"Naresh R.K., Singh S.P., Kumar P., Singh B., Singh P.K., Chauhan P., Rathore R.S.",2014,"Sustainability of maize (Zea mays)-wheat (Triticum aestivum) cropping system under legumes intercropping and effect of nitrogen level on light distribution, soil temperature and crop productivity","Naresh, R. K., Singh, S. P., Kumar, P., Singh, B., Singh, P. K., Chauhan, P., & Rathore, R. S. (2014). Sustainability of maize (Zea mays)-wheat (Triticum aestivum) cropping system under legumes intercropping and effect of nitrogen level on light distribution, soil temperature and crop productivity. Indian Journal of Agricultural Sciences, 84(6), 695-701.","Field","Experiment (research station)","India","Asia","LMIC","Synthetic - below threshold","irrigation",1.107785217,"Equivalent_cumulative_yield",NA,NA,NA,NA,NA,NA,NA,NA,1.9296703,NA,NA,NA,10.541667,0.9733773,NA,NA,1.2884615,NA,1.046875,NA,NA,NA,NA,NA,NA,NA,NA,NA,NA,NA,"Mix-Win"
200,410,"Naresh R.K., Singh S.P., Kumar P., Singh B., Singh P.K., Chauhan P., Rathore R.S.",2014,"Sustainability of maize (Zea mays)-wheat (Triticum aestivum) cropping system under legumes intercropping and effect of nitrogen level on light distribution, soil temperature and crop productivity","Naresh, R. K., Singh, S. P., Kumar, P., Singh, B., Singh, P. K., Chauhan, P., & Rathore, R. S. (2014). Sustainability of maize (Zea mays)-wheat (Triticum aestivum) cropping system under legumes intercropping and effect of nitrogen level on light distribution, soil temperature and crop productivity. Indian Journal of Agricultural Sciences, 84(6), 695-701.","Field","Experiment (research station)","India","Asia","LMIC","Synthetic - below threshold","irrigation",1.035972168,"Equivalent_cumulative_yield",NA,NA,NA,NA,NA,NA,NA,NA,1.4527473,NA,NA,NA,5.2083333,0.9620943,NA,NA,0.9807692,NA,1.03125,NA,NA,NA,NA,NA,NA,NA,NA,NA,NA,NA,"Mix-Win"
201,412,"Narkhede W.N., Deshmukh M.S., Bhale V.M., Gill M.S., Gadade G.D., More S.S.",2011,"Diversification of cropping systems under assured irrigated conditions in central plateau zone of Maharashtra","Narkhede, W. N., Deshmukh, M. S., Bhale, V. M., Gill, M. S., Gadade, G. D., & More, S. S. (2011). Diversification of cropping systems under assured irrigated conditions in central plateau zone of Maharashtra. Indian Journal of Agronomy, 56(2), 104-108.","Plot","Experiment (research station)","India","Asia","LMIC","Synthetic - below threshold","irrigation",1.16,"Equivalent_cumulative_yield",NA,NA,NA,NA,NA,NA,NA,NA,NA,NA,NA,NA,1.0976361790983,NA,NA,NA,NA,NA,1.01610239471511,NA,NA,1.20973782771536,0.9358,NA,NA,NA,NA,NA,NA,NA,"Win-Mix"
206,423,"Ngwira A.R., Aune J.B., Mkwinda S.",2012,"On-farm evaluation of yield and economic benefit of short term maize legume intercropping systems under conservation agriculture in Malawi","Ngwira, A. R., Aune, J. B., & Mkwinda, S. (2012). On-farm evaluation of yield and economic benefit of short term maize legume intercropping systems under conservation agriculture in Malawi. Field Crops Research, 132, 149-157. doi:10.1016/j.fcr.2011.12.014","Plot","Experiment (on farm)","Malawi","Africa","LIC","Synthetic - below threshold","rainfed",0.971259682022014,"Equivalent_cumulative_yield",NA,NA,NA,NA,NA,NA,NA,NA,NA,NA,NA,NA,NA,1.3,NA,NA,NA,NA,1.11844331641286,NA,NA,0.838213399503722,NA,NA,NA,NA,NA,NA,NA,NA,"Mix-Mix"
207,423,"Ngwira A.R., Aune J.B., Mkwinda S.",2012,"On-farm evaluation of yield and economic benefit of short term maize legume intercropping systems under conservation agriculture in Malawi","Ngwira, A. R., Aune, J. B., & Mkwinda, S. (2012). On-farm evaluation of yield and economic benefit of short term maize legume intercropping systems under conservation agriculture in Malawi. Field Crops Research, 132, 149-157. doi:10.1016/j.fcr.2011.12.015","Plot","Experiment (on farm)","Malawi","Africa","LIC","Synthetic - below threshold","rainfed",0.960841491355968,"Equivalent_cumulative_yield",NA,NA,NA,NA,NA,NA,NA,NA,NA,NA,NA,NA,NA,1.11929997535124,NA,NA,NA,NA,1.11844331641286,NA,NA,0.838213399503722,NA,NA,NA,NA,NA,NA,NA,NA,"Mix-Mix"
208,421,"Ngwira A.R., Kabambe V., Simwaka P., Makoko K., Kamoyo K.",2020,"Productivity and profitability of maize-legume cropping systems under conservation agriculture among smallholder farmers in Malawi","Ngwira, A. R., Kabambe, V., Simwaka, P., Makoko, K., & Kamoyo, K. (2020). Productivity and profitability of maize-legume cropping systems under conservation agriculture among smallholder farmers in Malawi. Acta Agriculturae Scandinavica, Section B — Soil & Plant Science, 70(3), 241-251. doi:10.1080/09064710.2020.1712470","Plot","Experiment (on farm)","Malawi","Africa","LIC","Synthetic - below threshold","rainfed",1.3705419,"Equivalent_cumulative_yield",NA,NA,NA,NA,NA,NA,NA,NA,NA,NA,NA,NA,NA,NA,NA,NA,NA,NA,1.697986577,NA,NA,NA,0.945,NA,NA,NA,NA,NA,NA,NA,"Win-Mix"
209,421,"Ngwira A.R., Kabambe V., Simwaka P., Makoko K., Kamoyo K.",2020,"Productivity and profitability of maize-legume cropping systems under conservation agriculture among smallholder farmers in Malawi","Ngwira, A. R., Kabambe, V., Simwaka, P., Makoko, K., & Kamoyo, K. (2020). Productivity and profitability of maize-legume cropping systems under conservation agriculture among smallholder farmers in Malawi. Acta Agriculturae Scandinavica, Section B — Soil & Plant Science, 70(3), 241-251. doi:10.1080/09064710.2020.1712471","Plot","Experiment (on farm)","Malawi","Africa","LIC","Synthetic - below threshold","rainfed",1.38612361,"Equivalent_cumulative_yield",NA,NA,NA,NA,NA,NA,NA,NA,NA,NA,NA,NA,NA,NA,NA,NA,NA,NA,0.852348993,NA,NA,NA,NA,NA,NA,NA,NA,NA,NA,NA,"Win-Lose"
210,421,"Ngwira A.R., Kabambe V., Simwaka P., Makoko K., Kamoyo K.",2020,"Productivity and profitability of maize-legume cropping systems under conservation agriculture among smallholder farmers in Malawi","Ngwira, A. R., Kabambe, V., Simwaka, P., Makoko, K., & Kamoyo, K. (2020). Productivity and profitability of maize-legume cropping systems under conservation agriculture among smallholder farmers in Malawi. Acta Agriculturae Scandinavica, Section B — Soil & Plant Science, 70(3), 241-251. doi:10.1080/09064710.2020.1712472","Plot","Experiment (on farm)","Malawi","Africa","LIC","Synthetic - below threshold","rainfed",1.04201681,"Equivalent_cumulative_yield",NA,NA,NA,NA,NA,NA,NA,NA,NA,NA,NA,NA,NA,NA,NA,NA,NA,NA,0.797752809,NA,NA,NA,1.025,NA,NA,NA,NA,NA,NA,NA,"Win-Mix"
211,421,"Ngwira A.R., Kabambe V., Simwaka P., Makoko K., Kamoyo K.",2020,"Productivity and profitability of maize-legume cropping systems under conservation agriculture among smallholder farmers in Malawi","Ngwira, A. R., Kabambe, V., Simwaka, P., Makoko, K., & Kamoyo, K. (2020). Productivity and profitability of maize-legume cropping systems under conservation agriculture among smallholder farmers in Malawi. Acta Agriculturae Scandinavica, Section B — Soil & Plant Science, 70(3), 241-251. doi:10.1080/09064710.2020.1712473","Plot","Experiment (on farm)","Malawi","Africa","LIC","Synthetic - below threshold","rainfed",1.75969424,"Equivalent_cumulative_yield",NA,NA,NA,NA,NA,NA,NA,NA,NA,NA,NA,NA,NA,NA,NA,NA,NA,NA,1.261235955,NA,NA,NA,NA,NA,NA,NA,NA,NA,NA,NA,"Win-Win"
212,421,"Ngwira A.R., Kabambe V., Simwaka P., Makoko K., Kamoyo K.",2020,"Productivity and profitability of maize-legume cropping systems under conservation agriculture among smallholder farmers in Malawi","Ngwira, A. R., Kabambe, V., Simwaka, P., Makoko, K., & Kamoyo, K. (2020). Productivity and profitability of maize-legume cropping systems under conservation agriculture among smallholder farmers in Malawi. Acta Agriculturae Scandinavica, Section B — Soil & Plant Science, 70(3), 241-251. doi:10.1080/09064710.2020.1712474","Plot","Experiment (on farm)","Malawi","Africa","LIC","Synthetic - below threshold","rainfed",1.13392541,"Equivalent_cumulative_yield",NA,NA,NA,NA,NA,NA,NA,NA,NA,NA,NA,NA,NA,NA,NA,NA,NA,NA,1.071782178,NA,NA,NA,1.165,NA,NA,NA,NA,NA,NA,NA,"Win-Win"
213,421,"Ngwira A.R., Kabambe V., Simwaka P., Makoko K., Kamoyo K.",2020,"Productivity and profitability of maize-legume cropping systems under conservation agriculture among smallholder farmers in Malawi","Ngwira, A. R., Kabambe, V., Simwaka, P., Makoko, K., & Kamoyo, K. (2020). Productivity and profitability of maize-legume cropping systems under conservation agriculture among smallholder farmers in Malawi. Acta Agriculturae Scandinavica, Section B — Soil & Plant Science, 70(3), 241-251. doi:10.1080/09064710.2020.1712475","Plot","Experiment (on farm)","Malawi","Africa","LIC","Synthetic - below threshold","rainfed",1.33982025,"Equivalent_cumulative_yield",NA,NA,NA,NA,NA,NA,NA,NA,NA,NA,NA,NA,NA,NA,NA,NA,NA,NA,0.940594059,NA,NA,NA,NA,NA,NA,NA,NA,NA,NA,NA,"Win-Lose"
214,422,"Ngwira A.R., Thierfelder C., Lambert D.M.",2013,"Conservation agriculture systems for Malawian smallholder farmers: Long-term effects on crop productivity, profitability and soil quality","Ngwira, A. R., Thierfelder, C., & Lambert, D. M. (2012). Conservation agriculture systems for Malawian smallholder farmers: long-term effects on crop productivity, profitability and soil quality. Renewable Agriculture and Food Systems, 28(4), 350-363. doi:10.1017/s1742170512000257","Field","Experiment (on farm)","Malawi","Africa","LIC","Synthetic - below threshold","rainfed",1.04799156536898,"Equivalent_cumulative_yield",NA,NA,NA,NA,NA,NA,NA,NA,1.05511811023622,NA,NA,1.26736788257707,NA,0.967912813776642,1.28213837451642,NA,0.882879218086278,"Carbon",1.1414466130884,NA,NA,0.761904761904762,NA,NA,NA,NA,NA,NA,NA,NA,"Mix-Mix"
215,422,"Ngwira A.R., Thierfelder C., Lambert D.M.",2013,"Conservation agriculture systems for Malawian smallholder farmers: Long-term effects on crop productivity, profitability and soil quality","Ngwira, A. R., Thierfelder, C., & Lambert, D. M. (2012). Conservation agriculture systems for Malawian smallholder farmers: long-term effects on crop productivity, profitability and soil quality. Renewable Agriculture and Food Systems, 28(4), 350-363. doi:10.1017/s1742170512000257","Field","Experiment (on farm)","Malawi","Africa","LIC","Synthetic - below threshold","rainfed",1.11590643274854,"Equivalent_cumulative_yield",NA,NA,NA,NA,NA,NA,NA,NA,1.00811907983762,NA,NA,0.755926520704907,NA,1.25258969720971,1.46723330869672,NA,1.13801390492175,"Carbon",0.930487942941243,NA,NA,0.761904761904762,NA,NA,NA,NA,NA,NA,NA,NA,"Mix-Lose"
216,425,"Nielsen D.C., Vigil M.F.",2017,"Intensifying a semi-arid dryland crop rotation by replacing fallow with pea","Nielsen, D. C., & Vigil, M. F. (2017). Intensifying a semi-arid dryland crop rotation by replacing fallow with pea. Agricultural Water Management, 186, 127-138. doi:10.1016/j.agwat.2017.03.003","Plot","Experiment (on farm)","USA","North America","HIC","Synthetic - below threshold","rainfed",0.94683724235963,"Equivalent_cumulative_yield",NA,NA,NA,NA,NA,NA,NA,NA,0.911671924290221,NA,NA,NA,NA,1,NA,NA,NA,NA,0.683333333333333,NA,NA,NA,NA,NA,NA,NA,NA,NA,NA,NA,"Mix-Lose"
220,435,"Ojiem J.O., Franke A.C., Vanlauwe B., de Ridder N., Giller K.E.",2014,"Benefits of legume-maize rotations: Assessing the impact of diversity on the productivity of smallholders in Western Kenya","Ojiem, J. O., Franke, A. C., Vanlauwe, B., de Ridder, N., & Giller, K. E. (2014). Benefits of legume–maize rotations: Assessing the impact of diversity on the productivity of smallholders in Western Kenya. Field Crops Research, 168, 75-85. doi:10.1016/j.fcr.2014.08.004","Plot","Experiment (on farm)","Kenya","Africa","LMIC","Synthetic - below threshold","rainfed",1.0621062,"Equivalent_cumulative_yield",NA,NA,NA,NA,NA,NA,NA,NA,NA,NA,NA,NA,NA,NA,NA,NA,NA,NA,1.39285714,NA,NA,0.674033,NA,NA,NA,NA,NA,NA,NA,NA,"Win-Mix"
221,435,"Ojiem J.O., Franke A.C., Vanlauwe B., de Ridder N., Giller K.E.",2014,"Benefits of legume-maize rotations: Assessing the impact of diversity on the productivity of smallholders in Western Kenya","Ojiem, J. O., Franke, A. C., Vanlauwe, B., de Ridder, N., & Giller, K. E. (2014). Benefits of legume–maize rotations: Assessing the impact of diversity on the productivity of smallholders in Western Kenya. Field Crops Research, 168, 75-85. doi:10.1016/j.fcr.2014.08.005","Plot","Experiment (on farm)","Kenya","Africa","LMIC","Synthetic - below threshold","rainfed",1.229523,"Equivalent_cumulative_yield",NA,NA,NA,NA,NA,NA,NA,NA,NA,NA,NA,NA,NA,NA,NA,NA,NA,NA,1.5,NA,NA,0.770718,NA,NA,NA,NA,NA,NA,NA,NA,"Win-Mix"
222,435,"Ojiem J.O., Franke A.C., Vanlauwe B., de Ridder N., Giller K.E.",2014,"Benefits of legume-maize rotations: Assessing the impact of diversity on the productivity of smallholders in Western Kenya","Ojiem, J. O., Franke, A. C., Vanlauwe, B., de Ridder, N., & Giller, K. E. (2014). Benefits of legume–maize rotations: Assessing the impact of diversity on the productivity of smallholders in Western Kenya. Field Crops Research, 168, 75-85. doi:10.1016/j.fcr.2014.08.006","Plot","Experiment (on farm)","Kenya","Africa","LMIC","Synthetic - below threshold","rainfed",1.1314131,"Equivalent_cumulative_yield",NA,NA,NA,NA,NA,NA,NA,NA,NA,NA,NA,NA,NA,NA,NA,NA,NA,NA,1.25892857,NA,NA,0.640884,NA,NA,NA,NA,NA,NA,NA,NA,"Win-Mix"
223,435,"Ojiem J.O., Franke A.C., Vanlauwe B., de Ridder N., Giller K.E.",2014,"Benefits of legume-maize rotations: Assessing the impact of diversity on the productivity of smallholders in Western Kenya","Ojiem, J. O., Franke, A. C., Vanlauwe, B., de Ridder, N., & Giller, K. E. (2014). Benefits of legume–maize rotations: Assessing the impact of diversity on the productivity of smallholders in Western Kenya. Field Crops Research, 168, 75-85. doi:10.1016/j.fcr.2014.08.007","Plot","Experiment (on farm)","Kenya","Africa","LMIC","Synthetic - below threshold","rainfed",0.8073807,"Equivalent_cumulative_yield",NA,NA,NA,NA,NA,NA,NA,NA,NA,NA,NA,NA,NA,NA,NA,NA,NA,NA,0.96428571,NA,NA,0.867403,NA,NA,NA,NA,NA,NA,NA,NA,"Lose-Lose"
224,435,"Ojiem J.O., Franke A.C., Vanlauwe B., de Ridder N., Giller K.E.",2014,"Benefits of legume-maize rotations: Assessing the impact of diversity on the productivity of smallholders in Western Kenya","Ojiem, J. O., Franke, A. C., Vanlauwe, B., de Ridder, N., & Giller, K. E. (2014). Benefits of legume–maize rotations: Assessing the impact of diversity on the productivity of smallholders in Western Kenya. Field Crops Research, 168, 75-85. doi:10.1016/j.fcr.2014.08.008","Plot","Experiment (on farm)","Kenya","Africa","LMIC","Synthetic - below threshold","rainfed",1.0162016,"Equivalent_cumulative_yield",NA,NA,NA,NA,NA,NA,NA,NA,NA,NA,NA,NA,NA,NA,NA,NA,NA,NA,1.125,NA,NA,0.756906,NA,NA,NA,NA,NA,NA,NA,NA,"Win-Mix"
225,435,"Ojiem J.O., Franke A.C., Vanlauwe B., de Ridder N., Giller K.E.",2014,"Benefits of legume-maize rotations: Assessing the impact of diversity on the productivity of smallholders in Western Kenya","Ojiem, J. O., Franke, A. C., Vanlauwe, B., de Ridder, N., & Giller, K. E. (2014). Benefits of legume–maize rotations: Assessing the impact of diversity on the productivity of smallholders in Western Kenya. Field Crops Research, 168, 75-85. doi:10.1016/j.fcr.2014.08.009","Plot","Experiment (on farm)","Kenya","Africa","LMIC","Synthetic - below threshold","rainfed",1.2718272,"Equivalent_cumulative_yield",NA,NA,NA,NA,NA,NA,NA,NA,NA,NA,NA,NA,NA,NA,NA,NA,NA,NA,1.44642857,NA,NA,0.939227,NA,NA,NA,NA,NA,NA,NA,NA,"Win-Mix"
226,435,"Ojiem J.O., Franke A.C., Vanlauwe B., de Ridder N., Giller K.E.",2014,"Benefits of legume-maize rotations: Assessing the impact of diversity on the productivity of smallholders in Western Kenya","Ojiem, J. O., Franke, A. C., Vanlauwe, B., de Ridder, N., & Giller, K. E. (2014). Benefits of legume–maize rotations: Assessing the impact of diversity on the productivity of smallholders in Western Kenya. Field Crops Research, 168, 75-85. doi:10.1016/j.fcr.2014.08.010","Plot","Experiment (on farm)","Kenya","Africa","LMIC","Synthetic - below threshold","rainfed",1.1239872,"Equivalent_cumulative_yield",NA,NA,NA,NA,NA,NA,NA,NA,NA,NA,NA,NA,NA,NA,NA,NA,NA,NA,1.71755725,NA,NA,0.674033,NA,NA,NA,NA,NA,NA,NA,NA,"Win-Mix"
227,435,"Ojiem J.O., Franke A.C., Vanlauwe B., de Ridder N., Giller K.E.",2014,"Benefits of legume-maize rotations: Assessing the impact of diversity on the productivity of smallholders in Western Kenya","Ojiem, J. O., Franke, A. C., Vanlauwe, B., de Ridder, N., & Giller, K. E. (2014). Benefits of legume–maize rotations: Assessing the impact of diversity on the productivity of smallholders in Western Kenya. Field Crops Research, 168, 75-85. doi:10.1016/j.fcr.2014.08.011","Plot","Experiment (on farm)","Kenya","Africa","LMIC","Synthetic - below threshold","rainfed",1.2631967,"Equivalent_cumulative_yield",NA,NA,NA,NA,NA,NA,NA,NA,NA,NA,NA,NA,NA,NA,NA,NA,NA,NA,1.78625954,NA,NA,0.770718,NA,NA,NA,NA,NA,NA,NA,NA,"Win-Mix"
228,435,"Ojiem J.O., Franke A.C., Vanlauwe B., de Ridder N., Giller K.E.",2014,"Benefits of legume-maize rotations: Assessing the impact of diversity on the productivity of smallholders in Western Kenya","Ojiem, J. O., Franke, A. C., Vanlauwe, B., de Ridder, N., & Giller, K. E. (2014). Benefits of legume–maize rotations: Assessing the impact of diversity on the productivity of smallholders in Western Kenya. Field Crops Research, 168, 75-85. doi:10.1016/j.fcr.2014.08.012","Plot","Experiment (on farm)","Kenya","Africa","LMIC","Synthetic - below threshold","rainfed",1.3007611,"Equivalent_cumulative_yield",NA,NA,NA,NA,NA,NA,NA,NA,NA,NA,NA,NA,NA,NA,NA,NA,NA,NA,1.83206107,NA,NA,0.640884,NA,NA,NA,NA,NA,NA,NA,NA,"Win-Mix"
229,435,"Ojiem J.O., Franke A.C., Vanlauwe B., de Ridder N., Giller K.E.",2014,"Benefits of legume-maize rotations: Assessing the impact of diversity on the productivity of smallholders in Western Kenya","Ojiem, J. O., Franke, A. C., Vanlauwe, B., de Ridder, N., & Giller, K. E. (2014). Benefits of legume–maize rotations: Assessing the impact of diversity on the productivity of smallholders in Western Kenya. Field Crops Research, 168, 75-85. doi:10.1016/j.fcr.2014.08.013","Plot","Experiment (on farm)","Kenya","Africa","LMIC","Synthetic - below threshold","rainfed",0.821262,"Equivalent_cumulative_yield",NA,NA,NA,NA,NA,NA,NA,NA,NA,NA,NA,NA,NA,NA,NA,NA,NA,NA,1.00763359,NA,NA,0.867403,NA,NA,NA,NA,NA,NA,NA,NA,"Lose-Mix"
230,435,"Ojiem J.O., Franke A.C., Vanlauwe B., de Ridder N., Giller K.E.",2014,"Benefits of legume-maize rotations: Assessing the impact of diversity on the productivity of smallholders in Western Kenya","Ojiem, J. O., Franke, A. C., Vanlauwe, B., de Ridder, N., & Giller, K. E. (2014). Benefits of legume–maize rotations: Assessing the impact of diversity on the productivity of smallholders in Western Kenya. Field Crops Research, 168, 75-85. doi:10.1016/j.fcr.2014.08.014","Plot","Experiment (on farm)","Kenya","Africa","LMIC","Synthetic - below threshold","rainfed",1.057697,"Equivalent_cumulative_yield",NA,NA,NA,NA,NA,NA,NA,NA,NA,NA,NA,NA,NA,NA,NA,NA,NA,NA,1.16793893,NA,NA,0.756906,NA,NA,NA,NA,NA,NA,NA,NA,"Win-Mix"
231,435,"Ojiem J.O., Franke A.C., Vanlauwe B., de Ridder N., Giller K.E.",2014,"Benefits of legume-maize rotations: Assessing the impact of diversity on the productivity of smallholders in Western Kenya","Ojiem, J. O., Franke, A. C., Vanlauwe, B., de Ridder, N., & Giller, K. E. (2014). Benefits of legume–maize rotations: Assessing the impact of diversity on the productivity of smallholders in Western Kenya. Field Crops Research, 168, 75-85. doi:10.1016/j.fcr.2014.08.015","Plot","Experiment (on farm)","Kenya","Africa","LMIC","Synthetic - below threshold","rainfed",1.5173091,"Equivalent_cumulative_yield",NA,NA,NA,NA,NA,NA,NA,NA,NA,NA,NA,NA,NA,NA,NA,NA,NA,NA,1.67175573,NA,NA,0.939227,NA,NA,NA,NA,NA,NA,NA,NA,"Win-Mix"
232,435,"Ojiem J.O., Franke A.C., Vanlauwe B., de Ridder N., Giller K.E.",2014,"Benefits of legume-maize rotations: Assessing the impact of diversity on the productivity of smallholders in Western Kenya","Ojiem, J. O., Franke, A. C., Vanlauwe, B., de Ridder, N., & Giller, K. E. (2014). Benefits of legume–maize rotations: Assessing the impact of diversity on the productivity of smallholders in Western Kenya. Field Crops Research, 168, 75-85. doi:10.1016/j.fcr.2014.08.016","Plot","Experiment (on farm)","Kenya","Africa","LMIC","Synthetic - below threshold","rainfed",1.4435644,"Equivalent_cumulative_yield",NA,NA,NA,NA,NA,NA,NA,NA,NA,NA,NA,NA,NA,NA,NA,NA,NA,NA,2.0625,NA,NA,0.674033,NA,NA,NA,NA,NA,NA,NA,NA,"Win-Mix"
233,435,"Ojiem J.O., Franke A.C., Vanlauwe B., de Ridder N., Giller K.E.",2014,"Benefits of legume-maize rotations: Assessing the impact of diversity on the productivity of smallholders in Western Kenya","Ojiem, J. O., Franke, A. C., Vanlauwe, B., de Ridder, N., & Giller, K. E. (2014). Benefits of legume–maize rotations: Assessing the impact of diversity on the productivity of smallholders in Western Kenya. Field Crops Research, 168, 75-85. doi:10.1016/j.fcr.2014.08.017","Plot","Experiment (on farm)","Kenya","Africa","LMIC","Synthetic - below threshold","rainfed",1.5168317,"Equivalent_cumulative_yield",NA,NA,NA,NA,NA,NA,NA,NA,NA,NA,NA,NA,NA,NA,NA,NA,NA,NA,2.125,NA,NA,0.770718,NA,NA,NA,NA,NA,NA,NA,NA,"Win-Mix"
234,435,"Ojiem J.O., Franke A.C., Vanlauwe B., de Ridder N., Giller K.E.",2014,"Benefits of legume-maize rotations: Assessing the impact of diversity on the productivity of smallholders in Western Kenya","Ojiem, J. O., Franke, A. C., Vanlauwe, B., de Ridder, N., & Giller, K. E. (2014). Benefits of legume–maize rotations: Assessing the impact of diversity on the productivity of smallholders in Western Kenya. Field Crops Research, 168, 75-85. doi:10.1016/j.fcr.2014.08.018","Plot","Experiment (on farm)","Kenya","Africa","LMIC","Synthetic - below threshold","rainfed",1.3881188,"Equivalent_cumulative_yield",NA,NA,NA,NA,NA,NA,NA,NA,NA,NA,NA,NA,NA,NA,NA,NA,NA,NA,2.125,NA,NA,0.640884,NA,NA,NA,NA,NA,NA,NA,NA,"Win-Mix"
235,435,"Ojiem J.O., Franke A.C., Vanlauwe B., de Ridder N., Giller K.E.",2014,"Benefits of legume-maize rotations: Assessing the impact of diversity on the productivity of smallholders in Western Kenya","Ojiem, J. O., Franke, A. C., Vanlauwe, B., de Ridder, N., & Giller, K. E. (2014). Benefits of legume–maize rotations: Assessing the impact of diversity on the productivity of smallholders in Western Kenya. Field Crops Research, 168, 75-85. doi:10.1016/j.fcr.2014.08.019","Plot","Experiment (on farm)","Kenya","Africa","LMIC","Synthetic - below threshold","rainfed",1.0118812,"Equivalent_cumulative_yield",NA,NA,NA,NA,NA,NA,NA,NA,NA,NA,NA,NA,NA,NA,NA,NA,NA,NA,1.1875,NA,NA,0.867403,NA,NA,NA,NA,NA,NA,NA,NA,"Win-Mix"
236,435,"Ojiem J.O., Franke A.C., Vanlauwe B., de Ridder N., Giller K.E.",2014,"Benefits of legume-maize rotations: Assessing the impact of diversity on the productivity of smallholders in Western Kenya","Ojiem, J. O., Franke, A. C., Vanlauwe, B., de Ridder, N., & Giller, K. E. (2014). Benefits of legume–maize rotations: Assessing the impact of diversity on the productivity of smallholders in Western Kenya. Field Crops Research, 168, 75-85. doi:10.1016/j.fcr.2014.08.020","Plot","Experiment (on farm)","Kenya","Africa","LMIC","Synthetic - below threshold","rainfed",1.3782178,"Equivalent_cumulative_yield",NA,NA,NA,NA,NA,NA,NA,NA,NA,NA,NA,NA,NA,NA,NA,NA,NA,NA,1.75,NA,NA,0.756906,NA,NA,NA,NA,NA,NA,NA,NA,"Win-Mix"
237,435,"Ojiem J.O., Franke A.C., Vanlauwe B., de Ridder N., Giller K.E.",2014,"Benefits of legume-maize rotations: Assessing the impact of diversity on the productivity of smallholders in Western Kenya","Ojiem, J. O., Franke, A. C., Vanlauwe, B., de Ridder, N., & Giller, K. E. (2014). Benefits of legume–maize rotations: Assessing the impact of diversity on the productivity of smallholders in Western Kenya. Field Crops Research, 168, 75-85. doi:10.1016/j.fcr.2014.08.021","Plot","Experiment (on farm)","Kenya","Africa","LMIC","Synthetic - below threshold","rainfed",1.649505,"Equivalent_cumulative_yield",NA,NA,NA,NA,NA,NA,NA,NA,NA,NA,NA,NA,NA,NA,NA,NA,NA,NA,1.9375,NA,NA,0.939227,NA,NA,NA,NA,NA,NA,NA,NA,"Win-Mix"
238,436,"Onduru D.D., Du Preezb C.C.",2007,"Ecological and agro-economic study of small farms in sub-Saharan Africa","Onduru, D. D., & Preez, C. C. (2007). Ecological and agro-economic study of small farms in sub-Saharan Africa. Agronomy for Sustainable Development, 27(3), 197-208. doi:10.1051/agro:2007003","Plot","Experiment (on farm)","Kenya","Africa","LMIC","No synthetic","rainfed",1.79159159,"Equivalent_cumulative_yield",NA,NA,NA,NA,NA,NA,NA,NA,NA,NA,NA,NA,1.80625,NA,NA,NA,NA,NA,1.030434783,NA,NA,NA,NA,NA,NA,NA,NA,NA,NA,NA,"Win-Mix"
239,441,"Oyeogbe A., Otoadese J., Ehanire B.",2021,"Diversification of maize-based intercropping systems in tropical rainforest agroecosystem of Nigeria: Productivity, profitability and soil fertility","Oyeogbe, A., Otoadese, J., & Ehanire, B. (2021). Diversification of maize-based intercropping systems in tropical rainforest agroecosystem of Nigeria: Productivity, profitability and soil fertility. Future of Food: Journal on Food, Agriculture and Society, 9(1), 1-7. doi:10.17170/kobra-202011192213","Plot","Experiment (on farm)","Nigeria","Africa","LMIC","Synthetic - below threshold","rainfed",1.25769231,"Equivalent_cumulative_yield",NA,NA,NA,NA,NA,NA,NA,NA,NA,NA,NA,NA,1.2857143,1.75,NA,NA,1.02830188679245,NA,1.583024063,NA,NA,NA,NA,NA,NA,NA,NA,NA,NA,NA,"Win-Win"
240,441,"Oyeogbe A., Otoadese J., Ehanire B.",2021,"Diversification of maize-based intercropping systems in tropical rainforest agroecosystem of Nigeria: Productivity, profitability and soil fertility","Oyeogbe, A., Otoadese, J., & Ehanire, B. (2021). Diversification of maize-based intercropping systems in tropical rainforest agroecosystem of Nigeria: Productivity, profitability and soil fertility. Future of Food: Journal on Food, Agriculture and Society, 9(1), 1-7. doi:10.17170/kobra-202011192214","Plot","Experiment (on farm)","Nigeria","Africa","LMIC","Synthetic - below threshold","rainfed",1.18076923,"Equivalent_cumulative_yield",NA,NA,NA,NA,NA,NA,NA,NA,NA,NA,NA,NA,1,1.25,NA,NA,0.990566037735849,NA,1.254639052,NA,NA,NA,NA,NA,NA,NA,NA,NA,NA,NA,"Mix-Win"
241,444,"Palaniappan S.P., Balasubramanian R., Ramesh T., Chandrasekaran A., Mani K.G., Velayutham M., Lal R.",2009,"Sustainable management of dryland alfisols (Red Soils) in South India","Palaniappan, S. P., Balasubramanian, R., Ramesh, T., Chandrasekaran, A., Mani, K. G., Velayutham, M., & Lal, R. (2009). Sustainable Management of Dryland Alfisols (Red Soils) in South India. Journal of Crop Improvement, 23(3), 275-299. doi:10.1080/15427520902809888","Farm","Experiment (on farm)","India","Asia","LMIC","No synthetic","rainfed",0.503802281368821,"Equivalent_cumulative_yield",NA,NA,NA,NA,NA,NA,NA,NA,NA,NA,NA,NA,NA,1.43333333333333,NA,NA,NA,NA,0.593155893536122,NA,NA,NA,NA,NA,NA,NA,NA,NA,NA,NA,"Mix-Lose"
242,444,"Palaniappan S.P., Balasubramanian R., Ramesh T., Chandrasekaran A., Mani K.G., Velayutham M., Lal R.",2009,"Sustainable management of dryland alfisols (Red Soils) in South India","Palaniappan, S. P., Balasubramanian, R., Ramesh, T., Chandrasekaran, A., Mani, K. G., Velayutham, M., & Lal, R. (2009). Sustainable Management of Dryland Alfisols (Red Soils) in South India. Journal of Crop Improvement, 23(3), 275-299. doi:10.1080/15427520902809889","Farm","Experiment (on farm)","India","Asia","LMIC","No synthetic","rainfed",1.60456273764259,"Equivalent_cumulative_yield",NA,NA,NA,NA,NA,NA,NA,NA,NA,NA,NA,NA,NA,1.45,NA,NA,NA,NA,3.15209125475285,NA,NA,NA,NA,NA,NA,NA,NA,NA,NA,NA,"Win-Win"
243,444,"Palaniappan S.P., Balasubramanian R., Ramesh T., Chandrasekaran A., Mani K.G., Velayutham M., Lal R.",2009,"Sustainable management of dryland alfisols (Red Soils) in South India","Palaniappan, S. P., Balasubramanian, R., Ramesh, T., Chandrasekaran, A., Mani, K. G., Velayutham, M., & Lal, R. (2009). Sustainable Management of Dryland Alfisols (Red Soils) in South India. Journal of Crop Improvement, 23(3), 275-299. doi:10.1080/15427520902809890","Farm","Experiment (on farm)","India","Asia","LMIC","No synthetic","rainfed",1.15969581749049,"Equivalent_cumulative_yield",NA,NA,NA,NA,NA,NA,NA,NA,NA,NA,NA,NA,NA,NA,NA,NA,NA,NA,3.16197718631179,NA,NA,NA,NA,NA,NA,NA,NA,NA,NA,NA,"Win-Win"
244,444,"Palaniappan S.P., Balasubramanian R., Ramesh T., Chandrasekaran A., Mani K.G., Velayutham M., Lal R.",2009,"Sustainable management of dryland alfisols (Red Soils) in South India","Palaniappan, S. P., Balasubramanian, R., Ramesh, T., Chandrasekaran, A., Mani, K. G., Velayutham, M., & Lal, R. (2009). Sustainable Management of Dryland Alfisols (Red Soils) in South India. Journal of Crop Improvement, 23(3), 275-299. doi:10.1080/15427520902809891","Farm","Experiment (on farm)","India","Asia","LMIC","No synthetic","rainfed",0.88212927756654,"Equivalent_cumulative_yield",NA,NA,NA,NA,NA,NA,NA,NA,NA,NA,NA,NA,NA,NA,NA,NA,NA,NA,1.35361216730038,NA,NA,NA,NA,NA,NA,NA,NA,NA,NA,NA,"Lose-Win"
245,444,"Palaniappan S.P., Balasubramanian R., Ramesh T., Chandrasekaran A., Mani K.G., Velayutham M., Lal R.",2009,"Sustainable management of dryland alfisols (Red Soils) in South India","Palaniappan, S. P., Balasubramanian, R., Ramesh, T., Chandrasekaran, A., Mani, K. G., Velayutham, M., & Lal, R. (2009). Sustainable Management of Dryland Alfisols (Red Soils) in South India. Journal of Crop Improvement, 23(3), 275-299. doi:10.1080/15427520902809892","Farm","Experiment (on farm)","India","Asia","LMIC","No synthetic","rainfed",1.60456273764259,"Equivalent_cumulative_yield",NA,NA,NA,NA,NA,NA,NA,NA,NA,NA,NA,NA,NA,NA,NA,NA,NA,NA,3.15209125475285,NA,NA,NA,NA,NA,NA,NA,NA,NA,NA,NA,"Win-Win"
246,444,"Palaniappan S.P., Balasubramanian R., Ramesh T., Chandrasekaran A., Mani K.G., Velayutham M., Lal R.",2009,"Sustainable management of dryland alfisols (Red Soils) in South India","Palaniappan, S. P., Balasubramanian, R., Ramesh, T., Chandrasekaran, A., Mani, K. G., Velayutham, M., & Lal, R. (2009). Sustainable Management of Dryland Alfisols (Red Soils) in South India. Journal of Crop Improvement, 23(3), 275-299. doi:10.1080/15427520902809893","Farm","Experiment (on farm)","India","Asia","LMIC","No synthetic","rainfed",1.6958174904943,"Equivalent_cumulative_yield",NA,NA,NA,NA,NA,NA,NA,NA,NA,NA,NA,NA,NA,NA,NA,NA,NA,NA,3.58326996197719,NA,NA,NA,NA,NA,NA,NA,NA,NA,NA,NA,"Win-Win"
247,453,"Parihar M.D., Parihar C.M., Nanwal R.K., Singh A.K., Jat S.L., Nayak H.S., Ghasal P.C., Jewlia H.R., Choudhary M., Jat M.L.",2019,"Effect of different tillage and residue management practices on crop and water productivity and economics in maize (Zea mays) based rotations","Parihar, M. D., Parihar, C. M., Nanwal, R. K., Singh, A. K., Jat, S. L., Nayak, H. S., . . . Jat, M. L. (2019). Effect of different tillage and residue management practices on crop and water productivity and economics in maize (Zea mays) based rotations. Indian Journal of Agricultural Sciences, 89(2), 360-366.","Plot","Experiment (research station)","India","Asia","LMIC","Synthetic - below threshold","irrigation",1.03190602,"Equivalent_cumulative_yield",NA,NA,NA,NA,NA,NA,NA,NA,1.0912347,NA,NA,NA,NA,1.031906,NA,NA,NA,NA,1.132454004,NA,NA,1.0914426,NA,NA,NA,NA,NA,NA,NA,NA,"Win-Win"
254,477,"Pradhan A., Chan C., Roul P.K., Halbrendt J., Sipes B.",2018,"Potential of conservation agriculture (CA) for climate change adaptation and food security under rainfed uplands of India: A transdisciplinary approach","Pradhan, A., Chan, C., Roul, P. K., Halbrendt, J., & Sipes, B. (2018). Potential of conservation agriculture (CA) for climate change adaptation and food security under rainfed uplands of India: A transdisciplinary approach. Agricultural Systems, 163, 27-35. doi:10.1016/j.agsy.2017.01.002","Village","Experiment (on farm)","India","Asia","LMIC","Synthetic - below threshold","rainfed",1.44924055104203,"Equivalent_cumulative_yield",NA,NA,NA,NA,NA,NA,NA,NA,NA,NA,NA,1.3319587628866,NA,NA,NA,NA,NA,NA,1.35764944275583,NA,NA,NA,NA,NA,NA,NA,NA,1.26666666666667,NA,NA,"Win-Win"
255,478,"Pradhan A., Idol T., Roul P.K.",2016,"Conservation agriculture practices in rainfed uplands of india improve maize-based system productivity and profitability","Pradhan, A., Idol, T., & Roul, P. K. (2016). Conservation Agriculture Practices in Rainfed Uplands of India Improve Maize-Based System Productivity and Profitability. Front Plant Sci, 7(2016JULY), 1008. doi:10.3389/fpls.2016.01008","Plot","Experiment (research station)","India","Asia","LMIC","Synthetic - below threshold","rainfed",1.62544748498271,"Equivalent_cumulative_yield",NA,NA,NA,NA,NA,NA,NA,NA,NA,NA,NA,NA,NA,NA,NA,NA,NA,NA,2.21266759130837,NA,NA,0.949238578680203,NA,NA,NA,NA,NA,NA,NA,NA,"Win-Win"
256,738,"Qian X, Zang HD, Xu HS, et al.",2018,"Relay strip intercropping of oat with maize, sunflower and mung bean in semi-arid regions of Northeast China: Yield advantages and economic benefits","Qian, X., Zang, H. D., Xu, H. S., Hu, Y. G., Ren, C. Z., Guo, L. C., . . . Zeng, Z. H. (2018). Relay strip intercropping of oat with maize, sunflower and mung bean in semi-arid regions of Northeast China: Yield advantages and economic benefits. Field Crops Research, 223, 33-40. doi:10.1016/j.fcr.2018.04.004","Plot","Experiment (research station)","China","Asia","UMIC","Synthetic - below threshold","irrigation",1.72492990268844,"Equivalent_cumulative_yield",NA,NA,NA,NA,NA,NA,NA,NA,NA,NA,NA,NA,NA,2.10530215550423,NA,NA,NA,NA,1.06384121892542,0.941104294478528,NA,NA,NA,NA,NA,NA,NA,NA,NA,NA,"Win-Mix"
257,489,"Rajput R.L., Kushwaha B.B.",2021,"Yield analysis of chickpea (Cicer arietinum) with mustard (brassaca juncea) intercropping system as influenced by weed management practices","Rajput, R. L., & Kushwaha, B. B. (2020). Yield Analysis of Chickpea (Cicer arietinum) with Mustard (Brassaca juncea) Intercropping System as Influenced by Weed Management Practices. Legume Research - an International Journal, 44(Of), 94-97. doi:10.18805/lr-3842","Plot","Experiment (research station)","India","Asia","LMIC","Synthetic - below threshold","rainfed",1.34705464868701,"Equivalent_cumulative_yield",NA,NA,NA,NA,NA,NA,NA,NA,NA,NA,NA,NA,NA,NA,NA,NA,NA,NA,1.85369030390738,NA,NA,NA,NA,NA,NA,NA,NA,NA,NA,NA,"Win-Win"
258,495,"Ranjan R., Sharma N.K., Kumar A., Pramanik M., Mehta H., Ojasvi P.R., Yadav R.S.",2021,"Evaluation of maize-based intercropping on runoff, soil loss, and yield in foothills of the Indian sub-Himalayas","Ranjan, R., Sharma, N. K., Kumar, A., Pramanik, M., Mehta, H., Ojasvi, P. R., & Yadav, R. S. (2021). Evaluation of maize-based intercropping on runoff, soil loss, and yield in foothills of the Indian sub-Himalayas. Experimental Agriculture, 57(2), 69-84. doi:10.1017/s0014479721000053","Plot","Experiment (research station)","India","Asia","LMIC","Synthetic - below threshold","rainfed",1.47492232578784,"Equivalent_cumulative_yield",1.14385658067337,NA,NA,NA,NA,NA,NA,NA,1.35776467284471,NA,NA,1.41408751334045,NA,NA,NA,NA,NA,NA,2.26143790849673,NA,0.974093264248705,0.974093264248705,NA,NA,NA,NA,NA,NA,NA,NA,"Win-Mix"
259,495,"Ranjan R., Sharma N.K., Kumar A., Pramanik M., Mehta H., Ojasvi P.R., Yadav R.S.",2021,"Evaluation of maize-based intercropping on runoff, soil loss, and yield in foothills of the Indian sub-Himalayas","Ranjan, R., Sharma, N. K., Kumar, A., Pramanik, M., Mehta, H., Ojasvi, P. R., & Yadav, R. S. (2021). Evaluation of maize-based intercropping on runoff, soil loss, and yield in foothills of the Indian sub-Himalayas. Experimental Agriculture, 57(2), 69-84. doi:10.1017/s0014479721000054","Plot","Experiment (research station)","India","Asia","LMIC","Synthetic - below threshold","rainfed",1.25077674212162,"Equivalent_cumulative_yield",1.08220376038478,NA,NA,NA,NA,NA,NA,NA,1.0702049985959,NA,NA,1.13874066168623,NA,NA,NA,NA,NA,NA,1.75816993464052,NA,0.974093264248705,0.974093264248705,NA,NA,NA,NA,NA,NA,NA,NA,"Win-Mix"
260,496,"Rao M.R., Mathuva M.N.",2000,"Legumes for improving maize yields and income in semi-arid Kenya","Rao, M. R., & Mathuva, M. N. (2000). Legumes for improving maize yields and income in semi-arid Kenya. Agriculture, Ecosystems & Environment, 78(2), 123-137. doi:10.1016/s0167-8809(99)00125-5","Plot","Experiment (research station)","Kenya","Africa","LMIC","No synthetic","rainfed",1.50813008130081,"Equivalent_cumulative_yield",NA,NA,NA,NA,NA,NA,NA,NA,NA,NA,NA,NA,1.60276277339945,NA,NA,NA,NA,NA,1.31508039982616,NA,NA,1.0042735042735,NA,NA,NA,NA,NA,NA,NA,NA,"Win-Win"
261,496,"Rao M.R., Mathuva M.N.",2000,"Legumes for improving maize yields and income in semi-arid Kenya","Rao, M. R., & Mathuva, M. N. (2000). Legumes for improving maize yields and income in semi-arid Kenya. Agriculture, Ecosystems & Environment, 78(2), 123-137. doi:10.1016/s0167-8809(99)00125-6","Plot","Experiment (research station)","Kenya","Africa","LMIC","No synthetic","rainfed",1.52032520325203,"Equivalent_cumulative_yield",NA,NA,NA,NA,NA,NA,NA,NA,NA,NA,NA,NA,0.974799224591526,NA,NA,NA,NA,NA,1.48500651890482,NA,NA,1.14957264957265,NA,NA,NA,NA,NA,NA,NA,NA,"Mix-Win"
262,496,"Rao M.R., Mathuva M.N.",2000,"Legumes for improving maize yields and income in semi-arid Kenya","Rao, M. R., & Mathuva, M. N. (2000). Legumes for improving maize yields and income in semi-arid Kenya. Agriculture, Ecosystems & Environment, 78(2), 123-137. doi:10.1016/s0167-8809(99)00125-7","Plot","Experiment (research station)","Kenya","Africa","LMIC","No synthetic","rainfed",1.5609756097561,"Equivalent_cumulative_yield",NA,NA,NA,NA,NA,NA,NA,NA,NA,NA,NA,NA,1.50216862371734,NA,NA,NA,NA,NA,1.49413298565841,NA,NA,1.31623931623932,NA,NA,NA,NA,NA,NA,NA,NA,"Mix-Win"
263,497,"Rao M.R., Singh M.",1990,"Productivity and risk evaluation in constrasting intercropping systems","Rao, M. R., & Singh, M. (1990). Productivity and risk evaluation in constrasting intercropping systems. Field Crops Research, 23(3-4), 279-293. doi:10.1016/0378-4290(90)90060-o","Plot","Experiment (research station)","India","Asia","LMIC","Synthetic - below threshold","rainfed",1.01707317073171,"Equivalent_cumulative_yield",NA,NA,NA,NA,NA,NA,NA,NA,NA,NA,NA,NA,NA,NA,NA,NA,NA,NA,1.39475051975052,NA,NA,NA,NA,NA,NA,NA,NA,NA,NA,NA,"Win-Win"
264,497,"Rao M.R., Singh M.",1990,"Productivity and risk evaluation in constrasting intercropping systems","Rao, M. R., & Singh, M. (1990). Productivity and risk evaluation in constrasting intercropping systems. Field Crops Research, 23(3-4), 279-293. doi:10.1016/0378-4290(90)90060-o","Plot","Experiment (research station)","India","Asia","LMIC","Synthetic - below threshold","rainfed",0.774907749077491,"Equivalent_cumulative_yield",NA,NA,NA,NA,NA,NA,NA,NA,NA,NA,NA,NA,NA,NA,NA,NA,NA,NA,1.33075170842825,NA,NA,NA,NA,NA,NA,NA,NA,NA,NA,NA,"Lose-Win"
265,505,"Reddy P.R.R., Mohammad S.",2009,"Evaluation of cotton (Gossypium hirsutum)-based intercropping system through different approaches under rainfed conditions","Reddy, P. R. R., & Mohammad, S. (2009). Evaluation of cotton (Gossypium hirsutum)-based intercropping system through different approaches under rainfed conditions. Indian Journal of Agricultural Sciences, 79(3), 210-214.","Plot","Experiment (research station)","India","Asia","LMIC","Synthetic - below threshold","rainfed",0.966924700914849,"Equivalent_cumulative_yield",NA,NA,NA,NA,NA,NA,NA,NA,NA,NA,NA,NA,NA,NA,NA,NA,NA,NA,1.03,NA,NA,NA,1.165,NA,NA,NA,NA,NA,NA,NA,"Lose-Win"
266,505,"Reddy P.R.R., Mohammad S.",2009,"Evaluation of cotton (Gossypium hirsutum)-based intercropping system through different approaches under rainfed conditions","Reddy, P. R. R., & Mohammad, S. (2009). Evaluation of cotton (Gossypium hirsutum)-based intercropping system through different approaches under rainfed conditions. Indian Journal of Agricultural Sciences, 79(3), 210-214.","Plot","Experiment (research station)","India","Asia","LMIC","Synthetic - below threshold","rainfed",1.265306122,"Equivalent_cumulative_yield",NA,NA,NA,NA,NA,NA,NA,NA,NA,NA,NA,NA,NA,NA,NA,NA,NA,NA,1.33,NA,NA,NA,1.415,NA,NA,NA,NA,NA,NA,NA,"Win-Win"
267,505,"Reddy P.R.R., Mohammad S.",2009,"Evaluation of cotton (Gossypium hirsutum)-based intercropping system through different approaches under rainfed conditions","Reddy, P. R. R., & Mohammad, S. (2009). Evaluation of cotton (Gossypium hirsutum)-based intercropping system through different approaches under rainfed conditions. Indian Journal of Agricultural Sciences, 79(3), 210-214.","Plot","Experiment (research station)","India","Asia","LMIC","Synthetic - below threshold","rainfed",1.27797325826882,"Equivalent_cumulative_yield",NA,NA,NA,NA,NA,NA,NA,NA,NA,NA,NA,NA,NA,NA,NA,NA,NA,NA,1.34,NA,NA,NA,1.46,NA,NA,NA,NA,NA,NA,NA,"Win-Win"
268,505,"Reddy P.R.R., Mohammad S.",2009,"Evaluation of cotton (Gossypium hirsutum)-based intercropping system through different approaches under rainfed conditions","Reddy, P. R. R., & Mohammad, S. (2009). Evaluation of cotton (Gossypium hirsutum)-based intercropping system through different approaches under rainfed conditions. Indian Journal of Agricultural Sciences, 79(3), 210-214.","Plot","Experiment (research station)","India","Asia","LMIC","Synthetic - below threshold","rainfed",1.2512315270936,"Equivalent_cumulative_yield",NA,NA,NA,NA,NA,NA,NA,NA,NA,NA,NA,NA,NA,NA,NA,NA,NA,NA,1.335,NA,NA,NA,1.505,NA,NA,NA,NA,NA,NA,NA,"Win-Win"
269,505,"Reddy P.R.R., Mohammad S.",2009,"Evaluation of cotton (Gossypium hirsutum)-based intercropping system through different approaches under rainfed conditions","Reddy, P. R. R., & Mohammad, S. (2009). Evaluation of cotton (Gossypium hirsutum)-based intercropping system through different approaches under rainfed conditions. Indian Journal of Agricultural Sciences, 79(3), 210-214.","Plot","Experiment (research station)","India","Asia","LMIC","Synthetic - below threshold","rainfed",1.0387051372273,"Equivalent_cumulative_yield",NA,NA,NA,NA,NA,NA,NA,NA,NA,NA,NA,NA,NA,NA,NA,NA,NA,NA,1.125,NA,NA,NA,1.155,NA,NA,NA,NA,NA,NA,NA,"Win-Win"
273,510,"Ruangsanka S., Sanfan S., Chaiwong U.",2021,"Does intercropping of baby corn (Zea mays l.) with pulse legumes improve soil fertility, crop productivity and profitability?","Ruangsanka, S., Sanfan, S., & Chaiwong, U. (2021). Does Intercropping of Baby Corn (Zea mays L.) with Pulse Legumes Improve Soil Fertility, Crop Productivity and Profitability? Journal of Agricultural Sciences, 16(1), 19-27. doi:10.4038/jas.v16i1.9180","Plot","Experiment (research station)","Thailand","Asia","UMIC","Synthetic - above threshold","irrigation",0.940464983238538,"Equivalent_cumulative_yield",NA,NA,NA,NA,NA,NA,NA,NA,NA,NA,NA,NA,0.934,NA,NA,NA,NA,NA,0.966734168615513,NA,NA,NA,NA,NA,NA,NA,NA,NA,NA,NA,"Lose-Lose"
274,510,"Ruangsanka S., Sanfan S., Chaiwong U.",2021,"Does intercropping of baby corn (Zea mays l.) with pulse legumes improve soil fertility, crop productivity and profitability?","Ruangsanka, S., Sanfan, S., & Chaiwong, U. (2021). Does Intercropping of Baby Corn (Zea mays L.) with Pulse Legumes Improve Soil Fertility, Crop Productivity and Profitability? Journal of Agricultural Sciences, 16(1), 19-27. doi:10.4038/jas.v16i1.9181","Plot","Experiment (research station)","Thailand","Asia","UMIC","Synthetic - above threshold","irrigation",1.18914599052934,"Equivalent_cumulative_yield",NA,NA,NA,NA,NA,NA,NA,NA,NA,NA,NA,NA,2.02857142857143,NA,NA,NA,NA,NA,0.830368038044969,NA,NA,NA,NA,NA,NA,NA,NA,NA,NA,NA,"Win-Lose"
275,510,"Ruangsanka S., Sanfan S., Chaiwong U.",2021,"Does intercropping of baby corn (Zea mays l.) with pulse legumes improve soil fertility, crop productivity and profitability?","Ruangsanka, S., Sanfan, S., & Chaiwong, U. (2021). Does Intercropping of Baby Corn (Zea mays L.) with Pulse Legumes Improve Soil Fertility, Crop Productivity and Profitability? Journal of Agricultural Sciences, 16(1), 19-27. doi:10.4038/jas.v16i1.9182","Plot","Experiment (research station)","Thailand","Asia","UMIC","Synthetic - above threshold","irrigation",1.340192462,"Equivalent_cumulative_yield",NA,NA,NA,NA,NA,NA,NA,NA,NA,NA,NA,NA,2.95714285714286,NA,NA,NA,NA,NA,0.793420519721456,NA,NA,NA,NA,NA,NA,NA,NA,NA,NA,NA,"Win-Lose"
281,529,"Sarkar R.K., Chakraborty A.",2000,"Biological feasibility and economic viability of intercropping pulse and oilseed crops with sesame (Sesamum indicum) under different planting patterns in rice-fallow gangetic alluvial land","Sarkar, R. K., & Chakraborty, A. (2000). Biological feasibility and economic viability of intercropping pulse and oilseed crops with sesame (Sesamum indicum) under different planting patterns in rice-fallow gangetic alluvial land. Indian Journal of Agricultural Sciences, 70(4), 211-214.","Plot","Experiment (research station)","India","Asia","LMIC","Synthetic - below threshold","rainfed",1.79481638,"Equivalent_cumulative_yield",NA,NA,NA,NA,NA,NA,NA,NA,NA,NA,NA,NA,NA,NA,NA,NA,NA,NA,2.134987503,NA,NA,NA,1.6866667,NA,NA,NA,NA,NA,NA,NA,"Win-Win"
282,529,"Sarkar R.K., Chakraborty A.",2000,"Biological feasibility and economic viability of intercropping pulse and oilseed crops with sesame (Sesamum indicum) under different planting patterns in rice-fallow gangetic alluvial land","Sarkar, R. K., & Chakraborty, A. (2000). Biological feasibility and economic viability of intercropping pulse and oilseed crops with sesame (Sesamum indicum) under different planting patterns in rice-fallow gangetic alluvial land. Indian Journal of Agricultural Sciences, 70(4), 211-214.","Plot","Experiment (research station)","India","Asia","LMIC","Synthetic - below threshold","rainfed",1.72745847,"Equivalent_cumulative_yield",NA,NA,NA,NA,NA,NA,NA,NA,NA,NA,NA,NA,NA,NA,NA,NA,NA,NA,1.846682889,NA,NA,NA,1.6866667,NA,NA,NA,NA,NA,NA,NA,"Win-Win"
283,529,"Sarkar R.K., Chakraborty A.",2000,"Biological feasibility and economic viability of intercropping pulse and oilseed crops with sesame (Sesamum indicum) under different planting patterns in rice-fallow gangetic alluvial land","Sarkar, R. K., & Chakraborty, A. (2000). Biological feasibility and economic viability of intercropping pulse and oilseed crops with sesame (Sesamum indicum) under different planting patterns in rice-fallow gangetic alluvial land. Indian Journal of Agricultural Sciences, 70(4), 211-214.","Plot","Experiment (research station)","India","Asia","LMIC","Synthetic - below threshold","rainfed",1.51869078,"Equivalent_cumulative_yield",NA,NA,NA,NA,NA,NA,NA,NA,NA,NA,NA,NA,NA,NA,NA,NA,NA,NA,1.307143803,NA,NA,NA,1.2833333,NA,NA,NA,NA,NA,NA,NA,"Win-Win"
284,530,"Sarkar R.K., Chakraborty A., Bala B.",1998,"Biological potential and economic feasibility of intercropping of sunflower (Helianthus annuus) with pulses and oilseeds under different planting patterns on rice fallow land","Sarkar, R. K., Chakraborty, A., & Bala, B. (1998). Biological potential and economic feasibility of intercropping of sunflower (Helianthus annuus) with pulses and oilseeds under different planting patterns on rice fallow land. Indian Journal of Agronomy, 43(4), 601-605.","Plot","Experiment (research station)","India","Asia","LMIC","Synthetic - below threshold","rainfed",1.4698382,"Equivalent_cumulative_yield",NA,NA,NA,NA,NA,NA,NA,NA,NA,NA,NA,NA,NA,NA,NA,NA,NA,NA,1.95128917,NA,NA,NA,1.46,NA,NA,NA,NA,NA,NA,NA,"Win-Win"
285,530,"Sarkar R.K., Chakraborty A., Bala B.",1998,"Biological potential and economic feasibility of intercropping of sunflower (Helianthus annuus) with pulses and oilseeds under different planting patterns on rice fallow land","Sarkar, R. K., Chakraborty, A., & Bala, B. (1998). Biological potential and economic feasibility of intercropping of sunflower (Helianthus annuus) with pulses and oilseeds under different planting patterns on rice fallow land. Indian Journal of Agronomy, 43(4), 601-605.","Plot","Experiment (research station)","India","Asia","LMIC","Synthetic - below threshold","rainfed",1.4127647,"Equivalent_cumulative_yield",NA,NA,NA,NA,NA,NA,NA,NA,NA,NA,NA,NA,NA,NA,NA,NA,NA,NA,1.841477253,NA,NA,NA,1.45,NA,NA,NA,NA,NA,NA,NA,"Win-Win"
286,530,"Sarkar R.K., Chakraborty A., Bala B.",1998,"Biological potential and economic feasibility of intercropping of sunflower (Helianthus annuus) with pulses and oilseeds under different planting patterns on rice fallow land","Sarkar, R. K., Chakraborty, A., & Bala, B. (1998). Biological potential and economic feasibility of intercropping of sunflower (Helianthus annuus) with pulses and oilseeds under different planting patterns on rice fallow land. Indian Journal of Agronomy, 43(4), 601-605.","Plot","Experiment (research station)","India","Asia","LMIC","Synthetic - below threshold","rainfed",2.1594388,"Equivalent_cumulative_yield",NA,NA,NA,NA,NA,NA,NA,NA,NA,NA,NA,NA,NA,NA,NA,NA,NA,NA,2.23108687,NA,NA,NA,1.49,NA,NA,NA,NA,NA,NA,NA,"Win-Win"
287,528,"Sarkar R.K., Sanyal S.R.",2000,"Production potential and economic feasibility of sesame (Sesamum indicum)-based intercropping system with pulse and oilseed crops on rice fallow land","Sarkar, R. K., & Sanyal, S. R. (2000). Production potential and economic feasibility of sesame (Sesamum indicum)-based intercropping system with pulse and oilseed crops on rice fallow land. Indian Journal of Agronomy, 45(3), 545-550.","Plot","Experiment (research station)","India","Asia","LMIC","Synthetic - below threshold","rainfed",1.09398496,"Equivalent_cumulative_yield",NA,NA,NA,NA,NA,NA,NA,NA,NA,NA,NA,NA,NA,NA,NA,NA,NA,NA,1.029748284,NA,NA,NA,1.21,NA,NA,NA,NA,NA,NA,NA,"Win-Win"
288,528,"Sarkar R.K., Sanyal S.R.",2000,"Production potential and economic feasibility of sesame (Sesamum indicum)-based intercropping system with pulse and oilseed crops on rice fallow land","Sarkar, R. K., & Sanyal, S. R. (2000). Production potential and economic feasibility of sesame (Sesamum indicum)-based intercropping system with pulse and oilseed crops on rice fallow land. Indian Journal of Agronomy, 45(3), 545-550.","Plot","Experiment (research station)","India","Asia","LMIC","Synthetic - below threshold","rainfed",1.02030075,"Equivalent_cumulative_yield",NA,NA,NA,NA,NA,NA,NA,NA,NA,NA,NA,NA,NA,NA,NA,NA,NA,NA,0.870251716,NA,NA,NA,1.15,NA,NA,NA,NA,NA,NA,NA,"Win-Mix"
289,528,"Sarkar R.K., Sanyal S.R.",2000,"Production potential and economic feasibility of sesame (Sesamum indicum)-based intercropping system with pulse and oilseed crops on rice fallow land","Sarkar, R. K., & Sanyal, S. R. (2000). Production potential and economic feasibility of sesame (Sesamum indicum)-based intercropping system with pulse and oilseed crops on rice fallow land. Indian Journal of Agronomy, 45(3), 545-550.","Plot","Experiment (research station)","India","Asia","LMIC","Synthetic - below threshold","rainfed",1.35413534,"Equivalent_cumulative_yield",NA,NA,NA,NA,NA,NA,NA,NA,NA,NA,NA,NA,NA,NA,NA,NA,NA,NA,1.109038902,NA,NA,NA,1.245,NA,NA,NA,NA,NA,NA,NA,"Win-Win"
292,539,"Sharma A.R., Behera U.K.",2009,"Recycling of legume residues for nitrogen economy and higher productivity in maize (Zea mays)-wheat (Triticum aestivum) cropping system","Sharma, A., Sharma, J. J., Rana, M. C., & Sood, S. (2006). Evaluation of Phaseolus vulgaris as intercrop with vegetables for enhancing productivity system and profitability under high hill dry temperate conditions of north-western Himalayas. Indian Journal of Agricultural Sciences, 76(1), 29-32.","Plot","Experiment (research station)","India","Asia","LMIC","Synthetic - below threshold","irrigation",1.082495294,"Equivalent_cumulative_yield",NA,NA,NA,NA,NA,NA,NA,NA,NA,NA,NA,NA,1.94,NA,NA,NA,0.954869,"Carbon",0.957265,NA,NA,NA,1.23,NA,NA,NA,NA,NA,NA,NA,"Mix-Mix"
293,539,"Sharma A.R., Behera U.K.",2009,"Recycling of legume residues for nitrogen economy and higher productivity in maize (Zea mays)-wheat (Triticum aestivum) cropping system","Sharma, A., Sharma, J. J., Rana, M. C., & Sood, S. (2006). Evaluation of Phaseolus vulgaris as intercrop with vegetables for enhancing productivity system and profitability under high hill dry temperate conditions of north-western Himalayas. Indian Journal of Agricultural Sciences, 76(1), 29-32.","Plot","Experiment (research station)","India","Asia","LMIC","Synthetic - below threshold","irrigation",1.22992573682989,"Equivalent_cumulative_yield",NA,NA,NA,NA,NA,NA,NA,NA,NA,NA,NA,NA,5.16,NA,NA,NA,1.02612826603325,"Carbon",1.03418803418803,NA,NA,NA,1.23,NA,NA,NA,NA,NA,NA,NA,"Win-Mix"
294,539,"Sharma A.R., Behera U.K.",2009,"Recycling of legume residues for nitrogen economy and higher productivity in maize (Zea mays)-wheat (Triticum aestivum) cropping system","Sharma, A., Sharma, J. J., Rana, M. C., & Sood, S. (2006). Evaluation of Phaseolus vulgaris as intercrop with vegetables for enhancing productivity system and profitability under high hill dry temperate conditions of north-western Himalayas. Indian Journal of Agricultural Sciences, 76(1), 29-32.","Plot","Experiment (research station)","India","Asia","LMIC","Synthetic - below threshold","irrigation",1.09184265490833,"Equivalent_cumulative_yield",NA,NA,NA,NA,NA,NA,NA,NA,NA,NA,NA,NA,3.24,NA,NA,NA,1.05700712589074,"Carbon",0.965811965811966,NA,NA,NA,1.24,NA,NA,NA,NA,NA,NA,NA,"Win-Mix"
295,539,"Sharma A.R., Behera U.K.",2009,"Recycling of legume residues for nitrogen economy and higher productivity in maize (Zea mays)-wheat (Triticum aestivum) cropping system","Sharma, A., Sharma, J. J., Rana, M. C., & Sood, S. (2006). Evaluation of Phaseolus vulgaris as intercrop with vegetables for enhancing productivity system and profitability under high hill dry temperate conditions of north-western Himalayas. Indian Journal of Agricultural Sciences, 76(1), 29-32.","Plot","Experiment (research station)","India","Asia","LMIC","Synthetic - below threshold","irrigation",1.1562105154586,"Equivalent_cumulative_yield",NA,NA,NA,NA,NA,NA,NA,NA,NA,NA,NA,NA,3.32,NA,NA,NA,1.07363420427553,"Carbon",0.914529914529915,NA,NA,NA,1.08,NA,NA,NA,NA,NA,NA,NA,"Win-Mix"
296,539,"Sharma A.R., Behera U.K.",2009,"Recycling of legume residues for nitrogen economy and higher productivity in maize (Zea mays)-wheat (Triticum aestivum) cropping system","Sharma, A., Sharma, J. J., Rana, M. C., & Sood, S. (2006). Evaluation of Phaseolus vulgaris as intercrop with vegetables for enhancing productivity system and profitability under high hill dry temperate conditions of north-western Himalayas. Indian Journal of Agricultural Sciences, 76(1), 29-32.","Plot","Experiment (research station)","India","Asia","LMIC","Synthetic - below threshold","irrigation",1.07541708568629,"Equivalent_cumulative_yield",NA,NA,NA,NA,NA,NA,NA,NA,NA,NA,NA,NA,4.3,NA,NA,NA,1.04513064133017,"Carbon",0.897435897435898,NA,NA,NA,1.06,NA,NA,NA,NA,NA,NA,NA,"Win-Mix"
297,540,"Sharma K.C.",2018,"Inter/mixed cropping of lentil (Lens culinaris) in late-sown wheat (Triticum aestivum) for higher productivity and profitability of wheat in vertisols of central india","Sharma, K. C. (2018). Inter/mixed cropping of lentil (Lens culinaris) in late-sown wheat (Triticum aestivum) for higher productivity and profitability of wheat in vertisols of central india. Indian Journal of Agronomy, 63(1), 32-38.","Plot","Experiment (research station)","India","Asia","LMIC","Synthetic - below threshold","irrigation",0.98635824,"Equivalent_cumulative_yield",NA,NA,NA,NA,NA,NA,NA,NA,NA,NA,NA,NA,1.0366972,1,NA,NA,NA,NA,0.9597141,NA,NA,NA,1.0066667,1.0381294,NA,NA,NA,NA,NA,NA,"Mix-Mix"
298,540,"Sharma K.C.",2018,"Inter/mixed cropping of lentil (Lens culinaris) in late-sown wheat (Triticum aestivum) for higher productivity and profitability of wheat in vertisols of central india","Sharma, K. C. (2018). Inter/mixed cropping of lentil (Lens culinaris) in late-sown wheat (Triticum aestivum) for higher productivity and profitability of wheat in vertisols of central india. Indian Journal of Agronomy, 63(1), 32-38.","Plot","Experiment (research station)","India","Asia","LMIC","Synthetic - below threshold","irrigation",0.94439502,"Equivalent_cumulative_yield",NA,NA,NA,NA,NA,NA,NA,NA,NA,NA,NA,NA,1.029489,1,NA,NA,NA,NA,0.9132554,NA,NA,NA,1,1.037232,NA,NA,NA,NA,NA,NA,"Mix-Mix"
300,546,"Sharma S.K., Singh J.",2014,"Productivity and economics of castor (Ricinus communis) - based intercropping systems under rainfed conditions","Sharma, S. K., & Singh, J. (2014). Productivity and economics of castor (Ricinus communis) - based intercropping systems under rainfed conditions. Indian Journal of Agricultural Sciences, 84(3), 432-435.","Plot","Experiment (research station)","India","Asia","LMIC","Synthetic - below threshold","rainfed",1.6237854,"Equivalent_cumulative_yield",NA,NA,NA,0.8948,NA,NA,NA,NA,NA,NA,NA,NA,NA,NA,NA,NA,NA,NA,6.22965313,NA,NA,NA,1.31,NA,NA,NA,NA,NA,NA,NA,"Mix-Win"
301,546,"Sharma S.K., Singh J.",2014,"Productivity and economics of castor (Ricinus communis) - based intercropping systems under rainfed conditions","Sharma, S. K., & Singh, J. (2014). Productivity and economics of castor (Ricinus communis) - based intercropping systems under rainfed conditions. Indian Journal of Agricultural Sciences, 84(3), 432-435.","Plot","Experiment (research station)","India","Asia","LMIC","Synthetic - below threshold","rainfed",1.3704226,"Equivalent_cumulative_yield",NA,NA,NA,0.8762,NA,NA,NA,NA,NA,NA,NA,NA,NA,NA,NA,NA,NA,NA,3.62222899,NA,NA,NA,1.165,NA,NA,NA,NA,NA,NA,NA,"Mix-Win"
302,546,"Sharma S.K., Singh J.",2014,"Productivity and economics of castor (Ricinus communis) - based intercropping systems under rainfed conditions","Sharma, S. K., & Singh, J. (2014). Productivity and economics of castor (Ricinus communis) - based intercropping systems under rainfed conditions. Indian Journal of Agricultural Sciences, 84(3), 432-435.","Plot","Experiment (research station)","India","Asia","LMIC","Synthetic - below threshold","rainfed",1.3026331,"Equivalent_cumulative_yield",NA,NA,NA,0.833,NA,NA,NA,NA,NA,NA,NA,NA,NA,NA,NA,NA,NA,NA,3.02822351,NA,NA,NA,1.06,NA,NA,NA,NA,NA,NA,NA,"Mix-Win"
303,546,"Sharma S.K., Singh J.",2014,"Productivity and economics of castor (Ricinus communis) - based intercropping systems under rainfed conditions","Sharma, S. K., & Singh, J. (2014). Productivity and economics of castor (Ricinus communis) - based intercropping systems under rainfed conditions. Indian Journal of Agricultural Sciences, 84(3), 432-435.","Plot","Experiment (research station)","India","Asia","LMIC","Synthetic - below threshold","rainfed",1.3273254,"Equivalent_cumulative_yield",NA,NA,NA,0.7527,NA,NA,NA,NA,NA,NA,NA,NA,NA,NA,NA,NA,NA,NA,3.23269276,NA,NA,NA,1.105,NA,NA,NA,NA,NA,NA,NA,"Mix-Win"
304,731,"Shivaramu HS, Shivashankar K.",1992,"PERFORMANCE OF SUNFLOWER (HELIANTHUS-ANNUUS) AND SOYBEAN (GLYCINE-MAX) IN INTERCROPPING WITH DIFFERENT PLANT-POPULATIONS AND PLANTING PATTERNS","Shivaramu, H. S., & Shivashankar, K. (1992). PERFORMANCE OF SUNFLOWER (HELIANTHUS-ANNUUS) AND SOYBEAN (GLYCINE-MAX) IN INTERCROPPING WITH DIFFERENT PLANT-POPULATIONS AND PLANTING PATTERNS. Indian Journal of Agronomy, 37(2), 231-236.","Plot","Experiment (research station)","India","Asia","LMIC","Unknown","rainfed",1.19700661329621,"Equivalent_cumulative_yield",NA,NA,NA,NA,NA,NA,NA,NA,NA,NA,NA,NA,NA,1.31358306650753,NA,NA,NA,NA,1.44867273862828,NA,NA,NA,1.39,NA,NA,NA,NA,NA,NA,NA,"Win-Win"
306,560,"Singh A., Tanwar S.P.S., Meghwal P.R., Saxena A., Kumar M.",2018,"Assessing productivity and profitability of a rejuvenated ber (Ziziphus mauritiana) based agri-horti system under arid rainfed conditions","Singh, A., Tanwar, S. P. S., Meghwal, P. R., Saxena, A., & Kumar, M. (2018). Assessing productivity and profitability of a rejuvenated ber (Ziziphus mauritiana) based agri-horti system under arid rainfed conditions. Indian Journal of Agricultural Sciences, 88(4), 573-578.","Plot","Experiment (research station)","India","Asia","LMIC","No synthetic","rainfed",1.2629045,"Equivalent_cumulative_yield",NA,NA,NA,NA,NA,NA,NA,NA,NA,NA,NA,NA,1.0214271,NA,NA,NA,1.034653,"Carbon",1.481695063,NA,NA,NA,1.9,NA,NA,NA,NA,NA,NA,NA,"Win-Win"
307,563,"Singh B., Dhaka A.K., Kumar S., Singh S., Kumar M.",2017,"Land, biological and economic evaluation of intercropping systems involving barley (Hordeum vulgare), Indian mustard (Brassica juncea) and chickpea (Cicer arietinum) under different spatial arrangements","Singh, B., Dhaka, A. K., Kumar, S., Singh, S., & Kumar, M. (2017). Land, biological and economic evaluation of intercropping systems involving barley (Hordeum vulgare), Indian mustard (Brassica juncea) and chickpea (Cicer arietinum) under different spatial arrangements. Indian Journal of Agronomy, 62(4), 443-450.","Plot","Experiment (research station)","India","Asia","LMIC","Synthetic - below threshold","irrigation",0.896742896742897,"Equivalent_cumulative_yield",NA,NA,NA,NA,NA,NA,NA,NA,NA,NA,NA,NA,NA,1.05675675675676,NA,NA,NA,NA,1.0173775671406,NA,NA,NA,1.07333333333333,NA,NA,NA,NA,NA,NA,NA,"Mix-Win"
308,564,"Singh B.B., Ajeigbe H.",2007,"Improved cowpea-cereals-based cropping systems for household food security and poverty reduction in West Africa","Singh, B. B., & Ajeigbe, H. (2007). Improved Cowpea-Cereals-Based Cropping Systems for Household Food Security and Poverty Reduction in West Africa. Journal of Crop Improvement, 19(1-2), 157-172. doi:10.1300/J411v19n01_08","Plot","Experiment (research station)","Nigeria","Africa","LMIC","Synthetic - below threshold","rainfed",0.82107496,"Equivalent_cumulative_yield",NA,NA,NA,NA,NA,NA,NA,NA,NA,NA,NA,NA,NA,NA,NA,NA,NA,NA,1.342054691,NA,NA,NA,0.9625,NA,NA,NA,NA,NA,NA,NA,"Lose-Mix"
309,564,"Singh B.B., Ajeigbe H.",2007,"Improved cowpea-cereals-based cropping systems for household food security and poverty reduction in West Africa","Singh, B. B., & Ajeigbe, H. (2007). Improved Cowpea-Cereals-Based Cropping Systems for Household Food Security and Poverty Reduction in West Africa. Journal of Crop Improvement, 19(1-2), 157-172. doi:10.1300/J411v19n01_09","Plot","Experiment (research station)","Nigeria","Africa","LMIC","Synthetic - below threshold","rainfed",0.98352232,"Equivalent_cumulative_yield",NA,NA,NA,NA,NA,NA,NA,NA,NA,NA,NA,NA,NA,NA,NA,NA,NA,NA,1.652636712,NA,NA,NA,1,NA,NA,NA,NA,NA,NA,NA,"Lose-Mix"
310,564,"Singh B.B., Ajeigbe H.",2007,"Improved cowpea-cereals-based cropping systems for household food security and poverty reduction in West Africa","Singh, B. B., & Ajeigbe, H. (2007). Improved Cowpea-Cereals-Based Cropping Systems for Household Food Security and Poverty Reduction in West Africa. Journal of Crop Improvement, 19(1-2), 157-172. doi:10.1300/J411v19n01_10","Farm","Experiment (on farm)","Nigeria","Africa","LMIC","Synthetic - below threshold","rainfed",1.06546415,"Equivalent_cumulative_yield",NA,NA,NA,NA,NA,NA,NA,NA,NA,NA,NA,NA,NA,NA,NA,NA,NA,NA,1.415435044,NA,NA,NA,1.5587045,NA,NA,NA,NA,NA,NA,NA,"Win-Win"
311,564,"Singh B.B., Ajeigbe H.",2007,"Improved cowpea-cereals-based cropping systems for household food security and poverty reduction in West Africa","Singh, B. B., & Ajeigbe, H. (2007). Improved Cowpea-Cereals-Based Cropping Systems for Household Food Security and Poverty Reduction in West Africa. Journal of Crop Improvement, 19(1-2), 157-172. doi:10.1300/J411v19n01_11","Farm","Experiment (on farm)","Nigeria","Africa","LMIC","Synthetic - below threshold","rainfed",1.22393,"Equivalent_cumulative_yield",NA,NA,NA,NA,NA,NA,NA,NA,NA,NA,NA,NA,NA,NA,NA,NA,NA,NA,2.286728464,NA,NA,NA,2.605915926,NA,NA,NA,NA,NA,NA,NA,"Win-Win"
312,564,"Singh B.B., Ajeigbe H.",2007,"Improved cowpea-cereals-based cropping systems for household food security and poverty reduction in West Africa","Singh, B. B., & Ajeigbe, H. (2007). Improved Cowpea-Cereals-Based Cropping Systems for Household Food Security and Poverty Reduction in West Africa. Journal of Crop Improvement, 19(1-2), 157-172. doi:10.1300/J411v19n01_12","Farm","Experiment (on farm)","Nigeria","Africa","LMIC","Synthetic - below threshold","rainfed",3.79435364,"Equivalent_cumulative_yield",NA,NA,NA,NA,NA,NA,NA,NA,NA,NA,NA,NA,NA,NA,NA,NA,NA,NA,3.768846784,NA,NA,NA,2.3833927,NA,NA,NA,NA,NA,NA,NA,"Win-Win"
313,564,"Singh B.B., Ajeigbe H.",2007,"Improved cowpea-cereals-based cropping systems for household food security and poverty reduction in West Africa","Singh, B. B., & Ajeigbe, H. (2007). Improved Cowpea-Cereals-Based Cropping Systems for Household Food Security and Poverty Reduction in West Africa. Journal of Crop Improvement, 19(1-2), 157-172. doi:10.1300/J411v19n01_13","Farm","Experiment (on farm)","Nigeria","Africa","LMIC","Synthetic - below threshold","rainfed",2.81400084,"Equivalent_cumulative_yield",NA,NA,NA,NA,NA,NA,NA,NA,NA,NA,NA,NA,NA,NA,NA,NA,NA,NA,3.441132347,NA,NA,NA,1.8876078,NA,NA,NA,NA,NA,NA,NA,"Win-Win"
314,567,"Singh L., Singh J.K., Chand L., Hasan B.",2009,"Productivity, economics and competitive indices of lentil (Lens Culinaris)-based intercropping systems in Kashmir valley","Singh, L., Singh, J. K., Chand, L., & Hasan, B. (2009). Productivity, economics and competitive indices of lentil (Lens Culinaris)-based intercropping systems in Kashmir valley. Indian Journal of Agronomy, 54(3), 291-295.","Plot","Experiment (research station)","India","Asia","LMIC","Synthetic - below threshold","rainfed",1.155991736,"Equivalent_cumulative_yield",NA,NA,NA,NA,NA,NA,NA,NA,NA,NA,NA,NA,NA,1.09206008583691,NA,NA,NA,NA,1.23830865159782,NA,1.00136612021858,NA,1.07914572864322,NA,NA,NA,NA,NA,NA,NA,"Win-Win"
315,567,"Singh L., Singh J.K., Chand L., Hasan B.",2009,"Productivity, economics and competitive indices of lentil (Lens Culinaris)-based intercropping systems in Kashmir valley","Singh, L., Singh, J. K., Chand, L., & Hasan, B. (2009). Productivity, economics and competitive indices of lentil (Lens Culinaris)-based intercropping systems in Kashmir valley. Indian Journal of Agronomy, 54(3), 291-295.","Plot","Experiment (research station)","India","Asia","LMIC","Synthetic - below threshold","rainfed",1.3625730994152,"Equivalent_cumulative_yield",NA,NA,NA,NA,NA,NA,NA,NA,NA,NA,NA,NA,NA,0.957412615508236,NA,NA,NA,NA,1.53221757322176,NA,0.93454724409449,NA,0.995,NA,NA,NA,NA,NA,NA,NA,"Mix-Mix"
316,570,"Singh R.J., Ahlawat I.P.S.",2015,"Energy budgeting and carbon footprint of transgenic cotton–wheat production system through peanut intercropping and FYM addition","Singh, R. J., & Ahlawat, I. P. S. (2015). Energy budgeting and carbon footprint of transgenic cotton-wheat production system through peanut intercropping and FYM addition. Environmental Monitoring and Assessment, 187(5), 16. doi:10.1007/s10661-015-4516-4","Plot","Experiment (research station)","India","Asia","LMIC","Synthetic - below threshold","irrigation",1.1596,"Equivalent_cumulative_yield",NA,NA,1.07692,NA,NA,NA,1.5,NA,NA,NA,NA,NA,1.366426,1.2416851,NA,NA,1.0444444,"Carbon",1.263736264,NA,0.9219448,1.0279296,NA,NA,NA,NA,NA,NA,NA,NA,"Mix-Mix"
317,574,"Singh S.P., Lal S.S.",2013,"Evaluation of different cropping systems for their productivity and sustainability in Madhya Pradesh","Singh, S. P., & Lal, S. S. (2013). Evaluation of different cropping systems for their productivity and sustainability in Madhya Pradesh. Potato Journal, 40(2), 149-154.","Plot","Experiment (research station)","India","Asia","LMIC","Synthetic - below threshold","irrigation",1.26375404530744,"Equivalent_cumulative_yield",NA,NA,NA,NA,NA,NA,NA,NA,NA,NA,NA,NA,1.11688311688312,3.1619048,NA,NA,1.13333333333333,"Carbon",1.235902299,NA,NA,NA,NA,NA,NA,NA,NA,NA,NA,NA,"Win-Win"
318,575,"Singh U., Singh S.R., Saad A.A., Khanday B.A., Singh J.K.",2011,"Yield advantage, reciprosity functions and energy budgeting of lentil (Lens culinaris) + oat (Avena sativa) intercropping under varying row ratio and phosphorus management",NA,"Plot","Experiment (research station)","India","Asia","LMIC","Synthetic - below threshold","rainfed",1.18390804597701,"Equivalent_cumulative_yield",NA,NA,NA,NA,NA,1.03720930232558,NA,NA,1.22477064220183,NA,NA,NA,1.26553672316384,1.18528610354223,NA,NA,NA,NA,1.24048157428344,NA,0.983590733590734,NA,1.24,NA,NA,NA,NA,NA,NA,NA,"Win-Mix"
319,577,"Singh V.P., Singh V.K.",2001,"Productivity potential and economics of maize (Zea mays) and soybean (Glycine max) intercroping patterns under rainfed low hill or valley situation of Uttaranchal","Singh, U., Singh, S. R., Saad, A. A., Khanday, B. A., & Singh, J. K. (2011). Yield advantage, reciprosity functions and energy budgeting of lentil (Lens culinaris) + oat (Avena sativa) intercropping under varying row ratio and phosphorus management. Indian Journal of Agricultural Sciences, 81(3), 219-225.","Plot","Experiment (research station)","India","Asia","LMIC","Synthetic - below threshold","rainfed",1.30592592592593,"Equivalent_cumulative_yield",NA,NA,NA,NA,NA,NA,NA,NA,NA,NA,NA,NA,NA,NA,NA,NA,NA,NA,1.59513888888889,NA,NA,NA,NA,NA,NA,NA,NA,NA,NA,NA,"Win-Win"
320,583,"Snapp S.S., Blackie M.J., Gilbert R.A., Bezner-Kerr R., Kanyama-Phiri G.Y.",2010,"Biodiversity can support a greener revolution in Africa","Snapp, S. S., Blackie, M. J., Gilbert, R. A., Bezner-Kerr, R., & Kanyama-Phiri, G. Y. (2010). Biodiversity can support a greener revolution in Africa. Proc Natl Acad Sci U S A, 107(48), 20840-20845. doi:10.1073/pnas.1007199107","Plot","Experiment (on farm)","Malawi","Africa","LIC","Synthetic - below threshold","rainfed",0.74508459,"Equivalent_cumulative_yield",NA,NA,NA,NA,NA,NA,NA,NA,NA,NA,NA,NA,NA,1,NA,NA,NA,NA,1.434316354,NA,NA,NA,NA,1.3,NA,NA,0.6785714,NA,NA,NA,"Mix-Mix"
321,583,"Snapp S.S., Blackie M.J., Gilbert R.A., Bezner-Kerr R., Kanyama-Phiri G.Y.",2010,"Biodiversity can support a greener revolution in Africa","Snapp, S. S., Blackie, M. J., Gilbert, R. A., Bezner-Kerr, R., & Kanyama-Phiri, G. Y. (2010). Biodiversity can support a greener revolution in Africa. Proc Natl Acad Sci U S A, 107(48), 20840-20845. doi:10.1073/pnas.1007199108","Plot","Experiment (on farm)","Malawi","Africa","LIC","Synthetic - below threshold","rainfed",0.85162323,"Equivalent_cumulative_yield",NA,NA,NA,NA,NA,NA,NA,NA,NA,NA,NA,NA,NA,1.5,NA,NA,NA,NA,0.514745308,NA,NA,NA,NA,1,NA,NA,0.5357143,NA,NA,NA,"Mix-Mix"
322,583,"Snapp S.S., Blackie M.J., Gilbert R.A., Bezner-Kerr R., Kanyama-Phiri G.Y.",2010,"Biodiversity can support a greener revolution in Africa","Snapp, S. S., Blackie, M. J., Gilbert, R. A., Bezner-Kerr, R., & Kanyama-Phiri, G. Y. (2010). Biodiversity can support a greener revolution in Africa. Proc Natl Acad Sci U S A, 107(48), 20840-20845. doi:10.1073/pnas.1007199109","Plot","Experiment (on farm)","Malawi","Africa","LIC","Synthetic - below threshold","rainfed",0.963877,"Equivalent_cumulative_yield",NA,NA,NA,NA,NA,NA,NA,NA,NA,NA,NA,NA,NA,1.25,NA,NA,NA,NA,1,NA,NA,NA,NA,1.7,NA,NA,1.1785714,NA,NA,NA,"Mix-Mix"
323,583,"Snapp S.S., Blackie M.J., Gilbert R.A., Bezner-Kerr R., Kanyama-Phiri G.Y.",2010,"Biodiversity can support a greener revolution in Africa","Snapp, S. S., Blackie, M. J., Gilbert, R. A., Bezner-Kerr, R., & Kanyama-Phiri, G. Y. (2010). Biodiversity can support a greener revolution in Africa. Proc Natl Acad Sci U S A, 107(48), 20840-20845. doi:10.1073/pnas.1007199110","Plot","Experiment (on farm)","Malawi","Africa","LIC","Synthetic - below threshold","rainfed",0.89379653,"Equivalent_cumulative_yield",NA,NA,NA,NA,NA,NA,NA,NA,NA,NA,NA,NA,3.4444444,2.0243902,NA,NA,1,"Carbon",1.82111437,NA,NA,NA,NA,1.55,NA,NA,1.3333333,NA,NA,NA,"Mix-Win"
324,583,"Snapp S.S., Blackie M.J., Gilbert R.A., Bezner-Kerr R., Kanyama-Phiri G.Y.",2010,"Biodiversity can support a greener revolution in Africa","Snapp, S. S., Blackie, M. J., Gilbert, R. A., Bezner-Kerr, R., & Kanyama-Phiri, G. Y. (2010). Biodiversity can support a greener revolution in Africa. Proc Natl Acad Sci U S A, 107(48), 20840-20845. doi:10.1073/pnas.1007199111","Plot","Experiment (on farm)","Malawi","Africa","LIC","Synthetic - below threshold","rainfed",0.84019851,"Equivalent_cumulative_yield",NA,NA,NA,NA,NA,NA,NA,NA,NA,NA,NA,NA,3.0555556,2.097561,NA,NA,1.0547945,"Carbon",0.944281525,NA,NA,NA,NA,1,NA,NA,1.0555556,NA,NA,NA,"Mix-Mix"
325,583,"Snapp S.S., Blackie M.J., Gilbert R.A., Bezner-Kerr R., Kanyama-Phiri G.Y.",2010,"Biodiversity can support a greener revolution in Africa","Snapp, S. S., Blackie, M. J., Gilbert, R. A., Bezner-Kerr, R., & Kanyama-Phiri, G. Y. (2010). Biodiversity can support a greener revolution in Africa. Proc Natl Acad Sci U S A, 107(48), 20840-20845. doi:10.1073/pnas.1007199112","Plot","Experiment (on farm)","Malawi","Africa","LIC","Synthetic - below threshold","rainfed",1.10245265,"Equivalent_cumulative_yield",NA,NA,NA,NA,NA,NA,NA,NA,NA,NA,NA,NA,NA,1,NA,NA,NA,NA,2.850241546,NA,NA,NA,NA,1.5,NA,NA,1.3584906,NA,NA,NA,"Mix-Win"
326,583,"Snapp S.S., Blackie M.J., Gilbert R.A., Bezner-Kerr R., Kanyama-Phiri G.Y.",2010,"Biodiversity can support a greener revolution in Africa","Snapp, S. S., Blackie, M. J., Gilbert, R. A., Bezner-Kerr, R., & Kanyama-Phiri, G. Y. (2010). Biodiversity can support a greener revolution in Africa. Proc Natl Acad Sci U S A, 107(48), 20840-20845. doi:10.1073/pnas.1007199113","Plot","Experiment (on farm)","Malawi","Africa","LIC","Synthetic - below threshold","rainfed",1.04004967,"Equivalent_cumulative_yield",NA,NA,NA,NA,NA,NA,NA,NA,NA,NA,NA,NA,NA,1.5,NA,NA,0.9242424,"Carbon",1.618357488,NA,NA,NA,NA,1.25,NA,NA,0.9622642,NA,NA,NA,"Mix-Mix"
327,583,"Snapp S.S., Blackie M.J., Gilbert R.A., Bezner-Kerr R., Kanyama-Phiri G.Y.",2010,"Biodiversity can support a greener revolution in Africa","Snapp, S. S., Blackie, M. J., Gilbert, R. A., Bezner-Kerr, R., & Kanyama-Phiri, G. Y. (2010). Biodiversity can support a greener revolution in Africa. Proc Natl Acad Sci U S A, 107(48), 20840-20845. doi:10.1073/pnas.1007199114","Plot","Experiment (on farm)","Malawi","Africa","LIC","Synthetic - below threshold","rainfed",0.931698,"Equivalent_cumulative_yield",NA,NA,NA,NA,NA,NA,NA,NA,NA,NA,NA,NA,NA,1,NA,NA,NA,NA,2.323671498,NA,NA,NA,NA,1.3,NA,NA,1,NA,NA,NA,"Mix-Mix"
328,582,"Snapp S.S., Grabowski P., Chikowo R., Smith A., Anders E., Sirrine D., Chimonyo V., Bekunda M.",2018,"Maize yield and profitability tradeoffs with social, human and environmental performance: Is sustainable intensification feasible?","Snapp, S. S., Grabowski, P., Chikowo, R., Smith, A., Anders, E., Sirrine, D., . . . Bekunda, M. (2018). Maize yield and profitability tradeoffs with social, human and environmental performance: Is sustainable intensification feasible? Agricultural Systems, 162, 77-88. doi:10.1016/j.agsy.2018.01.012","Plot","Experiment (on farm)","Malawi","Africa","LIC","Synthetic - below threshold","rainfed",2.99312147,"Equivalent_cumulative_yield",NA,NA,NA,NA,NA,NA,NA,NA,NA,NA,NA,NA,1.1556586,2.5636227,NA,NA,1.1375668,"Carbon",3.025184165,1.0217391,NA,1.1021021,NA,NA,NA,NA,1.6392857,NA,0.4925373,NA,"Win-Mix"
329,582,"Snapp S.S., Grabowski P., Chikowo R., Smith A., Anders E., Sirrine D., Chimonyo V., Bekunda M.",2018,"Maize yield and profitability tradeoffs with social, human and environmental performance: Is sustainable intensification feasible?","Snapp, S. S., Grabowski, P., Chikowo, R., Smith, A., Anders, E., Sirrine, D., . . . Bekunda, M. (2018). Maize yield and profitability tradeoffs with social, human and environmental performance: Is sustainable intensification feasible? Agricultural Systems, 162, 77-88. doi:10.1016/j.agsy.2018.01.013","Plot","Experiment (on farm)","Malawi","Africa","LIC","Synthetic - below threshold","rainfed",1.55517902,"Equivalent_cumulative_yield",NA,NA,NA,NA,NA,NA,NA,NA,NA,NA,NA,NA,1.1384703,1.9631174,NA,NA,1.1252909,"Carbon",1.618830638,1.0217391,NA,1.039039,NA,NA,NA,NA,1.9285714,NA,0.641791,NA,"Win-Mix"
330,582,"Snapp S.S., Grabowski P., Chikowo R., Smith A., Anders E., Sirrine D., Chimonyo V., Bekunda M.",2018,"Maize yield and profitability tradeoffs with social, human and environmental performance: Is sustainable intensification feasible?","Snapp, S. S., Grabowski, P., Chikowo, R., Smith, A., Anders, E., Sirrine, D., . . . Bekunda, M. (2018). Maize yield and profitability tradeoffs with social, human and environmental performance: Is sustainable intensification feasible? Agricultural Systems, 162, 77-88. doi:10.1016/j.agsy.2018.01.014","Plot","Experiment (on farm)","Malawi","Africa","LIC","Synthetic - below threshold","rainfed",2.73558914,"Equivalent_cumulative_yield",NA,NA,NA,NA,NA,NA,NA,NA,NA,NA,NA,NA,1.1094273,2.0161124,NA,NA,1.0977754,"Carbon",2.762192306,1.0643116,NA,1.1021021,NA,NA,NA,NA,4.3125,NA,2.030303,NA,"Win-Win"
331,582,"Snapp S.S., Grabowski P., Chikowo R., Smith A., Anders E., Sirrine D., Chimonyo V., Bekunda M.",2018,"Maize yield and profitability tradeoffs with social, human and environmental performance: Is sustainable intensification feasible?","Snapp, S. S., Grabowski, P., Chikowo, R., Smith, A., Anders, E., Sirrine, D., . . . Bekunda, M. (2018). Maize yield and profitability tradeoffs with social, human and environmental performance: Is sustainable intensification feasible? Agricultural Systems, 162, 77-88. doi:10.1016/j.agsy.2018.01.015","Plot","Experiment (on farm)","Malawi","Africa","LIC","Synthetic - below threshold","rainfed",1.82935376,"Equivalent_cumulative_yield",NA,NA,NA,NA,NA,NA,NA,NA,NA,NA,NA,NA,1.0700004,1.7262985,NA,NA,1.0680463,"Carbon",2.019519854,1.0643116,NA,1.039039,NA,NA,NA,NA,4.6875,NA,1.5151515,NA,"Win-Win"
332,582,"Snapp S.S., Grabowski P., Chikowo R., Smith A., Anders E., Sirrine D., Chimonyo V., Bekunda M.",2018,"Maize yield and profitability tradeoffs with social, human and environmental performance: Is sustainable intensification feasible?","Snapp, S. S., Grabowski, P., Chikowo, R., Smith, A., Anders, E., Sirrine, D., . . . Bekunda, M. (2018). Maize yield and profitability tradeoffs with social, human and environmental performance: Is sustainable intensification feasible? Agricultural Systems, 162, 77-88. doi:10.1016/j.agsy.2018.01.016","Plot","Experiment (on farm)","Malawi","Africa","LIC","Synthetic - below threshold","rainfed",5.34979461,"Equivalent_cumulative_yield",NA,NA,NA,NA,NA,NA,NA,NA,NA,NA,NA,NA,1.08854,3.276748,NA,NA,1.0900815,"Carbon",6.075752117,1.2096774,NA,1.1021021,NA,NA,NA,NA,NA,NA,4,NA,"Win-Win"
333,582,"Snapp S.S., Grabowski P., Chikowo R., Smith A., Anders E., Sirrine D., Chimonyo V., Bekunda M.",2018,"Maize yield and profitability tradeoffs with social, human and environmental performance: Is sustainable intensification feasible?","Snapp, S. S., Grabowski, P., Chikowo, R., Smith, A., Anders, E., Sirrine, D., . . . Bekunda, M. (2018). Maize yield and profitability tradeoffs with social, human and environmental performance: Is sustainable intensification feasible? Agricultural Systems, 162, 77-88. doi:10.1016/j.agsy.2018.01.017","Plot","Experiment (on farm)","Malawi","Africa","LIC","Synthetic - below threshold","rainfed",4.2351908,"Equivalent_cumulative_yield",NA,NA,NA,NA,NA,NA,NA,NA,NA,NA,NA,NA,1.0843932,2.1188039,NA,NA,1.0868973,"Carbon",5.734606363,1.2096774,NA,1.039039,NA,NA,NA,NA,NA,NA,2.5,NA,"Win-Win"
335,589,"Soriano J.B., Wani S.P., Rao A.N., Hanumanthappa A.K., Gowda J.A.C., Rathore A.",2017,"On-farm evaluation of dry-seeded rice cultivars and cropping systems in the semi-arid region of India","Soriano, J. B., Wani, S. P., Rao, A. N., Hanumanthappa, A. K., Gowda, J. A. C., & Rathore, A. (2017). On-farm evaluation of dry-seeded rice cultivars and cropping systems in the semi-arid region of India. Philippine Journal of Science, 146(3), 223-235.","Field","Experiment (on farm)","India","Asia","LMIC","Synthetic - below threshold","irrigation",1.2812729,"Equivalent_cumulative_yield",NA,NA,NA,NA,NA,NA,NA,NA,NA,NA,NA,NA,NA,1.215474,NA,NA,NA,NA,1.33843085,NA,NA,NA,NA,NA,NA,NA,NA,NA,NA,NA,"Win-Mix"
336,589,"Soriano J.B., Wani S.P., Rao A.N., Hanumanthappa A.K., Gowda J.A.C., Rathore A.",2017,"On-farm evaluation of dry-seeded rice cultivars and cropping systems in the semi-arid region of India","Soriano, J. B., Wani, S. P., Rao, A. N., Hanumanthappa, A. K., Gowda, J. A. C., & Rathore, A. (2017). On-farm evaluation of dry-seeded rice cultivars and cropping systems in the semi-arid region of India. Philippine Journal of Science, 146(3), 223-235.","Field","Experiment (on farm)","India","Asia","LMIC","Synthetic - below threshold","irrigation",1.1249313,"Equivalent_cumulative_yield",NA,NA,NA,NA,NA,NA,NA,NA,NA,NA,NA,NA,NA,1.098939,NA,NA,NA,NA,1.26795213,NA,NA,NA,NA,NA,NA,NA,NA,NA,NA,NA,"Win-Mix"
337,727,"Suhi AA, Mia S, Khanam S, et al",2022,"How Does Maize-Cowpea Intercropping Maximize Land Use and Economic Return? A Field Trial in Bangladesh","Suhi, A. A., Mia, S., Khanam, S., Mithu, M. H., Uddin, M. K., Muktadir, M. A., . . . Jindo, K. (2022). How Does Maize-Cowpea Intercropping Maximize Land Use and Economic Return? A Field Trial in Bangladesh. Land, 11(4), 18. doi:10.3390/land11040581","Plot","Experiment (research station)","Bangladesh","Asia","LMIC","Synthetic - below threshold","irrigation",0.936846038863976,"Equivalent_cumulative_yield",NA,NA,NA,NA,NA,NA,NA,NA,NA,NA,NA,NA,NA,NA,NA,NA,NA,NA,1.19587434066641,1.05331753554502,NA,NA,1.5075,NA,NA,NA,NA,NA,NA,NA,"Lose-Win"
338,726,"Sun T, Feng XM, Lal R, et al",2021,"Crop diversification practice faces a tradeoff between increasing productivity and reducing carbon footprints","Sun, T., Feng, X. M., Lal, R., Cao, T. H., Guo, J. R., Deng, A. X., . . . Zhang, W. J. (2021). Crop diversification practice faces a tradeoff between increasing productivity and reducing carbon footprints. Agriculture Ecosystems & Environment, 321, 10. doi:10.1016/j.agee.2021.107614","Plot","Experiment (research station)","China","Asia","UMIC","Synthetic - below threshold","rainfed",0.946977879897103,"Equivalent_cumulative_yield",NA,NA,NA,NA,NA,1.51255637313079,NA,NA,NA,NA,NA,NA,1.15209342067787,NA,NA,NA,1.02514028527325,"Carbon",1.04817058652015,1.09704196314122,NA,NA,NA,NA,NA,NA,NA,NA,NA,NA,"Mix-Win"
339,726,"Sun T, Feng XM, Lal R, et al",2021,"Crop diversification practice faces a tradeoff between increasing productivity and reducing carbon footprints","Sun, T., Feng, X. M., Lal, R., Cao, T. H., Guo, J. R., Deng, A. X., . . . Zhang, W. J. (2021). Crop diversification practice faces a tradeoff between increasing productivity and reducing carbon footprints. Agriculture Ecosystems & Environment, 321, 10. doi:10.1016/j.agee.2021.107615","Plot","Experiment (research station)","China","Asia","UMIC","Synthetic - below threshold","rainfed",0.961246150082207,"Equivalent_cumulative_yield",NA,NA,NA,NA,NA,1.21381438404937,NA,NA,NA,NA,NA,NA,1.13395993544099,NA,NA,NA,1.01372092607231,"Carbon",1.07436708845055,1.13321563588176,NA,NA,NA,NA,NA,NA,NA,NA,NA,NA,"Mix-Win"
340,599,"Syafruddin, Suwardi",2020,"Intercropping of maize-mungbean to increase the farmer's income","Syafruddin, S. (2020). Intercropping of maize-mungbean to increase the farmer's income. Paper presented at the IOP Conf. Series: Earth and Environmental Science.","Plot","Experiment (research station)","Indonesia","Asia","LMIC","Synthetic - below threshold","rainfed",1.406928214,"Equivalent_cumulative_yield",NA,NA,NA,NA,NA,NA,NA,NA,NA,NA,NA,NA,NA,NA,NA,NA,NA,NA,1.5333469,NA,NA,NA,1.3825,NA,NA,NA,NA,NA,NA,NA,"Win-Mix"
341,609,"Telkar S.G., Singh A.K.",2018,"Productivity, profitability and soil biochemical properties in maize (Zea mays) and soybean (Glycine max) intercropping as influenced by population proportion of component crops","Telkar, S. G., & Singh, A. K. (2018). Productivity, profitability and soil biochemical properties in maize (Zea mays) and soybean (Glycine max) intercropping as influenced by population proportion of component crops. Indian Journal of Agricultural Sciences, 88(3), 458-462.","Plot","Experiment (research station)","India","Asia","LMIC","Synthetic - below threshold","rainfed",0.96955128,"Equivalent_cumulative_yield",NA,NA,NA,NA,NA,NA,NA,NA,NA,NA,NA,NA,1.153497,1.0016461,NA,NA,0.868946,"Carbon",1.19381839,NA,NA,NA,1.14,NA,NA,NA,NA,NA,NA,NA,"Mix-Mix"
342,725,"Temeche D, Getachew E, Hailu G, Abebe A",2022,"Effect of Sorghum-Mung Bean Intercropping on Sorghum-Based Cropping System in the Lowlands of North Shewa, Ethiopia","Temeche, D., Getachew, E., Hailu, G., & Abebe, A. (2022). Effect of Sorghum-Mung Bean Intercropping on Sorghum-Based Cropping System in the Lowlands of North Shewa, Ethiopia. Advances in Agriculture, 2022, 7. doi:10.1155/2022/6987871","Farm","Experiment (on farm)","Ethiopia","Africa","LIC","Synthetic - below threshold","rainfed",0.939174107142857,"Equivalent_cumulative_yield",NA,NA,NA,NA,NA,NA,NA,NA,NA,NA,NA,NA,NA,NA,NA,NA,NA,NA,1.07498660953401,NA,NA,NA,NA,NA,NA,NA,NA,NA,NA,NA,"Lose-Win"
343,613,"Tetarwal J.P., Rana K.S.",2006,"Impact of cropping system, fertility level and moisture-conservation practice on productivity, nutrient uptake, water use and profitability of pearlmillet (Pennisetum glaucum) under rainfed conditions","Tetarwal, J. P., & Rana, K. S. (2006). Impact of cropping system, fertility level and moisture-conservation practice on productivity, nutrient uptake, water use and profitability of pearlmillet (Pennisetum glaucum) under rainfed conditions. Indian Journal of Agronomy, 51(4), 263-266.","Plot","Experiment (research station)","India","Asia","LMIC","Synthetic - below threshold","rainfed",1.11278195488722,"Equivalent_cumulative_yield",NA,NA,NA,NA,NA,NA,NA,NA,0.992537201093698,NA,NA,NA,0.959372965936212,NA,NA,NA,NA,NA,1.1201016450448,NA,NA,NA,1.03345724907063,NA,NA,NA,NA,NA,NA,NA,"Mix-Win"
346,618,"Thomas G.A., Dalal R.C., Weston E.J., King A.J., Holmes C.J., Orange D.N., Lehane K.J.",2011,"Crop rotations for sustainable grain production on a vertisol in the semi-arid subtropics","Thomas, G. A., Dalal, R. C., Weston, E. J., King, A. J., Holmes, C. J., Orange, D. N., & Lehane, K. J. (2010). Crop Rotations for Sustainable Grain Production on a Vertisol in the Semi-Arid Subtropics. Journal of Sustainable Agriculture, 35(1), 2-26. doi:10.1080/10440046.2011.530195","Plot","Experiment (on farm)","Australia","Australia","HIC","Synthetic - below threshold","rainfed",1.16259274,"Equivalent_cumulative_yield",NA,NA,NA,NA,NA,NA,NA,NA,1,NA,NA,NA,1.111509,NA,NA,NA,NA,NA,2.376328502,NA,NA,NA,1.1608008,1.0374326,NA,NA,NA,NA,NA,NA,"Mix-Win"
353,626,"Tripathi S.C., Singh R.P.",2008,"Effect of crop diversification on productivity and profitability of rice (Oryza sativa) - Wheat (triticum aestivum) cropping system","Tripathi, S. C., & Singh, R. P. (2008). Effect of crop diversification on productivity and profitability of rice (Oryza sativa) - Wheat (triticum aestivum) cropping system. Indian Journal of Agronomy, 53(1), 27-31.","Plot","Experiment (research station)","India","Asia","LMIC","Synthetic - below threshold","irrigation",1.02849958088852,"Equivalent_cumulative_yield",NA,NA,NA,NA,NA,NA,NA,1.36470588235294,NA,NA,NA,NA,NA,NA,NA,NA,1.13125,"Carbon",1.34426229508197,NA,NA,NA,1.04325334099727,NA,NA,NA,NA,NA,NA,NA,"Win-Win"
354,626,"Tripathi S.C., Singh R.P.",2008,"Effect of crop diversification on productivity and profitability of rice (Oryza sativa) - Wheat (triticum aestivum) cropping system","Tripathi, S. C., & Singh, R. P. (2008). Effect of crop diversification on productivity and profitability of rice (Oryza sativa) - Wheat (triticum aestivum) cropping system. Indian Journal of Agronomy, 53(1), 27-31.","Plot","Experiment (research station)","India","Asia","LMIC","Synthetic - below threshold","irrigation",1.279128248114,"Equivalent_cumulative_yield",NA,NA,NA,NA,NA,NA,NA,1.68128342245989,NA,NA,NA,NA,NA,NA,NA,NA,1.359375,"Carbon",1.38934426229508,NA,NA,NA,1.38583129760023,NA,NA,NA,NA,NA,NA,NA,"Win-Win"
355,631,"ul Haq M.I., Ahmad R., Jabbar A., Khalid M.",2018,"The effect of different planting techniques on productivity and profitability of barley-lentil intercrops under semi-arid subtropical climate","ul Haq, M. I., Ahmad, R., Jabbar, A., & Khalid, M. (2018). The effect of different planting techniques on productivity and profitability of barley-lentil intercrops under semi-arid subtropical climate. International Journal of Agriculture and Biology, 20(11), 2437-2445. doi:10.17957/IJAB/15.0787","Plot","Experiment (research station)","Pakistan","Asia","LMIC","Synthetic - below threshold","irrigation",1.1389157,"Equivalent_cumulative_yield",NA,NA,NA,NA,NA,NA,NA,NA,NA,NA,NA,NA,NA,1.1835878,NA,NA,NA,NA,3.177909763,NA,NA,NA,1.4975,NA,NA,NA,NA,NA,NA,NA,"Win-Mix"
357,647,"Wade M.K., Sanchez P.A.",1984,"Productive potential of an annual intercropping scheme in the Amazon","Wade, M. K., & Sanchez, P. A. (1984). Productive potential of an annual intercropping scheme in the Amazon. Field Crops Research, 9(C), 253-263. doi:10.1016/0378-4290(84)90030-3","Plot","Experiment (on farm)","Peru","South America","UMIC","Synthetic - below threshold","rainfed",0.72972517,"Equivalent_cumulative_yield",NA,NA,NA,NA,NA,NA,NA,1.5,NA,NA,NA,NA,NA,NA,NA,NA,NA,NA,1.287509239,NA,NA,NA,1.14333333333333,NA,NA,NA,NA,NA,NA,NA,"Mix-Win"
358,647,"Wade M.K., Sanchez P.A.",1984,"Productive potential of an annual intercropping scheme in the Amazon","Wade, M. K., & Sanchez, P. A. (1984). Productive potential of an annual intercropping scheme in the Amazon. Field Crops Research, 9(C), 253-263. doi:10.1016/0378-4290(84)90030-4","Plot","Experiment (on farm)","Peru","South America","UMIC","Synthetic - below threshold","rainfed",0.69510645,"Equivalent_cumulative_yield",NA,NA,NA,NA,NA,NA,NA,1.5,NA,NA,NA,NA,NA,NA,NA,NA,NA,NA,1.78077684684685,NA,NA,NA,1.25,1.680919328,NA,NA,NA,NA,NA,NA,"Mix-Win"
359,720,"Walburger AM, McKenzie RH, Seward K, Ulrich K",2004,"The economics of sustainable agriculture alternatives on the semiarid Canadian prairies: The case for legumes and organic amendments","Walburger, A. M., McKenzie, R. H., Seward, K., & Ulrich, K. (2004). The economics of sustainable agriculture alternatives on the semiarid Canadian prairies: The case for legumes and organic amendments. Journal of Sustainable Agriculture, 24(3), 51-69. doi:10.1300/J064v24n03_05","Plot","Experiment (research station)","Canada","North America","HIC","Synthetic - below threshold","rainfed",1.44304526296943,"Equivalent_cumulative_yield",NA,NA,NA,NA,NA,NA,NA,NA,NA,NA,NA,NA,NA,NA,NA,NA,NA,NA,1.23627749023242,NA,0.962380253129151,NA,NA,NA,NA,NA,NA,NA,NA,NA,"Win-Mix"
360,666,"Workayehu T., Wortmann C.S.",2011,"Maize-bean intercrop weed suppression and profitability in Southern Ethiopia","Workayehu, T., & Wortmann, C. S. (2011). Maize-Bean Intercrop Weed Suppression and Profitability in Southern Ethiopia. Agronomy Journal, 103(4), 1058-1063. doi:10.2134/agronj2010.0493","Plot","Experiment (research station)","Ethiopia","Africa","LIC","Synthetic - below threshold","rainfed",1.03066717,"Equivalent_cumulative_yield",NA,NA,NA,NA,NA,NA,NA,1,NA,NA,NA,NA,NA,NA,NA,NA,NA,NA,1.104110539,NA,NA,NA,1.62,NA,NA,NA,NA,NA,NA,NA,"Mix-Win"
361,668,"Worku W., Temeche D., Gossa R., Abate B.",2021,"Agronomic management options to enhance adoption of maize–common bean–common bean sequential intercropping in southern Ethiopia","Worku, W., Temeche, D., Gossa, R., & Abate, B. (2021). Agronomic management options to enhance adoption of maize–common bean–common bean sequential intercropping in southern Ethiopia. Journal of Crop Science and Biotechnology, 24(3), 307-318. doi:10.1007/s12892-020-00078-x","Plot","Experiment (research station)","Ethiopia","Africa","LIC","Synthetic - below threshold","rainfed",1.25403226,"Equivalent_cumulative_yield",NA,NA,NA,NA,NA,NA,NA,NA,NA,NA,NA,NA,NA,NA,NA,NA,NA,NA,1.3,NA,NA,NA,1.481111,NA,NA,NA,NA,NA,NA,NA,"Win-Mix"
367,715,"Yang CH, Fan ZL, Chai Q",2018,"Agronomic and Economic Benefits of Pea/Maize Intercropping Systems in Relation to N Fertilizer and Maize Density","Yang, C. H., Fan, Z. L., & Chai, Q. (2018). Agronomic and Economic Benefits of Pea/Maize Intercropping Systems in Relation to N Fertilizer and Maize Density. Agronomy-Basel, 8(4), 14. doi:10.3390/agronomy8040052","Plot","Experiment (research station)","China","Asia","UMIC","Synthetic - above threshold","irrigation",1.02411636936007,"Equivalent_cumulative_yield",NA,NA,NA,NA,NA,NA,NA,NA,NA,NA,NA,NA,NA,NA,NA,NA,NA,NA,1.03199506514838,1.00233109406195,NA,0.989449003516999,NA,NA,NA,NA,NA,NA,NA,NA,"Win-Mix"
368,682,"Yang X., Chen Y., Pacenka S., Gao W., Ma L., Wang G., Yan P., Sui P., Steenhuis T.S.",2015,"Effect of diversified crop rotations on groundwater levels and crop water productivity in the North China Plain","Yang, X., Chen, Y., Pacenka, S., Gao, W., Ma, L., Wang, G., . . . Steenhuis, T. S. (2015). Effect of diversified crop rotations on groundwater levels and crop water productivity in the North China Plain. Journal of Hydrology, 522, 428-438. doi:10.1016/j.jhydrol.2015.01.010","Plot","Experiment (on farm)","China","Asia","UMIC","Synthetic - below threshold","irrigation",1.32219271063893,"Equivalent_cumulative_yield",NA,NA,NA,NA,NA,1.276964184475,NA,NA,1.16212534059945,NA,NA,NA,NA,1.31529560089552,NA,NA,1.05970149253731,"Carbon",1.15727733296115,NA,NA,NA,1.45454545454545,NA,NA,NA,NA,NA,NA,NA,"Win-Win"
369,711,"Zentner RP, Campbell CA, Selles F, et al",2007,"Economics of spring wheat production systems using conventional tillage management in the Brown soil zone - Revisited","Zentner, R. P., Wall, D. D., Nagy, C. N., Smith, E. G., Young, D. L., Miller, P. R., . . . Derksen, D. A. (2002). Economics of crop diversification and soil tillage opportunities in the Canadian prairies. Agronomy Journal, 94(2), 216-230. doi:10.2134/agronj2002.0220","Plot","Experiment (research station)","Canada","North America","HIC","Synthetic - below threshold","rainfed",1.61868131868132,"Equivalent_cumulative_yield",NA,NA,NA,NA,NA,NA,NA,NA,NA,NA,NA,NA,NA,NA,NA,NA,NA,NA,1.89795918367347,NA,NA,NA,NA,1.1,NA,NA,NA,NA,NA,NA,"Win-Mix"
375,708,"Zhao Y, Wang L, Lei X, et al",2021,"Reducing carbon footprint without compromising grain security through relaxing cropping rotation system in the North China Plain","Zhao, Y. X., Wang, L., Lei, X. Y., Wang, B., Cui, J. X., Xu, Y. N., . . . Sui, P. (2021). Reducing carbon footprint without compromising grain security through relaxing cropping rotation system in the North China Plain. Journal of Cleaner Production, 318, 11. doi:10.1016/j.jclepro.2021.128465","Plot","Experiment (research station)","China","Asia","UMIC","Synthetic - above threshold","rainfed",1.0390261367705,"Equivalent_cumulative_yield",NA,NA,NA,NA,NA,1.06808798794207,NA,NA,NA,NA,NA,NA,NA,0.860978203083466,NA,NA,1.1421028801776,"Energy flows",1.63583815028902,NA,NA,NA,NA,NA,NA,NA,NA,NA,NA,NA,"Mix-Win"
376,708,"Zhao Y, Wang L, Lei X, et al",2021,"Reducing carbon footprint without compromising grain security through relaxing cropping rotation system in the North China Plain","Zhao, Y. X., Wang, L., Lei, X. Y., Wang, B., Cui, J. X., Xu, Y. N., . . . Sui, P. (2021). Reducing carbon footprint without compromising grain security through relaxing cropping rotation system in the North China Plain. Journal of Cleaner Production, 318, 11. doi:10.1016/j.jclepro.2021.128466","Plot","Experiment (research station)","China","Asia","UMIC","Synthetic - above threshold","rainfed",1.03234220135629,"Equivalent_cumulative_yield",NA,NA,NA,NA,NA,0.882678520217952,NA,NA,NA,NA,NA,NA,NA,0.763263935527199,NA,NA,1.24666999667,"Energy flows",2.77966101694915,NA,NA,NA,NA,NA,NA,NA,NA,NA,NA,NA,"Mix-Win"
377,707,"Zingore S, Murwira HK, Delve RJ, Giller KE",2008,"Variable grain legume yields, responses to phosphorus and rotational effects on maize across soil fertility gradients on African smallholder farms","Zingore, S., Murwira, H. K., Delve, R. J., & Giller, K. E. (2008). Variable grain legume yields, responses to phosphorus and rotational effects on maize across soil fertility gradients on African smallholder farms. Nutrient Cycling in Agroecosystems, 80(1), 1-18. doi:10.1007/s10705-007-9117-3","Farm","Experiment (on farm)","Zimbabwe","Africa","LMIC","Synthetic - below threshold","rainfed",2.331208257,"Equivalent_cumulative_yield",NA,NA,NA,NA,NA,NA,NA,NA,NA,NA,NA,NA,NA,NA,NA,NA,NA,NA,1.43012345679012,NA,NA,NA,NA,NA,NA,NA,NA,NA,NA,NA,"Win-Win"
