"uniqueID","StudyID_IDALL","Authors","Year","Title","Citation","Unit of analysis","Data type","data.collection","Setting Type","Time period","Time scale (years)","Total treatments (including controls)","Number of intercrop or rotation treatments including grain legumes (not sole legumes)","Number of nonintercrop or non rotation treatments not including grain legumes (including sole-cropping controls)","Total number of replicates per treatment","Number of study regions/sites","time.simpl","replicates.simp","Are the authors studying/identifying legume introduction intensification as the main source of ES change?","Are the authors studying/identifying legume introduction as the main source of wellbeing change?","What other drivers are identified as key to ES or well-being change?","Case_countries","Regional_groupings","Regional_groupings_ID","Subnational 
 case area (specify province/region)","Continent","WorldBank National Income Group","Latitude_Decimal_Degrees_N","Longitude (Decimal Degrees) E","Is intensification defined?","Authors' intensification definition","Study design","Intensification actors","Actors.categories","Type of land use intensification described","Simplified cropping system","Intensification type: Crop Change/Addition","Intensification type: Increased Rows/Strip width","Intensification type: Increased rotations","Spatial arrangement of intercropping","Other agro-ecological innovations","Recoded other agro-ecological innovations - Primary","Recoded other agro-ecological innovations - Secondary","Food system classification","Non-legume main crop","Legume_category","Grain legume product: Chickpea","Grain legume product: Cowpea","Grain legume product: Groundnut","Grain legume product: Lentil","Grain legume product: Mung bean","Grain legume product: Pigeonpea","Grain legume product: Faba Bean","Grain legume product: Common Bean","Grain legume product: Soybean","Grain legume product: Pea","Grain legume product: Grain legumes (unspecified/other)","Other products not target of intensification","Mineral Fertiliser
 N–P2O5–K2O kgha−1","Synthetic fertiliser category","Water source","Yield","Freshwater","Fuelwood","Fiber","Biochemicals","Genetic_resources","Climate_regulation","Disease_regulation","Pest_regulation","Water_regulation","Water_purification","Soil_formation","Nutrient_cycling","Primary_production","Biodiversity_composition","Biodiversity_structure","Profit","Financial_security","Physical_capital","Savings_labour_cost","Natural_capital","Health","Education","Social_cultural_relations","Food_security","Employment","Justice","Property_rights","Combined ecological-social outcome","Is the intensification (according to authors) causing changes in demand/ preferences for certain ES?","If intensification is leading to changed demands, specify whose demand and which ES","IF Yes to changed demands: Are the changes disaggregated by different groups?","If disaggregated by different groups, specify categorization (e.g. rich/poor, men/women, land-owners/labourers, other)","If disaggregated by groups, specify for which ES/ wellbeing aspects the results are disaggregated","If disaggregated by groups, specify the reported difference","Trade-offs mentioned between 1) different ES, 2) different wellbeing aspects, or 3) ES and wellbeing","General factors enabling adoption","General factors constraining adoption","Factors identified as enabling ecosystem services","Factors identified as constraining ecosystem services","Factors identified as enabling well being","Factors identified as constraining well being","Notes","Documentation of methods of data extraction","Secondary reference","Study spatial design (do they have enough replicates?)","Study temporal design (do they collect data over multiple points in time?)","Confounding variables (Were baseline characteristics of the intervention comparable with the control or were potential confounders at baseline approximately adjusted for in analysis?)","Reporting","Risk of bias","Tools for assessment (Were valid and reliable tools used to assess  outcomes?)","Sum.Quality"
276,514,"Rusinamhodzi L., Corbeels M., Nyamangara J., Giller K.E.",2012,"Maize-grain legume intercropping is an attractive option for ecological intensification that reduces climatic risk for smallholder farmers in central Mozambique","Rusinamhodzi, L., Corbeels, M., Nyamangara, J., & Giller, K. E. (2012). Maize–grain legume intercropping is an attractive option for ecological intensification that reduces climatic risk for smallholder farmers in central Mozambique. Field Crops Research, 136, 12-22. doi:10.1016/j.fcr.2012.07.014","Field","Quantitative","Experiment (on farm)","RC","2008-2011","3","4","3","1","16","2","2-4","11-100","Yes","Yes","Soil degradation, national policy and development agencies","Mozambique","Subsaharan Africa",1,"Ruaca","Africa","LIC","-18.833333","33.183332999999998","No","""an approach to produce more food per unit resource to achieve positive social outcomes without negative effects on the environment""","Experiment (on farm)","Farmer-led + support by researchers","Farmer-led + researcher/extension","Intercroppping + Rotation (Maize–pigeonpea)","Intercrop-Rotation",1,0,0,"Within-row","Different fertiliser rates, no tillage","Fertilizer rates/type","Tillage practice","Grain / Pigeonpea","Maize","Pigeonpea",0,0,0,0,0,1,0,0,0,0,"0",NA,"0:0:0 - 60:20:0","Synthetic - below threshold","rainfed",1.03344482,"NA","NA","NA","NA","NA","NA","NA","NA","1.2978723404255321","NA","NA","NA","NA","NA","NA","NA","NA","NA",0.616477272727273,"1.4","NA","NA","NA","NA","NA","NA","NA","Win-Mix","NA","NA","NA","NA","NA","NA","Labour needs vs increased productivity and yields of intercrops","Market price for legumes: ""high selling price for pigeonpea was particularly attractive to farmers as it was four times that of maize""","Labour availability: ""Labour shortages often lead to severe weed pressure which is only controlled by burning the entire field before seeding of the next crop.""","Drought and associated weed infestation of main crop (maize): ""sole maize yields in Ruaca were strongly suppressed (<0.8 t ha−1) by heavy infestation with striga (S. asiatica (L.) Kuntze) that was not observed in the intercrops or the sole pigeonpea plots""; Fertiliser application: ""Pigeonpea yield responded significantly to the largest N input of 60 kg ha−1.""; Poor soil quality- ""The low N status of the soils is favourable to stimulate legume N2-fixation but deficiencies of P and K potentially limit the process.""","Soil quality- ""The low N status of the soils is favourable to stimulate legume N2-fixation but deficiencies of P and K potentially limit the process.""","Fertiliser application: ""Pigeonpea yield responded significantly to the largest N input of 60 kg ha−1.""; Market availability: ""In our study area, although maize was commonly sold, it was often sold only when the household food requirements have been achieved whilst pigeonpea could be sold immediately after harvest""","Labour for weeding: ""Weeding time was increased by 36% in intercrops although the
 increase was not related to weed intensity but to the need to take care of pigeonpea which grows slowly compared to maize as well as difficulty in navigating through the crop mixtures.""","""Our results showed that maize–legume intercropping required extra labour compared with sole crops; in Vunduzi land sizes were small and farmers were more likely to meet the labour requirements of intercropping than farmers in Ruaca. In Ruaca, farmers needed to reduce the land cultivated per season to be able to manage the intercropping systems or to hire extra labour. However, the loss in production due to reduction in land area could be compensated by the greater productivity of the intercrops.""","Supporting calc. (Yield, LER); Section 3.4 (H2O runoff); section 3.5 (Labour)",NA,2,2,2,2,2,2,12
206,423,"Ngwira A.R., Aune J.B., Mkwinda S.",2012,"On-farm evaluation of yield and economic benefit of short term maize legume intercropping systems under conservation agriculture in Malawi","Ngwira, A. R., Aune, J. B., & Mkwinda, S. (2012). On-farm evaluation of yield and economic benefit of short term maize legume intercropping systems under conservation agriculture in Malawi. Field Crops Research, 132, 149-157. doi:10.1016/j.fcr.2011.12.014","Plot","Quantitative","Experiment (on farm)","E/M","2008-2011","3","5","3","2","12","2","2-4","11-100","Yes","Yes","Growing population and resource demands, land degradation, national policy","Malawi","Subsaharan Africa",1,"Balaka market section in Manjawira Extension Planning Area (EPA), Ntcheu district, Lilongwe Agricultural Development Division (ADD): 14◦56'S, 34◦53'E","Africa","LIC","-14.966666999999999","34.733333000000002","No",NA,"Experiment (on farm)","Farmer-led","Farmer-led","Intercropping: cereal-legume + rotation: cereal-legume","Intercrop-Rotation",1,0,0,"Row","Conservation agriculture + herbicides","Conservation ag (residue + tillage)","Pest management","Grain / Pigeonpea","Maize","Pigeonpea",0,0,0,0,0,1,0,0,0,0,"0","Lablab; Mucuna","69:21:00","Synthetic - below threshold","rainfed",0.971259682022014,"NA","NA","NA","NA","NA","NA","NA","NA","NA","NA","NA","NA","1.3","NA","NA","1.1184433164128595","NA","NA",0.838213399503722,"NA","NA","NA","NA","NA","NA","NA","NA","Mix-Mix","NA","NA","NA","NA","NA","NA","NA","Multiple uses for legume: Although all the three legumes tested are edible and produced adequate biomass; pigeonpea appears to be of most interest to farmers. ""Pigeonpea offers attractive market for its grain and its stems are used as fuelwood in Malawi""; community awareness on the role of crop residues in reversing soil degradation,","Communal goat grazing (eat legumes); lack of developed markets for grain legumes - better markets are needed before farmers can invest in more balanced cereal-legume associations","type of legume: ""Pigeonpea with its deep rooting could assist in breaking the widespread existing hoe pans commonly prevalent in most smallholder farmers’ fields in Malawi. Changes in soil porosity created by roots could allow water to infiltrate into the soil other than ponding on the soil surface. The leaves that fall from legumes could provide mulch and substrates for soil fauna which could also help in improving soil physical fertility in mixing soil with organic carbon forming stable aggregates ""","Water stress: ""Low yield observed for lablab may be due to its sensitive nature to water stress since both sites were hit by poor distribution at some critical stage of crop growth that might have affected its pod formation and grain filling.""","Conservation agriculture (reduced labour requirements compared with conventional tillage practices)","Market prices and access (farmers could not find market to sell legume produce)","Note - 3 types of legume were experimented with (mucuna, lablab, pigeon pea), but only presented well-being outcomes for pigeon pea; organic C levels in soils of Balaka market fall below critical values adequate to maintain soil structure and support crop production","Biomass from Table 2, yield from tables 3 and 4, wellbeing from table 6",NA,2,2,2,2,2,2,12
207,423,"Ngwira A.R., Aune J.B., Mkwinda S.",2012,"On-farm evaluation of yield and economic benefit of short term maize legume intercropping systems under conservation agriculture in Malawi","Ngwira, A. R., Aune, J. B., & Mkwinda, S. (2012). On-farm evaluation of yield and economic benefit of short term maize legume intercropping systems under conservation agriculture in Malawi. Field Crops Research, 132, 149-157. doi:10.1016/j.fcr.2011.12.015","Plot","Quantitative","Experiment (on farm)","RC","2008-2011","3","5","3","2","12","2","2-4","11-100","Yes","Yes","Growing population and resource demands, land degradation, national policy","Malawi","Subsaharan Africa",1,"Ntonda section in Manjawira Extension Planning Area (EPA), Ntcheu district, Lilongwe Agricultural Development Division (ADD): 14◦58'S, 34◦44'E","Africa","LIC","-14.966666999999999","34.733333000000002","No",NA,"Experiment (on farm)","Farmer-led","Farmer-led","Intercropping: cereal-legume + rotation: cereal-legume","Intercrop-Rotation",1,0,0,"Row","Conservation agriculture + herbicides","Conservation ag (residue + tillage)",NA,"Grain / Pigeonpea","Maize","Pigeonpea",0,0,0,0,0,1,0,0,0,0,"0","Lablab; Mucuna","69:21:00","Synthetic - below threshold","rainfed",0.960841491355968,"NA","NA","NA","NA","NA","NA","NA","NA","NA","NA","NA","NA","1.1192999753512447","NA","NA","1.1184433164128595","NA","NA",0.838213399503722,"NA","NA","NA","NA","NA","NA","NA","NA","Mix-Mix","NA","NA","NA","NA","NA","NA","NA","Multiple uses for legume: Although all the three legumes tested are edible and produced adequate biomass; pigeonpea appears to be of most interest to farmers. ""Pigeonpea offers attractive market for its grain and its stems are used as fuelwood in Malawi""; community awareness on the role of crop residues in reversing soil degradation,","Communal goat grazing (eat legumes); lack of developed markets for grain legumes - better markets are needed before farmers can invest in more balanced cereal-legume associations","type of legume: ""Pigeonpea with its deep rooting could assist in breaking the widespread existing hoe pans commonly prevalent in most smallholder farmers’ fields in Malawi. Changes in soil porosity created by roots could allow water to infiltrate into the soil other than ponding on the soil surface. The leaves that fall from legumes could provide mulch and substrates for soil fauna which could also help in improving soil physical fertility in mixing soil with organic carbon forming stable aggregates ""","Water stress: ""Low yield observed for lablab may be due to its sensitive nature to water stress since both sites were hit by poor distribution at some critical stage of crop growth that might have affected its pod formation and grain filling.""","Conservation agriculture (reduced labour requirements compared with conventional tillage practices)","Market prices and access (farmers could not find market to sell legume produce)","Note - 3 types of legume were experimented with (mucuna, lablab, pigeon pea), but only presented well-being outcomes for pigeon pea","Biomass from Table 2, yield from tables 3 and 4, wellbeing from table 6",NA,2,2,2,2,2,2,12
328,582,"Snapp S.S., Grabowski P., Chikowo R., Smith A., Anders E., Sirrine D., Chimonyo V., Bekunda M.",2018,"Maize yield and profitability tradeoffs with social, human and environmental performance: Is sustainable intensification feasible?","Snapp, S. S., Grabowski, P., Chikowo, R., Smith, A., Anders, E., Sirrine, D., . . . Bekunda, M. (2018). Maize yield and profitability tradeoffs with social, human and environmental performance: Is sustainable intensification feasible? Agricultural Systems, 162, 77-88. doi:10.1016/j.agsy.2018.01.012","Plot","Quantitative + Qualitative","Experiment (on farm)","RC","2012-2015","3","4","2","2","6","3","2-4","11-100","Yes","Yes",NA,"Malawi","Subsaharan Africa",1,"Kandeu,Malawi","Africa","LIC","-14.623310999999999","34.597237","Yes","""Sustainable intensification (SI) has been put forward as the pathway to address global requirements for food, fuel and fiber production, while simultaneously protecting environmental services and conserving resources"" ""Initial definitions put forward for SI focused primarily on agronomic production, profitability and protecting the environment (Baulcombe et al., 2009; Tilman et al., 2002). Recently there have been important efforts to broaden the definition of SI to include social aspects such as gender equity and human capacity (Godfray, 2015; Pretty et al., 2011; Loos et al., 2014). ""","Experiment (on farm)","Farmer-led + National policy (Malawi Government Maize Productivity Task Force (MPTF))","Farmer-led + policy","Intercropping","Intercrop",1,0,0,"Row","""The full suite of technologies evaluated in the mother trials included
 maize grown at different fertilizer rates, manure and fertilizer applied to maize, intensified soybean (Glycine max L.) production (double rows, inoculum and micro-dosing of fertilizer), and maize intercropped with pigeonpea (Cajanus cajan (L.) Millsp.), and sequenced with a DLR, pigeonpea grown with an understory grain legume species (Snapp et al., 2010; Van Vugt et al., 2016). ""","Fertilizer rates/type",NA,"Grain /  Pigeonpea","Maize","Pigeonpea",0,0,0,0,0,1,0,0,0,0,"0",NA,"34.5:4.5:0","Synthetic - below threshold","rainfed",2.99312147,"NA","NA","NA","NA","NA","NA","NA","NA","NA","NA","NA","1.1556586","2.5636226999999998","NA","NA","3.0251841650000002","1.0217391","NA",1.1021021,"NA","NA","NA","NA","1.6392857000000001","NA","0.49253730000000001","NA","Win-Mix","Reduced demand for intercrops by women (prefered the sole maize system)","Food","Yes","Men/women","Food","women prefered the sole maize crop, and intercrop was less prefered","Yes","Soil fertility: ""If legumes are grown for soil fertility improvement, then they may be valued by both genders. ""; Reduced fertiliser requirements: ""The amount of fertilizer required to support farming system productivity was halved through the introduction of a PP-Mz intercrop...and halved again in a DLR rotation""","Gender (females did not prefer legume systems): ""When a legume becomes a cash crop, literature provides precedents whereby there is a shift towards male production of the crop and control of generated cash (Njuki et al., 2011). This could have negative impacts, if women and children are worse off due to legume crop sales and reduced consumption of legume products. Malawi's groundnut exports have increased by 18% per year from 2004 to 2014 (Edelman and Aberman, 2015).""; Uncertain labour requirements; Potential crop-livestock conflict","Increased soil fertility","Knowledge of residue management practices: ""Currently many farmers burn residues, while others transport legume residues to the home with the harvest, where they may be consumed by livestock or composted (Mungai et al., 2016). More research is required to document farmer perceptions and practices around residue management but other studies in Malawi have indicated little knowledge regarding long-term negative consequences of burning residues, and widespread concerns about pests associated with residue incorporation practices ""","Market price of legume: ""Similar results were observed in Kenya, where an on-farm study evaluated economic performance of legume-diversified maize systems where legume:maize price ratios were varied from 1:1 to 4:1 (Rao and Mathuva, 2000). As the price of legume grain increased relative to maize, netpresent-value returns associated with a PP-Mz intercrop increased by ~20 to 80%, compared with continuous maize. A maize-DLR rotation system with a pigeonpea-cowpea intercrop, had modest returns relative to a PP-Mz intercrop, with the exception of the highest (4:1) legume:maize price ratio where DLR performed well (Rao and Mathuva, 2000). Similarly, in our study the DLR system performed as well as the PP-Mz intercrop but only at high legume grain prices""; Legume crop traits e.g. productivity: ""The long duration of growth, indeterminant yield production, combined with soil cover from senesce of pigeonpea leaves (which drops leaves throughout the growing season), together these traits may contribute to environmental services and buffering of risk economically.""; Reduced requirements for fertiliser: ""The amount of fertilizer required to support farming system productivity was halved through the introduction of a PP-Mz intercrop""","Market price of maize - seasonal high of maize market price led to lower profitability of legume-intercropped system; Gender: ""There are complex gender effects related to the legume systems
 (dashed arrow to the left in Fig. 5). Through application of a SI indicator framework we explicitly considered women's preferences for technologies, which provided novel insights at two locations (Figs. 2 and 4). Women are primarily responsible for growing crops for nutrition in Malawi and this should be taken into consideration if human nutrition is a policy goal. Indeed, we found that women ranked PP-Mz intercrops and DLRs substantially higher than men at two of the Africa RISING sites. When a legume becomes a cash crop, literature provides precedents whereby there is a shift towards male production of the crop and control of generated cash (Njuki et al., 2011). This could have negative impacts, if women and children are worse off due to legume crop sales and reduced consumption of legume products. Malawi's groundnut exports have increased by 18% per year from 2004 to 2014 (Edelman and Aberman, 2015).""; Uncertain labour requirements : ""Initial feedback from farmers is that harvesting pigeonpea requires an extra trip to the field during a time of processing the maize harvest (dashed double-lined arrow pointing down in Fig. 5), yet overall farmer ratings of labor requirements were similar across technologies ""","REALLY GOOD STUDY- ""Many assessments of SI technologies focus on tradeoffs, and commonly find inverse relationships between productivity and environmental services (Droppelmann et al., 2017). Our assessment used the SI framework to move beyond productivity vs. environment, to consider aspects of SI such as women's ratings of technologies, and modeled food security risks. Our results are consistent with others in that diversified SI technologies did not produce the highest amount of grain yield or income (Snapp et al., 2010), but were highly associated with conservation of resources. In addition, pigeonpea diversified technologies were highly ranked by women farmers at two out of three sites, and had no out-sized risks of food insecurity""","Table 4",NA,2,2,2,2,2,2,12
329,582,"Snapp S.S., Grabowski P., Chikowo R., Smith A., Anders E., Sirrine D., Chimonyo V., Bekunda M.",2018,"Maize yield and profitability tradeoffs with social, human and environmental performance: Is sustainable intensification feasible?","Snapp, S. S., Grabowski, P., Chikowo, R., Smith, A., Anders, E., Sirrine, D., . . . Bekunda, M. (2018). Maize yield and profitability tradeoffs with social, human and environmental performance: Is sustainable intensification feasible? Agricultural Systems, 162, 77-88. doi:10.1016/j.agsy.2018.01.013","Plot","Quantitative + Qualitative","Experiment (on farm)","RC","2012-2015","3","4","2","2","6","3","2-4","11-100","Yes","Yes",NA,"Malawi","Subsaharan Africa",1,"Kandeu,Malawi","Africa","LIC","-14.623310999999999","34.597237","Yes","""Sustainable intensification (SI) has been put forward as the pathway to address global requirements for food, fuel and fiber production, while simultaneously protecting environmental services and conserving resources"" ""Initial definitions put forward for SI focused primarily on agronomic production, profitability and protecting the environment (Baulcombe et al., 2009; Tilman et al., 2002). Recently there have been important efforts to broaden the definition of SI to include social aspects such as gender equity and human capacity (Godfray, 2015; Pretty et al., 2011; Loos et al., 2014). ""","Experiment (on farm)","Farmer-led + National policy (Malawi Government Maize Productivity Task Force (MPTF))","Farmer-led + policy","Intercropping","Intercrop",1,1,0,"Row","""The full suite of technologies evaluated in the mother trials included
 maize grown at different fertilizer rates, manure and fertilizer applied to maize, intensified soybean (Glycine max L.) production (double rows, inoculum and micro-dosing of fertilizer), and maize intercropped with pigeonpea (Cajanus cajan (L.) Millsp.), and sequenced with a DLR, pigeonpea grown with an understory grain legume species (Snapp et al., 2010; Van Vugt et al., 2016). ""","Fertilizer rates/type",NA,"Grain / Groundnut + Soybean","Maize","Multiple",0,0,1,0,0,0,0,0,1,0,"0",NA,"17.3:2.3:0","Synthetic - below threshold","rainfed",1.55517902,"NA","NA","NA","NA","NA","NA","NA","NA","NA","NA","NA","1.1384703","1.9631174","NA","NA","1.6188306379999999","1.0217391","NA",1.039039,"NA","NA","NA","NA","1.9285714","NA","0.641791","NA","Win-Mix","Reduced demand for intercrops by women (prefered the sole maize system)","Food","Yes","Men/women","Food","women prefered the sole maize crop, and intercrop was less prefered","Yes","Soil fertility: ""If legumes are grown for soil fertility improvement, then they may be valued by both genders. ""; Reduced fertiliser requirements: ""The amount of fertilizer required to support farming system productivity was halved through the introduction of a PP-Mz intercrop...and halved again in a DLR rotation""","Gender (females did not prefer legume systems): ""When a legume becomes a cash crop, literature provides precedents whereby there is a shift towards male production of the crop and control of generated cash (Njuki et al., 2011). This could have negative impacts, if women and children are worse off due to legume crop sales and reduced consumption of legume products. Malawi's groundnut exports have increased by 18% per year from 2004 to 2014 (Edelman and Aberman, 2015).""; Uncertain labour requirements; Potential crop-livestock conflict","Increased soil fertility","Knowledge of residue management practices: ""Currently many farmers burn residues, while others transport legume residues to the home with the harvest, where they may be consumed by livestock or composted (Mungai et al., 2016). More research is required to document farmer perceptions and practices around residue management but other studies in Malawi have indicated little knowledge regarding long-term negative consequences of burning residues, and widespread concerns about pests associated with residue incorporation practices ""","Market price of legume: ""Similar results were observed in Kenya, where an on-farm study evaluated economic performance of legume-diversified maize systems where legume:maize price ratios were varied from 1:1 to 4:1 (Rao and Mathuva, 2000). As the price of legume grain increased relative to maize, netpresent-value returns associated with a PP-Mz intercrop increased by ~20 to 80%, compared with continuous maize. A maize-DLR rotation system with a pigeonpea-cowpea intercrop, had modest returns relative to a PP-Mz intercrop, with the exception of the highest (4:1) legume:maize price ratio where DLR performed well (Rao and Mathuva, 2000). Similarly, in our study the DLR system performed as well as the PP-Mz intercrop but only at high legume grain prices""; Legume crop traits e.g. productivity: ""The long duration of growth, indeterminant yield production, combined with soil cover from senesce of pigeonpea leaves (which drops leaves throughout the growing season), together these traits may contribute to environmental services and buffering of risk economically.""; Reduced requirements for fertiliser: ""The amount of fertilizer required to support farming system productivity was halved through the introduction of a PP-Mz intercrop""","Market price of maize - seasonal high of maize market price led to lower profitability of legume-intercropped system; Gender: ""There are complex gender effects related to the legume systems
 (dashed arrow to the left in Fig. 5). Through application of a SI indicator framework we explicitly considered women's preferences for technologies, which provided novel insights at two locations (Figs. 2 and 4). Women are primarily responsible for growing crops for nutrition in Malawi and this should be taken into consideration if human nutrition is a policy goal. Indeed, we found that women ranked PP-Mz intercrops and DLRs substantially higher than men at two of the Africa RISING sites. When a legume becomes a cash crop, literature provides precedents whereby there is a shift towards male production of the crop and control of generated cash (Njuki et al., 2011). This could have negative impacts, if women and children are worse off due to legume crop sales and reduced consumption of legume products. Malawi's groundnut exports have increased by 18% per year from 2004 to 2014 (Edelman and Aberman, 2015).""; Uncertain labour requirements : ""Initial feedback from farmers is that harvesting pigeonpea requires an extra trip to the field during a time of processing the maize harvest (dashed double-lined arrow pointing down in Fig. 5), yet overall farmer ratings of labor requirements were similar across technologies ""","REALLY GOOD STUDY- ""Many assessments of SI technologies focus on tradeoffs, and commonly find inverse relationships between productivity and environmental services (Droppelmann et al., 2017). Our assessment used the SI framework to move beyond productivity vs. environment, to consider aspects of SI such as women's ratings of technologies, and modeled food security risks. Our results are consistent with others in that diversified SI technologies did not produce the highest amount of grain yield or income (Snapp et al., 2010), but were highly associated with conservation of resources. In addition, pigeonpea diversified technologies were highly ranked by women farmers at two out of three sites, and had no out-sized risks of food insecurity""","Table 4",NA,2,2,2,2,2,2,12
332,582,"Snapp S.S., Grabowski P., Chikowo R., Smith A., Anders E., Sirrine D., Chimonyo V., Bekunda M.",2018,"Maize yield and profitability tradeoffs with social, human and environmental performance: Is sustainable intensification feasible?","Snapp, S. S., Grabowski, P., Chikowo, R., Smith, A., Anders, E., Sirrine, D., . . . Bekunda, M. (2018). Maize yield and profitability tradeoffs with social, human and environmental performance: Is sustainable intensification feasible? Agricultural Systems, 162, 77-88. doi:10.1016/j.agsy.2018.01.016","Plot","Quantitative + Qualitative","Experiment (on farm)","RC","2012-2015","3","4","2","2","6","3","2-4","11-100","Yes","Yes",NA,"Malawi","Subsaharan Africa",1,"Golomoti","Africa","LIC","-14.428235000000001","34.594959000000003","Yes","""Sustainable intensification (SI) has been put forward as the pathway to address global requirements for food, fuel and fiber production, while simultaneously protecting environmental services and conserving resources"" ""Initial definitions put forward for SI focused primarily on agronomic production, profitability and protecting the environment (Baulcombe et al., 2009; Tilman et al., 2002). Recently there have been important efforts to broaden the definition of SI to include social aspects such as gender equity and human capacity (Godfray, 2015; Pretty et al., 2011; Loos et al., 2014). ""","Experiment (on farm)","Farmer-led + National policy (Malawi Government Maize Productivity Task Force (MPTF))","Farmer-led + policy","Intercropping","Intercrop",1,0,0,"Row","""The full suite of technologies evaluated in the mother trials included  maize grown at different fertilizer rates, manure and fertilizer applied to maize, intensified soybean (Glycine max L.) production (double rows, inoculum and micro-dosing of fertilizer), and maize intercropped with pigeonpea (Cajanus cajan (L.) Millsp.), and sequenced with a DLR, pigeonpea grown with an understory grain legume species (Snapp et al., 2010; Van Vugt et al., 2016). ""","Fertilizer rates/type",NA,"Grain / Pigeonpea","Maize","Pigeonpea",0,0,0,0,0,1,0,0,0,0,"0",NA,"34.5:4.5:0","Synthetic - below threshold","rainfed",5.34979461,"NA","NA","NA","NA","NA","NA","NA","NA","NA","NA","NA","1.0885400000000001","3.276748","NA","NA","6.0757521170000004","1.2096773999999999","NA",1.1021021,"NA","NA","NA","NA","NA","NA","4","NA","Win-Win","Increased demand for intercrops by women","Food","Yes","Men/women","Food","women ""prefer the PP-Mz intercrop, presumably for direct access to the nutritious pigeonpea grain along with maize grain at this marginal site with moderate access to markets (Table 5 and Fig. 4).""","Yes- ""In the marginal Golomoti site, by contrast, the tradeoff was little to nil in a PP-Mz intercrop""","Gender (Female farmers at two sites, Linthipe and Golomoti, preferred PP-Mz over all other technologies. Notably, a large majority of women at Golomoti prefer the PP-Mz intercrop, presumably for direct access to the nutritious pigeonpea grain along with maize grain at this marginal site with moderate access to markets); Reduced fertiliser requirements: ""The amount of fertilizer required to support farming system productivity was halved through the introduction of a PP-Mz intercrop...and halved again in a DLR rotation""","Uncertain labour requirements; potential crop-livestock conflict","Increased soil fertility","Knowledge of residue management practices: ""Currently many farmers burn residues, while others transport legume residues to the home with the harvest, where they may be consumed by livestock or composted (Mungai et al., 2016). More research is required to document farmer perceptions and practices around residue management but other studies in Malawi have indicated little knowledge regarding long-term negative consequences of burning residues, and widespread concerns about pests associated with residue incorporation practices ""","Market price of legume: ""Similar results were observed in Kenya, where an on-farm study evaluated economic performance of legume-diversified maize systems where legume:maize price ratios were varied from 1:1 to 4:1 (Rao and Mathuva, 2000). As the price of legume grain increased relative to maize, netpresent-value returns associated with a PP-Mz intercrop increased by ~20 to 80%, compared with continuous maize. A maize-DLR rotation system with a pigeonpea-cowpea intercrop, had modest returns relative to a PP-Mz intercrop, with the exception of the highest (4:1) legume:maize price ratio where DLR performed well (Rao and Mathuva, 2000). Similarly, in our study the DLR system performed as well as the PP-Mz intercrop but only at high legume grain prices""; Legume crop traits e.g. productivity: ""The long duration of growth, indeterminant yield production, combined with soil cover from senesce of pigeonpea leaves (which drops leaves throughout the growing season), together these traits may contribute to environmental services and buffering of risk economically.""; Reduced requirements for fertiliser: ""The amount of fertilizer required to support farming system productivity was halved through the introduction of a PP-Mz intercrop""","Market price of maize - seasonal high of maize market price led to lower profitability of legume-intercropped system; Gender: ""There are complex gender effects related to the legume systems
 (dashed arrow to the left in Fig. 5). Through application of a SI indicator framework we explicitly considered women's preferences for technologies, which provided novel insights at two locations (Figs. 2 and 4). Women are primarily responsible for growing crops for nutrition in Malawi and this should be taken into consideration if human nutrition is a policy goal. Indeed, we found that women ranked PP-Mz intercrops and DLRs substantially higher than men at two of the Africa RISING sites. When a legume becomes a cash crop, literature provides precedents whereby there is a shift towards male production of the crop and control of generated cash (Njuki et al., 2011). This could have negative impacts, if women and children are worse off due to legume crop sales and reduced consumption of legume products. Malawi's groundnut exports have increased by 18% per year from 2004 to 2014 (Edelman and Aberman, 2015).""; Labour requirements : ""Initial feedback from farmers is that harvesting pigeonpea requires an extra trip to the field during a time of processing the maize harvest (dashed double-lined arrow pointing down in Fig. 5), yet overall farmer ratings of labor requirements were similar across technologies ""","REALLY GOOD STUDY- ""Many assessments of SI technologies focus on tradeoffs, and commonly find inverse relationships between productivity and environmental services (Droppelmann et al., 2017). Our assessment used the SI framework to move beyond productivity vs. environment, to consider aspects of SI such as women's ratings of technologies, and modeled food security risks. Our results are consistent with others in that diversified SI technologies did not produce the highest amount of grain yield or income (Snapp et al., 2010), but were highly associated with conservation of resources. In addition, pigeonpea diversified technologies were highly ranked by women farmers at two out of three sites, and had no out-sized risks of food insecurity""","Table 5",NA,2,2,2,2,2,2,12
333,582,"Snapp S.S., Grabowski P., Chikowo R., Smith A., Anders E., Sirrine D., Chimonyo V., Bekunda M.",2018,"Maize yield and profitability tradeoffs with social, human and environmental performance: Is sustainable intensification feasible?","Snapp, S. S., Grabowski, P., Chikowo, R., Smith, A., Anders, E., Sirrine, D., . . . Bekunda, M. (2018). Maize yield and profitability tradeoffs with social, human and environmental performance: Is sustainable intensification feasible? Agricultural Systems, 162, 77-88. doi:10.1016/j.agsy.2018.01.017","Plot","Quantitative + Qualitative","Experiment (on farm)","RC","2012-2015","3","4","2","2","6","3","2-4","11-100","Yes","Yes",NA,"Malawi","Subsaharan Africa",1,"Golomoti","Africa","LIC","-14.428235000000001","34.594959000000003","Yes","""Sustainable intensification (SI) has been put forward as the pathway to address global requirements for food, fuel and fiber production, while simultaneously protecting environmental services and conserving resources"" ""Initial definitions put forward for SI focused primarily on agronomic production, profitability and protecting the environment (Baulcombe et al., 2009; Tilman et al., 2002). Recently there have been important efforts to broaden the definition of SI to include social aspects such as gender equity and human capacity (Godfray, 2015; Pretty et al., 2011; Loos et al., 2014). ""","Experiment (on farm)","Farmer-led + National policy (Malawi Government Maize Productivity Task Force (MPTF))","Farmer-led + policy","Intercropping","Intercrop",1,1,0,"Row","""The full suite of technologies evaluated in the mother trials included  maize grown at different fertilizer rates, manure and fertilizer applied to maize, intensified soybean (Glycine max L.) production (double rows, inoculum and micro-dosing of fertilizer), and maize intercropped with pigeonpea (Cajanus cajan (L.) Millsp.), and sequenced with a DLR, pigeonpea grown with an understory grain legume species (Snapp et al., 2010; Van Vugt et al., 2016). ""","Fertilizer rates/type",NA,"Grain / Groundnut + Pigeonpea + Soybean","Maize","Multiple",0,0,1,0,0,1,0,0,1,0,"0",NA,"17.3:2.3:0","Synthetic - below threshold","rainfed",4.2351908,"NA","NA","NA","NA","NA","NA","NA","NA","NA","NA","NA","1.0843932000000001","2.1188039000000001","NA","NA","5.7346063630000002","1.2096773999999999","NA",1.039039,"NA","NA","NA","NA","NA","NA","2.5","NA","Win-Win","Increased demand for intercrops by women","Food","Yes","Men/women","Food","women ""prefer the PP-Mz intercrop, presumably for direct access to the nutritious pigeonpea grain along with maize grain at this marginal site with moderate access to markets (Table 5 and Fig. 4).""","Yes","Gender (Female farmers at two sites, Linthipe and Golomoti, preferred PP-Mz over all other technologies. Notably, a large majority of women at Golomoti prefer the PP-Mz intercrop, presumably for direct access to the nutritious pigeonpea grain along with maize grain at this marginal site with moderate access to markets); Reduced fertiliser requirements: ""The amount of fertilizer required to support farming system productivity was halved through the introduction of a PP-Mz intercrop...and halved again in a DLR rotation""","Uncertain labour requirements; potential crop-livestock conflict","Increased soil fertility","Knowledge of residue management practices: ""Currently many farmers burn residues, while others transport legume residues to the home with the harvest, where they may be consumed by livestock or composted (Mungai et al., 2016). More research is required to document farmer perceptions and practices around residue management but other studies in Malawi have indicated little knowledge regarding long-term negative consequences of burning residues, and widespread concerns about pests associated with residue incorporation practices ""","Market price of legume: ""Similar results were observed in Kenya, where an on-farm study evaluated economic performance of legume-diversified maize systems where legume:maize price ratios were varied from 1:1 to 4:1 (Rao and Mathuva, 2000). As the price of legume grain increased relative to maize, netpresent-value returns associated with a PP-Mz intercrop increased by ~20 to 80%, compared with continuous maize. A maize-DLR rotation system with a pigeonpea-cowpea intercrop, had modest returns relative to a PP-Mz intercrop, with the exception of the highest (4:1) legume:maize price ratio where DLR performed well (Rao and Mathuva, 2000). Similarly, in our study the DLR system performed as well as the PP-Mz intercrop but only at high legume grain prices""; Legume crop traits e.g. productivity: ""The long duration of growth, indeterminant yield production, combined with soil cover from senesce of pigeonpea leaves (which drops leaves throughout the growing season), together these traits may contribute to environmental services and buffering of risk economically.""; Reduced requirements for fertiliser: ""The amount of fertilizer required to support farming system productivity was halved through the introduction of a PP-Mz intercrop""","Market price of maize - seasonal high of maize market price led to lower profitability of legume-intercropped system; Gender: ""There are complex gender effects related to the legume systems
 (dashed arrow to the left in Fig. 5). Through application of a SI indicator framework we explicitly considered women's preferences for technologies, which provided novel insights at two locations (Figs. 2 and 4). Women are primarily responsible for growing crops for nutrition in Malawi and this should be taken into consideration if human nutrition is a policy goal. Indeed, we found that women ranked PP-Mz intercrops and DLRs substantially higher than men at two of the Africa RISING sites. When a legume becomes a cash crop, literature provides precedents whereby there is a shift towards male production of the crop and control of generated cash (Njuki et al., 2011). This could have negative impacts, if women and children are worse off due to legume crop sales and reduced consumption of legume products. Malawi's groundnut exports have increased by 18% per year from 2004 to 2014 (Edelman and Aberman, 2015).""; Labour requirements : ""Initial feedback from farmers is that harvesting pigeonpea requires an extra trip to the field during a time of processing the maize harvest (dashed double-lined arrow pointing down in Fig. 5), yet overall farmer ratings of labor requirements were similar across technologies ""","REALLY GOOD STUDY- ""Many assessments of SI technologies focus on tradeoffs, and commonly find inverse relationships between productivity and environmental services (Droppelmann et al., 2017). Our assessment used the SI framework to move beyond productivity vs. environment, to consider aspects of SI such as women's ratings of technologies, and modeled food security risks. Our results are consistent with others in that diversified SI technologies did not produce the highest amount of grain yield or income (Snapp et al., 2010), but were highly associated with conservation of resources. In addition, pigeonpea diversified technologies were highly ranked by women farmers at two out of three sites, and had no out-sized risks of food insecurity""","Table 5",NA,2,2,2,2,2,2,12
330,582,"Snapp S.S., Grabowski P., Chikowo R., Smith A., Anders E., Sirrine D., Chimonyo V., Bekunda M.",2018,"Maize yield and profitability tradeoffs with social, human and environmental performance: Is sustainable intensification feasible?","Snapp, S. S., Grabowski, P., Chikowo, R., Smith, A., Anders, E., Sirrine, D., . . . Bekunda, M. (2018). Maize yield and profitability tradeoffs with social, human and environmental performance: Is sustainable intensification feasible? Agricultural Systems, 162, 77-88. doi:10.1016/j.agsy.2018.01.014","Plot","Quantitative + Qualitative","Experiment (on farm)","RC","2012-2015","3","4","2","2","6","3","2-4","11-100","Yes","Yes",NA,"Malawi","Subsaharan Africa",1,"Linthipe,Malawi","Africa","LIC","-14.205708","34.096319999999999","Yes","""Sustainable intensification (SI) has been put forward as the pathway to address global requirements for food, fuel and fiber production, while simultaneously protecting environmental services and conserving resources"" ""Initial definitions put forward for SI focused primarily on agronomic production, profitability and protecting the environment (Baulcombe et al., 2009; Tilman et al., 2002). Recently there have been important efforts to broaden the definition of SI to include social aspects such as gender equity and human capacity (Godfray, 2015; Pretty et al., 2011; Loos et al., 2014). ""","Experiment (on farm)","Farmer-led + National policy (Malawi Government Maize Productivity Task Force (MPTF))","Farmer-led + policy","Intercropping","Intercrop",1,0,0,"Row","""The full suite of technologies evaluated in the mother trials included  maize grown at different fertilizer rates, manure and fertilizer applied to maize, intensified soybean (Glycine max L.) production (double rows, inoculum and micro-dosing of fertilizer), and maize intercropped with pigeonpea (Cajanus cajan (L.) Millsp.), and sequenced with a DLR, pigeonpea grown with an understory grain legume species (Snapp et al., 2010; Van Vugt et al., 2016). ""","Fertilizer rates/type",NA,"Grain / Pigeonpea","Maize","Pigeonpea",0,0,0,0,0,1,0,0,0,0,"0",NA,"34.5:4.5:0","Synthetic - below threshold","rainfed",2.73558914,"NA","NA","NA","NA","NA","NA","NA","NA","NA","NA","NA","1.1094272999999999","2.0161123999999999","NA","NA","2.7621923060000002","1.0643115999999999","NA",1.1021021,"NA","NA","NA","NA","4.3125","NA","2.030303","NA","Win-Win","Increased demand for intercrops by women","Food","Yes","Men/women","Food","women ""prefer the PP-Mz intercrop, presumably for direct access to the nutritious pigeonpea grain along with maize grain at this marginal site with moderate access to markets (Table 5 and Fig. 4).""","Yes- ""potential competition with maize, illustrated here by the high potential site – Linthipe - where maize yield was suppressed in a PP-Mz intercrop (Fig. 2). There is a maize yield penalty, although overall yield (combined maize and legume grain) is often maintained.""","Gender (Female farmers at two sites, Linthipe and Golomoti, preferred PP-Mz over all other technologies. Notably, a large majority of women at Golomoti prefer the PP-Mz intercrop, presumably for direct access to the nutritious pigeonpea grain along with maize grain at this marginal site with moderate access to markets); Reduced fertiliser requirements: ""The amount of fertilizer required to support farming system productivity was halved through the introduction of a PP-Mz intercrop...and halved again in a DLR rotation""","Uncertain labour requirements; potential crop-livestock conflict","Increased soil fertility","Knowledge of residue management practices: ""Currently many farmers burn residues, while others transport legume residues to the home with the harvest, where they may be consumed by livestock or composted (Mungai et al., 2016). More research is required to document farmer perceptions and practices around residue management but other studies in Malawi have indicated little knowledge regarding long-term negative consequences of burning residues, and widespread concerns about pests associated with residue incorporation practices ""","Market price of legume: ""Similar results were observed in Kenya, where an on-farm study evaluated economic performance of legume-diversified maize systems where legume:maize price ratios were varied from 1:1 to 4:1 (Rao and Mathuva, 2000). As the price of legume grain increased relative to maize, netpresent-value returns associated with a PP-Mz intercrop increased by ~20 to 80%, compared with continuous maize. A maize-DLR rotation system with a pigeonpea-cowpea intercrop, had modest returns relative to a PP-Mz intercrop, with the exception of the highest (4:1) legume:maize price ratio where DLR performed well (Rao and Mathuva, 2000). Similarly, in our study the DLR system performed as well as the PP-Mz intercrop but only at high legume grain prices""; Legume crop traits e.g. productivity: ""The long duration of growth, indeterminant yield production, combined with soil cover from senesce of pigeonpea leaves (which drops leaves throughout the growing season), together these traits may contribute to environmental services and buffering of risk economically.""; Reduced requirements for fertiliser: ""The amount of fertilizer required to support farming system productivity was halved through the introduction of a PP-Mz intercrop""","Market price of maize - seasonal high of maize market price led to lower profitability of legume-intercropped system; Gender: ""There are complex gender effects related to the legume systems
 (dashed arrow to the left in Fig. 5). Through application of a SI indicator framework we explicitly considered women's preferences for technologies, which provided novel insights at two locations (Figs. 2 and 4). Women are primarily responsible for growing crops for nutrition in Malawi and this should be taken into consideration if human nutrition is a policy goal. Indeed, we found that women ranked PP-Mz intercrops and DLRs substantially higher than men at two of the Africa RISING sites. When a legume becomes a cash crop, literature provides precedents whereby there is a shift towards male production of the crop and control of generated cash (Njuki et al., 2011). This could have negative impacts, if women and children are worse off due to legume crop sales and reduced consumption of legume products. Malawi's groundnut exports have increased by 18% per year from 2004 to 2014 (Edelman and Aberman, 2015).""; Labour requirements : ""Initial feedback from farmers is that harvesting pigeonpea requires an extra trip to the field during a time of processing the maize harvest (dashed double-lined arrow pointing down in Fig. 5), yet overall farmer ratings of labor requirements were similar across technologies ""","REALLY GOOD STUDY- ""Many assessments of SI technologies focus on tradeoffs, and commonly find inverse relationships between productivity and environmental services (Droppelmann et al., 2017). Our assessment used the SI framework to move beyond productivity vs. environment, to consider aspects of SI such as women's ratings of technologies, and modeled food security risks. Our results are consistent with others in that diversified SI technologies did not produce the highest amount of grain yield or income (Snapp et al., 2010), but were highly associated with conservation of resources. In addition, pigeonpea diversified technologies were highly ranked by women farmers at two out of three sites, and had no out-sized risks of food insecurity""","Table 3",NA,2,2,2,2,2,2,12
331,582,"Snapp S.S., Grabowski P., Chikowo R., Smith A., Anders E., Sirrine D., Chimonyo V., Bekunda M.",2018,"Maize yield and profitability tradeoffs with social, human and environmental performance: Is sustainable intensification feasible?","Snapp, S. S., Grabowski, P., Chikowo, R., Smith, A., Anders, E., Sirrine, D., . . . Bekunda, M. (2018). Maize yield and profitability tradeoffs with social, human and environmental performance: Is sustainable intensification feasible? Agricultural Systems, 162, 77-88. doi:10.1016/j.agsy.2018.01.015","Plot","Quantitative + Qualitative","Experiment (on farm)","RC","2012-2015","3","4","2","2","6","3","2-4","11-100","Yes","Yes",NA,"Malawi","Subsaharan Africa",1,"Linthipe,Malawi","Africa","LIC","-14.205708","34.096319999999999","Yes","""Sustainable intensification (SI) has been put forward as the pathway to address global requirements for food, fuel and fiber production, while simultaneously protecting environmental services and conserving resources"" ""Initial definitions put forward for SI focused primarily on agronomic production, profitability and protecting the environment (Baulcombe et al., 2009; Tilman et al., 2002). Recently there have been important efforts to broaden the definition of SI to include social aspects such as gender equity and human capacity (Godfray, 2015; Pretty et al., 2011; Loos et al., 2014). ""","Experiment (on farm)","Farmer-led + National policy (Malawi Government Maize Productivity Task Force (MPTF))","Farmer-led + policy","Intercropping","Intercrop",1,1,0,"Row","""The full suite of technologies evaluated in the mother trials included  maize grown at different fertilizer rates, manure and fertilizer applied to maize, intensified soybean (Glycine max L.) production (double rows, inoculum and micro-dosing of fertilizer), and maize intercropped with pigeonpea (Cajanus cajan (L.) Millsp.), and sequenced with a DLR, pigeonpea grown with an understory grain legume species (Snapp et al., 2010; Van Vugt et al., 2016). ""","Fertilizer rates/type",NA,"Grain / Groundnut + Pigeonpea + Soybean","Maize","Multiple",0,0,1,0,0,1,0,0,1,0,"0",NA,"17.3:2.3:0","Synthetic - below threshold","rainfed",1.82935376,"NA","NA","NA","NA","NA","NA","NA","NA","NA","NA","NA","1.0700004000000001","1.7262985","NA","NA","2.0195198539999999","1.0643115999999999","NA",1.039039,"NA","NA","NA","NA","4.6875","NA","1.5151515","NA","Win-Win","Increased demand for intercrops by women","Food","Yes","Men/women","Food","women ""prefer the PP-Mz intercrop, presumably for direct access to the nutritious pigeonpea grain along with maize grain at this marginal site with moderate access to markets (Table 5 and Fig. 4).""","Yes","Gender (Female farmers at two sites, Linthipe and Golomoti, preferred PP-Mz over all other technologies. Notably, a large majority of women at Golomoti prefer the PP-Mz intercrop, presumably for direct access to the nutritious pigeonpea grain along with maize grain at this marginal site with moderate access to markets); Reduced fertiliser requirements: ""The amount of fertilizer required to support farming system productivity was halved through the introduction of a PP-Mz intercrop...and halved again in a DLR rotation""","Uncertain labour requirements; potential crop-livestock conflict","Increased soil fertility","Knowledge of residue management practices: ""Currently many farmers burn residues, while others transport legume residues to the home with the harvest, where they may be consumed by livestock or composted (Mungai et al., 2016). More research is required to document farmer perceptions and practices around residue management but other studies in Malawi have indicated little knowledge regarding long-term negative consequences of burning residues, and widespread concerns about pests associated with residue incorporation practices ""","Market price of legume: ""Similar results were observed in Kenya, where an on-farm study evaluated economic performance of legume-diversified maize systems where legume:maize price ratios were varied from 1:1 to 4:1 (Rao and Mathuva, 2000). As the price of legume grain increased relative to maize, netpresent-value returns associated with a PP-Mz intercrop increased by ~20 to 80%, compared with continuous maize. A maize-DLR rotation system with a pigeonpea-cowpea intercrop, had modest returns relative to a PP-Mz intercrop, with the exception of the highest (4:1) legume:maize price ratio where DLR performed well (Rao and Mathuva, 2000). Similarly, in our study the DLR system performed as well as the PP-Mz intercrop but only at high legume grain prices""; Legume crop traits e.g. productivity: ""The long duration of growth, indeterminant yield production, combined with soil cover from senesce of pigeonpea leaves (which drops leaves throughout the growing season), together these traits may contribute to environmental services and buffering of risk economically.""; Reduced requirements for fertiliser: ""The amount of fertilizer required to support farming system productivity was halved through the introduction of a PP-Mz intercrop""","Market price of maize - seasonal high of maize market price led to lower profitability of legume-intercropped system; Gender: ""There are complex gender effects related to the legume systems
 (dashed arrow to the left in Fig. 5). Through application of a SI indicator framework we explicitly considered women's preferences for technologies, which provided novel insights at two locations (Figs. 2 and 4). Women are primarily responsible for growing crops for nutrition in Malawi and this should be taken into consideration if human nutrition is a policy goal. Indeed, we found that women ranked PP-Mz intercrops and DLRs substantially higher than men at two of the Africa RISING sites. When a legume becomes a cash crop, literature provides precedents whereby there is a shift towards male production of the crop and control of generated cash (Njuki et al., 2011). This could have negative impacts, if women and children are worse off due to legume crop sales and reduced consumption of legume products. Malawi's groundnut exports have increased by 18% per year from 2004 to 2014 (Edelman and Aberman, 2015).""; Labour requirements : ""Initial feedback from farmers is that harvesting pigeonpea requires an extra trip to the field during a time of processing the maize harvest (dashed double-lined arrow pointing down in Fig. 5), yet overall farmer ratings of labor requirements were similar across technologies ""","REALLY GOOD STUDY- ""Many assessments of SI technologies focus on tradeoffs, and commonly find inverse relationships between productivity and environmental services (Droppelmann et al., 2017). Our assessment used the SI framework to move beyond productivity vs. environment, to consider aspects of SI such as women's ratings of technologies, and modeled food security risks. Our results are consistent with others in that diversified SI technologies did not produce the highest amount of grain yield or income (Snapp et al., 2010), but were highly associated with conservation of resources. In addition, pigeonpea diversified technologies were highly ranked by women farmers at two out of three sites, and had no out-sized risks of food insecurity""","Table 3",NA,2,2,2,2,2,2,12
215,422,"Ngwira A.R., Thierfelder C., Lambert D.M.",2013,"Conservation agriculture systems for Malawian smallholder farmers: Long-term effects on crop productivity, profitability and soil quality","Ngwira, A. R., Thierfelder, C., & Lambert, D. M. (2012). Conservation agriculture systems for Malawian smallholder farmers: long-term effects on crop productivity, profitability and soil quality. Renewable Agriculture and Food Systems, 28(4), 350-363. doi:10.1017/s1742170512000257","Field","Quantitative","Participatory Action Research","RC","2005-2011","6","3","1","2","6","2","5-10","11-100","Yes","Yes","Poverty","Malawi","Subsaharan Africa",1,"Zidyana","Africa","LIC","-12.843420206391199","34.187862659719997","No",NA,"Experiment (on farm)","Farmer-led","Farmer-led","Intercropping: cereal-legume + rotation: cereal-legume","Intercrop-Rotation",1,0,0,"Row","Conservation agriculture + herbicides","Tillage practices","Pest management","Grain / Cowpea","Maize","Cowpea",0,1,0,0,0,0,0,0,0,0,"0",NA,"69:21:00","Synthetic - below threshold","rainfed",1.11590643274854,"NA","NA","NA","NA","NA","NA","NA","NA","1.0081190798376183","NA","0.75592652070490707","NA","1.2525896972097061","NA","NA","0.93048794294124304","NA","NA",0.761904761904762,"NA","NA","NA","NA","NA","NA","NA","NA","Mix-Lose","NA","NA","NA","NA","NA","NA","NA","NA","Farmers are hesitant to grow more legumes if there are no readily available markets for the sale of produce","Conservation agriculture (combination of differences in tillage and land preparation methods, residue management, cropping systems and weed control strategies): ""Mulch cover improved water infiltration even after the first season, especially under drier or moisture-limited conditions, thereby improving the effect on soil water balance""","Pest infestation and rainfall variability with dry spells caused grain yields lower than the potential: ""inadequate number of sprays against insect pests such as aphids (Aphis gossypii) and elegant grasshoppers (Dichromorpha elegans) as well as dry spells causing flower abortion""","NA","Dry spells (rainfall variability)","biodiversity: Differences between treatments in the faunal groups of earthworm and termites were only observed in Zidyana (Table 5). At Lemu, spatial variability of these faunal groups was too large to detect any significant difference between treatments. In Zidyana, the earthworm population was highest (48earthwormsm−2) in CAM, followed by CAML (40earthwormsm−2) and lowest (9earthwormsm−2) in CPM treatment. At both sites centipede populations were higher in the top 30cm of soil of CAM than CPM, whereas the rest of the faunal populations did not show significant difference between treatments.","Figure 5+Table 1 (Yield); Table 6 (H2O infoltration); Table 4 (Soil organic C); Figure 6 (Biomass); Table 5 (Biodiversity); Table 3 (Income)",NA,2,2,2,2,2,2,12
260,496,"Rao M.R., Mathuva M.N.",2000,"Legumes for improving maize yields and income in semi-arid Kenya","Rao, M. R., & Mathuva, M. N. (2000). Legumes for improving maize yields and income in semi-arid Kenya. Agriculture, Ecosystems & Environment, 78(2), 123-137. doi:10.1016/s0167-8809(99)00125-5","Plot","Quantitative","Experiment (research station)","E/M","1989-1996","7","6","5","1","3","1","5-10","3-4","Yes","Yes","High population density, nutrient depletion, no rotations, legumes improve soilfertility, biomass, and profit","Kenya","Subsaharan Africa",1,"International Centre for Research in Agroforestry (ICRAF) at Machakos","Africa","LMIC","-1.55","37.233333000000002","No",NA,"Experiment (research station)","Researcher-led","Researcher-led","Rotation+ Intercropping (legume+cereal)","Intercrop-Rotation",1,0,1,"Row","Existing farmers' practices","Existing farmers' practices",NA,"Grain / Cowpea","Maize","Cowpea",0,1,0,0,0,0,0,0,0,0,"0","0","No fertiliser used","No synthetic","rainfed",1.50813008130081,"NA","NA","NA","NA","NA","NA","NA","NA","NA","NA","NA","1.6027627733994509","NA","NA","NA","1.3150803998261624","NA","NA",1.0042735042735,"NA","NA","NA","NA","NA","NA","NA","NA","Win-Win","YES","Legumes rotation and intercropping is more profitable for farmers, in
terms of returns to land and labour","NA","NA","NA","NA","NA","Grain legumes usually command two to four
times the price of maize and are marketed easily
in most tropical countries, including Kenya. As maize is more sensitive to drought than grain
legumes, which occurs frequently in the semi-arid
tropics, systems involving grain legumes are likely
to be less risky and more attractive to farmers than
continuous cultivation of maize","NA","NA","Pests affecting legumes","Grain legumes usually command two to four
times the price of maize and are marketed easily
in most tropical countries, including Kenya.","NA","The study leads to the conclusion that cropping systems
based on grain legumes are more profitable, in
terms of returns to land and labour, than continuous
cropping of cereals with or without green manuring
and hedgerow intercropping in semi-arid tropics. The
choice between cowpea and pigeonpea is a matter of
farmers’ preference for home consumption, market
prices and long-term rotational needs to avoid pests
and diseases. See Supporting Calculations Tab","Supporting calculation. Table 2-Maize grain yield (t ha−1), Table3-grain yields of legumes, Table7.Costs&net benefits, Table6.inorganic nitrogen",NA,2,2,2,2,2,2,12
261,496,"Rao M.R., Mathuva M.N.",2000,"Legumes for improving maize yields and income in semi-arid Kenya","Rao, M. R., & Mathuva, M. N. (2000). Legumes for improving maize yields and income in semi-arid Kenya. Agriculture, Ecosystems & Environment, 78(2), 123-137. doi:10.1016/s0167-8809(99)00125-6","Plot","Quantitative","Experiment (research station)","E/M","1989-1996","7","6","5","1","3","1","5-10","3-4","Yes","Yes","High population density, nutrient depletion, no rotations, legumes improve soilfertility, biomass, and profit","Kenya","Subsaharan Africa",1,"International Centre for Research in Agroforestry (ICRAF) at Machakos","Africa","LMIC","-1.55","37.233333000000002","No",NA,"Experiment (research station)","Researcher-led","Researcher-led","Rotation + Intercropping (legume+legume)","Intercrop-Rotation",1,0,1,"Row","Existing farmers' practices","Existing farmers' practices",NA,"Grain / Cowpea + Pigeonpea","Maize","Multiple",0,1,0,0,0,1,0,0,0,0,"0","0","No fertiliser used","No synthetic","rainfed",1.52032520325203,"NA","NA","NA","NA","NA","NA","NA","NA","NA","NA","NA","0.9747992245915259","NA","NA","NA","1.485006518904824","NA","NA",1.14957264957265,"NA","NA","NA","NA","NA","NA","NA","NA","Mix-Win","YES","Legumes rotation and intercropping is more profitable for farmers, in
terms of returns to land and labour","NA","NA","NA","NA","NA","Grain legumes usually command two to four
times the price of maize and are marketed easily
in most tropical countries, including Kenya. As maize is more sensitive to drought than grain
legumes, which occurs frequently in the semi-arid
tropics, systems involving grain legumes are likely
to be less risky and more attractive to farmers than
continuous cultivation of maize. Pigeonpea is more profitable because
they required less labour for cultivation","NA","Weather- Optimum rainfall","Pests affecting legumes","Grain legumes usually command two to four
times the price of maize and are marketed easily
in most tropical countries, including Kenya.","NA","The study leads to the conclusion that cropping systems
based on grain legumes are more profitable, in
terms of returns to land and labour, than continuous
cropping of cereals with or without green manuring
and hedgerow intercropping in semi-arid tropics. The
choice between cowpea and pigeonpea is a matter of
farmers’ preference for home consumption, market
prices and long-term rotational needs to avoid pests
and diseases. See Supporting Calculations Tab","Table 2-Maize grain yield (t ha−1), Table3-grain yields of legumes, Table7.Costs&net benefits, Table6.inorganic nitrogen",NA,2,2,2,2,2,2,12
262,496,"Rao M.R., Mathuva M.N.",2000,"Legumes for improving maize yields and income in semi-arid Kenya","Rao, M. R., & Mathuva, M. N. (2000). Legumes for improving maize yields and income in semi-arid Kenya. Agriculture, Ecosystems & Environment, 78(2), 123-137. doi:10.1016/s0167-8809(99)00125-7","Plot","Quantitative","Experiment (research station)","E/M","1989-1996","7","6","5","1","3","1","5-10","3-4","Yes","Yes","High population density, nutrient depletion, no rotations, legumes improve soilfertility, biomass, and profit","Kenya","Subsaharan Africa",1,"International Centre for Research in Agroforestry (ICRAF) at Machakos","Africa","LMIC","-1.55","37.233333000000002","No",NA,"Experiment (research station)","Researcher-led","Researcher-led","Intercropping (Cereal-legume)","Intercrop",1,0,0,"Row","Existing farmers' practices","Existing farmers' practices",NA,"Grain / Pigeonpea","Maize","Pigeonpea",0,0,0,0,0,1,0,0,0,0,"0","0","No fertiliser used","No synthetic","rainfed",1.5609756097561,"NA","NA","NA","NA","NA","NA","NA","NA","NA","NA","NA","1.5021686237173382","NA","NA","NA","1.4941329856584094","NA","NA",1.31623931623932,"NA","NA","NA","NA","NA","NA","NA","NA","Mix-Win","YES","Legumes rotation and intercropping is more profitable for farmers, in
terms of returns to land and labour","NA","NA","NA","NA","NA","Grain legumes usually command two to four
times the price of maize and are marketed easily
in most tropical countries, including Kenya. As maize is more sensitive to drought than grain
legumes, which occurs frequently in the semi-arid
tropics, systems involving grain legumes are likely
to be less risky and more attractive to farmers than
continuous cultivation of maize. Pigeonpea is more profitable because
they required less labour for cultivation","NA","NA","Pests affecting legumes","Grain legumes usually command two to four
times the price of maize and are marketed easily
in most tropical countries, including Kenya.","NA","The study leads to the conclusion that cropping systems
based on grain legumes are more profitable, in
terms of returns to land and labour, than continuous
cropping of cereals with or without green manuring
and hedgerow intercropping in semi-arid tropics. The
choice between cowpea and pigeonpea is a matter of
farmers’ preference for home consumption, market
prices and long-term rotational needs to avoid pests
and diseases. See Supporting Calculations Tab","Table 2-Maize grain yield (t ha−1), Table3-grain yields of legumes, Table7.Costs&net benefits, Table6.inorganic nitrogen",NA,2,2,2,2,2,2,12
226,435,"Ojiem J.O., Franke A.C., Vanlauwe B., de Ridder N., Giller K.E.",2014,"Benefits of legume-maize rotations: Assessing the impact of diversity on the productivity of smallholders in Western Kenya","Ojiem, J. O., Franke, A. C., Vanlauwe, B., de Ridder, N., & Giller, K. E. (2014). Benefits of legume–maize rotations: Assessing the impact of diversity on the productivity of smallholders in Western Kenya. Field Crops Research, 168, 75-85. doi:10.1016/j.fcr.2014.08.010","Plot","Quantitative","Experiment (on farm)","E/M","2003-2004","2","12","6","6","2","1","2-4","1-2","Yes","Yes","Soil degradation & low soil fertility, poverty, inequity (biophysical and socio-economic heterogeneity in smallholder systems","Kenya","Subsaharan Africa",1,"Majengo","Africa","LMIC","0","34.683332999999998","Yes","""enhance system productivity""","Experiment (on farm)","Farmer-led","Farmer-led","Rotation","Rotation",1,0,0,"Rotation","Existing farmers' practices (green manures, no rhizobium innoculation)","Existing farmers' practices",NA,"Grain / Soybean","Maize","Soybean",0,0,0,0,0,0,0,0,1,0,"0",NA,"2.0833333333333332E-2","Synthetic - below threshold","rainfed",1.1239872,"NA","NA","NA","NA","NA","NA","NA","NA","NA","NA","NA","NA","NA","NA","NA","1.71755725","NA","NA",0.674033,"NA","NA","NA","NA","NA","NA","NA","NA","Win-Mix","NA","NA","NA","NA","NA","NA","NA","NA","Diminishing returns to increasing legume-N application rates, and less returns in lower rainfall areas: ""while legumes offer scope to immediately improve productivity and economic returns also in low potential areas and fields, the relatively poor responses and the time and investments that are probably required to improve responses are likely to impede adoption.""","Biophysical conditions: ""The productivity of legumes and maize varied with AEZ and soil fertility status.""; History of management: . Soil C and available P were generally greater in fields in higher fertility classes - trial fields in better soil fertility classes had received more organic inputs in the past (e.g. animal manure application)","Soil health: shallow soils or poor drainage, which was not captured through soil analyses","type of legume and N-fixing capabilities: ""superior returns of rotations with soybean and groundnut were due to the higher prices of these crops, relative to bean, and probably the poor N fixation rate by bean"", but ""Under low fertility conditions and in AEZ3, the differences in yield between legumes (in absolute terms) were less pronounced (i.e. all yields were small) than under high fertility and high rainfall conditions (AEZ1 and AEZ2)""; combination of high soil feritlity with high rainfall, or low soil fertility with low rainfall: ""In the trial, fertile fields and AEZs with higher rainfall generally
 provided higher returns to land and labour than poorly fertile fields.""",NA,"AEZ2 - medium rainfall area","Yield from Table 4, Economic returns from Table 7, Labour from Table 6",NA,1,2,2,2,2,2,11
227,435,"Ojiem J.O., Franke A.C., Vanlauwe B., de Ridder N., Giller K.E.",2014,"Benefits of legume-maize rotations: Assessing the impact of diversity on the productivity of smallholders in Western Kenya","Ojiem, J. O., Franke, A. C., Vanlauwe, B., de Ridder, N., & Giller, K. E. (2014). Benefits of legume–maize rotations: Assessing the impact of diversity on the productivity of smallholders in Western Kenya. Field Crops Research, 168, 75-85. doi:10.1016/j.fcr.2014.08.011","Plot","Quantitative","Experiment (on farm)","E/M","2003-2004","2","12","6","6","2","1","2-4","1-2","Yes","Yes","Soil degradation & low soil fertility, poverty, inequity (biophysical and socio-economic heterogeneity in smallholder systems","Kenya","Subsaharan Africa",1,"Majengo","Africa","LMIC","0","34.683332999999998","Yes","""enhance system productivity""","Experiment (on farm)","Farmer-led","Farmer-led","Rotation + Intercropping","Intercrop-Rotation",1,0,0,"Row","Existing farmers' practices (green manures, no rhizobium innoculation)","Existing farmers' practices",NA,"Grain / Common bean + Soybean","Maize","Multiple",0,0,0,0,0,0,0,1,1,0,"0",NA,"2.0833333333333332E-2","Synthetic - below threshold","rainfed",1.2631967,"NA","NA","NA","NA","NA","NA","NA","NA","NA","NA","NA","NA","NA","NA","NA","1.7862595400000001","NA","NA",0.770718,"NA","NA","NA","NA","NA","NA","NA","NA","Win-Mix","NA","NA","NA","NA","NA","NA","NA","NA","Diminishing returns to increasing legume-N application rates, and less returns in lower rainfall areas: ""while legumes offer scope to immediately improve productivity and economic returns also in low potential areas and fields, the relatively poor responses and the time and investments that are probably required to improve responses are likely to impede adoption.""","Rainfall and soil fertility: ""Intercropping bean with maize in the long rains season provided an additional bean yield that did not come at the expense of maize yield and improved returns to land and labour, but more so in the high potential zones.""; Biophysical conditions: ""The productivity of legumes and maize varied with AEZ and soil fertility status.""; History of management: . Soil C and available P were generally greater in fields in higher fertility classes - trial fields in better soil fertility classes had received more organic inputs in the past (e.g. animal manure application)","Soil health: shallow soils or poor drainage, which was not captured through soil analyses","type of legume and N-fixing capabilities: ""superior returns of rotations with soybean and groundnut were due to the higher prices of these crops, relative to bean, and probably the poor N fixation rate by bean"", but ""Under low fertility conditions and in AEZ3, the differences in yield between legumes (in absolute terms) were less pronounced (i.e. all yields were small) than under high fertility and high rainfall conditions (AEZ1 and AEZ2)""; combination of high soil feritlity with high rainfall, or low soil fertility with low rainfall: ""In the trial, fertile fields and AEZs with higher rainfall generally
 provided higher returns to land and labour than poorly fertile fields.""",NA,"AEZ2 - medium rainfall area","Yield from Table 4, Economic returns from Table 7, Labour from Table 6",NA,1,2,2,2,2,2,11
228,435,"Ojiem J.O., Franke A.C., Vanlauwe B., de Ridder N., Giller K.E.",2014,"Benefits of legume-maize rotations: Assessing the impact of diversity on the productivity of smallholders in Western Kenya","Ojiem, J. O., Franke, A. C., Vanlauwe, B., de Ridder, N., & Giller, K. E. (2014). Benefits of legume–maize rotations: Assessing the impact of diversity on the productivity of smallholders in Western Kenya. Field Crops Research, 168, 75-85. doi:10.1016/j.fcr.2014.08.012","Plot","Quantitative","Experiment (on farm)","E/M","2003-2004","2","12","6","6","2","1","2-4","1-2","Yes","Yes","Soil degradation & low soil fertility, poverty, inequity (biophysical and socio-economic heterogeneity in smallholder systems","Kenya","Subsaharan Africa",1,"Majengo","Africa","LMIC","0","34.683332999999998","Yes","""enhance system productivity""","Experiment (on farm)","Farmer-led","Farmer-led","Rotation","Rotation",1,0,0,"Rotation","Existing farmers' practices (green manures, no rhizobium innoculation)","Existing farmers' practices",NA,"Grain / Groundnut","Maize","Groundnut",0,0,1,0,0,0,0,0,0,0,"0",NA,"2.0833333333333332E-2","Synthetic - below threshold","rainfed",1.3007611,"NA","NA","NA","NA","NA","NA","NA","NA","NA","NA","NA","NA","NA","NA","NA","1.83206107","NA","NA",0.640884,"NA","NA","NA","NA","NA","NA","NA","NA","Win-Mix","NA","NA","NA","NA","NA","NA","NA","NA","Diminishing returns to increasing legume-N application rates, and less returns in lower rainfall areas: ""while legumes offer scope to immediately improve productivity and economic returns also in low potential areas and fields, the relatively poor responses and the time and investments that are probably required to improve responses are likely to impede adoption.""","Biophysical conditions: ""The productivity of legumes and maize varied with AEZ and soil
 fertility status.""; History of management: . Soil C and available P were generally greater in fields in higher fertility classes - trial fields in better soil fertility classes had received more organic inputs in the past (e.g. animal manure application)","Soil health: shallow soils or poor drainage, which was not captured through soil analyses","type of legume and N-fixing capabilities: ""superior returns of rotations with soybean and groundnut were due to the higher prices of these crops, relative to bean, and probably the poor N fixation rate by bean"", but ""Under low fertility conditions and in AEZ3, the differences in yield between legumes (in absolute terms) were less pronounced (i.e. all yields were small) than under high fertility and high rainfall conditions (AEZ1 and AEZ2)""; combination of high soil feritlity with high rainfall, or low soil fertility with low rainfall: ""In the trial, fertile fields and AEZs with higher rainfall generally
 provided higher returns to land and labour than poorly fertile fields.""",NA,"AEZ2 - medium rainfall area","Yield from Table 4, Economic returns from Table 7, Labour from Table 6",NA,1,2,2,2,2,2,11
229,435,"Ojiem J.O., Franke A.C., Vanlauwe B., de Ridder N., Giller K.E.",2014,"Benefits of legume-maize rotations: Assessing the impact of diversity on the productivity of smallholders in Western Kenya","Ojiem, J. O., Franke, A. C., Vanlauwe, B., de Ridder, N., & Giller, K. E. (2014). Benefits of legume–maize rotations: Assessing the impact of diversity on the productivity of smallholders in Western Kenya. Field Crops Research, 168, 75-85. doi:10.1016/j.fcr.2014.08.013","Plot","Quantitative","Experiment (on farm)","E/M","2003-2004","2","12","6","6","2","1","2-4","1-2","Yes","Yes","Soil degradation & low soil fertility, poverty, inequity (biophysical and socio-economic heterogeneity in smallholder systems","Kenya","Subsaharan Africa",1,"Majengo","Africa","LMIC","0","34.683332999999998","Yes","""enhance system productivity""","Experiment (on farm)","Farmer-led","Farmer-led","Rotation","Rotation",1,0,0,"Rotation","different soil fertility status for different Agroeconological zones","Soil fertility",NA,"Grain / Common bean","Maize","Common bean",0,0,0,0,0,0,0,1,0,0,"0",NA,"2.0833333333333332E-2","Synthetic - below threshold","rainfed",0.821262,"NA","NA","NA","NA","NA","NA","NA","NA","NA","NA","NA","NA","NA","NA","NA","1.00763359","NA","NA",0.867403,"NA","NA","NA","NA","NA","NA","NA","NA","Lose-Mix","NA","NA","NA","NA","NA","NA","NA","NA","Diminishing returns to increasing legume-N application rates, and less returns in lower rainfall areas: ""while legumes offer scope to immediately improve productivity and economic returns also in low potential areas and fields, the relatively poor responses and the time and investments that are probably required to improve responses are likely to impede adoption.""","Biophysical conditions: ""The productivity of legumes and maize varied with AEZ and soil
 fertility status.""; History of management: . Soil C and available P were generally greater in fields in higher fertility classes - trial fields in better soil fertility classes had received more organic inputs in the past (e.g. animal manure application)","Soil health: shallow soils or poor drainage, which was not captured through soil analyses","type of legume and N-fixing capabilities: ""superior returns of rotations with soybean and groundnut were due to the higher prices of these crops, relative to bean, and probably the poor N fixation rate by bean"", but ""Under low fertility conditions and in AEZ3, the differences in yield between legumes (in absolute terms) were less pronounced (i.e. all yields were small) than under high fertility and high rainfall conditions (AEZ1 and AEZ2)""; combination of high soil feritlity with high rainfall, or low soil fertility with low rainfall: ""In the trial, fertile fields and AEZs with higher rainfall generally
 provided higher returns to land and labour than poorly fertile fields.""","Absence of bean inoculation","AEZ2 - medium rainfall area","Yield from Table 4, Economic returns from Table 7, Labour from Table 6",NA,1,2,2,2,2,2,11
230,435,"Ojiem J.O., Franke A.C., Vanlauwe B., de Ridder N., Giller K.E.",2014,"Benefits of legume-maize rotations: Assessing the impact of diversity on the productivity of smallholders in Western Kenya","Ojiem, J. O., Franke, A. C., Vanlauwe, B., de Ridder, N., & Giller, K. E. (2014). Benefits of legume–maize rotations: Assessing the impact of diversity on the productivity of smallholders in Western Kenya. Field Crops Research, 168, 75-85. doi:10.1016/j.fcr.2014.08.014","Plot","Quantitative","Experiment (on farm)","E/M","2003-2004","2","12","6","6","2","1","2-4","1-2","Yes","Yes","Soil degradation & low soil fertility, poverty, inequity (biophysical and socio-economic heterogeneity in smallholder systems","Kenya","Subsaharan Africa",1,"Majengo","Africa","LMIC","0","34.683332999999998","Yes","""enhance system productivity""","Experiment (on farm)","Farmer-led","Farmer-led","Rotation","Rotation",1,0,0,"Rotation","Existing farmers' practices (green manures, no rhizobium innoculation)","Existing farmers' practices",NA,"Grain / Lima bean","Maize","Other",0,0,0,0,0,0,0,0,0,0,"Lima bean","Lima bean","2.0833333333333332E-2","Synthetic - below threshold","rainfed",1.057697,"NA","NA","NA","NA","NA","NA","NA","NA","NA","NA","NA","NA","NA","NA","NA","1.16793893","NA","NA",0.756906,"NA","NA","NA","NA","NA","NA","NA","NA","Win-Mix","NA","NA","NA","NA","NA","NA","NA","NA","Diminishing returns to increasing legume-N application rates, and less returns in lower rainfall areas: ""while legumes offer scope to immediately improve productivity and economic returns also in low potential areas and fields, the relatively poor responses and the time and investments that are probably required to improve responses are likely to impede adoption.""; Seed availability of newer legumes (lima beans, lablab): ""Seed availability is likely to be a major limitation to adoption of these relatively new legumes""","Biophysical conditions: ""The productivity of legumes and maize varied with AEZ and soil
 fertility status.""; History of management: . Soil C and available P were generally greater in fields in higher fertility classes - trial fields in better soil fertility classes had received more organic inputs in the past (e.g. animal manure application)","Soil health: shallow soils or poor drainage, which was not captured through soil analyses","type of legume and N-fixing capabilities: ""superior returns of rotations with soybean and groundnut were due to the higher prices of these crops, relative to bean, and probably the poor N fixation rate by bean"", but ""Under low fertility conditions and in AEZ3, the differences in yield between legumes (in absolute terms) were less pronounced (i.e. all yields were small) than under high fertility and high rainfall conditions (AEZ1 and AEZ2)""; combination of high soil feritlity with high rainfall, or low soil fertility with low rainfall: ""In the trial, fertile fields and AEZs with higher rainfall generally
 provided higher returns to land and labour than poorly fertile fields.""","Unflexible markets for new bean products """"Lima bean and lablab are relatively new legume species in western Kenya and markets may be inelastic if many farmers increase their production""","AEZ2 - medium rainfall area","Yield from Table 4, Economic returns from Table 7, Labour from Table 6",NA,1,2,2,2,2,2,11
231,435,"Ojiem J.O., Franke A.C., Vanlauwe B., de Ridder N., Giller K.E.",2014,"Benefits of legume-maize rotations: Assessing the impact of diversity on the productivity of smallholders in Western Kenya","Ojiem, J. O., Franke, A. C., Vanlauwe, B., de Ridder, N., & Giller, K. E. (2014). Benefits of legume–maize rotations: Assessing the impact of diversity on the productivity of smallholders in Western Kenya. Field Crops Research, 168, 75-85. doi:10.1016/j.fcr.2014.08.015","Plot","Quantitative","Experiment (on farm)","E/M","2003-2004","2","12","6","6","2","1","2-4","1-2","Yes","Yes","Soil degradation & low soil fertility, poverty, inequity (biophysical and socio-economic heterogeneity in smallholder systems","Kenya","Subsaharan Africa",1,"Majengo","Africa","LMIC","0","34.683332999999998","Yes","""enhance system productivity""","Experiment (on farm)","Farmer-led","Farmer-led","Rotation","Rotation",1,0,0,"Rotation","Existing farmers' practices (green manures, no rhizobium innoculation)","Existing farmers' practices",NA,"Grain / Lablab","Maize","Other",0,0,0,0,0,0,0,0,0,0,"Lablab",NA,"2.0833333333333332E-2","Synthetic - below threshold","rainfed",1.5173091,"NA","NA","NA","NA","NA","NA","NA","NA","NA","NA","NA","NA","NA","NA","NA","1.6717557300000001","NA","NA",0.939227,"NA","NA","NA","NA","NA","NA","NA","NA","Win-Mix","NA","NA","NA","NA","NA","NA","NA","NA","Diminishing returns to increasing legume-N application rates, and less returns in lower rainfall areas: ""while legumes offer scope to immediately improve productivity and economic returns also in low potential areas and fields, the relatively poor responses and the time and investments that are probably required to improve responses are likely to impede adoption.""; Seed availability of newer legumes (lima beans, lablab): ""Seed availability is likely to be a major limitation to adoption of these relatively new legumes""","Biophysical conditions: ""The productivity of legumes and maize varied with AEZ and soil
 fertility status.""; History of management: . Soil C and available P were generally greater in fields in higher fertility classes - trial fields in better soil fertility classes had received more organic inputs in the past (e.g. animal manure application)","Soil health: shallow soils or poor drainage, which was not captured through soil analyses","type of legume and N-fixing capabilities: ""superior returns of rotations with soybean and groundnut were due to the higher prices of these crops, relative to bean, and probably the poor N fixation rate by bean"", but ""Under low fertility conditions and in AEZ3, the differences in yield between legumes (in absolute terms) were less pronounced (i.e. all yields were small) than under high fertility and high rainfall conditions (AEZ1 and AEZ2)""; combination of high soil feritlity with high rainfall, or low soil fertility with low rainfall: ""In the trial, fertile fields and AEZs with higher rainfall generally
 provided higher returns to land and labour than poorly fertile fields.""","Unflexible markets for new bean products """"Lima bean and lablab are relatively new legume species in western Kenya and markets may be inelastic if many farmers increase their production""","AEZ2 - medium rainfall area","Yield from Table 4, Economic returns from Table 7, Labour from Table 6",NA,1,2,2,2,2,2,11
233,435,"Ojiem J.O., Franke A.C., Vanlauwe B., de Ridder N., Giller K.E.",2014,"Benefits of legume-maize rotations: Assessing the impact of diversity on the productivity of smallholders in Western Kenya","Ojiem, J. O., Franke, A. C., Vanlauwe, B., de Ridder, N., & Giller, K. E. (2014). Benefits of legume–maize rotations: Assessing the impact of diversity on the productivity of smallholders in Western Kenya. Field Crops Research, 168, 75-85. doi:10.1016/j.fcr.2014.08.017","Plot","Quantitative","Experiment (on farm)","E/M","2003-2004","2","12","6","6","2","1","2-4","1-2","Yes","Yes","Soil degradation & low soil fertility, poverty, inequity (biophysical and socio-economic heterogeneity in smallholder systems","Kenya","Subsaharan Africa",1,"Ndori","Africa","LMIC","3.3333000000000002E-2","34.333333000000003","Yes","""enhance system productivity""","Experiment (on farm)","Farmer-led","Farmer-led","Rotation + Intercropping","Intercrop-Rotation",1,0,0,"Row","Existing farmers' practices (green manures, no rhizobium innoculation)","Existing farmers' practices",NA,"Grain / Common bean + Soybean","Maize","Multiple",0,0,0,0,0,0,0,1,1,0,"0",NA,"2.0833333333333332E-2","Synthetic - below threshold","rainfed",1.5168317,"NA","NA","NA","NA","NA","NA","NA","NA","NA","NA","NA","NA","NA","NA","NA","2.125","NA","NA",0.770718,"NA","NA","NA","NA","NA","NA","NA","NA","Win-Mix","NA","NA","NA","NA","NA","NA","NA","NA","Diminishing returns to increasing legume-N application rates, and less returns in lower rainfall areas: ""while legumes offer scope to immediately improve productivity and economic returns also in low potential areas and fields, the relatively poor responses and the time and investments that are probably required to improve responses are likely to impede adoption.""","Rainfall and soil fertility: ""Intercropping bean with maize in the long rains season provided an additional bean yield that did not come at the expense of maize yield and improved returns to land and labour, but more so in the high potential zones.""; Biophysical conditions: ""The productivity of legumes and maize varied with AEZ and soil fertility status.""; History of management: . Soil C and available P were generally greater in fields in higher fertility classes - trial fields in better soil fertility classes had received more organic inputs in the past (e.g. animal manure application)","Soil health: shallow soils or poor drainage, which was not captured through soil analyses","type of legume and N-fixing capabilities: ""superior returns of rotations with soybean and groundnut were due to the higher prices of these crops, relative to bean, and probably the poor N fixation rate by bean"", but ""Under low fertility conditions and in AEZ3, the differences in yield between legumes (in absolute terms) were less pronounced (i.e. all yields were small) than under high fertility and high rainfall conditions (AEZ1 and AEZ2)""; combination of high soil feritlity with high rainfall, or low soil fertility with low rainfall: ""In the trial, fertile fields and AEZs with higher rainfall generally
 provided higher returns to land and labour than poorly fertile fields.""",NA,"AEZ3 - high rainfall area","Yield from Table 4, Economic returns from Table 7, Labour from Table 6",NA,1,2,2,2,2,2,11
234,435,"Ojiem J.O., Franke A.C., Vanlauwe B., de Ridder N., Giller K.E.",2014,"Benefits of legume-maize rotations: Assessing the impact of diversity on the productivity of smallholders in Western Kenya","Ojiem, J. O., Franke, A. C., Vanlauwe, B., de Ridder, N., & Giller, K. E. (2014). Benefits of legume–maize rotations: Assessing the impact of diversity on the productivity of smallholders in Western Kenya. Field Crops Research, 168, 75-85. doi:10.1016/j.fcr.2014.08.018","Plot","Quantitative","Experiment (on farm)","E/M","2003-2004","2","12","6","6","2","1","2-4","1-2","Yes","Yes","Soil degradation & low soil fertility, poverty, inequity (biophysical and socio-economic heterogeneity in smallholder systems","Kenya","Subsaharan Africa",1,"Ndori","Africa","LMIC","3.3333000000000002E-2","34.333333000000003","Yes","""enhance system productivity""","Experiment (on farm)","Farmer-led","Farmer-led","Rotation","Rotation",1,0,0,"Rotation","Existing farmers' practices (green manures, no rhizobium innoculation)","Existing farmers' practices",NA,"Grain / Groundnut","Maize","Groundnut",0,0,1,0,0,0,0,0,0,0,"0",NA,"2.0833333333333332E-2","Synthetic - below threshold","rainfed",1.3881188,"NA","NA","NA","NA","NA","NA","NA","NA","NA","NA","NA","NA","NA","NA","NA","2.125","NA","NA",0.640884,"NA","NA","NA","NA","NA","NA","NA","NA","Win-Mix","NA","NA","NA","NA","NA","NA","NA","NA","Diminishing returns to increasing legume-N application rates, and less returns in lower rainfall areas: ""while legumes offer scope to immediately improve productivity and economic returns also in low potential areas and fields, the relatively poor responses and the time and investments that are probably required to improve responses are likely to impede adoption.""","Biophysical conditions: ""The productivity of legumes and maize varied with AEZ and soil fertility status.""; History of management: . Soil C and available P were generally greater in fields in higher fertility classes - trial fields in better soil fertility classes had received more organic inputs in the past (e.g. animal manure application); High rainfall: ""In the high rainfall areas, maize was better able to take advantage of large amounts of legume-N applied than in the low rainfall area.""","Soil health: shallow soils or poor drainage, which was not captured through soil analyses","type of legume and N-fixing capabilities: ""superior returns of rotations with soybean and groundnut were due to the higher prices of these crops, relative to bean, and probably the poor N fixation rate by bean"", but ""Under low fertility conditions and in AEZ3, the differences in yield between legumes (in absolute terms) were less pronounced (i.e. all yields were small) than under high fertility and high rainfall conditions (AEZ1 and AEZ2)""; combination of high soil feritlity with high rainfall, or low soil fertility with low rainfall: ""In the trial, fertile fields and AEZs with higher rainfall generally
 provided higher returns to land and labour than poorly fertile fields.""",NA,"AEZ3 - high rainfall area","Yield from Table 4, Economic returns from Table 7, Labour from Table 6",NA,1,2,2,2,2,2,11
235,435,"Ojiem J.O., Franke A.C., Vanlauwe B., de Ridder N., Giller K.E.",2014,"Benefits of legume-maize rotations: Assessing the impact of diversity on the productivity of smallholders in Western Kenya","Ojiem, J. O., Franke, A. C., Vanlauwe, B., de Ridder, N., & Giller, K. E. (2014). Benefits of legume–maize rotations: Assessing the impact of diversity on the productivity of smallholders in Western Kenya. Field Crops Research, 168, 75-85. doi:10.1016/j.fcr.2014.08.019","Plot","Quantitative","Experiment (on farm)","E/M","2003-2004","2","12","6","6","2","1","2-4","1-2","Yes","Yes","Soil degradation & low soil fertility, poverty, inequity (biophysical and socio-economic heterogeneity in smallholder systems","Kenya","Subsaharan Africa",1,"Ndori","Africa","LMIC","3.3333000000000002E-2","34.333333000000003","Yes","""enhance system productivity""","Experiment (on farm)","Farmer-led","Farmer-led","Rotation","Rotation",1,0,0,"Rotation","Existing farmers' practices (green manures, no rhizobium innoculation)","Existing farmers' practices",NA,"Grain / Common bean","Maize","Common bean",0,0,0,0,0,0,0,1,0,0,"0",NA,"2.0833333333333332E-2","Synthetic - below threshold","rainfed",1.0118812,"NA","NA","NA","NA","NA","NA","NA","NA","NA","NA","NA","NA","NA","NA","NA","1.1875","NA","NA",0.867403,"NA","NA","NA","NA","NA","NA","NA","NA","Win-Mix","NA","NA","NA","NA","NA","NA","NA","NA","Diminishing returns to increasing legume-N application rates, and less returns in lower rainfall areas: ""while legumes offer scope to immediately improve productivity and economic returns also in low potential areas and fields, the relatively poor responses and the time and investments that are probably required to improve responses are likely to impede adoption.""","Biophysical conditions: ""The productivity of legumes and maize varied with AEZ and soil fertility status.""; History of management: . Soil C and available P were generally greater in fields in higher fertility classes - trial fields in better soil fertility classes had received more organic inputs in the past (e.g. animal manure application); High rainfall: ""In the high rainfall areas, maize was better able to take advantage of large amounts of legume-N applied than in the low rainfall area.""","Soil health: shallow soils or poor drainage, which was not captured through soil analyses","type of legume and N-fixing capabilities: ""superior returns of rotations with soybean and groundnut were due to the higher prices of these crops, relative to bean, and probably the poor N fixation rate by bean"", but ""Under low fertility conditions and in AEZ3, the differences in yield between legumes (in absolute terms) were less pronounced (i.e. all yields were small) than under high fertility and high rainfall conditions (AEZ1 and AEZ2)""; combination of high soil feritlity with high rainfall, or low soil fertility with low rainfall: ""In the trial, fertile fields and AEZs with higher rainfall generally
 provided higher returns to land and labour than poorly fertile fields.""","Absence of bean inoculation","AEZ3 - high rainfall area","Yield from Table 4, Economic returns from Table 7, Labour from Table 6",NA,1,2,2,2,2,2,11
236,435,"Ojiem J.O., Franke A.C., Vanlauwe B., de Ridder N., Giller K.E.",2014,"Benefits of legume-maize rotations: Assessing the impact of diversity on the productivity of smallholders in Western Kenya","Ojiem, J. O., Franke, A. C., Vanlauwe, B., de Ridder, N., & Giller, K. E. (2014). Benefits of legume–maize rotations: Assessing the impact of diversity on the productivity of smallholders in Western Kenya. Field Crops Research, 168, 75-85. doi:10.1016/j.fcr.2014.08.020","Plot","Quantitative","Experiment (on farm)","E/M","2003-2004","2","12","6","6","2","1","2-4","1-2","Yes","Yes","Soil degradation & low soil fertility, poverty, inequity (biophysical and socio-economic heterogeneity in smallholder systems","Kenya","Subsaharan Africa",1,"Ndori","Africa","LMIC","3.3333000000000002E-2","34.333333000000003","Yes","""enhance system productivity""","Experiment (on farm)","Farmer-led","Farmer-led","Rotation","Rotation",1,0,0,"Rotation","Existing farmers' practices (green manures, no rhizobium innoculation)","Existing farmers' practices",NA,"Grain / Lima bean","Maize","Other",0,0,0,0,0,0,0,0,0,0,"Lima bean","Lima bean","2.0833333333333332E-2","Synthetic - below threshold","rainfed",1.3782178,"NA","NA","NA","NA","NA","NA","NA","NA","NA","NA","NA","NA","NA","NA","NA","1.75","NA","NA",0.756906,"NA","NA","NA","NA","NA","NA","NA","NA","Win-Mix","NA","NA","NA","NA","NA","NA","NA","NA","Diminishing returns to increasing legume-N application rates, and less returns in lower rainfall areas: ""while legumes offer scope to immediately improve productivity and economic returns also in low potential areas and fields, the relatively poor responses and the time and investments that are probably required to improve responses are likely to impede adoption.""; Seed availability of newer legumes (lima beans, lablab): ""Seed availability is likely to be a major limitation to adoption of these relatively new legumes""","Biophysical conditions: ""The productivity of legumes and maize varied with AEZ and soil fertility status.""; History of management: . Soil C and available P were generally greater in fields in higher fertility classes - trial fields in better soil fertility classes had received more organic inputs in the past (e.g. animal manure application); High rainfall: ""In the high rainfall areas, maize was better able to take advantage of large amounts of legume-N applied than in the low rainfall area.""","Soil health: shallow soils or poor drainage, which was not captured through soil analyses","type of legume and N-fixing capabilities: ""superior returns of rotations with soybean and groundnut were due to the higher prices of these crops, relative to bean, and probably the poor N fixation rate by bean"", but ""Under low fertility conditions and in AEZ3, the differences in yield between legumes (in absolute terms) were less pronounced (i.e. all yields were small) than under high fertility and high rainfall conditions (AEZ1 and AEZ2)""; combination of high soil feritlity with high rainfall, or low soil fertility with low rainfall: ""In the trial, fertile fields and AEZs with higher rainfall generally
 provided higher returns to land and labour than poorly fertile fields.""","Unflexible markets for new bean products """"Lima bean and lablab are relatively new legume species in western Kenya and markets may be inelastic if many farmers increase their production""","AEZ3 - high rainfall area","Yield from Table 4, Economic returns from Table 7, Labour from Table 6",NA,1,2,2,2,2,2,11
237,435,"Ojiem J.O., Franke A.C., Vanlauwe B., de Ridder N., Giller K.E.",2014,"Benefits of legume-maize rotations: Assessing the impact of diversity on the productivity of smallholders in Western Kenya","Ojiem, J. O., Franke, A. C., Vanlauwe, B., de Ridder, N., & Giller, K. E. (2014). Benefits of legume–maize rotations: Assessing the impact of diversity on the productivity of smallholders in Western Kenya. Field Crops Research, 168, 75-85. doi:10.1016/j.fcr.2014.08.021","Plot","Quantitative","Experiment (on farm)","E/M","2003-2004","2","12","6","6","2","1","2-4","1-2","Yes","Yes","Soil degradation & low soil fertility, poverty, inequity (biophysical and socio-economic heterogeneity in smallholder systems","Kenya","Subsaharan Africa",1,"Ndori","Africa","LMIC","3.3333000000000002E-2","34.333333000000003","Yes","""enhance system productivity""","Experiment (on farm)","Farmer-led","Farmer-led","Rotation","Rotation",1,0,0,"Rotation","Existing farmers' practices (green manures, no rhizobium innoculation)","Existing farmers' practices",NA,"Grain / Lablab","Maize","Other",0,0,0,0,0,0,0,0,0,0,"Lablab",NA,"2.0833333333333332E-2","Synthetic - below threshold","rainfed",1.649505,"NA","NA","NA","NA","NA","NA","NA","NA","NA","NA","NA","NA","NA","NA","NA","1.9375","NA","NA",0.939227,"NA","NA","NA","NA","NA","NA","NA","NA","Win-Mix","NA","NA","NA","NA","NA","NA","NA","NA","Diminishing returns to increasing legume-N application rates, and less returns in lower rainfall areas: ""while legumes offer scope to immediately improve productivity and economic returns also in low potential areas and fields, the relatively poor responses and the time and investments that are probably required to improve responses are likely to impede adoption.""; Seed availability of newer legumes (lima beans, lablab): ""Seed availability is likely to be a major limitation to adoption of these relatively new legumes""","Biophysical conditions: ""The productivity of legumes and maize varied with AEZ and soil fertility status.""; History of management: . Soil C and available P were generally greater in fields in higher fertility classes - trial fields in better soil fertility classes had received more organic inputs in the past (e.g. animal manure application); High rainfall: ""In the high rainfall areas, maize was better able to take advantage of large amounts of legume-N applied than in the low rainfall area.""","Soil health: shallow soils or poor drainage, which was not captured through soil analyses","type of legume and N-fixing capabilities: ""superior returns of rotations with soybean and groundnut were due to the higher prices of these crops, relative to bean, and probably the poor N fixation rate by bean"", but ""Under low fertility conditions and in AEZ3, the differences in yield between legumes (in absolute terms) were less pronounced (i.e. all yields were small) than under high fertility and high rainfall conditions (AEZ1 and AEZ2)""; combination of high soil feritlity with high rainfall, or low soil fertility with low rainfall: ""In the trial, fertile fields and AEZs with higher rainfall generally
 provided higher returns to land and labour than poorly fertile fields.""","Unflexible markets for new bean products """"Lima bean and lablab are relatively new legume species in western Kenya and markets may be inelastic if many farmers increase their production""","AEZ3 - high rainfall area","Yield from Table 4, Economic returns from Table 7, Labour from Table 6",NA,1,2,2,2,2,2,11
232,435,"Ojiem J.O., Franke A.C., Vanlauwe B., de Ridder N., Giller K.E.",2014,"Benefits of legume-maize rotations: Assessing the impact of diversity on the productivity of smallholders in Western Kenya","Ojiem, J. O., Franke, A. C., Vanlauwe, B., de Ridder, N., & Giller, K. E. (2014). Benefits of legume–maize rotations: Assessing the impact of diversity on the productivity of smallholders in Western Kenya. Field Crops Research, 168, 75-85. doi:10.1016/j.fcr.2014.08.016","Plot","Quantitative","Experiment (on farm)","E/M","2003-2004","2","12","6","6","2","1","2-4","1-2","Yes","Yes","Soil degradation & low soil fertility, poverty, inequity (biophysical and socio-economic heterogeneity in smallholder systems","Kenya","Subsaharan Africa",1,"Ndori","Africa","LMIC","8.3333000000000004E-2","34.333333000000003","Yes","""enhance system productivity""","Experiment (on farm)","Farmer-led","Farmer-led","Rotation","Rotation",1,0,0,"Rotation","Existing farmers' practices (green manures, no rhizobium innoculation)","Existing farmers' practices",NA,"Grain / Soybean","Maize","Soybean",0,0,0,0,0,0,0,0,1,0,"0",NA,"2.0833333333333332E-2","Synthetic - below threshold","rainfed",1.4435644,"NA","NA","NA","NA","NA","NA","NA","NA","NA","NA","NA","NA","NA","NA","NA","2.0625","NA","NA",0.674033,"NA","NA","NA","NA","NA","NA","NA","NA","Win-Mix","NA","NA","NA","NA","NA","NA","NA","NA","Diminishing returns to increasing legume-N application rates, and less returns in lower rainfall areas: ""while legumes offer scope to immediately improve productivity and economic returns also in low potential areas and fields, the relatively poor responses and the time and investments that are probably required to improve responses are likely to impede adoption.""","Biophysical conditions: ""The productivity of legumes and maize varied with AEZ and soil fertility status.""; History of management: . Soil C and available P were generally greater in fields in higher fertility classes - trial fields in better soil fertility classes had received more organic inputs in the past (e.g. animal manure application); High rainfall: ""In the high rainfall areas, maize was better able to take advantage of large amounts of legume-N applied than in the low rainfall area.""","Soil health: shallow soils or poor drainage, which was not captured through soil analyses","type of legume and N-fixing capabilities: ""superior returns of rotations with soybean and groundnut were due to the higher prices of these crops, relative to bean, and probably the poor N fixation rate by bean"", but ""Under low fertility conditions and in AEZ3, the differences in yield between legumes (in absolute terms) were less pronounced (i.e. all yields were small) than under high fertility and high rainfall conditions (AEZ1 and AEZ2)""; combination of high soil feritlity with high rainfall, or low soil fertility with low rainfall: ""In the trial, fertile fields and AEZs with higher rainfall generally
 provided higher returns to land and labour than poorly fertile fields.""",NA,"AEZ3 - high rainfall area","Yield from Table 4, Economic returns from Table 7, Labour from Table 6",NA,1,2,2,2,2,2,11
220,435,"Ojiem J.O., Franke A.C., Vanlauwe B., de Ridder N., Giller K.E.",2014,"Benefits of legume-maize rotations: Assessing the impact of diversity on the productivity of smallholders in Western Kenya","Ojiem, J. O., Franke, A. C., Vanlauwe, B., de Ridder, N., & Giller, K. E. (2014). Benefits of legume–maize rotations: Assessing the impact of diversity on the productivity of smallholders in Western Kenya. Field Crops Research, 168, 75-85. doi:10.1016/j.fcr.2014.08.004","Plot","Quantitative","Experiment (on farm)","E/M","2003-2004","2","12","6","6","2","1","2-4","1-2","Yes","Yes","Soil degradation & low soil fertility, poverty, inequity (biophysical and socio-economic heterogeneity in smallholder systems","Kenya","Subsaharan Africa",1,"Museno","Africa","LMIC","7.3833330000000004","34.733333000000002","Yes","""enhance system productivity""","Experiment (on farm)","Farmer-led","Farmer-led","Rotation","Rotation",1,0,0,"Rotation","Existing farmers' practices (green manures, no rhizobium innoculation)","Existing farmers' practices",NA,"Grain / Soybean","Maize","Soybean",0,0,0,0,0,0,0,0,1,0,"0",NA,"2.0833333333333332E-2","Synthetic - below threshold","rainfed",1.0621062,"NA","NA","NA","NA","NA","NA","NA","NA","NA","NA","NA","NA","NA","NA","NA","1.39285714","NA","NA",0.674033,"NA","NA","NA","NA","NA","NA","NA","NA","Win-Mix","NA","NA","NA","NA","NA","NA","NA","NA","Diminishing returns to increasing legume-N application rates, and less returns in lower rainfall areas: ""while legumes offer scope to immediately improve productivity and economic returns also in low potential areas and fields, the relatively poor responses and the time and investments that are probably required to improve responses are likely to impede adoption.""","Biophysical conditions: ""The productivity of legumes and maize varied with AEZ and soil fertility status.""; History of management: . Soil C and available P were generally greater in fields in higher fertility classes - trial fields in better soil fertility classes had received more organic inputs in the past (e.g. animal manure application)","Soil health: shallow soils or poor drainage, which was not captured through soil analyses; high rainfall:","type of legume and N-fixing capabilities: ""superior returns of rotations with soybean and groundnut were due to the higher prices of these crops, relative to bean, and probably the poor N fixation rate by bean"", but ""Under low fertility conditions and in AEZ3, the differences in yield between legumes (in absolute terms) were less pronounced (i.e. all yields were small) than under high fertility and high rainfall conditions (AEZ1 and AEZ2)""; combination of high soil feritlity with high rainfall, or low soil fertility with low rainfall: ""In the trial, fertile fields and AEZs with higher rainfall generally
 provided higher returns to land and labour than poorly fertile fields.""; On poorer soils in low rainfall areas, benefits of incorporating legumes are smaller and additional interventions would be needed to make farming economically attractive",NA,"AEZ1 - low rainfall area","Yield from Table 4, Economic returns from Table 7, Labour from Table 6",NA,1,2,2,2,2,2,11
221,435,"Ojiem J.O., Franke A.C., Vanlauwe B., de Ridder N., Giller K.E.",2014,"Benefits of legume-maize rotations: Assessing the impact of diversity on the productivity of smallholders in Western Kenya","Ojiem, J. O., Franke, A. C., Vanlauwe, B., de Ridder, N., & Giller, K. E. (2014). Benefits of legume–maize rotations: Assessing the impact of diversity on the productivity of smallholders in Western Kenya. Field Crops Research, 168, 75-85. doi:10.1016/j.fcr.2014.08.005","Plot","Quantitative","Experiment (on farm)","E/M","2003-2004","2","12","6","6","2","1","2-4","1-2","Yes","Yes","Soil degradation & low soil fertility, poverty, inequity (biophysical and socio-economic heterogeneity in smallholder systems","Kenya","Subsaharan Africa",1,"Museno","Africa","LMIC","7.3833330000000004","34.733333000000002","Yes","""enhance system productivity""","Experiment (on farm)","Farmer-led","Farmer-led","Rotation + Intercropping","Intercrop-Rotation",1,0,0,"Row","Existing farmers' practices (green manures, no rhizobium innoculation)","Existing farmers' practices",NA,"Grain / Common bean + Soybean","Maize","Multiple",0,0,0,0,0,0,0,1,1,0,"0",NA,"2.0833333333333332E-2","Synthetic - below threshold","rainfed",1.229523,"NA","NA","NA","NA","NA","NA","NA","NA","NA","NA","NA","NA","NA","NA","NA","1.5","NA","NA",0.770718,"NA","NA","NA","NA","NA","NA","NA","NA","Win-Mix","NA","NA","NA","NA","NA","NA","NA","NA","Diminishing returns to increasing legume-N application rates, and less returns in lower rainfall areas: ""while legumes offer scope to immediately improve productivity and economic returns also in low potential areas and fields, the relatively poor responses and the time and investments that are probably required to improve responses are likely to impede adoption.""","Rainfall and soil fertility: ""Intercropping bean with maize in the long rains season provided an additional bean yield that did not come at the expense of maize yield and improved returns to land and labour, but more so in the high potential zones.""; Biophysical conditions: ""The productivity of legumes and maize varied with AEZ and soil fertility status.""; History of management: . Soil C and available P were generally greater in fields in higher fertility classes - trial fields in better soil fertility classes had received more organic inputs in the past (e.g. animal manure application)","Soil health: shallow soils or poor drainage, which was not captured through soil analyses","type of legume and N-fixing capabilities: ""superior returns of rotations with soybean and groundnut were due to the higher prices of these crops, relative to bean, and probably the poor N fixation rate by bean"", but ""Under low fertility conditions and in AEZ3, the differences in yield between legumes (in absolute terms) were less pronounced (i.e. all yields were small) than under high fertility and high rainfall conditions (AEZ1 and AEZ2)""; combination of high soil feritlity with high rainfall, or low soil fertility with low rainfall: ""In the trial, fertile fields and AEZs with higher rainfall generally
 provided higher returns to land and labour than poorly fertile fields.""; On poorer soils in low rainfall areas, benefits of incorporating legumes are smaller and additional interventions would be needed to make farming economically attractive",NA,"AEZ1 - low rainfall area","Yield from Table 4, Economic returns from Table 7, Labour from Table 6",NA,1,2,2,2,2,2,11
222,435,"Ojiem J.O., Franke A.C., Vanlauwe B., de Ridder N., Giller K.E.",2014,"Benefits of legume-maize rotations: Assessing the impact of diversity on the productivity of smallholders in Western Kenya","Ojiem, J. O., Franke, A. C., Vanlauwe, B., de Ridder, N., & Giller, K. E. (2014). Benefits of legume–maize rotations: Assessing the impact of diversity on the productivity of smallholders in Western Kenya. Field Crops Research, 168, 75-85. doi:10.1016/j.fcr.2014.08.006","Plot","Quantitative","Experiment (on farm)","E/M","2003-2004","2","12","6","6","2","1","2-4","1-2","Yes","Yes","Soil degradation & low soil fertility, poverty, inequity (biophysical and socio-economic heterogeneity in smallholder systems","Kenya","Subsaharan Africa",1,"Museno","Africa","LMIC","7.3833330000000004","34.733333000000002","Yes","""enhance system productivity""","Experiment (on farm)","Farmer-led","Farmer-led","Rotation","Rotation",1,0,0,"Rotation","Existing farmers' practices (green manures, no rhizobium innoculation)","Existing farmers' practices",NA,"Grain / Groundnut","Maize","Groundnut",0,0,1,0,0,0,0,0,0,0,"0",NA,"2.0833333333333332E-2","Synthetic - below threshold","rainfed",1.1314131,"NA","NA","NA","NA","NA","NA","NA","NA","NA","NA","NA","NA","NA","NA","NA","1.2589285699999999","NA","NA",0.640884,"NA","NA","NA","NA","NA","NA","NA","NA","Win-Mix","NA","NA","NA","NA","NA","NA","NA","NA","Diminishing returns to increasing legume-N application rates, and less returns in lower rainfall areas: ""while legumes offer scope to immediately improve productivity and economic returns also in low potential areas and fields, the relatively poor responses and the time and investments that are probably required to improve responses are likely to impede adoption.""","Biophysical conditions: ""The productivity of legumes and maize varied with AEZ and soil fertility status.""; History of management: . Soil C and available P were generally greater in fields in higher fertility classes - trial fields in better soil fertility classes had received more organic inputs in the past (e.g. animal manure application)","Soil health: shallow soils or poor drainage, which was not captured through soil analyses","type of legume and N-fixing capabilities: ""superior returns of rotations with soybean and groundnut were due to the higher prices of these crops, relative to bean, and probably the poor N fixation rate by bean"", but ""Under low fertility conditions and in AEZ3, the differences in yield between legumes (in absolute terms) were less pronounced (i.e. all yields were small) than under high fertility and high rainfall conditions (AEZ1 and AEZ2)""; combination of high soil feritlity with high rainfall, or low soil fertility with low rainfall: ""In the trial, fertile fields and AEZs with higher rainfall generally
 provided higher returns to land and labour than poorly fertile fields.""; On poorer soils in low rainfall areas, benefits of incorporating legumes are smaller and additional interventions would be needed to make farming economically attractive",NA,"AEZ1 - low rainfall area","Yield from Table 4, Economic returns from Table 7, Labour from Table 6",NA,1,2,2,2,2,2,11
223,435,"Ojiem J.O., Franke A.C., Vanlauwe B., de Ridder N., Giller K.E.",2014,"Benefits of legume-maize rotations: Assessing the impact of diversity on the productivity of smallholders in Western Kenya","Ojiem, J. O., Franke, A. C., Vanlauwe, B., de Ridder, N., & Giller, K. E. (2014). Benefits of legume–maize rotations: Assessing the impact of diversity on the productivity of smallholders in Western Kenya. Field Crops Research, 168, 75-85. doi:10.1016/j.fcr.2014.08.007","Plot","Quantitative","Experiment (on farm)","E/M","2003-2004","2","12","6","6","2","1","2-4","1-2","Yes","Yes","Soil degradation & low soil fertility, poverty, inequity (biophysical and socio-economic heterogeneity in smallholder systems","Kenya","Subsaharan Africa",1,"Museno","Africa","LMIC","7.3833330000000004","34.733333000000002","Yes","""enhance system productivity""","Experiment (on farm)","Farmer-led","Farmer-led","Rotation","Rotation",1,0,0,"Rotation","Existing farmers' practices (green manures, no rhizobium innoculation)","Existing farmers' practices",NA,"Grain / Common bean","Maize","Common bean",0,0,0,0,0,0,0,1,0,0,"0",NA,"2.0833333333333332E-2","Synthetic - below threshold","rainfed",0.8073807,"NA","NA","NA","NA","NA","NA","NA","NA","NA","NA","NA","NA","NA","NA","NA","0.96428570999999996","NA","NA",0.867403,"NA","NA","NA","NA","NA","NA","NA","NA","Lose-Lose","NA","NA","NA","NA","NA","NA","NA","NA","Diminishing returns to increasing legume-N application rates, and less returns in lower rainfall areas: ""while legumes offer scope to immediately improve productivity and economic returns also in low potential areas and fields, the relatively poor responses and the time and investments that are probably required to improve responses are likely to impede adoption.""","Biophysical conditions: ""The productivity of legumes and maize varied with AEZ and soil fertility status.""; History of management: . Soil C and available P were generally greater in fields in higher fertility classes - trial fields in better soil fertility classes had received more organic inputs in the past (e.g. animal manure application)","Soil health: shallow soils or poor drainage, which was not captured through soil analyses","type of legume and N-fixing capabilities: ""superior returns of rotations with soybean and groundnut were due to the higher prices of these crops, relative to bean, and probably the poor N fixation rate by bean"", but ""Under low fertility conditions and in AEZ3, the differences in yield between legumes (in absolute terms) were less pronounced (i.e. all yields were small) than under high fertility and high rainfall conditions (AEZ1 and AEZ2)""; combination of high soil feritlity with high rainfall, or low soil fertility with low rainfall: ""In the trial, fertile fields and AEZs with higher rainfall generally
 provided higher returns to land and labour than poorly fertile fields.""; On poorer soils in low rainfall areas, benefits of incorporating legumes are smaller and additional interventions would be needed to make farming economically attractive","Absence of bean inoculation","AEZ1 - low rainfall area","Yield from Table 4, Economic returns from Table 7, Labour from Table 6",NA,1,2,2,2,2,2,11
224,435,"Ojiem J.O., Franke A.C., Vanlauwe B., de Ridder N., Giller K.E.",2014,"Benefits of legume-maize rotations: Assessing the impact of diversity on the productivity of smallholders in Western Kenya","Ojiem, J. O., Franke, A. C., Vanlauwe, B., de Ridder, N., & Giller, K. E. (2014). Benefits of legume–maize rotations: Assessing the impact of diversity on the productivity of smallholders in Western Kenya. Field Crops Research, 168, 75-85. doi:10.1016/j.fcr.2014.08.008","Plot","Quantitative","Experiment (on farm)","E/M","2003-2004","2","12","6","6","2","1","2-4","1-2","Yes","Yes","Soil degradation & low soil fertility, poverty, inequity (biophysical and socio-economic heterogeneity in smallholder systems","Kenya","Subsaharan Africa",1,"Museno","Africa","LMIC","7.3833330000000004","34.733333000000002","Yes","""enhance system productivity""","Experiment (on farm)","Farmer-led","Farmer-led","Rotation","Rotation",1,0,0,"Rotation","Existing farmers' practices (green manures, no rhizobium innoculation)","Existing farmers' practices",NA,"Grain / Lima bean","Maize","Other",0,0,0,0,0,0,0,0,0,0,"Lima bean","Lima bean","2.0833333333333332E-2","Synthetic - below threshold","rainfed",1.0162016,"NA","NA","NA","NA","NA","NA","NA","NA","NA","NA","NA","NA","NA","NA","NA","1.125","NA","NA",0.756906,"NA","NA","NA","NA","NA","NA","NA","NA","Win-Mix","NA","NA","NA","NA","NA","NA","NA","NA","Diminishing returns to increasing legume-N application rates, and less returns in lower rainfall areas: ""while legumes offer scope to immediately improve productivity and economic returns also in low potential areas and fields, the relatively poor responses and the time and investments that are probably required to improve responses are likely to impede adoption.""; Seed availability of newer legumes (lima beans, lablab): ""Seed availability is likely to be a major limitation to adoption of these relatively new legumes""","Biophysical conditions: ""The productivity of legumes and maize varied with AEZ and soil fertility status.""; History of management: . Soil C and available P were generally greater in fields in higher fertility classes - trial fields in better soil fertility classes had received more organic inputs in the past (e.g. animal manure application)","Soil health: shallow soils or poor drainage, which was not captured through soil analyses","type of legume and N-fixing capabilities: ""superior returns of rotations with soybean and groundnut were due to the higher prices of these crops, relative to bean, and probably the poor N fixation rate by bean"", but ""Under low fertility conditions and in AEZ3, the differences in yield between legumes (in absolute terms) were less pronounced (i.e. all yields were small) than under high fertility and high rainfall conditions (AEZ1 and AEZ2)""; combination of high soil feritlity with high rainfall, or low soil fertility with low rainfall: ""In the trial, fertile fields and AEZs with higher rainfall generally
 provided higher returns to land and labour than poorly fertile fields.""; On poorer soils in low rainfall areas, benefits of incorporating legumes are smaller and additional interventions would be needed to make farming economically attractive","Unflexible markets for new bean products """"Lima bean and lablab are relatively new legume species in western Kenya and markets may be inelastic if many farmers increase their production""","AEZ1 - low rainfall area","Yield from Table 4, Economic returns from Table 7, Labour from Table 6",NA,1,2,2,2,2,2,11
225,435,"Ojiem J.O., Franke A.C., Vanlauwe B., de Ridder N., Giller K.E.",2014,"Benefits of legume-maize rotations: Assessing the impact of diversity on the productivity of smallholders in Western Kenya","Ojiem, J. O., Franke, A. C., Vanlauwe, B., de Ridder, N., & Giller, K. E. (2014). Benefits of legume–maize rotations: Assessing the impact of diversity on the productivity of smallholders in Western Kenya. Field Crops Research, 168, 75-85. doi:10.1016/j.fcr.2014.08.009","Plot","Quantitative","Experiment (on farm)","E/M","2003-2004","2","12","6","6","2","1","2-4","1-2","Yes","Yes","Soil degradation & low soil fertility, poverty, inequity (biophysical and socio-economic heterogeneity in smallholder systems","Kenya","Subsaharan Africa",1,"Museno","Africa","LMIC","7.3833330000000004","34.733333000000002","Yes","""enhance system productivity""","Experiment (on farm)","Farmer-led","Farmer-led","Rotation","Rotation",1,0,0,"Rotation","Existing farmers' practices (green manures, no rhizobium innoculation)","Existing farmers' practices",NA,"Grain / Lablab","Maize","Other",0,0,0,0,0,0,0,0,0,0,"Lablab",NA,"2.0833333333333332E-2","Synthetic - below threshold","rainfed",1.2718272,"NA","NA","NA","NA","NA","NA","NA","NA","NA","NA","NA","NA","NA","NA","NA","1.4464285699999999","NA","NA",0.939227,"NA","NA","NA","NA","NA","NA","NA","NA","Win-Mix","NA","NA","NA","NA","NA","NA","NA","NA","Diminishing returns to increasing legume-N application rates, and less returns in lower rainfall areas: ""while legumes offer scope to immediately improve productivity and economic returns also in low potential areas and fields, the relatively poor responses and the time and investments that are probably required to improve responses are likely to impede adoption.""; Seed availability of newer legumes (lima beans, lablab): ""Seed availability is likely to be a major limitation to adoption of these relatively new legumes""","Biophysical conditions: ""The productivity of legumes and maize varied with AEZ and soil fertility status.""; History of management: . Soil C and available P were generally greater in fields in higher fertility classes - trial fields in better soil fertility classes had received more organic inputs in the past (e.g. animal manure application)","Soil health: shallow soils or poor drainage, which was not captured through soil analyses","type of legume and N-fixing capabilities: ""superior returns of rotations with soybean and groundnut were due to the higher prices of these crops, relative to bean, and probably the poor N fixation rate by bean"", but ""Under low fertility conditions and in AEZ3, the differences in yield between legumes (in absolute terms) were less pronounced (i.e. all yields were small) than under high fertility and high rainfall conditions (AEZ1 and AEZ2)""; combination of high soil feritlity with high rainfall, or low soil fertility with low rainfall: ""In the trial, fertile fields and AEZs with higher rainfall generally
 provided higher returns to land and labour than poorly fertile fields.""; On poorer soils in low rainfall areas, benefits of incorporating legumes are smaller and additional interventions would be needed to make farming economically attractive","Unflexible markets for new bean products """"Lima bean and lablab are relatively new legume species in western Kenya and markets may be inelastic if many farmers increase their production""","AEZ1 - low rainfall area","Yield from Table 4, Economic returns from Table 7, Labour from Table 6",NA,1,2,2,2,2,2,11
218,428,"Novotny I.P., Tittonell P., Fuentes-Ponce M.H., López-Ridaura S., Rossing W.A.H.",2021,"The importance of the traditional milpa in food security and nutritional self-sufficiency in the highlands of Oaxaca, Mexico","Novotny, I. P., Tittonell, P., Fuentes-Ponce, M. H., Lopez-Ridaura, S., & Rossing, W. A. H. (2021). The importance of the traditional milpa in food security and nutritional self-sufficiency in the highlands of Oaxaca, Mexico. PLoS ONE, 16(2), e0246281. doi:10.1371/journal.pone.0246281","Household","Quantitative","Recall/Surveys","RC","2017-2018","2","3","2","1","31","2","2-4","11-100","Yes","Yes","National food/agricultural policies and trade agreements","Mexico","Latin America",6,"San Cristobal Amoltepec, Oaxaca","Central America","UMIC","17.283745610910199","-97.5748491842742","No",NA,"Recall - Survey (Household survey, population censuses, agricultural censuses, and production survey)","Farmer-led","Farmer-led","Intercropping: Cereal-legume","Intercrop",1,0,0,"NA","Existing farmers' practices","Existing farmers' practices",NA,"Grain / Common bean","Maize","Common bean",0,0,0,0,0,0,0,1,0,0,"0","fava bean, squash","NA","Unknown","rainfed",1.35714286,"NA","NA","NA","NA","NA","NA","NA","NA","NA","NA","NA","NA","NA","NA","NA","NA","NA","NA",0.9,"NA","NA","NA","NA","1.5800778","NA","NA","NA","Win-Mix","Decrease in use of milpa (intercropping) leading to reduced food security, food sovereignty and nutritional self-sufficiency","Food","NA","NA","NA","NA","Yes - food volume vs labour","Tools and resources to assist with weeding (most labor intensive activity): ""designing or adapting tools that would facilitate weeding in the milpa could facilitate weeding management and encourage farmers to use the system""","Labour: ""lack ofinterest in milpa systems to its relatively high labor demand""; ""To bring milpa production back into farmers’ systems for improving food security and nutritional self-sufficiency, efforts should target reducing required labor (or producing more with similar amounts oflabor)""","Labour availability: ""Results showed that the milpa has lower labor self-sufficiency when compared to sole maize. During the survey, farmers in the area showed that they understood that the milpa could produce more food volume but they argued that it required a high degree oflabor""; Low productivity soils: ""in the municipality with lower crop yields, the milpa was particularly important since it provided higher crop diversity and produced more food per area when compared to monocrops ofmaize or bean""","Plant density: ""Common bean yield in the milpa was significantly lower by a factor 3 than when grown as a sole crop (Kruskal-Wallis, P = 0.025). This was largely explained by the difference in plant density. In the milpa, maize constitutes the main crop while other species are normally added to the system in varying densities. Common bean is added as second crop at a plant density of40,000 plants ha-1 compared to 100,000 plants ha-1 when grown as a sole crop. Farmers preferred to keep a lower common bean density in the milpa to avoid competition and consequently decrease ofmaize yield.""; Weeding (labour intensive)","Labour availability: ""Results showed that the milpa has lower labor self-sufficiency when compared to sole maize. During the survey, farmers in the area showed that they understood that the milpa could produce more food volume but they argued that it required a high degree oflabor""; Low productivity soils: ""in the municipality with lower crop yields, the milpa was particularly important since it provided higher crop diversity and produced more food per area when compared to monocrops ofmaize or bean""","Plant density: ""Common bean yield in the milpa was significantly lower by a factor 3 than when grown as a sole crop (Kruskal-Wallis, P = 0.025). This was largely explained by the difference in plant density. In the milpa, maize constitutes the main crop while other species are normally added to the system in varying densities. Common bean is added as second crop at a plant density of40,000 plants ha-1 compared to 100,000 plants ha-1 when grown as a sole crop. Farmers preferred to keep a lower common bean density in the milpa to avoid competition and consequently decrease ofmaize yield.""","""To bring milpa production back into farmers’ systems for improving food security and nutritional self-sufficiency, efforts should target reducing required labor (or producing more with similar amounts of labor). Flores-Sánchez et al. [70] showed that milpa production could be improved through better plant nutrition. Reyna-Ramírez et al. [71] found higher milpa production in organic systems. Since weeding is the most laborious activity in the milpa, Parsons et al. [72] recommended using herbicides mid-season to avoid harming companion crops. Recommendations based on herbicide application should be considered prudently, as herbicides damage edible weeds (called quelites) that are usually also harvested in milpa systems [73]. Mulching has been recommended as a weed-suppression measure for several crops, and it could offer an alternative to hand weeding [74–77]. However, mulching croplands with residues would compete with fodder for animal nutrition. Finally, designing or adapting tools that would facilitate weeding in the milpa could facilitate weeding management and encourage farmers to use the system.""","Calculations = milpa/maize; Food yield and Employment from Table 3; food security in raw data (from Supp S5 table)",NA,2,2,1,1,1,2,9
217,428,"Novotny I.P., Tittonell P., Fuentes-Ponce M.H., López-Ridaura S., Rossing W.A.H.",2021,"The importance of the traditional milpa in food security and nutritional self-sufficiency in the highlands of Oaxaca, Mexico","Novotny, I. P., Tittonell, P., Fuentes-Ponce, M. H., Lopez-Ridaura, S., & Rossing, W. A. H. (2021). The importance of the traditional milpa in food security and nutritional self-sufficiency in the highlands of Oaxaca, Mexico. PLoS ONE, 16(2), e0246281. doi:10.1371/journal.pone.0246281","Household","Quantitative","Recall/Surveys","RC","2017-2018","2","3","2","1","51","2","2-4",">100","Yes","Yes","National food/agricultural policies and trade agreements","Mexico","Latin America",6,"Santa Catarina Tayata, Oaxaca","Central America","UMIC","17.346999322441299","-97.558248998460002","No",NA,"Recall - Survey (Household survey, population censuses, agricultural censuses, and production survey)","Farmer-led","Farmer-led","Intercropping: Cereal-legume","Intercrop",1,0,0,"NA","Existing farmers' practices","Existing farmers' practices",NA,"Grain / Common bean","Maize","Common bean",0,0,0,0,0,0,0,1,0,0,"0","fava bean, squash","NA","Unknown","rainfed",1.2,"NA","NA","NA","NA","NA","NA","NA","NA","NA","NA","NA","NA","NA","NA","NA","NA","NA","NA",0.6613546,"NA","NA","NA","NA","1.8899459999999999","NA","NA","NA","Win-Mix","Decrease in use of milpa (intercropping) leading to reduced food security, food sovereignty and nutritional self-sufficiency","Food","NA","NA","NA","NA","Yes - food volume vs labour","Tools and resources to assist with weeding (most labor intensive activity): ""designing or adapting tools that would facilitate weeding in the milpa could facilitate weeding management and encourage farmers to use the system""","Labour: ""lack ofinterest in milpa systems to its relatively high labor demand""; ""To bring milpa production back into farmers’ systems for improving food security and nutritional self-sufficiency, efforts should target reducing required labor (or producing more with similar amounts oflabor)""","Labour availability: ""Results showed that the milpa has lower labor self-sufficiency when compared to sole maize. During the survey, farmers in the area showed that they understood that the milpa could produce more food volume but they argued that it required a high degree oflabor""; Low productivity soils: ""in the municipality with lower crop yields, the milpa was particularly important since it provided higher crop diversity and produced more food per area when compared to monocrops ofmaize or bean""","Plant density: ""Common bean yield in the milpa was significantly lower by a factor 3 than when grown as a sole crop (Kruskal-Wallis, P = 0.025). This was largely explained by the difference in plant density. In the milpa, maize constitutes the main crop while other species are normally added to the system in varying densities. Common bean is added as second crop at a plant density of40,000 plants ha-1 compared to 100,000 plants ha-1 when grown as a sole crop. Farmers preferred to keep a lower common bean density in the milpa to avoid competition and consequently decrease ofmaize yield.""; Weeding (labour intensive)","Labour availability: ""Results showed that the milpa has lower labor self-sufficiency when compared to sole maize. During the survey, farmers in the area showed that they understood that the milpa could produce more food volume but they argued that it required a high degree oflabor""; Low productivity soils: ""in the municipality with lower crop yields, the milpa was particularly important since it provided higher crop diversity and produced more food per area when compared to monocrops ofmaize or bean""","Plant density: ""Common bean yield in the milpa was significantly lower by a factor 3 than when grown as a sole crop (Kruskal-Wallis, P = 0.025). This was largely explained by the difference in plant density. In the milpa, maize constitutes the main crop while other species are normally added to the system in varying densities. Common bean is added as second crop at a plant density of40,000 plants ha-1 compared to 100,000 plants ha-1 when grown as a sole crop. Farmers preferred to keep a lower common bean density in the milpa to avoid competition and consequently decrease ofmaize yield.""","""Milpa systems provided more persons per hectare with a complete set of nutrients and vitamins than sole crops of maize or common bean (Fig 5). Except for zinc and vitamins A, C, B9, and B12, milpa systems provided complete nutrition sufficiency for up to 3 persons ha-1 depending on crop yields and crop composition, while sole crops of maize and common bean provided enough to feed up to 2 and 0.5 persons ha-1, respectively"";","Calculations = milpa/maize; Food yield and Employment from Table 3; food security in raw data (from Supp S5 table)",NA,2,2,1,1,1,2,9
201,412,"Narkhede W.N., Deshmukh M.S., Bhale V.M., Gill M.S., Gadade G.D., More S.S.",2011,"Diversification of cropping systems under assured irrigated conditions in central plateau zone of Maharashtra","Narkhede, W. N., Deshmukh, M. S., Bhale, V. M., Gill, M. S., Gadade, G. D., & More, S. S. (2011). Diversification of cropping systems under assured irrigated conditions in central plateau zone of Maharashtra. Indian Journal of Agronomy, 56(2), 104-108.","Plot","Quantitative","Experiment (research station)","E/M","2005-2007","3","2","1","1","3","1","2-4","3-4","Yes","Yes",NA,"India","South Asia",2,"Marathwada Krishi Vidyapeeth, Parbhani","Asia","LMIC","19.266667000000002","76.783332999999999","No",NA,"Experiment (research station)","Researcher-led","Researcher-led","Rotation","Rotation",1,0,0,"Rotation","Existing farmers' practices","Existing farmers' practices",NA,"Grain / Cowpea","Maize-wheat","Cowpea",0,1,0,0,0,0,0,0,0,0,"0",NA,"100-50-50","Synthetic - below threshold","irrigation",1.16,"NA","NA","NA","NA","NA","NA","NA","NA","NA","NA","NA","1.0976361790983022","NA","NA","NA","1.0161023947151115","NA","NA",1.20973782771536,"0.93579999999999997","NA","NA","NA","NA","NA","NA","NA","Win-Mix","NA","NA","NA","NA","NA","NA","NA","NA","NA","NA","NA","NA","NA","NA","Table 1 (yield/incom); soil N (Table 4); Labour req. (Table 2)",NA,2,2,2,2,2,2,12
255,478,"Pradhan A., Idol T., Roul P.K.",2016,"Conservation agriculture practices in rainfed uplands of india improve maize-based system productivity and profitability","Pradhan, A., Idol, T., & Roul, P. K. (2016). Conservation Agriculture Practices in Rainfed Uplands of India Improve Maize-Based System Productivity and Profitability. Front Plant Sci, 7(2016JULY), 1008. doi:10.3389/fpls.2016.01008","Plot","Quantitative","Experiment (research station)","E/M","2011-2014","3","4","2","2","3","1","2-4","3-4","No (also including minimum tillage and introduction of mustard and Horsegram as cover crop)","No (also including minimum tillage and introduction of mustard and Horsegram as cover crop)","Low agricultural productivity due to poor soil fertility, susceptibility to water erosion and climate change","India","South Asia",2,"Regional Research & Technology Transfer station - Orissa University of Agriculture and Technology","Asia","LMIC","20.848717000000001","85.575169000000002","No","Conservation agriculture production systems(CAPSs) are defined instead: ""defined as integrated production systems consisting of minimum soil disturbance,appropriate crop rotation or intercropping, and continuous organic soil cover (Roul etal., 2015).""","Experiment (research station)","Researcher-led","Researcher-led","Intercropping-cereal-legume","Intercrop",1,0,0,"Row","Conventional tilling + reduced tilling + Mustard + Horsegram","Tillage practices",NA,"Grain / Cowpea + Horse Gram","Maize","Multiple",0,1,0,0,0,0,0,0,0,0,"Horse gram (but used as a subsequent monocrop covercrop post rainy season)","Mustard as cover crop","Maize 140:87:35, Maize+Cowpea 145:130:15, Mustard  70:43:43 , Horsegram 9:87:43","Synthetic - below threshold","rainfed",1.62544748498271,"NA","NA","NA","NA","NA","NA","NA","NA","NA","NA","NA","NA","NA","NA","NA","2.2126675913083678","NA","NA",0.949238578680203,"NA","NA","NA","NA","NA","NA","NA","NA","Win-Win","NA","NA","NA","NA","NA","NA","The sensitivity analysis showed that shifting to intercropping and using mustard as a cover crop both met the recommended minimum rate of return(80%), even under an  increase in labor costs of 33–40% . The marginal net benefits of horse gram were close to 80% under these scenarios.","Higher value of cowpea in the market & higher yields-- Adding
mustard as a cover crop had a higher marginal net benefit
(228%) than horsegram (128%).This was primarily due to the
higher economic yield of mustard ; the increased cost was almost
the same.We observed that such attractive marginal rates of 
return will help in popularizing conservation agriculture among
smallholder farmers as monetary gains act as a prime driver
for adoption.","NA","Higher maize yields (greater than national average) might be attributed to favorable rainfall distribution pattern and soil fertility of the site coupled with the use of an improved maize variety and application of recommended agronomic practices.","NA","Cowpea & Horsegram have higher value in the market (1.5-2.0 times that of maize)","NA","NA","Fig5-effect of CAPS on MEY Kgha-1, Table3_effect of CAPS on MEY",NA,2,2,2,2,2,2,12
151,309,"Kumar M., Kumar R., Rangnamei K.L., Das A., Meena K.L., Rajkhowa D.J.",2019,"Crop diversification for enhancing the productivity for food and nutritional security under the Eastern Himalayas","Kumar, M., Kumar, R., Rangnamei, K. L., Das, A., Meena, K. L., & Rajkhowa, D. J. (2019). Crop diversification for enhancing the productivity for food and nutritional security under the Eastern Himalayas. Indian Journal of Agricultural Sciences, 89(7), 1157-1161.","Field","Quantitative","Experiment (on farm)","RC","2013-2015","2","5","1","4","20","5","2-4",">100","Yes","Yes","Poverty","India","South Asia",2,"Nagaland (5 villages)","Asia","LMIC","26.475000000000001","94.8","No",NA,"Experiment (on farm)","Farmer-led","Farmer-led","Rotation","Rotation",1,0,0,"Rotation","Existing farmers' practices","Existing farmers' practices",NA,"Grain / Pea","Rice","Pea",0,0,0,0,0,0,0,0,0,1,"0","Toria, tomato, cabbage","NA","Unknown","rainfed",5.89473684210526,"NA","NA","NA","NA","NA","1.336898396","NA","NA","NA","NA","NA","NA","2.8333333333333335","NA","NA","11.428621908127209","NA","NA",1.03583061889251,"1.7831050228310503","1.5279117849758788","NA","NA","NA","NA","NA","NA","Win-Mix","NA","NA","NA","NA","NA","NA","Yes: ""double cropping required more input, which is responsible for consumption of more energy""","NA","NA","Access to training/knowledge about new cropping practices (extension)","NA","Market prices (Increase in system net returns was mainly due to the higher market price of vegetables included in rice–based system compared with rice-fallow)","NA",NA,"Tables: 2: yield, land & H2O use; 3: profit, nutrition, climate; 4: Energy",NA,2,2,2,1,2,2,11
248,461,"Paudel B., Chan C., Halbrendt J., Crow S.E., Radovich T.J.K., Norton G.",2016,"Bioeconomic optimization of conservation agriculture production systems (CAPS) for smallholder tribal farmers in the hill region of Nepal","Paudel, B., Chan, C., Halbrendt, J., Crow, S. E., Radovich, T. J. K., & Norton, G. (2016). Bioeconomic optimization of conservation agriculture production systems (CAPS) for smallholder tribal farmers in the hill region of Nepal. Journal of Soil and Water Conservation, 71(2), 103-117. doi:10.2489/jswc.71.2.103","Village","Quantitative + Simulation","Experiment (on farm)","RC","2011-2013","3","4","3","1","25","3","2-4","11-100","No","No","poverty, food insecurity","Nepal","South Asia",2,"Hyakrang village (hill region)","Asia","LMIC","27.788350999999999","84.870625000000004","Yes","""increase the value of output per area by increasing frequency of cultivation or by increasing inputs""","Experiment (on farm)","Farmer-led","Farmer-led","Intercropping: Cereal-legume","Intercrop",1,0,0,"Row","Conservation agriculture (strip tillage)","Tillage practices",NA,"Grain / Cowpea + Black Gram","Maize","Multiple",0,1,0,0,0,0,0,0,0,0,"Black gram",NA,"NA","Unknown","rainfed",1.2224551,"NA","NA","NA","NA","NA","NA","NA","NA","NA","NA","1.1145370000000001","NA","NA","NA","NA","NA","NA","1.0456749999999999",1.34244222361024,"NA","NA","NA","NA","NA","NA","NA","NA","Win-Win","NA","NA","NA","NA","NA","NA","NA","NA","NA","Conservation agriculture (minimum (strip) tillage)- reduced soil loss","Conservation agriculture (minimum (strip) tillage)- reduced legume yield","NA","Conservation agriculture (minimum (strip) tillage)- increased labour","The experiment was laid out in a randomized block design with four treatments: 1. Full tillage maize followed by millet sole crop (traditional)
 2. Full tillage maize/legume sole crop (CAPS1)
 3. Full tillage maize/millet + legume intercrop (CAPS2)
 4. Strip tillage maize/millet + legume intercrop (CAPS3)
 Cowpea (2011) and black gram (2012 to
 2014) were the legume crops grown in the on-farm trial.","Values for intercrop are CAPS1; Table 2: crop yields, Table 3: labour, input costs, Table 8: soil formation/loss",NA,2,2,1,1,2,2,10
251,461,"Paudel B., Chan C., Halbrendt J., Crow S.E., Radovich T.J.K., Norton G.",2016,"Bioeconomic optimization of conservation agriculture production systems (CAPS) for smallholder tribal farmers in the hill region of Nepal","Paudel, B., Chan, C., Halbrendt, J., Crow, S. E., Radovich, T. J. K., & Norton, G. (2016). Bioeconomic optimization of conservation agriculture production systems (CAPS) for smallholder tribal farmers in the hill region of Nepal. Journal of Soil and Water Conservation, 71(2), 103-117. doi:10.2489/jswc.71.2.106","Village","Quantitative + Simulation","Experiment (on farm)","RC","2011-2013","3","4","3","1","25","3","2-4","11-100","No","No","poverty, food insecurity","Nepal","South Asia",2,"Hyakrang village (hill region)","Asia","LMIC","27.788350999999999","84.870625000000004","Yes","""increase the value of output per area by increasing frequency of cultivation or by increasing inputs""","Experiment (on farm)","Farmer-led","Farmer-led","Intercropping: Cereal-legume","Intercrop",1,0,0,"Row","Conservation agriculture (strip tillage)","Tillage practices",NA,"Grain / Cowpea + Black Gram","Maize-Millet","Multiple",0,1,0,0,0,0,0,0,0,0,"Black gram","Millet","NA","Unknown","rainfed",1.1578853,"NA","NA","NA","NA","NA","NA","NA","NA","NA","NA","1.5023839999999999","NA","NA","NA","NA","NA","NA","1.0228379999999999",0.716895690193629,"NA","NA","NA","NA","NA","NA","NA","NA","Win-Mix","NA","NA","NA","NA","NA","NA","NA","NA","NA","Conservation agriculture (minimum (strip) tillage)- reduced soil loss","Conservation agriculture (minimum (strip) tillage)- reduced legume yield","NA","Conservation agriculture (minimum (strip) tillage)- increased labour","The experiment was laid out in a randomized block design with four treatments: 1. Full tillage maize followed by millet sole crop (traditional)
 2. Full tillage maize/legume sole crop (CAPS1)
 3. Full tillage maize/millet + legume intercrop (CAPS2)
 4. Strip tillage maize/millet + legume intercrop (CAPS3)
 Cowpea (2011) and black gram (2012 to
 2014) were the legume crops grown in the on-farm trial.","Values for intercrop are CAPS1; Table 2: crop yields, Table 3: labour, input costs, Table 8: soil formation/loss",NA,2,2,1,1,2,2,10
250,461,"Paudel B., Chan C., Halbrendt J., Crow S.E., Radovich T.J.K., Norton G.",2016,"Bioeconomic optimization of conservation agriculture production systems (CAPS) for smallholder tribal farmers in the hill region of Nepal","Paudel, B., Chan, C., Halbrendt, J., Crow, S. E., Radovich, T. J. K., & Norton, G. (2016). Bioeconomic optimization of conservation agriculture production systems (CAPS) for smallholder tribal farmers in the hill region of Nepal. Journal of Soil and Water Conservation, 71(2), 103-117. doi:10.2489/jswc.71.2.105","Village","Quantitative + Simulation","Experiment (on farm)","RC","2011-2013","3","4","3","1","25","3","2-4","11-100","No","No","poverty, food insecurity","Nepal","South Asia",2,"Thumka village (hill region)","Asia","LMIC","28.008821999999999","83.399986999999996","Yes","""increase the value of output per area by increasing frequency of cultivation or by increasing inputs""","Experiment (on farm)","Farmer-led","Farmer-led","Intercropping: Cereal-legume","Intercrop",1,0,0,"Row","Conservation agriculture (strip tillage)","Tillage practices",NA,"Grain / Cowpea + Black Gram","Maize","Multiple",0,1,0,0,0,0,0,0,0,0,"Black gram",NA,"NA","Unknown","rainfed",1.3577236,"NA","NA","NA","NA","NA","NA","NA","NA","NA","NA","1.1140939999999999","NA","NA","NA","NA","NA","NA","0.92035400000000001",1.25871442276943,"NA","NA","NA","NA","NA","NA","NA","NA","Win-Mix","NA","NA","NA","NA","NA","NA","NA","NA","NA","Conservation agriculture (minimum (strip) tillage)- reduced soil loss","Conservation agriculture (minimum (strip) tillage)- reduced legume yield","NA","Conservation agriculture (minimum (strip) tillage)- increased labour","The experiment was laid out in a randomized block design with four treatments: 1. Full tillage maize followed by millet sole crop (traditional)
 2. Full tillage maize/legume sole crop (CAPS1) 3. Full tillage maize/millet + legume intercrop (CAPS2)
 4. Strip tillage maize/millet + legume intercrop (CAPS3)
 Cowpea (2011) and black gram (2012 to
 2014) were the legume crops grown in the on-farm trial.","Values for intercrop are CAPS1; Table 2: crop yields, Table 3: labour, input costs, Table 8: soil formation/loss",NA,2,2,1,1,2,2,10
253,461,"Paudel B., Chan C., Halbrendt J., Crow S.E., Radovich T.J.K., Norton G.",2016,"Bioeconomic optimization of conservation agriculture production systems (CAPS) for smallholder tribal farmers in the hill region of Nepal","Paudel, B., Chan, C., Halbrendt, J., Crow, S. E., Radovich, T. J. K., & Norton, G. (2016). Bioeconomic optimization of conservation agriculture production systems (CAPS) for smallholder tribal farmers in the hill region of Nepal. Journal of Soil and Water Conservation, 71(2), 103-117. doi:10.2489/jswc.71.2.108","Village","Quantitative + Simulation","Experiment (on farm)","RC","2011-2013","3","4","3","1","25","3","2-4","11-100","No","No","poverty, food insecurity","Nepal","South Asia",2,"Thumka village (hill region)","Asia","LMIC","28.008821999999999","83.399986999999996","Yes","""increase the value of output per area by increasing frequency of cultivation or by increasing inputs""","Experiment (on farm)","Farmer-led","Farmer-led","Intercropping: Cereal-legume","Intercrop",1,0,0,"Row","Conservation agriculture (strip tillage)","Tillage practices",NA,"Grain / Cowpea + Black Gram","Maize-Millet","Multiple",0,1,0,0,0,0,0,0,0,0,"Black gram","Millet","NA","Unknown","rainfed",1.254878,"NA","NA","NA","NA","NA","NA","NA","NA","NA","NA","1.50261","NA","NA","NA","NA","NA","NA","0.91166800000000003",0.826511032938919,"NA","NA","NA","NA","NA","NA","NA","NA","Win-Lose","NA","NA","NA","NA","NA","NA","NA","NA","NA","Conservation agriculture (minimum (strip) tillage)- reduced soil loss","Conservation agriculture (minimum (strip) tillage)- reduced legume yield","NA","Conservation agriculture (minimum (strip) tillage)- increased labour","The experiment was laid out in a randomized block design with four treatments: 1. Full tillage maize followed by millet sole crop (traditional)
 2. Full tillage maize/legume sole crop (CAPS1) 3. Full tillage maize/millet + legume intercrop (CAPS2)
 4. Strip tillage maize/millet + legume intercrop (CAPS3)
 Cowpea (2011) and black gram (2012 to
 2014) were the legume crops grown in the on-farm trial.","Values for intercrop are CAPS1; Table 2: crop yields, Table 3: labour, input costs, Table 8: soil formation/loss",NA,2,2,1,1,2,2,10
316,570,"Singh R.J., Ahlawat I.P.S.",2015,"Energy budgeting and carbon footprint of transgenic cotton–wheat production system through peanut intercropping and FYM addition","Singh, R. J., & Ahlawat, I. P. S. (2015). Energy budgeting and carbon footprint of transgenic cotton-wheat production system through peanut intercropping and FYM addition. Environmental Monitoring and Assessment, 187(5), 16. doi:10.1007/s10661-015-4516-4","Plot","Quantitative","Experiment (research station)","E/M","2006-2008","2","12","8","4","3","1","2-4","3-4","Yes","Yes","depletion of fossil energy resources and the emission of atmospheric green house gases (GHGs) like carbon dioxide (CO2) to the atmosphere","India","South Asia",2,"New Delhi (28°35′N latitude and 77°12′ E longitude)","Asia","LMIC","28.583333","77.2","No","NA","Experiment (research station)","Researcher-led","Researcher-led","Intercropping","Intercrop",1,0,0,"Row","Four fertility levels","Fertilizer rates/type",NA,"Grain + Non-Grain / Groundnut","Cotton-Wheat","Groundnut",0,0,1,0,0,0,0,0,0,0,"0",NA,"0:0:0 to 150:26:5","Synthetic - below threshold","irrigation",1.1596,"NA","NA","1.0769200000000001","NA","NA","NA","1.5","NA","NA","NA","NA","1.3664259999999999","1.2416851","NA","NA","1.2637362640000001","NA","0.92194480000000001",1.0279296,"NA","NA","NA","NA","NA","NA","NA","NA","Mix-Mix","NA","NA","NA","NA","NA","NA","NA","NA","Low peanut market prices; insuitability of peanut varieties to local weather conditions","Moderate fertilisation (reduced carbon footprint); soil characteristics (greatest NER, PEIN, and NHI were attributed to the better physical, chemical, and biological properties of soil that would have caused greater nutrient uptake and yield, leading to better fertilizer-use efficiencies)","Fertilisation (increasing N rates reduced the impact of intercropping on reducing carbon footprint, and at very high >100kg N rates, no difference in carbon footprint between legume and non-legume treatment)",NA,"suitability of peanut varieties and low peanut market prices: ""Poor returns from peanut due to its lower productivity on account ofnon-suitability ofvarieties and nonremunerative prices have been the major factors, discouraging cultivation of peanut in South Asian countries by farmers.""",NA,"Data on yield, labour, material assets from ref 234: Table 6, 7, 8, 9, 10, 11; data on profitability from ref 235 (excluded as it’s the same study); data on productivity, organic carbon, weed regulation from ""Dry Matter Nitrogen Phosphorus and Potassium""","Singh RJ, Ahlawat IPS, Kumar K. 2013. Productivity and Profitability of the Transgenic Cotton–Wheat Production System through Peanut Intercropping and Fym Addition. Experimental Agriculture 49:321-335.",2,2,2,2,2,2,12
249,461,"Paudel B., Chan C., Halbrendt J., Crow S.E., Radovich T.J.K., Norton G.",2016,"Bioeconomic optimization of conservation agriculture production systems (CAPS) for smallholder tribal farmers in the hill region of Nepal","Paudel, B., Chan, C., Halbrendt, J., Crow, S. E., Radovich, T. J. K., & Norton, G. (2016). Bioeconomic optimization of conservation agriculture production systems (CAPS) for smallholder tribal farmers in the hill region of Nepal. Journal of Soil and Water Conservation, 71(2), 103-117. doi:10.2489/jswc.71.2.104","Village","Quantitative + Simulation","Experiment (on farm)","RC","2011-2013","3","4","3","1","25","3","2-4","11-100","No","No","poverty, food insecurity","Nepal","South Asia",2,"Kholagaun village (hill region)","Asia","LMIC","28.628281999999999","82.295692000000003","Yes","""increase the value of output per area by increasing frequency of cultivation or by increasing inputs""","Experiment (on farm)","Farmer-led","Farmer-led","Intercropping: Cereal-legume","Intercrop",1,0,0,"Row","Conservation agriculture (strip tillage)","Tillage practices",NA,"Grain / Cowpea + Black Gram","Maize","Multiple",0,1,0,0,0,0,0,0,0,0,"Black gram",NA,"NA","Unknown","rainfed",1.1655689,"NA","NA","NA","NA","NA","NA","NA","NA","NA","NA","1.502643","NA","NA","NA","NA","NA","NA","1",1.3649153028998,"NA","NA","NA","NA","NA","NA","NA","NA","Win-Mix","NA","NA","NA","NA","NA","NA","NA","NA","NA","Conservation agriculture (minimum (strip) tillage)- reduced soil loss","Conservation agriculture (minimum (strip) tillage)- reduced legume yield","NA","Conservation agriculture (minimum (strip) tillage)- increased labour","The experiment was laid out in a randomized block design with four treatments: 1. Full tillage maize followed by millet sole crop (traditional)
 2. Full tillage maize/legume sole crop (CAPS1)
 3. Full tillage maize/millet + legume intercrop (CAPS2)
 4. Strip tillage maize/millet + legume intercrop (CAPS3)
 Cowpea (2011) and black gram (2012 to
 2014) were the legume crops grown in the on-farm trial.","Values for intercrop are CAPS1; Table 2: crop yields, Table 3: labour, input costs, Table 8: soil formation/loss",NA,2,2,1,1,2,2,10
252,461,"Paudel B., Chan C., Halbrendt J., Crow S.E., Radovich T.J.K., Norton G.",2016,"Bioeconomic optimization of conservation agriculture production systems (CAPS) for smallholder tribal farmers in the hill region of Nepal","Paudel, B., Chan, C., Halbrendt, J., Crow, S. E., Radovich, T. J. K., & Norton, G. (2016). Bioeconomic optimization of conservation agriculture production systems (CAPS) for smallholder tribal farmers in the hill region of Nepal. Journal of Soil and Water Conservation, 71(2), 103-117. doi:10.2489/jswc.71.2.107","Village","Quantitative + Simulation","Experiment (on farm)","RC","2011-2013","3","4","3","1","25","3","2-4","11-100","No","No","poverty, food insecurity","Nepal","South Asia",2,"Kholagaun village (hill region)","Asia","LMIC","28.628281999999999","82.295692000000003","Yes","""increase the value of output per area by increasing frequency of cultivation or by increasing inputs""","Experiment (on farm)","Farmer-led","Farmer-led","Intercropping: Cereal-legume","Intercrop",1,0,0,"Row","Conservation agriculture (strip tillage)","Tillage practices",NA,"Grain / Cowpea + Black Gram","Maize-Millet","Multiple",0,1,0,0,0,0,0,0,0,0,"Black gram","Millet","NA","Unknown","rainfed",1.1578853,"NA","NA","NA","NA","NA","NA","NA","NA","NA","NA","1.5023839999999999","NA","NA","NA","NA","NA","NA","0.99166699999999997",0.845104794717198,"NA","NA","NA","NA","NA","NA","NA","NA","Win-Lose","NA","NA","NA","NA","NA","NA","NA","NA","NA","Conservation agriculture (minimum (strip) tillage)- reduced soil loss","Conservation agriculture (minimum (strip) tillage)- reduced legume yield","NA","Conservation agriculture (minimum (strip) tillage)- increased labour","The experiment was laid out in a randomized block design with four treatments: 1. Full tillage maize followed by millet sole crop (traditional)
 2. Full tillage maize/legume sole crop (CAPS1)
 3. Full tillage maize/millet + legume intercrop (CAPS2)
 4. Strip tillage maize/millet + legume intercrop (CAPS3)
 Cowpea (2011) and black gram (2012 to
 2014) were the legume crops grown in the on-farm trial.","Values for intercrop are CAPS1; Table 2: crop yields, Table 3: labour, input costs, Table 8: soil formation/loss",NA,2,2,1,1,2,2,10
247,453,"Parihar M.D., Parihar C.M., Nanwal R.K., Singh A.K., Jat S.L., Nayak H.S., Ghasal P.C., Jewlia H.R., Choudhary M., Jat M.L.",2019,"Effect of different tillage and residue management practices on crop and water productivity and economics in maize (Zea mays) based rotations","Parihar, M. D., Parihar, C. M., Nanwal, R. K., Singh, A. K., Jat, S. L., Nayak, H. S., . . . Jat, M. L. (2019). Effect of different tillage and residue management practices on crop and water productivity and economics in maize (Zea mays) based rotations. Indian Journal of Agricultural Sciences, 89(2), 360-366.","Plot","Quantitative","Experiment (research station)","E/M","2012-2014","2","12","6","6","1","1","2-4","1-2","No","No",NA,"India","South Asia",2,"northern India","Asia","LMIC","28.666667","77.2","No",NA,"Experiment (research station)","Researcher-led","Researcher-led","Rotation","Rotation",0,0,1,"Rotation","Conservation agriculture (6 tillage and crop establishment (TCE) and residue management practices)","Conservation ag (residue + tillage)",NA,"Grain / Chickpea","Maize","Chickpea",1,0,0,0,0,0,0,0,0,0,"0","Wheat","150:60:40","Synthetic - below threshold","irrigation",1.03190602,"NA","NA","NA","NA","NA","NA","NA","NA","1.0912347","NA","NA","NA","1.031906","NA","NA","1.132454004","NA","NA",1.0914426,"NA","NA","NA","NA","NA","NA","NA","NA","Win-Win","NA","NA","NA","NA","NA","NA","NA","NA","NA","Conservation agriculture (zero tillage- greater yield; residue retention- greater system productivity (better soil structure, aeration and thermal and moisture regimes)","NA","Conservation agriculture (zero tillage- greater yield; residue retention- greater system productivity (better soil structure, aeration and thermal and moisture regimes)","Conservation agriculture (zero tillage- greater yield; residue retention- greater system productivity (better soil structure, aeration and thermal and moisture regimes)","NA","Table 2: food provisioning, water regulation, productivity; Table 3: Additional net income; Table 4: labour costs (variable costs of cultivation) - see SuppCalc",NA,0,2,1,2,2,2,9
258,495,"Ranjan R., Sharma N.K., Kumar A., Pramanik M., Mehta H., Ojasvi P.R., Yadav R.S.",2021,"Evaluation of maize-based intercropping on runoff, soil loss, and yield in foothills of the Indian sub-Himalayas","Ranjan, R., Sharma, N. K., Kumar, A., Pramanik, M., Mehta, H., Ojasvi, P. R., & Yadav, R. S. (2021). Evaluation of maize-based intercropping on runoff, soil loss, and yield in foothills of the Indian sub-Himalayas. Experimental Agriculture, 57(2), 69-84. doi:10.1017/s0014479721000053","Plot","Quantitative","Experiment (research station)","E/M","2012-2014","3","4","2","2","3","1","2-4","3-4","Yes","Yes","soil degradation and extreme weather","India","South Asia",2,"Dehradun (ICAR Research Farm)","Asia","LMIC","30.351327254754899","77.870252189564098","No",NA,"Experiment (research station)","Researcher-led","Researcher-led","Intercropping: Cereal-legume","Intercrop",1,0,0,"Row","Plastic mulch","SWC",NA,"Grain / Cowpea","Maize","Cowpea",0,1,0,0,0,0,0,0,0,0,"0",NA,"64:46:60","Synthetic - below threshold","rainfed",1.47492232578784,"1.1438565806733711","NA","NA","NA","NA","NA","NA","NA","1.3577646728447066","NA","1.4140875133404482","NA","NA","NA","NA","2.261437908496732","NA","0.97409326424870457",0.974093264248705,"NA","NA","NA","NA","NA","NA","NA","NA","Win-Mix","NA","NA","NA","NA","NA","NA","NA","NA","NA","Weather- Optimum and well-distributed rainfall; Weed supression by legume","Weather- Excessive and incessant rainfall","NA","NA",NA,"Suplementary material, Table S1-yield, Table S2-water, Table3-economics,Table S3- soil loss, runoff",NA,2,2,2,2,2,2,12
259,495,"Ranjan R., Sharma N.K., Kumar A., Pramanik M., Mehta H., Ojasvi P.R., Yadav R.S.",2021,"Evaluation of maize-based intercropping on runoff, soil loss, and yield in foothills of the Indian sub-Himalayas","Ranjan, R., Sharma, N. K., Kumar, A., Pramanik, M., Mehta, H., Ojasvi, P. R., & Yadav, R. S. (2021). Evaluation of maize-based intercropping on runoff, soil loss, and yield in foothills of the Indian sub-Himalayas. Experimental Agriculture, 57(2), 69-84. doi:10.1017/s0014479721000054","Plot","Quantitative","Experiment (research station)","E/M","2012-2014","3","4","2","2","3","1","2-4","3-4","Yes","Yes","soil degradation and extreme weather","India","South Asia",2,"Dehradun (ICAR Research Farm)","Asia","LMIC","30.351327254754899","77.870252189564098","No",NA,"Experiment (research station)","Researcher-led","Researcher-led","Intercropping: Cereal-legume","Intercrop",1,0,0,"Row","Plastic mulch","SWC",NA,"Grain / Soybean","Maize","Soybean",0,0,0,0,0,0,0,0,1,0,"0",NA,"64:46:60","Synthetic - below threshold","rainfed",1.25077674212162,"1.0822037603847836","NA","NA","NA","NA","NA","NA","NA","1.0702049985959001","NA","1.1387406616862326","NA","NA","NA","NA","1.7581699346405228","NA","0.97409326424870457",0.974093264248705,"NA","NA","NA","NA","NA","NA","NA","NA","Win-Mix","NA","NA","NA","NA","NA","NA","NA","NA","NA","Weather- Optimum and well-distributed rainfall","Weather- Excessive and incessant rainfall","NA","NA",NA,"Suplementary material, Table S1-yield, Table S2-water, Table3-economics,Table S3- soil loss, runoff",NA,2,2,2,2,2,2,12
367,715,"Yang CH, Fan ZL, Chai Q",2018,"Agronomic and Economic Benefits of Pea/Maize Intercropping Systems in Relation to N Fertilizer and Maize Density","Yang, C. H., Fan, Z. L., & Chai, Q. (2018). Agronomic and Economic Benefits of Pea/Maize Intercropping Systems in Relation to N Fertilizer and Maize Density. Agronomy-Basel, 8(4), 14. doi:10.3390/agronomy8040052","Plot","Quantitative","Experiment (research station)","E/M","2012-2013","2","3","1","2","3","1","2-4","3-4","Not exclusively  (also studying different N fertiliser combination and maize plants density)","Not exclusively  (also studying different N fertiliser combination and maize plants density)","Need to increase crop yields and improve land utilisation, decrease water consumption,  developing low-input anbd sustainable cropping systems.","China","East Asia",5,"Wuwei Experimental Station of
Gansu Agricultural University","Asia","UMIC","37.872222000000001","102.847222","No","NA","Experiment (research station)","Researcher-led","Researcher-led","Intercropping: Maize-legume","Intercrop",1,0,0,"NA","Impact of N inputs","Fertilizer rates/type",NA,"Grain / Pea","Maize","Pea",0,0,0,0,0,0,0,0,0,1,"0","0","450 kg Nha-1 (Maize), 135 kg Nha-1 (Pea)","Synthetic - above threshold","irrigation",1.02411636936007,"NA","NA","NA","NA","NA","NA","NA","NA","NA","NA","NA","NA","NA","NA","NA","1.0319950651483787","1.0023310940619468","NA",0.989449003516999,"NA","NA","NA","NA","NA","NA","NA","NA","Win-Mix","NA","NA","NA","NA","NA","NA","Grain yield of maize was significantly increased with increasing planting
density, but slightly decreased the yield of intercropped pea. ---There were some compensatory effects between the two intercrops: The CGR of sole maize was always greater than intercropped maize, and it increased by 3.2% to 93.6% during the period of 15 to 95 d after pea emergence in 2012 and 2013. However, growth of maize plants increased rapidly after pea harvest (at 95 d after pea emergence) in pea/maize intercropping, the CGR of the intercropped maize was 18.5% to 216.9% greater than that of sole maize. The intercropped pea strips provided a significant compensatory effect on the growth of maize plants after the pea was harvested.---In pea/maize intercropping, the increase of planting density of intercropped maize could improve the yield of intercropped maize but decrease the grain yield of intercropped pea. This was probably due to increased competition between the two species. Our results suggest that lower N fertilization levels should be considered for legume/cereal intercropping as the low-N soil environment allows the interspecies to have a complementary effect with the advantages of cropping mixture. Another important aspect for pea/maize intercropping is the efficient use of light because of complementary use of space between the shorter pea plants and the taller maize plants. The complementary effect is also shown for the length of the growth period because their life cycles are different, with the maturity of intercropped pea was about 30 to 50 days earlier than the intercropped maize.","Grain yield of pea/maize was increased, on average, by up to 71.9% compared to monoculture
maize and monoculture pea on a per hectare basis..----Although the grain yield, net returns and benefit to cost ratios of
pea/maize intercropping were similar or even lower than sole maize, the grain composition and quality from this cereal-legume intercropping is more valid for animal or human consumption compared to the sole maize because of the higher protein in pea.",NA,"Grain yield of pea/maize was increased, on average, by up to 71.9% compared to monoculture
maize and monoculture pea on a per hectare basis..----inclusion of annual legumes in cropping systems via either legume-cereal intercropping or cereal-legume rotations can significantly reduce the use of synthetic N fertilizer [43,44], as the legumes fix N2O from the atmosphere [45]. Such a legume-cereal system can provide significant ecological and environmental benefits by reducing carbon emissions [27,46], lowering the environmental footprint [47,48] and enhancing soil and ecological sustainability [49,50]. Furthermore, the pea/maize intercropping has more ecological benefits than sole maize, as the legume can fix N from the atmosphere and thus reduce the requirement for inorganic nitrogen in crop production [51].","NA",NA,"NA","N fertilizer influenced on the increased yields of pea-maize intercropping--The pea/maize intercropping achieved higher yields but required more labor in their production
than sole cropping in the present study. Consequently, the pea/maize intercropping had a similar
net return as the corresponding sole maize, but the net returns of intercropping were higher than
sole pea. In all cases, the net returns were improved by the use of nitrogen fertilizer regardless of
intercropping or sole cropping. Although the grain yield, net returns and benefit to cost ratios of
pea/maize intercropping were similar or even lower than sole maize, the grain composition and quality
from this cereal-legume intercropping is more valid for animal or human consumption compared to
the sole maize because of the higher protein in pea [42]. Furthermore,","Table6 net returns_labour, Table4_yields",NA,2,2,2,2,2,2,12
214,422,"Ngwira A.R., Thierfelder C., Lambert D.M.",2013,"Conservation agriculture systems for Malawian smallholder farmers: Long-term effects on crop productivity, profitability and soil quality","Ngwira, A. R., Thierfelder, C., & Lambert, D. M. (2012). Conservation agriculture systems for Malawian smallholder farmers: long-term effects on crop productivity, profitability and soil quality. Renewable Agriculture and Food Systems, 28(4), 350-363. doi:10.1017/s1742170512000257","Field","Quantitative","Participatory Action Research","RC","2005-2011","6","3","1","2","6","2","5-10","11-100","Yes","Yes","Poverty","Malawi","Subsaharan Africa",1,"Lemu","Africa","LIC","-14.984413376142554,","34.959669040995401","No",NA,"Experiment (on farm)","Farmer-led","Farmer-led","Intercropping: cereal-legume + rotation: cereal-legume","Intercrop-Rotation",1,0,0,"Row","Conservation agriculture + herbicides","Tillage practices","Pest management","Grain / Pigeonpea","Maize","Pigeonpea",0,0,0,0,0,1,0,0,0,0,"0",NA,"69:21:00","Synthetic - below threshold","rainfed",1.04799156536898,"NA","NA","NA","NA","NA","NA","NA","NA","1.0551181102362206","NA","1.267367882577074","NA","0.96791281377664162","NA","NA","1.1414466130884042","NA","NA",0.761904761904762,"NA","NA","NA","NA","NA","NA","NA","NA","Mix-Mix","NA","NA","NA","NA","NA","NA","NA","High market demand: ""pigeonpea grain has a high demand in Malawi and India (an export market from Malawi), and the stems are used as fuelwood""; Pigeonpea, with its deep taproots, may assist in breaking the widespread hoe pans prevalent in most smallholder farmers’ fields in Malawi, thus improving soil structure and porosity.","NA","Conservation agriculture (combination of differences in tillage and land preparation methods, residue management, cropping systems and weed control strategies): ""Mulch cover improved water infiltration even after the first season, especially under drier or moisture-limited conditions, thereby improving the effect on soil water balance""; Dry conditions - In the drier environment ofLemu (characterized by sandy clay loam soils), most of the yield increase was observed in the driest year of 2009–10","Pest infestation and rainfall variability with dry spells caused grain yields lower than the potential: ""inadequate number of sprays against insect pests such as aphids (Aphis gossypii) and elegant grasshoppers (Dichromorpha elegans) as well as dry spells causing flower abortion""","NA","Dry spells (rainfall variability)","biodiversity: Differences between treatments in the faunal groups of earthworm and termites were only observed in Zidyana (Table 5). At Lemu, spatial variability of these faunal groups was too large to detect any significant difference between treatments. In Zidyana, the earthworm population was highest (48earthwormsm−2) in CAM, followed by CAML (40earthwormsm−2) and lowest (9earthwormsm−2) in CPM treatment. At both sites centipede populations were higher in the top 30cm of soil of CAM than CPM, whereas the rest of the faunal populations did not show significant difference between treatments.","Figure 5+Table 1 (Yield); Table 6 (H2O infoltration); Table 4 (Soil organic C); Figure 6 (Biomass); Table 5 (Biodiversity); Table 3 (Income)",NA,2,2,2,2,2,2,12
