"uniqueID","StudyID_IDALL","Authors","Year","Title","Citation","Unit_analysis","Study_design","Case_countries","Continent","Worldbank_national_income_group","Synthetic_fertiliser_category","Water_source","Yield","Recoded_aspect_of_yield","Freshwater","Fuelwood","Fiber","Biochemicals","Genetic_resources","Climate_regulation","Disease_regulation","Pest_regulation","Water_regulation","Water_purification","Pollination","Soil_formation","Nutrient_cycling","Primary_production","Biodiversity_composition_spp_occurrence_abundance","Biodiversity_structure_habitat","Biodiversity_functions_processes_soil_organic_carbon","Recoded_spect_of_function","Profit","Financial_security","Physical_capital","Savings_labour_cost","Natural_capital","Health","Education","Social_cultural_relations","Food_security","Employment","Justice","Property_rights","Combined_ecological_social_outcome"
1,1,"Abdul Rahman N., Larbi A., Kotu B., Asante M.O., Akakpo D.B., Mellon-Bedi S., Hoeschle-Zeledon I.",2021,"Maize–legume strip cropping effect on productivity, income, and income risk of farmers in northern Ghana","Abdul Rahman, N., Larbi, A., Kotu, B., Asante, M. O., Akakpo, D. B., Mellon-Bedi, S., & Hoeschle-Zeledon, I. (2021). Maize–legume strip cropping effect on productivity, income, and income risk of farmers in northern Ghana. Agronomy Journal, 113(2), 1574-1585. doi:10.1002/agj2.20536","Community","Experiment (on farm)","Ghana","Africa","LMIC","Synthetic - below threshold","rainfed",1.15,"Equivalent_cumulative_yield",NA,NA,NA,NA,NA,NA,NA,NA,NA,NA,NA,NA,NA,NA,NA,NA,NA,NA,2.12,NA,NA,NA,2.03,NA,NA,NA,NA,NA,NA,NA,"Win-Win"
2,1,"Abdul Rahman N., Larbi A., Kotu B., Asante M.O., Akakpo D.B., Mellon-Bedi S., Hoeschle-Zeledon I.",2021,"Maize–legume strip cropping effect on productivity, income, and income risk of farmers in northern Ghana","Abdul Rahman, N., Larbi, A., Kotu, B., Asante, M. O., Akakpo, D. B., Mellon-Bedi, S., & Hoeschle-Zeledon, I. (2021). Maize–legume strip cropping effect on productivity, income, and income risk of farmers in northern Ghana. Agronomy Journal, 113(2), 1574-1585. doi:10.1002/agj2.20536","Community","Experiment (on farm)","Ghana","Africa","LMIC","Synthetic - below threshold","rainfed",1.01,"Equivalent_cumulative_yield",NA,NA,NA,NA,NA,NA,NA,NA,NA,NA,NA,NA,NA,NA,NA,NA,NA,NA,1.89,NA,NA,NA,1.93,NA,NA,NA,NA,NA,NA,NA,"Win-Win"
9,12,"Agegnehu G., Ghizaw A., Sinebo W.",2006,"Yield performance and land-use efficiency of barley and faba bean mixed cropping in Ethiopian highlands","Agegnehu, G., Ghizaw, A., & Sinebo, W. (2006). Yield performance and land-use efficiency of barley and faba bean mixed cropping in Ethiopian highlands. European Journal of Agronomy, 25(3), 202-207. doi:10.1016/j.eja.2006.05.002","Plot","Experiment (research station)","Ethiopia","Africa","LIC","Synthetic - below threshold","rainfed",1.1659,"Equivalent_cumulative_yield",NA,NA,NA,NA,NA,NA,1.762,1.2984,NA,NA,NA,NA,NA,NA,NA,NA,NA,NA,NA,NA,NA,NA,1.148,NA,NA,NA,NA,NA,NA,NA,"Win-Win"
10,785,"Agegnehu, G., Ghizaw, A., & Sinebo, W. (2006, Oct).",2006,"Crop productivity and land-use efficiency of a teff/faba bean mixed cropping system in a tropical highland environment","Agegnehu, G., Ghizaw, A., & Sinebo, W. (2006). Crop productivity and land-use efficiency of a teff/faba bean mixed cropping system in a tropical highland environment. Experimental Agriculture, 42(4), 495-504. doi:10.1017/s0014479706003863","Plot","Experiment (research station)","Ethiopia","Africa","LIC","Synthetic - below threshold","rainfed",1.15905405405405,"Equivalent_cumulative_yield",NA,NA,NA,NA,NA,NA,NA,1.31911573472042,NA,NA,NA,NA,NA,NA,NA,NA,NA,NA,NA,NA,NA,NA,1.24,NA,NA,NA,NA,NA,NA,NA,"Win-Win"
14,19,"Alemayehu A., Tamado T., Nigussie D., Yigzaw D., Kinde T., Wortmann C.S.",2017,"Maize-common bean intercropping to optimize maize-based crop production","Alemayehu, A., Tamado, T., Nigussie, D., Yigzaw, D., Kinde, T., & Wortmann, C. S. (2017). Maize-common bean intercropping to optimize maize-based crop production. Journal of Agricultural Science, 155(7), 1124-1136. doi:10.1017/S0021859617000193","Plot","Experiment (research station)","Ethiopia","Africa","LIC","Synthetic - below threshold","rainfed",1.06018519,"Equivalent_cumulative_yield",NA,NA,NA,NA,NA,NA,NA,NA,NA,NA,NA,NA,1.0173611,0.9625,NA,NA,NA,NA,1.06,NA,NA,NA,1.1875,NA,NA,NA,NA,NA,NA,NA,"Win-Win"
15,784,"Ansari, M. H., Verma, B. K., Ansari, M. A., Mishra, D., Srivastava, A. K., Khan, N., & Saquib, M. (2015, Mar).  [Article]. Indian Journal of Agricultural Sciences, 85(3), 100-104. <Go to ISI>://WOS:000351480400015",2015,"Impact of cropping pattern on growth, yield attributes and system productivity of citronella (Citronella winterianus) - pulses intercropping system in Central India","Ansari, M. H., Verma, B. K., Ansari, M. A., Mishra, D., Srivastava, A. K., Khan, N., & Saquib, M. (2015). Impact of cropping pattern on growth, yield attributes and system productivity of citronella (Citronella winterianus) - pulses intercropping system in Central India. Indian Journal of Agricultural Sciences, 85(3), 100-104.","Plot","Experiment (research station)","India","Asia","LMIC","Synthetic - below threshold","irrigation",0.633879018734707,"Equivalent_cumulative_yield",NA,NA,NA,NA,NA,NA,NA,NA,NA,NA,NA,1.05238095238095,1.0832325675131,NA,NA,NA,NA,NA,0.740289678416049,1.04095281413723,NA,NA,1.03166666666667,NA,NA,NA,NA,NA,NA,NA,"Mix-Mix"
33,779,"Bastia, D. K., Behera, S. K., & Panda, M. R. (2021, Dec).",2021,"Impacts of soil fertility management on productivity and economics of rice and fodder intercropping systems under rainfed conditions in Odisha, India","Bastia, D. K., Behera, S. K., & Panda, M. R. (2021). Impacts of soil fertility management on productivity and economics of rice and fodder intercropping systems under rainfed conditions in Odisha, India. Journal of Integrative Agriculture, 20(12), 3114-3126. doi:10.1016/s2095-3119(20)63591-2","Plot","Experiment (research station)","India","Asia","LMIC","Synthetic - below threshold","rainfed",1.07337151037938,"Equivalent_cumulative_yield",NA,NA,NA,NA,NA,1.08805031446541,NA,NA,0.935691318327974,NA,NA,NA,1.05096831877647,NA,NA,NA,NA,NA,0.85055145859166,0.948387096774194,NA,NA,1.14,NA,NA,NA,NA,NA,NA,NA,"Mix-Mix"
34,779,"Bastia, D. K., Behera, S. K., & Panda, M. R. (2021, Dec).",2021,"Impacts of soil fertility management on productivity and economics of rice and fodder intercropping systems under rainfed conditions in Odisha, India","Bastia, D. K., Behera, S. K., & Panda, M. R. (2021). Impacts of soil fertility management on productivity and economics of rice and fodder intercropping systems under rainfed conditions in Odisha, India. Journal of Integrative Agriculture, 20(12), 3114-3126. doi:10.1016/s2095-3119(20)63591-2","Plot","Experiment (research station)","India","Asia","LMIC","Synthetic - below threshold","rainfed",1.05941302791696,"Equivalent_cumulative_yield",NA,NA,NA,NA,NA,1.06918238993711,NA,NA,0.919614147909968,NA,NA,NA,1.03488924704341,NA,NA,NA,NA,NA,0.806043203028128,0.935483870967742,NA,NA,1.13,NA,NA,NA,NA,NA,NA,NA,"Mix-Mix"
36,61,"Bedoussac L., Journet E.-P., Hauggaard-Nielsen H., Naudin C., Corre-Hellou G., Jensen E.S., Prieur L., Justes E.",2015,"Ecological principles underlying the increase of productivity achieved by cereal-grain legume intercrops in organic farming. A review","Bedoussac, L., Journet, E. P., Hauggaard-Nielsen, H., Naudin, C., Corre-Hellou, G., Jensen, E. S., . . . Justes, E. (2015). Ecological principles underlying the increase of productivity achieved by cereal-grain legume intercrops in organic farming. A review. Agronomy for Sustainable Development, 35(3), 911-935. doi:10.1007/s13593-014-0277-7","Plot","Review","Denmark, France","Europe","HIC","No synthetic","rainfed",1.22222222,"Equivalent_cumulative_yield",NA,NA,NA,NA,NA,NA,NA,1.7142857,NA,NA,NA,NA,1.1590909,NA,NA,NA,NA,NA,1.216637782,NA,NA,NA,1.27,1.1326531,NA,NA,NA,NA,NA,NA,"Win-Win"
37,64,"Belay D., Schulthess F., Omwega C.",2009,"The profitability of maize-haricot bean intercropping techniques to control maize stem borers under low pest densities in Ethiopia","Belay, D., Schulthess, F., & Omwega, C. (2009). The profitability of maize-haricot bean intercropping techniques to control maize stem borers under low pest densities in Ethiopia. Phytoparasitica, 37(1), 43-50. doi:10.1007/s12600-008-0002-7","Plot","Experiment (on farm)","Ethiopia","Africa","LIC","Synthetic - below threshold","rainfed",0.98975,"Equivalent_cumulative_yield",NA,NA,NA,NA,NA,NA,NA,1.3235294,NA,NA,NA,NA,NA,NA,NA,NA,NA,NA,1,NA,NA,NA,1.05,NA,NA,NA,NA,NA,NA,NA,"Mix-Mix"
38,64,"Belay D., Schulthess F., Omwega C.",2009,"The profitability of maize-haricot bean intercropping techniques to control maize stem borers under low pest densities in Ethiopia","Belay, D., Schulthess, F., & Omwega, C. (2009). The profitability of maize-haricot bean intercropping techniques to control maize stem borers under low pest densities in Ethiopia. Phytoparasitica, 37(1), 43-50. doi:10.1007/s12600-008-0002-7","Plot","Experiment (on farm)","Ethiopia","Africa","LIC","Synthetic - below threshold","rainfed",1.1537,"Equivalent_cumulative_yield",NA,NA,NA,NA,NA,NA,NA,1.75,NA,NA,NA,NA,NA,NA,NA,NA,NA,NA,1.15,NA,NA,NA,1.225,NA,NA,NA,NA,NA,NA,NA,"Win-Win"
39,64,"Belay D., Schulthess F., Omwega C.",2009,"The profitability of maize-haricot bean intercropping techniques to control maize stem borers under low pest densities in Ethiopia","Belay, D., Schulthess, F., & Omwega, C. (2009). The profitability of maize-haricot bean intercropping techniques to control maize stem borers under low pest densities in Ethiopia. Phytoparasitica, 37(1), 43-50. doi:10.1007/s12600-008-0002-7","Plot","Experiment (on farm)","Ethiopia","Africa","LIC","Synthetic - below threshold","rainfed",1.0727,"Equivalent_cumulative_yield",NA,NA,NA,NA,NA,NA,NA,0.4429825,NA,NA,NA,NA,NA,NA,NA,NA,NA,NA,1.05,NA,NA,NA,1.375,NA,NA,NA,NA,NA,NA,NA,"Mix-Win"
45,74,"Bitew Y., Alemayehu G., Adgo E., Assefa A.",2020,"Competition, production efficiency and yield stability of finger millet and legume additive design intercropping","Bitew, Y., Alemayehu, G., Adgo, E., & Assefa, A. (2020). Competition, production efficiency and yield stability of finger millet and legume additive design intercropping. Renewable Agriculture and Food Systems. doi:10.1017/S1742170520000101","Plot","Experiment (on farm)","Ethiopia","Africa","LIC","Synthetic - below threshold","rainfed",1.574,"Equivalent_cumulative_yield",NA,NA,NA,NA,NA,NA,NA,1.58,NA,NA,NA,NA,NA,1.098934,NA,NA,NA,NA,1.3765,NA,NA,NA,1.21,NA,NA,NA,NA,NA,NA,NA,"Win-Win"
46,776,"Bitew, Y., Alemayehu, G., Adego, E., & Assefa, A. (2019, Dec).",2019,"Boosting land use efficiency, profitability and productivity of finger millet by intercropping with grain legumes","Bitew, Y., Alemayehu, G., Adego, E., & Assefa, A. (2019). Boosting land use efficiency, profitability and productivity of finger millet by intercropping with grain legumes. Cogent Food & Agriculture, 5(1), 22. doi:10.1080/23311932.2019.1702826","Plot","Experiment (on farm)","Ethiopia","Affrica","LIC","Synthetic - below threshold","rainfed",1.103073646,"Equivalent_cumulative_yield",NA,NA,NA,NA,NA,NA,NA,NA,NA,NA,NA,NA,NA,1.22091688,NA,NA,NA,NA,1.23101239525111,NA,NA,NA,1.533333333,NA,NA,NA,NA,NA,NA,NA,"Win-Win"
47,776,"Bitew, Y., Alemayehu, G., Adego, E., & Assefa, A. (2019, Dec).",2019,"Boosting land use efficiency, profitability and productivity of finger millet by intercropping with grain legumes","Bitew, Y., Alemayehu, G., Adego, E., & Assefa, A. (2019). Boosting land use efficiency, profitability and productivity of finger millet by intercropping with grain legumes. Cogent Food & Agriculture, 5(1), 22. doi:10.1080/23311932.2019.1702826","Plot","Experiment (on farm)","Ethiopia","Affrica","LIC","Synthetic - below threshold","rainfed",1.228667072,"Equivalent_cumulative_yield",NA,NA,NA,NA,NA,NA,NA,NA,NA,NA,NA,NA,NA,1.010322337,NA,NA,NA,NA,1.35359898058023,NA,NA,NA,1.061666667,NA,NA,NA,NA,NA,NA,NA,"Win-Win"
49,97,"Chapagain T., Pudasaini R., Ghimire B., Gurung K., Choi K., Rai L., Magar S., BK B., Raizada M.N.",2018,"Intercropping of maize, millet, mustard, wheat and ginger increased land productivity and potential economic returns for smallholder terrace farmers in Nepal","Chapagain, T., Pudasaini, R., Ghimire, B., Gurung, K., Choi, K., Rai, L., . . . Raizada, M. N. (2018). Intercropping of maize, millet, mustard, wheat and ginger increased land productivity and potential economic returns for smallholder terrace farmers in Nepal. Field Crops Research, 227, 91-101. doi:10.1016/j.fcr.2018.07.016","Village","Experiment (on farm)","Nepal","Asia","LMIC","Synthetic - below threshold","rainfed",1.21022727,"Equivalent_cumulative_yield",NA,NA,NA,NA,NA,NA,NA,NA,NA,NA,NA,NA,NA,NA,NA,NA,NA,NA,1.67,NA,NA,NA,1.58,NA,NA,NA,NA,NA,NA,NA,"Win-Win"
50,97,"Chapagain T., Pudasaini R., Ghimire B., Gurung K., Choi K., Rai L., Magar S., BK B., Raizada M.N.",2018,"Intercropping of maize, millet, mustard, wheat and ginger increased land productivity and potential economic returns for smallholder terrace farmers in Nepal","Chapagain, T., Pudasaini, R., Ghimire, B., Gurung, K., Choi, K., Rai, L., . . . Raizada, M. N. (2018). Intercropping of maize, millet, mustard, wheat and ginger increased land productivity and potential economic returns for smallholder terrace farmers in Nepal. Field Crops Research, 227, 91-101. doi:10.1016/j.fcr.2018.07.016","Village","Experiment (on farm)","Nepal","Asia","LMIC","Synthetic - below threshold","rainfed",1.25568182,"Equivalent_cumulative_yield",NA,NA,NA,NA,NA,NA,NA,NA,NA,NA,NA,NA,NA,NA,NA,NA,NA,NA,2.88,NA,NA,NA,1.4,NA,NA,NA,NA,NA,NA,NA,"Win-Win"
51,97,"Chapagain T., Pudasaini R., Ghimire B., Gurung K., Choi K., Rai L., Magar S., BK B., Raizada M.N.",2018,"Intercropping of maize, millet, mustard, wheat and ginger increased land productivity and potential economic returns for smallholder terrace farmers in Nepal","Chapagain, T., Pudasaini, R., Ghimire, B., Gurung, K., Choi, K., Rai, L., . . . Raizada, M. N. (2018). Intercropping of maize, millet, mustard, wheat and ginger increased land productivity and potential economic returns for smallholder terrace farmers in Nepal. Field Crops Research, 227, 91-101. doi:10.1016/j.fcr.2018.07.016","Village","Experiment (on farm)","Nepal","Asia","LMIC","Synthetic - below threshold","rainfed",1.30487805,"Equivalent_cumulative_yield",NA,NA,NA,NA,NA,NA,NA,NA,NA,NA,NA,NA,NA,NA,NA,NA,NA,NA,1.15,NA,NA,NA,1.36,NA,NA,NA,NA,NA,NA,NA,"Win-Win"
52,97,"Chapagain T., Pudasaini R., Ghimire B., Gurung K., Choi K., Rai L., Magar S., BK B., Raizada M.N.",2018,"Intercropping of maize, millet, mustard, wheat and ginger increased land productivity and potential economic returns for smallholder terrace farmers in Nepal","Chapagain, T., Pudasaini, R., Ghimire, B., Gurung, K., Choi, K., Rai, L., . . . Raizada, M. N. (2018). Intercropping of maize, millet, mustard, wheat and ginger increased land productivity and potential economic returns for smallholder terrace farmers in Nepal. Field Crops Research, 227, 91-101. doi:10.1016/j.fcr.2018.07.016","Village","Experiment (on farm)","Nepal","Asia","LMIC","Synthetic - below threshold","rainfed",1.16,"Equivalent_cumulative_yield",NA,NA,NA,NA,NA,NA,NA,NA,NA,NA,NA,NA,NA,NA,NA,NA,NA,NA,1.54,NA,NA,NA,1.31,NA,NA,NA,NA,NA,NA,NA,"Win-Win"
53,99,"Chauhan D.S., Sharma R.K., Kharub A.S., Tripathi S.C., Chhokar R.S.",2001,"Effect of crop intensification on productivity, profitability, energetics and soil fertility in rice (Oryza sativa)-wheat (Triticum aestivum) cropping system of north-western plains","Chauhan, D. S., Sharma, R. K., Kharub, A. S., Tripathi, S. C., & Chhokar, R. S. (2001). Effect of crop intensification on productivity, profitability, energetics and soil fertility in rice (Oryza sativa)-wheat (Triticum aestivum) cropping system of north-western plains. Indian Journal of Agricultural Sciences, 71(5), 299-302.","Plot","Experiment (research station)","India","Asia","LMIC","No synthetic","irrigation",1.41898527,"Equivalent_cumulative_yield",NA,NA,NA,NA,NA,1.307392996,NA,NA,NA,NA,NA,NA,1.0637037,NA,NA,NA,1.0892857,"Carbon",1.287423155,NA,NA,NA,1.037741,NA,NA,NA,NA,NA,NA,NA,"Win-Mix"
54,99,"Chauhan D.S., Sharma R.K., Kharub A.S., Tripathi S.C., Chhokar R.S.",2001,"Effect of crop intensification on productivity, profitability, energetics and soil fertility in rice (Oryza sativa)-wheat (Triticum aestivum) cropping system of north-western plains","Chauhan, D. S., Sharma, R. K., Kharub, A. S., Tripathi, S. C., & Chhokar, R. S. (2001). Effect of crop intensification on productivity, profitability, energetics and soil fertility in rice (Oryza sativa)-wheat (Triticum aestivum) cropping system of north-western plains. Indian Journal of Agricultural Sciences, 71(5), 299-302.","Plot","Experiment (research station)","India","Asia","LMIC","No synthetic","irrigation",1.08919804,"Equivalent_cumulative_yield",NA,NA,NA,NA,NA,0.953307393,NA,NA,NA,NA,NA,NA,1.0977778,NA,NA,NA,1.0663265,"Carbon",1.063626177,NA,NA,NA,1.2830579,NA,NA,NA,NA,NA,NA,NA,"Mix-Mix"
58,105,"Choudhary V.K., Kumar P.S.",2016,"Productivity, Water Use and Energy Profitability of Staggered Maize–Legume Intercropping in the Eastern Himalayan Region of India","Choudhary, V. K., & Kumar, P. S. (2016). Productivity, Water Use and Energy Profitability of Staggered Maize–Legume Intercropping in the Eastern Himalayan Region of India. Proceedings of the National Academy of Sciences India Section B - Biological Sciences, 86(3), 547-557. doi:10.1007/s40011-014-0476-7","Plot","Experiment (research station)","India","Asia","LMIC","Unknown","rainfed",1.29221689,"Equivalent_cumulative_yield",NA,NA,NA,NA,NA,0.9878,NA,NA,2.8235294,NA,NA,NA,NA,NA,NA,NA,NA,NA,1.4048,NA,NA,NA,1.2742616,NA,NA,NA,NA,NA,NA,NA,"Mix-Mix"
59,105,"Choudhary V.K., Kumar P.S.",2016,"Productivity, Water Use and Energy Profitability of Staggered Maize–Legume Intercropping in the Eastern Himalayan Region of India","Choudhary, V. K., & Kumar, P. S. (2016). Productivity, Water Use and Energy Profitability of Staggered Maize–Legume Intercropping in the Eastern Himalayan Region of India. Proceedings of the National Academy of Sciences India Section B - Biological Sciences, 86(3), 547-557. doi:10.1007/s40011-014-0476-7","Plot","Experiment (research station)","India","Asia","LMIC","Unknown","rainfed",1.38057723,"Equivalent_cumulative_yield",NA,NA,NA,NA,NA,0.932,NA,NA,3.220915,NA,NA,NA,NA,NA,NA,NA,NA,NA,1.583,NA,NA,NA,1.3769339,NA,NA,NA,NA,NA,NA,NA,"Mix-Mix"
60,106,"Choudhary V.K., Kumar P.S.",2013,"Crop and water productivity, profitability and energy consumption pattern of a maize-based crop sequence in the North Eastern Himalayan Region, India","Choudhary, V. K., & Kumar, P. S. (2013). Crop and water productivity, profitability and energy consumption pattern of a maize-based crop sequence in the North Eastern Himalayan Region, India. Archives of Agronomy and Soil Science, 59(5), 653-669. doi:10.1080/03650340.2012.665992","Plot","Experiment (research station)","India","Asia","LMIC","Synthetic - below threshold","rainfed",1.68656716,"Equivalent_cumulative_yield",1.05334,NA,NA,NA,NA,1.408573104,NA,NA,1.18681,NA,NA,NA,NA,NA,NA,NA,NA,NA,1.873669269,NA,NA,NA,1.7621622,NA,NA,NA,NA,1.667,NA,NA,"Win-Mix"
61,106,"Choudhary V.K., Kumar P.S.",2013,"Crop and water productivity, profitability and energy consumption pattern of a maize-based crop sequence in the North Eastern Himalayan Region, India","Choudhary, V. K., & Kumar, P. S. (2013). Crop and water productivity, profitability and energy consumption pattern of a maize-based crop sequence in the North Eastern Himalayan Region, India. Archives of Agronomy and Soil Science, 59(5), 653-669. doi:10.1080/03650340.2012.665992","Plot","Experiment (research station)","India","Asia","LMIC","Synthetic - below threshold","rainfed",1.91791045,"Equivalent_cumulative_yield",1.03525,NA,NA,NA,NA,1.46,NA,NA,1.24451,NA,NA,NA,NA,NA,NA,NA,NA,NA,2.499645138,NA,NA,NA,1.7513514,NA,NA,NA,NA,1.9,NA,NA,"Win-Mix"
62,106,"Choudhary V.K., Kumar P.S.",2013,"Crop and water productivity, profitability and energy consumption pattern of a maize-based crop sequence in the North Eastern Himalayan Region, India","Choudhary, V. K., & Kumar, P. S. (2013). Crop and water productivity, profitability and energy consumption pattern of a maize-based crop sequence in the North Eastern Himalayan Region, India. Archives of Agronomy and Soil Science, 59(5), 653-669. doi:10.1080/03650340.2012.665992","Plot","Experiment (research station)","India","Asia","LMIC","Synthetic - below threshold","rainfed",1.78358209,"Equivalent_cumulative_yield",1.07335,NA,NA,NA,NA,1.28,NA,NA,1.33516,NA,NA,NA,NA,NA,NA,NA,NA,NA,1.921575586,NA,NA,NA,1.8891892,NA,NA,NA,NA,1.733,NA,NA,"Win-Mix"
63,107,"Choudhary V.K., Kumar P.S., Sarkar S.K., Yadav J.S.",2013,"Production potential, economic analysis and energy auditing for maize (Zea mays)-vegetable based cropping systems in Eastern Himalayan Region, Arunachal Pradesh","Choudhary, V. K., Kumar, P. S., Sarkar, S. K., & Yadav, J. S. (2013). Production potential, economic analysis and energy auditing for maize (Zea mays)-vegetable based cropping systems in Eastern Himalayan Region, Arunachal Pradesh. Indian Journal of Agricultural Sciences, 83(1), 110-115.","Plot","Experiment (research station)","India","Asia","LMIC","Synthetic - below threshold","rainfed",4.29954955,"Equivalent_cumulative_yield",NA,NA,NA,NA,NA,1.81910275,NA,NA,NA,NA,NA,NA,NA,NA,NA,NA,NA,NA,1.816,NA,NA,NA,1.8100257,NA,NA,NA,NA,2.2,NA,NA,"Win-Mix"
64,107,"Choudhary V.K., Kumar P.S., Sarkar S.K., Yadav J.S.",2013,"Production potential, economic analysis and energy auditing for maize (Zea mays)-vegetable based cropping systems in Eastern Himalayan Region, Arunachal Pradesh","Choudhary, V. K., Kumar, P. S., Sarkar, S. K., & Yadav, J. S. (2013). Production potential, economic analysis and energy auditing for maize (Zea mays)-vegetable based cropping systems in Eastern Himalayan Region, Arunachal Pradesh. Indian Journal of Agricultural Sciences, 83(1), 110-115.","Plot","Experiment (research station)","India","Asia","LMIC","Synthetic - below threshold","rainfed",2.79504505,"Equivalent_cumulative_yield",NA,NA,NA,NA,NA,0.865412446,NA,NA,NA,NA,NA,NA,NA,NA,NA,NA,NA,NA,1.699,NA,NA,NA,1.6902314,NA,NA,NA,NA,2.2,NA,NA,"Mix-Mix"
70,118,"da Silva J.N., Neto F.B., de Lima J.S.S., Chaves A.P., Nunes R.L.C., Rodrigues G.S.O., Lino V.A.D.S., de Sá J.M., Dos Santos E.C.",2020,"Sustainability of carrot-cowpea intercropping systems through optimization of green manuring and spatial arrangements [Sustentabilidade de sistemas consorciados de cenoura e feijão-caupi por meio da otimização da adubação verde e arranjos espaciais]","da Silva, J. N., Neto, F. B., de Lima, J. S. S., Chaves, A. P., Nunes, R. L. C., Rodrigues, G. S. O., . . . Dos Santos, E. C. (2020). Sustainability of carrot-cowpea intercropping systems through optimization of green manuring and spatial arrangements. Ciencia Rural, 51(1), 1-13. doi:10.1590/0103-8478cr20190838","Plot","Experiment (on farm)","Brazil","South America","UMIC","No synthetic","irrigation",1.585,"Equivalent_cumulative_yield",NA,NA,NA,NA,NA,NA,NA,NA,NA,NA,NA,NA,NA,NA,NA,NA,NA,NA,7.195,NA,NA,NA,1.7116667,NA,NA,NA,NA,NA,NA,NA,"Win-Win"
81,767,"Falconnier, G. N., Descheemaeker, K., Van Mourik, T. A., & Giller, K. E. (2016, Feb).",2016,"Unravelling the causes of variability in crop yields and treatment responses for better tailoring of options for sustainable intensification in southern Mali","Falconnier, G. N., Descheemaeker, K., Van Mourik, T. A., & Giller, K. E. (2016). Unravelling the causes of variability in crop yields and treatment responses for better tailoring of options for sustainable intensification in southern Mali. Field Crops Research, 187, 113-126. doi:10.1016/j.fcr.2015.12.015","Farm","Experiment (on farm)","Mali","Africa","LIC","Synthetic - below threshold","rainfed",0.8015625,"Equivalent_cumulative_yield",NA,NA,NA,NA,NA,NA,NA,NA,NA,NA,NA,NA,NA,NA,NA,NA,NA,NA,NA,NA,NA,NA,1.0425,NA,NA,NA,NA,NA,NA,NA,"Lose-Win"
82,767,"Falconnier, G. N., Descheemaeker, K., Van Mourik, T. A., & Giller, K. E. (2016, Feb).",2016,"Unravelling the causes of variability in crop yields and treatment responses for better tailoring of options for sustainable intensification in southern Mali","Falconnier, G. N., Descheemaeker, K., Van Mourik, T. A., & Giller, K. E. (2016). Unravelling the causes of variability in crop yields and treatment responses for better tailoring of options for sustainable intensification in southern Mali. Field Crops Research, 187, 113-126. doi:10.1016/j.fcr.2015.12.016","Farm","Experiment (on farm)","Mali","Africa","LIC","No synthetic","rainfed",1.28706395348837,"Equivalent_cumulative_yield",NA,NA,NA,NA,NA,NA,NA,NA,NA,NA,NA,NA,NA,NA,NA,NA,NA,NA,NA,NA,NA,NA,0.8345,NA,NA,NA,NA,NA,NA,NA,"Win-Lose"
83,768,"Falconnier, G. N., Descheemaeker, K., Van Mourik, T. A., Adam, M., Sogoba, B., & Giller, K. E. (2017, Sep).",2017,"Co-learning cycles to support the design of innovative farm systems in southern Mali","Falconnier, G. N., Descheemaeker, K., Van Mourik, T. A., Adam, M., Sogoba, B., & Giller, K. E. (2017). Co-learning cycles to support the design of innovative farm systems in southern Mali. European Journal of Agronomy, 89, 61-74. doi:10.1016/j.eja.2017.06.008","Farm","Participatory Action Research","Mali","Africa","LIC","Synthetic - below threshold","rainfed",0.8015625,"Equivalent_cumulative_yield",NA,NA,NA,NA,NA,NA,NA,NA,NA,NA,NA,NA,NA,NA,NA,NA,NA,NA,1.03260869565217,NA,NA,NA,1.0425,NA,NA,NA,NA,NA,NA,NA,"Lose-Mix"
84,768,"Falconnier, G. N., Descheemaeker, K., Van Mourik, T. A., Adam, M., Sogoba, B., & Giller, K. E. (2017, Sep).",2017,"Co-learning cycles to support the design of innovative farm systems in southern Mali","Falconnier, G. N., Descheemaeker, K., Van Mourik, T. A., Adam, M., Sogoba, B., & Giller, K. E. (2017). Co-learning cycles to support the design of innovative farm systems in southern Mali. European Journal of Agronomy, 89, 61-74. doi:10.1016/j.eja.2017.06.009","Farm","Participatory Action Research","Mali","Africa","LIC","No synthetic","rainfed",1.28706395348837,"Equivalent_cumulative_yield",NA,NA,NA,NA,NA,NA,NA,NA,NA,NA,NA,NA,NA,NA,NA,NA,NA,NA,NA,NA,NA,NA,0.8345,NA,NA,NA,NA,NA,NA,NA,"Win-Lose"
86,176,"Feng L., Raza M.A., Chen Y., Khalid M.H.B., Meraj T.A., Ahsan F., Fan Y., Du J., Wu X., Song C., Liu C., Bawa G., Zhang Z., Yuan S., Yang F., Yang W.",2019,"Narrow-wide row planting pattern improves the light environment and seed yields of intercrop species in relay intercropping system","Feng, L., Raza, M. A., Chen, Y., Khalid, M. H. B., Meraj, T. A., Ahsan, F., . . . Yang, W. (2019). Narrow-wide row planting pattern improves the light environment and seed yields of intercrop species in relay intercropping system. PLoS ONE, 14(2). doi:10.1371/journal.pone.0212885","Plot","Experiment (research station)","China","Asia","UMIC","Synthetic - below threshold","irrigation",1.0967,"Equivalent_cumulative_yield",NA,NA,NA,NA,NA,NA,NA,NA,NA,NA,NA,NA,NA,1,NA,NA,NA,NA,NA,NA,NA,NA,1.505,NA,NA,NA,NA,NA,NA,NA,"Mix-Mix"
96,198,"Gitari H.I., Nyawade S.O., Kamau S., Karanja N.N., Gachene C.K.K., Raza M.A., Maitra S., Schulte-Geldermann E.",2020,"Revisiting intercropping indices with respect to potato-legume intercropping systems","Gitari, H. I., Nyawade, S. O., Kamau, S., Karanja, N. N., Gachene, C. K. K., Raza, M. A., . . . Schulte-Geldermann, E. (2020). Revisiting intercropping indices with respect to potato-legume intercropping systems. Field Crops Research, 258. doi:10.1016/j.fcr.2020.107957","Plot","Experiment (research station)","Kenya","Africa","LMIC","Synthetic - below threshold","rainfed",1.03238,"Equivalent_cumulative_yield",NA,NA,NA,NA,NA,NA,NA,NA,NA,NA,NA,NA,NA,NA,NA,NA,NA,NA,1.04065,NA,1,NA,1.28,NA,NA,NA,NA,NA,NA,NA,"Win-Win"
97,198,"Gitari H.I., Nyawade S.O., Kamau S., Karanja N.N., Gachene C.K.K., Raza M.A., Maitra S., Schulte-Geldermann E.",2020,"Revisiting intercropping indices with respect to potato-legume intercropping systems","Gitari, H. I., Nyawade, S. O., Kamau, S., Karanja, N. N., Gachene, C. K. K., Raza, M. A., . . . Schulte-Geldermann, E. (2020). Revisiting intercropping indices with respect to potato-legume intercropping systems. Field Crops Research, 258. doi:10.1016/j.fcr.2020.107957","Plot","Experiment (research station)","Kenya","Africa","LMIC","Synthetic - below threshold","rainfed",1.00097,"Equivalent_cumulative_yield",NA,NA,NA,NA,NA,NA,NA,NA,NA,NA,NA,NA,NA,NA,NA,NA,NA,NA,0.997,NA,1,NA,1.255,NA,NA,NA,NA,NA,NA,NA,"Win-Mix"
106,220,"Harsono A., Elisabeth D.A.A., Muzaiyanah S., Rianto S.A.",2020,"Soybean-maize intercropping feasibility under drought-prone area in East Java, Indonesia","Harsono, A., Elisabeth, D. A. A., Muzaiyanah, S., & Rianto, S. A. (2020). Soybean-maize intercropping feasibility under drought-prone area in East Java, Indonesia. Biodiversitas, 21(8), 3744-3754. doi:10.13057/biodiv/d210842","Plot","Experiment (on farm)","Indonesia","Asia","LMIC","Synthetic - above threshold","rainfed",1.34505588,"Equivalent_cumulative_yield",NA,NA,NA,NA,NA,NA,NA,NA,NA,NA,NA,NA,NA,NA,NA,NA,NA,NA,1.225742337,NA,NA,NA,1.59,NA,NA,NA,NA,NA,NA,NA,"Win-Mix"
107,220,"Harsono A., Elisabeth D.A.A., Muzaiyanah S., Rianto S.A.",2020,"Soybean-maize intercropping feasibility under drought-prone area in East Java, Indonesia","Harsono, A., Elisabeth, D. A. A., Muzaiyanah, S., & Rianto, S. A. (2020). Soybean-maize intercropping feasibility under drought-prone area in East Java, Indonesia. Biodiversitas, 21(8), 3744-3754. doi:10.13057/biodiv/d210842","Plot","Experiment (on farm)","Indonesia","Asia","LMIC","Synthetic - above threshold","irrigation",1.07472494,"Equivalent_cumulative_yield",NA,NA,NA,NA,NA,NA,NA,NA,NA,NA,NA,NA,NA,NA,NA,NA,NA,NA,0.947827342,NA,NA,NA,1.4,NA,NA,NA,NA,NA,NA,NA,"Win-Mix"
108,765,"Harsono, A., & Pratiwi, H. (2017, May).",2017,"The increase of Ultisol productivity based on intercropping cassava with peanut and soybean","Harsono, A., & Pratiwi, H. (2017). The increase of Ultisol productivity based on intercropping cassava with peanut and soybean. Nusantara Bioscience, 9(2), 157-163. doi:10.13057/nusbiosci/n090209","Plot","Experiment (research station)","Indonesia","Asia","LMIC","Synthetic - above threshold","rainfed",2.24255474086586,"Equivalent_cumulative_yield",NA,NA,NA,NA,NA,NA,NA,NA,NA,NA,NA,NA,NA,NA,NA,NA,NA,NA,2.0625336448505,0.725855379188713,NA,NA,2.4075,NA,NA,NA,NA,NA,NA,NA,"Win-Mix"
111,762,"Isaacs KB, Snapp SS, Chung K, Waldman KB.",2016,"Assessing the value of diverse cropping systems under a new agricultural policy environment in Rwanda.","Isaacs, K. B., Snapp, S. S., Chung, K., & Waldman, K. B. (2016). Assessing the value of diverse cropping systems under a new agricultural policy environment in Rwanda. Food Security, 8(3), 491-506. doi:10.1007/s12571-016-0582-x","Plot","Experiment (research station)","Rwanda","Africa","LIC","Synthetic - below threshold","rainfed",0.982599431818182,"Equivalent_cumulative_yield",NA,NA,NA,NA,NA,NA,NA,NA,NA,NA,NA,NA,NA,NA,NA,NA,NA,NA,NA,NA,NA,NA,1.58,1.43892617449664,NA,NA,NA,NA,NA,NA,"Lose-Win"
112,762,"Isaacs KB, Snapp SS, Chung K, Waldman KB.",2016,"Assessing the value of diverse cropping systems under a new agricultural policy environment in Rwanda.","Isaacs, K. B., Snapp, S. S., Chung, K., & Waldman, K. B. (2016). Assessing the value of diverse cropping systems under a new agricultural policy environment in Rwanda. Food Security, 8(3), 491-506. doi:10.1007/s12571-016-0582-x","Plot","Experiment (research station)","Rwanda","Africa","LIC","Synthetic - below threshold","rainfed",1.4625,"Equivalent_cumulative_yield",NA,NA,NA,NA,NA,NA,NA,NA,NA,NA,NA,NA,NA,NA,NA,NA,NA,NA,NA,NA,NA,NA,0.93,1.44912280701754,NA,NA,NA,NA,NA,NA,"Win-Mix"
113,251,"Islami T., Guritno B., Utomo W.H.",2011,"Performance of cassava (Manihot esculenta Crantz) based cropping systems and associated soil quality changes in the degraded tropical uplands of East Java, Indonesia","Islami, T., Guritno, B., & Utomo, W. H. (2011). Performance of cassava (Manihot esculenta Crantz) based cropping systems and associated soil quality changes in the degraded tropical uplands of East Java, Indonesia. Journal of Tropical Agriculture, 49, 31-39.","Plot","Experiment (on farm)","Indonesia","Asia","LMIC","Synthetic - below threshold","irrigation",0.914141414141414,"Equivalent_cumulative_yield",NA,NA,NA,NA,NA,NA,NA,NA,1.0581255,NA,NA,1.051495,1.6041667,NA,NA,NA,1.1767435,"Carbon",3.0375,NA,NA,NA,1.6,NA,NA,NA,NA,1,NA,NA,"Mix-Mix"
114,251,"Islami T., Guritno B., Utomo W.H.",2011,"Performance of cassava (Manihot esculenta Crantz) based cropping systems and associated soil quality changes in the degraded tropical uplands of East Java, Indonesia","Islami, T., Guritno, B., & Utomo, W. H. (2011). Performance of cassava (Manihot esculenta Crantz) based cropping systems and associated soil quality changes in the degraded tropical uplands of East Java, Indonesia. Journal of Tropical Agriculture, 49, 31-39.","Plot","Experiment (on farm)","Indonesia","Asia","LMIC","Synthetic - below threshold","irrigation",0.843434343434343,"Equivalent_cumulative_yield",NA,NA,NA,NA,NA,NA,NA,NA,0.9614512,NA,NA,1.0830565,1.0625,NA,NA,NA,0.967051,"Carbon",1.275,NA,NA,NA,1.45,NA,NA,NA,NA,1,NA,NA,"Mix-Mix"
115,251,"Islami T., Guritno B., Utomo W.H.",2011,"Performance of cassava (Manihot esculenta Crantz) based cropping systems and associated soil quality changes in the degraded tropical uplands of East Java, Indonesia","Islami, T., Guritno, B., & Utomo, W. H. (2011). Performance of cassava (Manihot esculenta Crantz) based cropping systems and associated soil quality changes in the degraded tropical uplands of East Java, Indonesia. Journal of Tropical Agriculture, 49, 31-39.","Plot","Experiment (on farm)","Indonesia","Asia","LMIC","Synthetic - below threshold","irrigation",0.848484848484849,"Equivalent_cumulative_yield",NA,NA,NA,NA,NA,NA,NA,NA,0.9665911,NA,NA,1.0472868,1.2083333,NA,NA,NA,1.0480877,"Carbon",0.675,NA,NA,NA,1.59,NA,NA,NA,NA,1,NA,NA,"Mix-Mix"
116,251,"Islami T., Guritno B., Utomo W.H.",2011,"Performance of cassava (Manihot esculenta Crantz) based cropping systems and associated soil quality changes in the degraded tropical uplands of East Java, Indonesia","Islami, T., Guritno, B., & Utomo, W. H. (2011). Performance of cassava (Manihot esculenta Crantz) based cropping systems and associated soil quality changes in the degraded tropical uplands of East Java, Indonesia. Journal of Tropical Agriculture, 49, 31-39.","Plot","Experiment (on farm)","Indonesia","Asia","LMIC","Synthetic - below threshold","irrigation",0.843434343434343,"Equivalent_cumulative_yield",NA,NA,NA,NA,NA,NA,NA,NA,1.1030234,NA,NA,1,1.5208333,NA,NA,NA,1.1230784,"Carbon",0.4125,NA,NA,NA,1.5,NA,NA,NA,NA,1,NA,NA,"Mix-Mix"
117,251,"Islami T., Guritno B., Utomo W.H.",2011,"Performance of cassava (Manihot esculenta Crantz) based cropping systems and associated soil quality changes in the degraded tropical uplands of East Java, Indonesia","Islami, T., Guritno, B., & Utomo, W. H. (2011). Performance of cassava (Manihot esculenta Crantz) based cropping systems and associated soil quality changes in the degraded tropical uplands of East Java, Indonesia. Journal of Tropical Agriculture, 49, 31-39.","Plot","Experiment (on farm)","Indonesia","Asia","LMIC","Synthetic - below threshold","irrigation",1.13333333333333,"Equivalent_cumulative_yield",NA,NA,NA,NA,NA,NA,NA,NA,1.0581255,NA,NA,NA,NA,NA,NA,NA,1.1767435,"Carbon",NA,NA,NA,NA,1.38,NA,NA,NA,NA,1,NA,NA,"Win-Mix"
118,251,"Islami T., Guritno B., Utomo W.H.",2011,"Performance of cassava (Manihot esculenta Crantz) based cropping systems and associated soil quality changes in the degraded tropical uplands of East Java, Indonesia","Islami, T., Guritno, B., & Utomo, W. H. (2011). Performance of cassava (Manihot esculenta Crantz) based cropping systems and associated soil quality changes in the degraded tropical uplands of East Java, Indonesia. Journal of Tropical Agriculture, 49, 31-39.","Plot","Experiment (on farm)","Indonesia","Asia","LMIC","Synthetic - below threshold","irrigation",1.09166666666667,"Equivalent_cumulative_yield",NA,NA,NA,NA,NA,NA,NA,NA,0.9614512,NA,NA,NA,NA,NA,NA,NA,0.967051,"Carbon",NA,NA,NA,NA,1.44,NA,NA,NA,NA,1,NA,NA,"Mix-Mix"
119,251,"Islami T., Guritno B., Utomo W.H.",2011,"Performance of cassava (Manihot esculenta Crantz) based cropping systems and associated soil quality changes in the degraded tropical uplands of East Java, Indonesia","Islami, T., Guritno, B., & Utomo, W. H. (2011). Performance of cassava (Manihot esculenta Crantz) based cropping systems and associated soil quality changes in the degraded tropical uplands of East Java, Indonesia. Journal of Tropical Agriculture, 49, 31-39.","Plot","Experiment (on farm)","Indonesia","Asia","LMIC","Synthetic - below threshold","irrigation",0.958333333333333,"Equivalent_cumulative_yield",NA,NA,NA,NA,NA,NA,NA,NA,0.9665911,NA,NA,NA,NA,NA,NA,NA,1.0480877,"Carbon",NA,NA,NA,NA,1.39,NA,NA,NA,NA,1,NA,NA,"Mix-Mix"
120,251,"Islami T., Guritno B., Utomo W.H.",2011,"Performance of cassava (Manihot esculenta Crantz) based cropping systems and associated soil quality changes in the degraded tropical uplands of East Java, Indonesia","Islami, T., Guritno, B., & Utomo, W. H. (2011). Performance of cassava (Manihot esculenta Crantz) based cropping systems and associated soil quality changes in the degraded tropical uplands of East Java, Indonesia. Journal of Tropical Agriculture, 49, 31-39.","Plot","Experiment (on farm)","Indonesia","Asia","LMIC","Synthetic - below threshold","irrigation",1.01666666666667,"Equivalent_cumulative_yield",NA,NA,NA,NA,NA,NA,NA,NA,1.1030234,NA,NA,NA,NA,NA,NA,NA,1.1230784,"Carbon",NA,NA,NA,NA,1.4,NA,NA,NA,NA,1,NA,NA,"Win-Mix"
121,251,"Islami T., Guritno B., Utomo W.H.",2011,"Performance of cassava (Manihot esculenta Crantz) based cropping systems and associated soil quality changes in the degraded tropical uplands of East Java, Indonesia","Islami, T., Guritno, B., & Utomo, W. H. (2011). Performance of cassava (Manihot esculenta Crantz) based cropping systems and associated soil quality changes in the degraded tropical uplands of East Java, Indonesia. Journal of Tropical Agriculture, 49, 31-39.","Plot","Experiment (on farm)","Indonesia","Asia","LMIC","Synthetic - below threshold","irrigation",1.22,"Equivalent_cumulative_yield",NA,NA,NA,NA,NA,NA,NA,NA,1.0581255,NA,NA,NA,NA,NA,NA,NA,1.1767435,"Carbon",NA,NA,NA,NA,1.6,NA,NA,NA,NA,1,NA,NA,"Win-Mix"
122,251,"Islami T., Guritno B., Utomo W.H.",2011,"Performance of cassava (Manihot esculenta Crantz) based cropping systems and associated soil quality changes in the degraded tropical uplands of East Java, Indonesia","Islami, T., Guritno, B., & Utomo, W. H. (2011). Performance of cassava (Manihot esculenta Crantz) based cropping systems and associated soil quality changes in the degraded tropical uplands of East Java, Indonesia. Journal of Tropical Agriculture, 49, 31-39.","Plot","Experiment (on farm)","Indonesia","Asia","LMIC","Synthetic - below threshold","irrigation",1.05333333333333,"Equivalent_cumulative_yield",NA,NA,NA,NA,NA,NA,NA,NA,0.9614512,NA,NA,NA,NA,NA,NA,NA,0.967051,"Carbon",NA,NA,NA,NA,1.44,NA,NA,NA,NA,1,NA,NA,"Mix-Mix"
123,251,"Islami T., Guritno B., Utomo W.H.",2011,"Performance of cassava (Manihot esculenta Crantz) based cropping systems and associated soil quality changes in the degraded tropical uplands of East Java, Indonesia","Islami, T., Guritno, B., & Utomo, W. H. (2011). Performance of cassava (Manihot esculenta Crantz) based cropping systems and associated soil quality changes in the degraded tropical uplands of East Java, Indonesia. Journal of Tropical Agriculture, 49, 31-39.","Plot","Experiment (on farm)","Indonesia","Asia","LMIC","Synthetic - below threshold","irrigation",1,"Equivalent_cumulative_yield",NA,NA,NA,NA,NA,NA,NA,NA,0.9665911,NA,NA,NA,NA,NA,NA,NA,1.0480877,"Carbon",NA,NA,NA,NA,1.5,NA,NA,NA,NA,1,NA,NA,"Mix-Mix"
124,251,"Islami T., Guritno B., Utomo W.H.",2011,"Performance of cassava (Manihot esculenta Crantz) based cropping systems and associated soil quality changes in the degraded tropical uplands of East Java, Indonesia","Islami, T., Guritno, B., & Utomo, W. H. (2011). Performance of cassava (Manihot esculenta Crantz) based cropping systems and associated soil quality changes in the degraded tropical uplands of East Java, Indonesia. Journal of Tropical Agriculture, 49, 31-39.","Plot","Experiment (on farm)","Indonesia","Asia","LMIC","Synthetic - below threshold","irrigation",1.06666666666667,"Equivalent_cumulative_yield",NA,NA,NA,NA,NA,NA,NA,NA,1.1030234,NA,NA,NA,NA,NA,NA,NA,1.1230784,"Carbon",NA,NA,NA,NA,1.56,NA,NA,NA,NA,1,NA,NA,"Win-Mix"
125,258,"Jat R.D., Jat H.S., Nanwal R.K., Yadav A.K., Bana A., Choudhary K.M., Kakraliya S.K., Sutaliya J.M., Sapkota T.B., Jat M.L.",2018,"Conservation agriculture and precision nutrient management practices in maize-wheat system: Effects on crop and water productivity and economic profitability","Jat, R. D., Jat, H. S., Nanwal, R. K., Yadav, A. K., Bana, A., Choudhary, K. M., . . . Jat, M. L. (2018). Conservation agriculture and precision nutrient management practices in maize-wheat system: Effects on crop and water productivity and economic profitability. Field Crops Research, 222, 111-120. doi:10.1016/j.fcr.2018.03.025","Farm","Experiment (on farm)","India","Asia","LMIC","Synthetic - below threshold","irrigation",1.20427,"Equivalent_cumulative_yield",NA,NA,NA,NA,NA,NA,NA,NA,NA,NA,NA,NA,NA,NA,NA,NA,NA,NA,1.1776,NA,NA,NA,1.2039,NA,NA,NA,NA,NA,NA,NA,"Win-Win"
134,282,"Kermah M., Franke A.C., Adjei-Nsiah S., Ahiabor B.D.K., Abaidoo R.C., Giller K.E.",2017,"Maize-grain legume intercropping for enhanced resource use efficiency and crop productivity in the Guinea savanna of northern Ghana","Kermah, M., Franke, A. C., Adjei-Nsiah, S., Ahiabor, B. D. K., Abaidoo, R. C., & Giller, K. E. (2017). Maize-grain legume intercropping for enhanced resource use efficiency and crop productivity in the Guinea savanna of northern Ghana. Field Crops Research, 213, 38-50. doi:10.1016/j.fcr.2017.07.008","Field","Experiment (on farm)","Ghana","Africa","LMIC","Synthetic - below threshold","rainfed",0.9127907,"Equivalent_cumulative_yield",NA,NA,NA,NA,NA,NA,NA,NA,NA,NA,NA,NA,NA,NA,NA,NA,NA,NA,1.425287356,NA,NA,NA,1.33,NA,NA,NA,NA,NA,NA,NA,"Mix-Mix"
135,282,"Kermah M., Franke A.C., Adjei-Nsiah S., Ahiabor B.D.K., Abaidoo R.C., Giller K.E.",2017,"Maize-grain legume intercropping for enhanced resource use efficiency and crop productivity in the Guinea savanna of northern Ghana","Kermah, M., Franke, A. C., Adjei-Nsiah, S., Ahiabor, B. D. K., Abaidoo, R. C., & Giller, K. E. (2017). Maize-grain legume intercropping for enhanced resource use efficiency and crop productivity in the Guinea savanna of northern Ghana. Field Crops Research, 213, 38-50. doi:10.1016/j.fcr.2017.07.009","Field","Experiment (on farm)","Ghana","Africa","LMIC","Synthetic - below threshold","rainfed",1.0867052,"Equivalent_cumulative_yield",NA,NA,NA,NA,NA,NA,NA,NA,NA,NA,NA,NA,NA,NA,NA,NA,NA,NA,2.077777778,NA,NA,NA,1.26,NA,NA,NA,NA,NA,NA,NA,"Win-Mix"
136,282,"Kermah M., Franke A.C., Adjei-Nsiah S., Ahiabor B.D.K., Abaidoo R.C., Giller K.E.",2017,"Maize-grain legume intercropping for enhanced resource use efficiency and crop productivity in the Guinea savanna of northern Ghana","Kermah, M., Franke, A. C., Adjei-Nsiah, S., Ahiabor, B. D. K., Abaidoo, R. C., & Giller, K. E. (2017). Maize-grain legume intercropping for enhanced resource use efficiency and crop productivity in the Guinea savanna of northern Ghana. Field Crops Research, 213, 38-50. doi:10.1016/j.fcr.2017.07.010","Field","Experiment (on farm)","Ghana","Africa","LMIC","Synthetic - below threshold","rainfed",0.89634146,"Equivalent_cumulative_yield",NA,NA,NA,NA,NA,NA,NA,NA,NA,NA,NA,NA,NA,NA,NA,NA,NA,NA,1.2,NA,NA,NA,1.35,NA,NA,NA,NA,NA,NA,NA,"Mix-Mix"
137,282,"Kermah M., Franke A.C., Adjei-Nsiah S., Ahiabor B.D.K., Abaidoo R.C., Giller K.E.",2017,"Maize-grain legume intercropping for enhanced resource use efficiency and crop productivity in the Guinea savanna of northern Ghana","Kermah, M., Franke, A. C., Adjei-Nsiah, S., Ahiabor, B. D. K., Abaidoo, R. C., & Giller, K. E. (2017). Maize-grain legume intercropping for enhanced resource use efficiency and crop productivity in the Guinea savanna of northern Ghana. Field Crops Research, 213, 38-50. doi:10.1016/j.fcr.2017.07.011","Field","Experiment (on farm)","Ghana","Africa","LMIC","Synthetic - below threshold","rainfed",1.12631579,"Equivalent_cumulative_yield",NA,NA,NA,NA,NA,NA,NA,NA,NA,NA,NA,NA,NA,NA,NA,NA,NA,NA,NA,NA,NA,NA,1.44,NA,NA,NA,NA,NA,NA,NA,"Win-Mix"
138,282,"Kermah M., Franke A.C., Adjei-Nsiah S., Ahiabor B.D.K., Abaidoo R.C., Giller K.E.",2017,"Maize-grain legume intercropping for enhanced resource use efficiency and crop productivity in the Guinea savanna of northern Ghana","Kermah, M., Franke, A. C., Adjei-Nsiah, S., Ahiabor, B. D. K., Abaidoo, R. C., & Giller, K. E. (2017). Maize-grain legume intercropping for enhanced resource use efficiency and crop productivity in the Guinea savanna of northern Ghana. Field Crops Research, 213, 38-50. doi:10.1016/j.fcr.2017.07.012","Field","Experiment (on farm)","Ghana","Africa","LMIC","Synthetic - below threshold","rainfed",1.24444444,"Equivalent_cumulative_yield",NA,NA,NA,NA,NA,NA,NA,NA,NA,NA,NA,NA,NA,NA,NA,NA,NA,NA,NA,NA,NA,NA,1.46,NA,NA,NA,NA,NA,NA,NA,"Win-Mix"
139,282,"Kermah M., Franke A.C., Adjei-Nsiah S., Ahiabor B.D.K., Abaidoo R.C., Giller K.E.",2017,"Maize-grain legume intercropping for enhanced resource use efficiency and crop productivity in the Guinea savanna of northern Ghana","Kermah, M., Franke, A. C., Adjei-Nsiah, S., Ahiabor, B. D. K., Abaidoo, R. C., & Giller, K. E. (2017). Maize-grain legume intercropping for enhanced resource use efficiency and crop productivity in the Guinea savanna of northern Ghana. Field Crops Research, 213, 38-50. doi:10.1016/j.fcr.2017.07.013","Field","Experiment (on farm)","Ghana","Africa","LMIC","Synthetic - below threshold","rainfed",1.04938272,"Equivalent_cumulative_yield",NA,NA,NA,NA,NA,NA,NA,NA,NA,NA,NA,NA,NA,NA,NA,NA,NA,NA,NA,NA,NA,NA,1.46,NA,NA,NA,NA,NA,NA,NA,"Win-Mix"
150,757,"Koskey G, Leoni F, Carlesi S, Avio L, Barberi P.",2022,"Exploiting Plant Functional Diversity in Durum Wheat-Lentil Relay Intercropping to Stabilize Crop Yields under Contrasting Climatic Conditions","Koskey, G., Leoni, F., Carlesi, S., Avio, L., & Barberi, P. (2022). Exploiting Plant Functional Diversity in Durum Wheat-Lentil Relay Intercropping to Stabilize Crop Yields under Contrasting Climatic Conditions. Agronomy-Basel, 12(1), 15. doi:10.3390/agronomy12010210","Plot","Experiment (research station)","Italy","Europe","HIC","No synthetic","rainfed",1.18673081626126,"Equivalent_cumulative_yield",NA,NA,NA,NA,NA,NA,NA,1.48631885052617,NA,NA,NA,NA,1.12889816730712,1.25105728203428,NA,NA,NA,NA,NA,NA,NA,NA,3.34166666666667,NA,NA,NA,NA,NA,NA,NA,"Win-Win"
151,309,"Kumar M., Kumar R., Rangnamei K.L., Das A., Meena K.L., Rajkhowa D.J.",2019,"Crop diversification for enhancing the productivity for food and nutritional security under the Eastern Himalayas","Kumar, M., Kumar, R., Rangnamei, K. L., Das, A., Meena, K. L., & Rajkhowa, D. J. (2019). Crop diversification for enhancing the productivity for food and nutritional security under the Eastern Himalayas. Indian Journal of Agricultural Sciences, 89(7), 1157-1161.","Field","Experiment (on farm)","India","Asia","LMIC","Unknown","rainfed",5.89473684210526,"Equivalent_cumulative_yield",NA,NA,NA,NA,NA,1.336898396,NA,NA,NA,NA,NA,NA,NA,2.83333333333333,NA,NA,NA,NA,11.4286219081272,NA,NA,1.03583061889251,1.78310502283105,1.52791178497588,NA,NA,NA,NA,NA,NA,"Win-Mix"
153,320,"Kuri B.R., Yadav R.S., Kumawat A.",2012,"Evaluation of pearl millet (Pennisetum glaucum) and mothbean (Vigna acconitifolia) intercropping systems in hyper arid partially irrigated north-western plains zone","Kuri, B. R., Yadav, R. S., & Kumawat, A. (2014). Evaluation of pearl millet (Pennisetum glaucum) and mothbean (Vigna acconitifolia) intercropping systems in hyper arid partially irrigated north-western plains zone. Indian Journal of Agricultural Sciences, 82(11), 993-996.","Plot","Experiment (on farm)","India","Asia","LMIC","Synthetic - below threshold","irrigation",1.23210743801653,"Equivalent_cumulative_yield",NA,NA,NA,NA,NA,NA,NA,NA,NA,NA,NA,NA,1.21329590252061,NA,NA,NA,NA,NA,1.12222943898677,NA,NA,NA,1.02636363636364,NA,NA,NA,NA,NA,NA,NA,"Win-Mix"
154,321,"Kutu F.R., Asiwe J.A.N.",2010,"Assessment of maize and dry bean productivity under different intercrop systems and fertilization regimes","Kutu, F. R., & Asiwe, J. A. N. (2010). Assessment of maize and dry bean productivity under different intercrop systems and fertilization regimes. African Journal of Agricultural Research, 5(13), 1627-1631.","Plot","Experiment (on farm)","South Africa","Africa","UMIC","Synthetic - below threshold","irrigation",1.4272,"Equivalent_cumulative_yield",NA,NA,NA,NA,NA,NA,NA,NA,NA,NA,NA,NA,NA,NA,NA,NA,NA,NA,NA,NA,NA,NA,2.116625,NA,NA,NA,NA,NA,NA,NA,"Win-Win"
161,338,"LI Y.-H., SHI D.-Y., LI G.-H., ZHAO B., ZHANG J.-W., LIU P., REN B., DONG S.-T.",2019,"Maize/peanut intercropping increases photosynthetic characteristics, 13C-photosynthate distribution, and grain yield of summer maize","Li, Y.-h., Shi, D.-y., Li, G.-h., Zhao, B., Zhang, J.-w., Liu, P., . . . Dong, S.-t. (2019). Maize/peanut intercropping increases photosynthetic characteristics, 13C-photosynthate distribution, and grain yield of summer maize. Journal of Integrative Agriculture, 18(10), 2219-2229. doi:10.1016/s2095-3119(19)62616-x","Plot","Experiment (research station)","China","Asia","UMIC","Synthetic - above threshold","rainfed",1.89730590745632,"Equivalent_cumulative_yield",NA,NA,NA,NA,NA,NA,NA,NA,NA,NA,NA,NA,NA,1.26325,NA,NA,NA,NA,1.23,NA,NA,NA,1.155,NA,NA,NA,NA,NA,NA,NA,"Win-Win"
170,367,"Manjunath M.G., Salakinkop S.R., Somanagouda G.",2018,"Productivity and profitability of soybean based millets intercropping systems","Manjunath, M. G., Salakinkop, S. R., & Somanagouda, G. (2018). Productivity and profitability of soybean based millets intercropping systems. Research on Crops, 19(1), 43-47. doi:10.5958/2348-7542.2018.00006.2","Plot","Experiment (research station)","India","Asia","LMIC","Unknown","rainfed",1.22146239,"Equivalent_cumulative_yield",NA,NA,NA,NA,NA,NA,NA,NA,NA,NA,NA,NA,NA,0.9305927,NA,NA,NA,NA,2.193680249,NA,NA,NA,1.495,NA,NA,NA,NA,NA,NA,NA,"Mix-Win"
171,367,"Manjunath M.G., Salakinkop S.R., Somanagouda G.",2018,"Productivity and profitability of soybean based millets intercropping systems","Manjunath, M. G., Salakinkop, S. R., & Somanagouda, G. (2018). Productivity and profitability of soybean based millets intercropping systems. Research on Crops, 19(1), 43-47. doi:10.5958/2348-7542.2018.00006.3","Plot","Experiment (research station)","India","Asia","LMIC","Unknown","rainfed",1.1734072,"Equivalent_cumulative_yield",NA,NA,NA,NA,NA,NA,NA,NA,NA,NA,NA,NA,NA,0.825654,NA,NA,NA,NA,2.170420393,NA,NA,NA,1.46,NA,NA,NA,NA,NA,NA,NA,"Mix-Win"
172,367,"Manjunath M.G., Salakinkop S.R., Somanagouda G.",2018,"Productivity and profitability of soybean based millets intercropping systems","Manjunath, M. G., Salakinkop, S. R., & Somanagouda, G. (2018). Productivity and profitability of soybean based millets intercropping systems. Research on Crops, 19(1), 43-47. doi:10.5958/2348-7542.2018.00006.4","Plot","Experiment (research station)","India","Asia","LMIC","Unknown","rainfed",1.28172255,"Equivalent_cumulative_yield",NA,NA,NA,NA,NA,NA,NA,NA,NA,NA,NA,NA,NA,0.7793273,NA,NA,NA,NA,2.616705962,NA,NA,NA,1.38,NA,NA,NA,NA,NA,NA,NA,"Mix-Win"
180,388,"Mishra M.M., Mohanty M., Gulati J.M.L., Nanda S.S.",2013,"Evaluation of various rice (Oryza sativa) based crop sequences for enhanced productivity, profitability and energy efficiency in eastern plateau and hills zone of India","Mishra, M. M., Mohanty, M., Gulati, J. M. L., & Nanda, S. S. (2013). Evaluation of various rice (Oryza sativa) based crop sequences for enhanced productivity, profitability and energy efficiency in eastern plateau and hills zone of India. Indian Journal of Agricultural Sciences, 83(12), 1279-1284.","Plot","Experiment (on farm)","India","Asia","LMIC","Synthetic - below threshold","rainfed",1.23242042931162,"Equivalent_cumulative_yield",NA,NA,NA,NA,NA,NA,NA,NA,NA,NA,NA,NA,1.02738712065137,NA,NA,NA,NA,NA,1.21838099302888,NA,0.839977445728785,NA,1.25003802281369,NA,NA,NA,NA,NA,NA,NA,"Win-Mix"
181,388,"Mishra M.M., Mohanty M., Gulati J.M.L., Nanda S.S.",2013,"Evaluation of various rice (Oryza sativa) based crop sequences for enhanced productivity, profitability and energy efficiency in eastern plateau and hills zone of India","Mishra, M. M., Mohanty, M., Gulati, J. M. L., & Nanda, S. S. (2013). Evaluation of various rice (Oryza sativa) based crop sequences for enhanced productivity, profitability and energy efficiency in eastern plateau and hills zone of India. Indian Journal of Agricultural Sciences, 83(12), 1279-1284.","Plot","Experiment (on farm)","India","Asia","LMIC","Synthetic - below threshold","rainfed",1.14285714285714,"Equivalent_cumulative_yield",NA,NA,NA,NA,NA,NA,NA,NA,NA,NA,NA,NA,0.914137675795707,NA,NA,NA,NA,NA,1.01308863280694,NA,0.792951790245278,NA,1.2,NA,NA,NA,NA,NA,NA,NA,"Mix-Mix"
182,742,"Mohan, H.M., Chittapur, B.M., Hiremath, S.M",2013,"EVALUATION OF RICEBEAN AND FRENCHBEAN AS INTERCROPS WITH MAIZE UNDER DIFFERENT ROW PROPORTIONS IN THE PENINSULAR REGION","Mohan, H. M., Chittapur, B. M., & Hiremath, S. M. (2013). EVALUATION OF RICEBEAN AND FRENCHBEAN AS INTERCROPS WITH MAIZE UNDER DIFFERENT ROW PROPORTIONS IN THE PENINSULAR REGION. Legume Research, 36(4), 338-343.","Plot","Experiment (research station)","India","Asia","LMIC","Synthetic - below threshold","rainfed",1.34362549800797,"Equivalent_cumulative_yield",NA,NA,NA,NA,NA,NA,NA,NA,NA,NA,NA,NA,1.24126984126984,0.987526454778716,NA,NA,NA,NA,1.37145150931278,1.14882506527415,NA,NA,1.66,1.22736842105263,NA,NA,NA,NA,NA,NA,"Win-Win"
183,742,"Mohan, H.M., Chittapur, B.M., Hiremath, S.M",2013,"EVALUATION OF RICEBEAN AND FRENCHBEAN AS INTERCROPS WITH MAIZE UNDER DIFFERENT ROW PROPORTIONS IN THE PENINSULAR REGION","Mohan, H. M., Chittapur, B. M., & Hiremath, S. M. (2013). EVALUATION OF RICEBEAN AND FRENCHBEAN AS INTERCROPS WITH MAIZE UNDER DIFFERENT ROW PROPORTIONS IN THE PENINSULAR REGION. Legume Research, 36(4), 338-343.","Plot","Experiment (research station)","India","Asia","LMIC","Synthetic - below threshold","rainfed",1.68193891102258,"Equivalent_cumulative_yield",NA,NA,NA,NA,NA,NA,NA,NA,NA,NA,NA,NA,1.23174603174603,0.985709737231472,NA,NA,NA,NA,1.75035324341683,1.2845953002611,NA,NA,1.695,1.26,NA,NA,NA,NA,NA,NA,"Win-Win"
184,742,"Mohan, H.M., Chittapur, B.M., Hiremath, S.M",2013,"EVALUATION OF RICEBEAN AND FRENCHBEAN AS INTERCROPS WITH MAIZE UNDER DIFFERENT ROW PROPORTIONS IN THE PENINSULAR REGION","Mohan, H. M., Chittapur, B. M., & Hiremath, S. M. (2013). EVALUATION OF RICEBEAN AND FRENCHBEAN AS INTERCROPS WITH MAIZE UNDER DIFFERENT ROW PROPORTIONS IN THE PENINSULAR REGION. Legume Research, 36(4), 338-343.","Plot","Experiment (research station)","India","Asia","LMIC","Synthetic - below threshold","rainfed",1.34783089862771,"Equivalent_cumulative_yield",NA,NA,NA,NA,NA,NA,NA,NA,NA,NA,NA,NA,1.51111111111111,0.992583297435993,NA,NA,NA,NA,1.35,1.08616187989556,NA,NA,1.695,1.7,NA,NA,NA,NA,NA,NA,"Win-Win"
186,396,"Mudita I.I., Chiduza C., Richardson-Kageler S., Murungu F.S.",2008,"Evaluation of different strategies of intercropping maize (Zea mays L.) and soya bean (Glycine max (L.) Merrill) under small-holder production in sub-humid Zimbabwe","Mudita, I. I., Chiduza, C., Richardson, S., & Murungu, F. S. (2008). Evaluation of Different Strategies of Intercropping Maize (Zea mays L.) and Soya Bean (Glycine max (L.) Merrill) Under Small-Holder Production in Sub-Humid Zimbabwe. Journal of Agronomy, 7(3), 237-243. doi:10.3923/ja.2008.237.243","Plot","Experiment (on farm)","Zimbabwe","Africa","LMIC","Synthetic - below threshold","rainfed",0.87174295,"Equivalent_cumulative_yield",NA,NA,NA,NA,NA,NA,NA,NA,NA,NA,NA,NA,NA,NA,NA,NA,NA,NA,0.939675146,NA,NA,NA,1.22,NA,NA,NA,NA,NA,NA,NA,"Lose-Mix"
187,396,"Mudita I.I., Chiduza C., Richardson-Kageler S., Murungu F.S.",2008,"Evaluation of different strategies of intercropping maize (Zea mays L.) and soya bean (Glycine max (L.) Merrill) under small-holder production in sub-humid Zimbabwe","Mudita, I. I., Chiduza, C., Richardson, S., & Murungu, F. S. (2008). Evaluation of Different Strategies of Intercropping Maize (Zea mays L.) and Soya Bean (Glycine max (L.) Merrill) Under Small-Holder Production in Sub-Humid Zimbabwe. Journal of Agronomy, 7(3), 237-243. doi:10.3923/ja.2008.237.243","Plot","Experiment (on farm)","Zimbabwe","Africa","LMIC","Synthetic - below threshold","rainfed",0.83893614,"Equivalent_cumulative_yield",NA,NA,NA,NA,NA,NA,NA,NA,NA,NA,NA,NA,NA,NA,NA,NA,NA,NA,0.919656051,NA,NA,NA,1.24,NA,NA,NA,NA,NA,NA,NA,"Lose-Mix"
188,396,"Mudita I.I., Chiduza C., Richardson-Kageler S., Murungu F.S.",2008,"Evaluation of different strategies of intercropping maize (Zea mays L.) and soya bean (Glycine max (L.) Merrill) under small-holder production in sub-humid Zimbabwe","Mudita, I. I., Chiduza, C., Richardson, S., & Murungu, F. S. (2008). Evaluation of Different Strategies of Intercropping Maize (Zea mays L.) and Soya Bean (Glycine max (L.) Merrill) Under Small-Holder Production in Sub-Humid Zimbabwe. Journal of Agronomy, 7(3), 237-243. doi:10.3923/ja.2008.237.243","Plot","Experiment (on farm)","Zimbabwe","Africa","LMIC","Synthetic - below threshold","rainfed",0.97007335,"Equivalent_cumulative_yield",NA,NA,NA,NA,NA,NA,NA,NA,NA,NA,NA,NA,NA,NA,NA,NA,NA,NA,1.089019701,NA,NA,NA,1.54,NA,NA,NA,NA,NA,NA,NA,"Lose-Win"
190,404,"Mwila M., Mhlanga B., Thierfelder C.",2021,"Intensifying cropping systems through doubled-up legumes in Eastern Zambia","Mwila, M., Mhlanga, B., & Thierfelder, C. (2021). Intensifying cropping systems through doubled-up legumes in Eastern Zambia. Sci Rep, 11(1), 8101. doi:10.1038/s41598-021-87594-0","Farm","Experiment (on farm)","Zambia","Africa","LIC","Synthetic - below threshold","rainfed",1.11624326,"Equivalent_cumulative_yield",NA,NA,NA,NA,NA,NA,NA,NA,NA,NA,NA,NA,NA,1.1468575,NA,NA,NA,NA,NA,NA,NA,NA,1.22,NA,NA,NA,NA,NA,NA,NA,"Win-Win"
201,412,"Narkhede W.N., Deshmukh M.S., Bhale V.M., Gill M.S., Gadade G.D., More S.S.",2011,"Diversification of cropping systems under assured irrigated conditions in central plateau zone of Maharashtra","Narkhede, W. N., Deshmukh, M. S., Bhale, V. M., Gill, M. S., Gadade, G. D., & More, S. S. (2011). Diversification of cropping systems under assured irrigated conditions in central plateau zone of Maharashtra. Indian Journal of Agronomy, 56(2), 104-108.","Plot","Experiment (research station)","India","Asia","LMIC","Synthetic - below threshold","irrigation",1.16,"Equivalent_cumulative_yield",NA,NA,NA,NA,NA,NA,NA,NA,NA,NA,NA,NA,1.0976361790983,NA,NA,NA,NA,NA,1.01610239471511,NA,NA,1.20973782771536,0.9358,NA,NA,NA,NA,NA,NA,NA,"Win-Mix"
208,421,"Ngwira A.R., Kabambe V., Simwaka P., Makoko K., Kamoyo K.",2020,"Productivity and profitability of maize-legume cropping systems under conservation agriculture among smallholder farmers in Malawi","Ngwira, A. R., Kabambe, V., Simwaka, P., Makoko, K., & Kamoyo, K. (2020). Productivity and profitability of maize-legume cropping systems under conservation agriculture among smallholder farmers in Malawi. Acta Agriculturae Scandinavica, Section B — Soil & Plant Science, 70(3), 241-251. doi:10.1080/09064710.2020.1712470","Plot","Experiment (on farm)","Malawi","Africa","LIC","Synthetic - below threshold","rainfed",1.3705419,"Equivalent_cumulative_yield",NA,NA,NA,NA,NA,NA,NA,NA,NA,NA,NA,NA,NA,NA,NA,NA,NA,NA,1.697986577,NA,NA,NA,0.945,NA,NA,NA,NA,NA,NA,NA,"Win-Mix"
210,421,"Ngwira A.R., Kabambe V., Simwaka P., Makoko K., Kamoyo K.",2020,"Productivity and profitability of maize-legume cropping systems under conservation agriculture among smallholder farmers in Malawi","Ngwira, A. R., Kabambe, V., Simwaka, P., Makoko, K., & Kamoyo, K. (2020). Productivity and profitability of maize-legume cropping systems under conservation agriculture among smallholder farmers in Malawi. Acta Agriculturae Scandinavica, Section B — Soil & Plant Science, 70(3), 241-251. doi:10.1080/09064710.2020.1712472","Plot","Experiment (on farm)","Malawi","Africa","LIC","Synthetic - below threshold","rainfed",1.04201681,"Equivalent_cumulative_yield",NA,NA,NA,NA,NA,NA,NA,NA,NA,NA,NA,NA,NA,NA,NA,NA,NA,NA,0.797752809,NA,NA,NA,1.025,NA,NA,NA,NA,NA,NA,NA,"Win-Mix"
212,421,"Ngwira A.R., Kabambe V., Simwaka P., Makoko K., Kamoyo K.",2020,"Productivity and profitability of maize-legume cropping systems under conservation agriculture among smallholder farmers in Malawi","Ngwira, A. R., Kabambe, V., Simwaka, P., Makoko, K., & Kamoyo, K. (2020). Productivity and profitability of maize-legume cropping systems under conservation agriculture among smallholder farmers in Malawi. Acta Agriculturae Scandinavica, Section B — Soil & Plant Science, 70(3), 241-251. doi:10.1080/09064710.2020.1712474","Plot","Experiment (on farm)","Malawi","Africa","LIC","Synthetic - below threshold","rainfed",1.13392541,"Equivalent_cumulative_yield",NA,NA,NA,NA,NA,NA,NA,NA,NA,NA,NA,NA,NA,NA,NA,NA,NA,NA,1.071782178,NA,NA,NA,1.165,NA,NA,NA,NA,NA,NA,NA,"Win-Win"
265,505,"Reddy P.R.R., Mohammad S.",2009,"Evaluation of cotton (Gossypium hirsutum)-based intercropping system through different approaches under rainfed conditions","Reddy, P. R. R., & Mohammad, S. (2009). Evaluation of cotton (Gossypium hirsutum)-based intercropping system through different approaches under rainfed conditions. Indian Journal of Agricultural Sciences, 79(3), 210-214.","Plot","Experiment (research station)","India","Asia","LMIC","Synthetic - below threshold","rainfed",0.966924700914849,"Equivalent_cumulative_yield",NA,NA,NA,NA,NA,NA,NA,NA,NA,NA,NA,NA,NA,NA,NA,NA,NA,NA,1.03,NA,NA,NA,1.165,NA,NA,NA,NA,NA,NA,NA,"Lose-Win"
266,505,"Reddy P.R.R., Mohammad S.",2009,"Evaluation of cotton (Gossypium hirsutum)-based intercropping system through different approaches under rainfed conditions","Reddy, P. R. R., & Mohammad, S. (2009). Evaluation of cotton (Gossypium hirsutum)-based intercropping system through different approaches under rainfed conditions. Indian Journal of Agricultural Sciences, 79(3), 210-214.","Plot","Experiment (research station)","India","Asia","LMIC","Synthetic - below threshold","rainfed",1.265306122,"Equivalent_cumulative_yield",NA,NA,NA,NA,NA,NA,NA,NA,NA,NA,NA,NA,NA,NA,NA,NA,NA,NA,1.33,NA,NA,NA,1.415,NA,NA,NA,NA,NA,NA,NA,"Win-Win"
267,505,"Reddy P.R.R., Mohammad S.",2009,"Evaluation of cotton (Gossypium hirsutum)-based intercropping system through different approaches under rainfed conditions","Reddy, P. R. R., & Mohammad, S. (2009). Evaluation of cotton (Gossypium hirsutum)-based intercropping system through different approaches under rainfed conditions. Indian Journal of Agricultural Sciences, 79(3), 210-214.","Plot","Experiment (research station)","India","Asia","LMIC","Synthetic - below threshold","rainfed",1.27797325826882,"Equivalent_cumulative_yield",NA,NA,NA,NA,NA,NA,NA,NA,NA,NA,NA,NA,NA,NA,NA,NA,NA,NA,1.34,NA,NA,NA,1.46,NA,NA,NA,NA,NA,NA,NA,"Win-Win"
268,505,"Reddy P.R.R., Mohammad S.",2009,"Evaluation of cotton (Gossypium hirsutum)-based intercropping system through different approaches under rainfed conditions","Reddy, P. R. R., & Mohammad, S. (2009). Evaluation of cotton (Gossypium hirsutum)-based intercropping system through different approaches under rainfed conditions. Indian Journal of Agricultural Sciences, 79(3), 210-214.","Plot","Experiment (research station)","India","Asia","LMIC","Synthetic - below threshold","rainfed",1.2512315270936,"Equivalent_cumulative_yield",NA,NA,NA,NA,NA,NA,NA,NA,NA,NA,NA,NA,NA,NA,NA,NA,NA,NA,1.335,NA,NA,NA,1.505,NA,NA,NA,NA,NA,NA,NA,"Win-Win"
269,505,"Reddy P.R.R., Mohammad S.",2009,"Evaluation of cotton (Gossypium hirsutum)-based intercropping system through different approaches under rainfed conditions","Reddy, P. R. R., & Mohammad, S. (2009). Evaluation of cotton (Gossypium hirsutum)-based intercropping system through different approaches under rainfed conditions. Indian Journal of Agricultural Sciences, 79(3), 210-214.","Plot","Experiment (research station)","India","Asia","LMIC","Synthetic - below threshold","rainfed",1.0387051372273,"Equivalent_cumulative_yield",NA,NA,NA,NA,NA,NA,NA,NA,NA,NA,NA,NA,NA,NA,NA,NA,NA,NA,1.125,NA,NA,NA,1.155,NA,NA,NA,NA,NA,NA,NA,"Win-Win"
276,514,"Rusinamhodzi L., Corbeels M., Nyamangara J., Giller K.E.",2012,"Maize-grain legume intercropping is an attractive option for ecological intensification that reduces climatic risk for smallholder farmers in central Mozambique","Rusinamhodzi, L., Corbeels, M., Nyamangara, J., & Giller, K. E. (2012). Maize–grain legume intercropping is an attractive option for ecological intensification that reduces climatic risk for smallholder farmers in central Mozambique. Field Crops Research, 136, 12-22. doi:10.1016/j.fcr.2012.07.014","Field","Experiment (on farm)","Mozambique","Africa","LIC","Synthetic - below threshold","rainfed",1.03344482,"Equivalent_cumulative_yield",NA,NA,NA,NA,NA,NA,NA,NA,1.29787234042553,NA,NA,NA,NA,NA,NA,NA,NA,NA,NA,NA,NA,0.616477272727273,1.4,NA,NA,NA,NA,NA,NA,NA,"Win-Mix"
277,514,"Rusinamhodzi L., Corbeels M., Nyamangara J., Giller K.E.",2012,"Maize-grain legume intercropping is an attractive option for ecological intensification that reduces climatic risk for smallholder farmers in central Mozambique","Rusinamhodzi, L., Corbeels, M., Nyamangara, J., & Giller, K. E. (2012). Maize–grain legume intercropping is an attractive option for ecological intensification that reduces climatic risk for smallholder farmers in central Mozambique. Field Crops Research, 136, 12-22. doi:10.1016/j.fcr.2012.07.015","Field","Experiment (on farm)","Mozambique","Africa","LIC","Synthetic - below threshold","rainfed",1.33645833,"Equivalent_cumulative_yield",NA,NA,NA,NA,NA,NA,NA,NA,NA,NA,NA,NA,NA,NA,NA,NA,NA,NA,NA,NA,NA,NA,1.925,NA,NA,NA,NA,NA,NA,NA,"Win-Win"
278,521,"Saidia P.S., Asch F., Kimaro A.A., Germer J., Kahimba F.C., Graef F., Semoka J.M.R., Rweyemamu C.L.",2019,"Soil moisture management and fertilizer micro-dosing on yield and land utilization efficiency of inter-cropping maize-pigeon-pea in sub humid Tanzania","Saidia, P. S., Asch, F., Kimaro, A. A., Germer, J., Kahimba, F. C., Graef, F., . . . Rweyemamu, C. L. (2019). Soil moisture management and fertilizer micro-dosing on yield and land utilization efficiency of inter-cropping maize-pigeon-pea in sub humid Tanzania. Agricultural Water Management, 223. doi:10.1016/j.agwat.2019.105712","Plot","Experiment (on farm)","Tanzania","Africa","LMIC","Synthetic - below threshold","rainfed",1.37668902,"Equivalent_cumulative_yield",NA,NA,NA,NA,NA,NA,NA,NA,NA,NA,NA,NA,NA,NA,NA,NA,NA,NA,NA,NA,NA,NA,1.9441667,NA,NA,NA,NA,NA,NA,NA,"Win-Win"
279,521,"Saidia P.S., Asch F., Kimaro A.A., Germer J., Kahimba F.C., Graef F., Semoka J.M.R., Rweyemamu C.L.",2019,"Soil moisture management and fertilizer micro-dosing on yield and land utilization efficiency of inter-cropping maize-pigeon-pea in sub humid Tanzania","Saidia, P. S., Asch, F., Kimaro, A. A., Germer, J., Kahimba, F. C., Graef, F., . . . Rweyemamu, C. L. (2019). Soil moisture management and fertilizer micro-dosing on yield and land utilization efficiency of inter-cropping maize-pigeon-pea in sub humid Tanzania. Agricultural Water Management, 223. doi:10.1016/j.agwat.2019.105713","Plot","Experiment (on farm)","Tanzania","Africa","LMIC","Synthetic - below threshold","rainfed",1.713,"Equivalent_cumulative_yield",NA,NA,NA,NA,NA,NA,NA,NA,NA,NA,NA,NA,NA,NA,NA,NA,NA,NA,NA,NA,NA,NA,2.0016667,NA,NA,NA,NA,NA,NA,NA,"Win-Win"
281,529,"Sarkar R.K., Chakraborty A.",2000,"Biological feasibility and economic viability of intercropping pulse and oilseed crops with sesame (Sesamum indicum) under different planting patterns in rice-fallow gangetic alluvial land","Sarkar, R. K., & Chakraborty, A. (2000). Biological feasibility and economic viability of intercropping pulse and oilseed crops with sesame (Sesamum indicum) under different planting patterns in rice-fallow gangetic alluvial land. Indian Journal of Agricultural Sciences, 70(4), 211-214.","Plot","Experiment (research station)","India","Asia","LMIC","Synthetic - below threshold","rainfed",1.79481638,"Equivalent_cumulative_yield",NA,NA,NA,NA,NA,NA,NA,NA,NA,NA,NA,NA,NA,NA,NA,NA,NA,NA,2.134987503,NA,NA,NA,1.6866667,NA,NA,NA,NA,NA,NA,NA,"Win-Win"
282,529,"Sarkar R.K., Chakraborty A.",2000,"Biological feasibility and economic viability of intercropping pulse and oilseed crops with sesame (Sesamum indicum) under different planting patterns in rice-fallow gangetic alluvial land","Sarkar, R. K., & Chakraborty, A. (2000). Biological feasibility and economic viability of intercropping pulse and oilseed crops with sesame (Sesamum indicum) under different planting patterns in rice-fallow gangetic alluvial land. Indian Journal of Agricultural Sciences, 70(4), 211-214.","Plot","Experiment (research station)","India","Asia","LMIC","Synthetic - below threshold","rainfed",1.72745847,"Equivalent_cumulative_yield",NA,NA,NA,NA,NA,NA,NA,NA,NA,NA,NA,NA,NA,NA,NA,NA,NA,NA,1.846682889,NA,NA,NA,1.6866667,NA,NA,NA,NA,NA,NA,NA,"Win-Win"
283,529,"Sarkar R.K., Chakraborty A.",2000,"Biological feasibility and economic viability of intercropping pulse and oilseed crops with sesame (Sesamum indicum) under different planting patterns in rice-fallow gangetic alluvial land","Sarkar, R. K., & Chakraborty, A. (2000). Biological feasibility and economic viability of intercropping pulse and oilseed crops with sesame (Sesamum indicum) under different planting patterns in rice-fallow gangetic alluvial land. Indian Journal of Agricultural Sciences, 70(4), 211-214.","Plot","Experiment (research station)","India","Asia","LMIC","Synthetic - below threshold","rainfed",1.51869078,"Equivalent_cumulative_yield",NA,NA,NA,NA,NA,NA,NA,NA,NA,NA,NA,NA,NA,NA,NA,NA,NA,NA,1.307143803,NA,NA,NA,1.2833333,NA,NA,NA,NA,NA,NA,NA,"Win-Win"
284,530,"Sarkar R.K., Chakraborty A., Bala B.",1998,"Biological potential and economic feasibility of intercropping of sunflower (Helianthus annuus) with pulses and oilseeds under different planting patterns on rice fallow land","Sarkar, R. K., Chakraborty, A., & Bala, B. (1998). Biological potential and economic feasibility of intercropping of sunflower (Helianthus annuus) with pulses and oilseeds under different planting patterns on rice fallow land. Indian Journal of Agronomy, 43(4), 601-605.","Plot","Experiment (research station)","India","Asia","LMIC","Synthetic - below threshold","rainfed",1.4698382,"Equivalent_cumulative_yield",NA,NA,NA,NA,NA,NA,NA,NA,NA,NA,NA,NA,NA,NA,NA,NA,NA,NA,1.95128917,NA,NA,NA,1.46,NA,NA,NA,NA,NA,NA,NA,"Win-Win"
285,530,"Sarkar R.K., Chakraborty A., Bala B.",1998,"Biological potential and economic feasibility of intercropping of sunflower (Helianthus annuus) with pulses and oilseeds under different planting patterns on rice fallow land","Sarkar, R. K., Chakraborty, A., & Bala, B. (1998). Biological potential and economic feasibility of intercropping of sunflower (Helianthus annuus) with pulses and oilseeds under different planting patterns on rice fallow land. Indian Journal of Agronomy, 43(4), 601-605.","Plot","Experiment (research station)","India","Asia","LMIC","Synthetic - below threshold","rainfed",1.4127647,"Equivalent_cumulative_yield",NA,NA,NA,NA,NA,NA,NA,NA,NA,NA,NA,NA,NA,NA,NA,NA,NA,NA,1.841477253,NA,NA,NA,1.45,NA,NA,NA,NA,NA,NA,NA,"Win-Win"
286,530,"Sarkar R.K., Chakraborty A., Bala B.",1998,"Biological potential and economic feasibility of intercropping of sunflower (Helianthus annuus) with pulses and oilseeds under different planting patterns on rice fallow land","Sarkar, R. K., Chakraborty, A., & Bala, B. (1998). Biological potential and economic feasibility of intercropping of sunflower (Helianthus annuus) with pulses and oilseeds under different planting patterns on rice fallow land. Indian Journal of Agronomy, 43(4), 601-605.","Plot","Experiment (research station)","India","Asia","LMIC","Synthetic - below threshold","rainfed",2.1594388,"Equivalent_cumulative_yield",NA,NA,NA,NA,NA,NA,NA,NA,NA,NA,NA,NA,NA,NA,NA,NA,NA,NA,2.23108687,NA,NA,NA,1.49,NA,NA,NA,NA,NA,NA,NA,"Win-Win"
287,528,"Sarkar R.K., Sanyal S.R.",2000,"Production potential and economic feasibility of sesame (Sesamum indicum)-based intercropping system with pulse and oilseed crops on rice fallow land","Sarkar, R. K., & Sanyal, S. R. (2000). Production potential and economic feasibility of sesame (Sesamum indicum)-based intercropping system with pulse and oilseed crops on rice fallow land. Indian Journal of Agronomy, 45(3), 545-550.","Plot","Experiment (research station)","India","Asia","LMIC","Synthetic - below threshold","rainfed",1.09398496,"Equivalent_cumulative_yield",NA,NA,NA,NA,NA,NA,NA,NA,NA,NA,NA,NA,NA,NA,NA,NA,NA,NA,1.029748284,NA,NA,NA,1.21,NA,NA,NA,NA,NA,NA,NA,"Win-Win"
288,528,"Sarkar R.K., Sanyal S.R.",2000,"Production potential and economic feasibility of sesame (Sesamum indicum)-based intercropping system with pulse and oilseed crops on rice fallow land","Sarkar, R. K., & Sanyal, S. R. (2000). Production potential and economic feasibility of sesame (Sesamum indicum)-based intercropping system with pulse and oilseed crops on rice fallow land. Indian Journal of Agronomy, 45(3), 545-550.","Plot","Experiment (research station)","India","Asia","LMIC","Synthetic - below threshold","rainfed",1.02030075,"Equivalent_cumulative_yield",NA,NA,NA,NA,NA,NA,NA,NA,NA,NA,NA,NA,NA,NA,NA,NA,NA,NA,0.870251716,NA,NA,NA,1.15,NA,NA,NA,NA,NA,NA,NA,"Win-Mix"
289,528,"Sarkar R.K., Sanyal S.R.",2000,"Production potential and economic feasibility of sesame (Sesamum indicum)-based intercropping system with pulse and oilseed crops on rice fallow land","Sarkar, R. K., & Sanyal, S. R. (2000). Production potential and economic feasibility of sesame (Sesamum indicum)-based intercropping system with pulse and oilseed crops on rice fallow land. Indian Journal of Agronomy, 45(3), 545-550.","Plot","Experiment (research station)","India","Asia","LMIC","Synthetic - below threshold","rainfed",1.35413534,"Equivalent_cumulative_yield",NA,NA,NA,NA,NA,NA,NA,NA,NA,NA,NA,NA,NA,NA,NA,NA,NA,NA,1.109038902,NA,NA,NA,1.245,NA,NA,NA,NA,NA,NA,NA,"Win-Win"
292,539,"Sharma A.R., Behera U.K.",2009,"Recycling of legume residues for nitrogen economy and higher productivity in maize (Zea mays)-wheat (Triticum aestivum) cropping system","Sharma, A., Sharma, J. J., Rana, M. C., & Sood, S. (2006). Evaluation of Phaseolus vulgaris as intercrop with vegetables for enhancing productivity system and profitability under high hill dry temperate conditions of north-western Himalayas. Indian Journal of Agricultural Sciences, 76(1), 29-32.","Plot","Experiment (research station)","India","Asia","LMIC","Synthetic - below threshold","irrigation",1.082495294,"Equivalent_cumulative_yield",NA,NA,NA,NA,NA,NA,NA,NA,NA,NA,NA,NA,1.94,NA,NA,NA,0.954869,"Carbon",0.957265,NA,NA,NA,1.23,NA,NA,NA,NA,NA,NA,NA,"Mix-Mix"
293,539,"Sharma A.R., Behera U.K.",2009,"Recycling of legume residues for nitrogen economy and higher productivity in maize (Zea mays)-wheat (Triticum aestivum) cropping system","Sharma, A., Sharma, J. J., Rana, M. C., & Sood, S. (2006). Evaluation of Phaseolus vulgaris as intercrop with vegetables for enhancing productivity system and profitability under high hill dry temperate conditions of north-western Himalayas. Indian Journal of Agricultural Sciences, 76(1), 29-32.","Plot","Experiment (research station)","India","Asia","LMIC","Synthetic - below threshold","irrigation",1.22992573682989,"Equivalent_cumulative_yield",NA,NA,NA,NA,NA,NA,NA,NA,NA,NA,NA,NA,5.16,NA,NA,NA,1.02612826603325,"Carbon",1.03418803418803,NA,NA,NA,1.23,NA,NA,NA,NA,NA,NA,NA,"Win-Mix"
294,539,"Sharma A.R., Behera U.K.",2009,"Recycling of legume residues for nitrogen economy and higher productivity in maize (Zea mays)-wheat (Triticum aestivum) cropping system","Sharma, A., Sharma, J. J., Rana, M. C., & Sood, S. (2006). Evaluation of Phaseolus vulgaris as intercrop with vegetables for enhancing productivity system and profitability under high hill dry temperate conditions of north-western Himalayas. Indian Journal of Agricultural Sciences, 76(1), 29-32.","Plot","Experiment (research station)","India","Asia","LMIC","Synthetic - below threshold","irrigation",1.09184265490833,"Equivalent_cumulative_yield",NA,NA,NA,NA,NA,NA,NA,NA,NA,NA,NA,NA,3.24,NA,NA,NA,1.05700712589074,"Carbon",0.965811965811966,NA,NA,NA,1.24,NA,NA,NA,NA,NA,NA,NA,"Win-Mix"
295,539,"Sharma A.R., Behera U.K.",2009,"Recycling of legume residues for nitrogen economy and higher productivity in maize (Zea mays)-wheat (Triticum aestivum) cropping system","Sharma, A., Sharma, J. J., Rana, M. C., & Sood, S. (2006). Evaluation of Phaseolus vulgaris as intercrop with vegetables for enhancing productivity system and profitability under high hill dry temperate conditions of north-western Himalayas. Indian Journal of Agricultural Sciences, 76(1), 29-32.","Plot","Experiment (research station)","India","Asia","LMIC","Synthetic - below threshold","irrigation",1.1562105154586,"Equivalent_cumulative_yield",NA,NA,NA,NA,NA,NA,NA,NA,NA,NA,NA,NA,3.32,NA,NA,NA,1.07363420427553,"Carbon",0.914529914529915,NA,NA,NA,1.08,NA,NA,NA,NA,NA,NA,NA,"Win-Mix"
296,539,"Sharma A.R., Behera U.K.",2009,"Recycling of legume residues for nitrogen economy and higher productivity in maize (Zea mays)-wheat (Triticum aestivum) cropping system","Sharma, A., Sharma, J. J., Rana, M. C., & Sood, S. (2006). Evaluation of Phaseolus vulgaris as intercrop with vegetables for enhancing productivity system and profitability under high hill dry temperate conditions of north-western Himalayas. Indian Journal of Agricultural Sciences, 76(1), 29-32.","Plot","Experiment (research station)","India","Asia","LMIC","Synthetic - below threshold","irrigation",1.07541708568629,"Equivalent_cumulative_yield",NA,NA,NA,NA,NA,NA,NA,NA,NA,NA,NA,NA,4.3,NA,NA,NA,1.04513064133017,"Carbon",0.897435897435898,NA,NA,NA,1.06,NA,NA,NA,NA,NA,NA,NA,"Win-Mix"
297,540,"Sharma K.C.",2018,"Inter/mixed cropping of lentil (Lens culinaris) in late-sown wheat (Triticum aestivum) for higher productivity and profitability of wheat in vertisols of central india","Sharma, K. C. (2018). Inter/mixed cropping of lentil (Lens culinaris) in late-sown wheat (Triticum aestivum) for higher productivity and profitability of wheat in vertisols of central india. Indian Journal of Agronomy, 63(1), 32-38.","Plot","Experiment (research station)","India","Asia","LMIC","Synthetic - below threshold","irrigation",0.98635824,"Equivalent_cumulative_yield",NA,NA,NA,NA,NA,NA,NA,NA,NA,NA,NA,NA,1.0366972,1,NA,NA,NA,NA,0.9597141,NA,NA,NA,1.0066667,1.0381294,NA,NA,NA,NA,NA,NA,"Mix-Mix"
298,540,"Sharma K.C.",2018,"Inter/mixed cropping of lentil (Lens culinaris) in late-sown wheat (Triticum aestivum) for higher productivity and profitability of wheat in vertisols of central india","Sharma, K. C. (2018). Inter/mixed cropping of lentil (Lens culinaris) in late-sown wheat (Triticum aestivum) for higher productivity and profitability of wheat in vertisols of central india. Indian Journal of Agronomy, 63(1), 32-38.","Plot","Experiment (research station)","India","Asia","LMIC","Synthetic - below threshold","irrigation",0.94439502,"Equivalent_cumulative_yield",NA,NA,NA,NA,NA,NA,NA,NA,NA,NA,NA,NA,1.029489,1,NA,NA,NA,NA,0.9132554,NA,NA,NA,1,1.037232,NA,NA,NA,NA,NA,NA,"Mix-Mix"
300,546,"Sharma S.K., Singh J.",2014,"Productivity and economics of castor (Ricinus communis) - based intercropping systems under rainfed conditions","Sharma, S. K., & Singh, J. (2014). Productivity and economics of castor (Ricinus communis) - based intercropping systems under rainfed conditions. Indian Journal of Agricultural Sciences, 84(3), 432-435.","Plot","Experiment (research station)","India","Asia","LMIC","Synthetic - below threshold","rainfed",1.6237854,"Equivalent_cumulative_yield",NA,NA,NA,0.8948,NA,NA,NA,NA,NA,NA,NA,NA,NA,NA,NA,NA,NA,NA,6.22965313,NA,NA,NA,1.31,NA,NA,NA,NA,NA,NA,NA,"Mix-Win"
301,546,"Sharma S.K., Singh J.",2014,"Productivity and economics of castor (Ricinus communis) - based intercropping systems under rainfed conditions","Sharma, S. K., & Singh, J. (2014). Productivity and economics of castor (Ricinus communis) - based intercropping systems under rainfed conditions. Indian Journal of Agricultural Sciences, 84(3), 432-435.","Plot","Experiment (research station)","India","Asia","LMIC","Synthetic - below threshold","rainfed",1.3704226,"Equivalent_cumulative_yield",NA,NA,NA,0.8762,NA,NA,NA,NA,NA,NA,NA,NA,NA,NA,NA,NA,NA,NA,3.62222899,NA,NA,NA,1.165,NA,NA,NA,NA,NA,NA,NA,"Mix-Win"
302,546,"Sharma S.K., Singh J.",2014,"Productivity and economics of castor (Ricinus communis) - based intercropping systems under rainfed conditions","Sharma, S. K., & Singh, J. (2014). Productivity and economics of castor (Ricinus communis) - based intercropping systems under rainfed conditions. Indian Journal of Agricultural Sciences, 84(3), 432-435.","Plot","Experiment (research station)","India","Asia","LMIC","Synthetic - below threshold","rainfed",1.3026331,"Equivalent_cumulative_yield",NA,NA,NA,0.833,NA,NA,NA,NA,NA,NA,NA,NA,NA,NA,NA,NA,NA,NA,3.02822351,NA,NA,NA,1.06,NA,NA,NA,NA,NA,NA,NA,"Mix-Win"
303,546,"Sharma S.K., Singh J.",2014,"Productivity and economics of castor (Ricinus communis) - based intercropping systems under rainfed conditions","Sharma, S. K., & Singh, J. (2014). Productivity and economics of castor (Ricinus communis) - based intercropping systems under rainfed conditions. Indian Journal of Agricultural Sciences, 84(3), 432-435.","Plot","Experiment (research station)","India","Asia","LMIC","Synthetic - below threshold","rainfed",1.3273254,"Equivalent_cumulative_yield",NA,NA,NA,0.7527,NA,NA,NA,NA,NA,NA,NA,NA,NA,NA,NA,NA,NA,NA,3.23269276,NA,NA,NA,1.105,NA,NA,NA,NA,NA,NA,NA,"Mix-Win"
304,731,"Shivaramu HS, Shivashankar K.",1992,"PERFORMANCE OF SUNFLOWER (HELIANTHUS-ANNUUS) AND SOYBEAN (GLYCINE-MAX) IN INTERCROPPING WITH DIFFERENT PLANT-POPULATIONS AND PLANTING PATTERNS","Shivaramu, H. S., & Shivashankar, K. (1992). PERFORMANCE OF SUNFLOWER (HELIANTHUS-ANNUUS) AND SOYBEAN (GLYCINE-MAX) IN INTERCROPPING WITH DIFFERENT PLANT-POPULATIONS AND PLANTING PATTERNS. Indian Journal of Agronomy, 37(2), 231-236.","Plot","Experiment (research station)","India","Asia","LMIC","Unknown","rainfed",1.19700661329621,"Equivalent_cumulative_yield",NA,NA,NA,NA,NA,NA,NA,NA,NA,NA,NA,NA,NA,1.31358306650753,NA,NA,NA,NA,1.44867273862828,NA,NA,NA,1.39,NA,NA,NA,NA,NA,NA,NA,"Win-Win"
306,560,"Singh A., Tanwar S.P.S., Meghwal P.R., Saxena A., Kumar M.",2018,"Assessing productivity and profitability of a rejuvenated ber (Ziziphus mauritiana) based agri-horti system under arid rainfed conditions","Singh, A., Tanwar, S. P. S., Meghwal, P. R., Saxena, A., & Kumar, M. (2018). Assessing productivity and profitability of a rejuvenated ber (Ziziphus mauritiana) based agri-horti system under arid rainfed conditions. Indian Journal of Agricultural Sciences, 88(4), 573-578.","Plot","Experiment (research station)","India","Asia","LMIC","No synthetic","rainfed",1.2629045,"Equivalent_cumulative_yield",NA,NA,NA,NA,NA,NA,NA,NA,NA,NA,NA,NA,1.0214271,NA,NA,NA,1.034653,"Carbon",1.481695063,NA,NA,NA,1.9,NA,NA,NA,NA,NA,NA,NA,"Win-Win"
307,563,"Singh B., Dhaka A.K., Kumar S., Singh S., Kumar M.",2017,"Land, biological and economic evaluation of intercropping systems involving barley (Hordeum vulgare), Indian mustard (Brassica juncea) and chickpea (Cicer arietinum) under different spatial arrangements","Singh, B., Dhaka, A. K., Kumar, S., Singh, S., & Kumar, M. (2017). Land, biological and economic evaluation of intercropping systems involving barley (Hordeum vulgare), Indian mustard (Brassica juncea) and chickpea (Cicer arietinum) under different spatial arrangements. Indian Journal of Agronomy, 62(4), 443-450.","Plot","Experiment (research station)","India","Asia","LMIC","Synthetic - below threshold","irrigation",0.896742896742897,"Equivalent_cumulative_yield",NA,NA,NA,NA,NA,NA,NA,NA,NA,NA,NA,NA,NA,1.05675675675676,NA,NA,NA,NA,1.0173775671406,NA,NA,NA,1.07333333333333,NA,NA,NA,NA,NA,NA,NA,"Mix-Win"
308,564,"Singh B.B., Ajeigbe H.",2007,"Improved cowpea-cereals-based cropping systems for household food security and poverty reduction in West Africa","Singh, B. B., & Ajeigbe, H. (2007). Improved Cowpea-Cereals-Based Cropping Systems for Household Food Security and Poverty Reduction in West Africa. Journal of Crop Improvement, 19(1-2), 157-172. doi:10.1300/J411v19n01_08","Plot","Experiment (research station)","Nigeria","Africa","LMIC","Synthetic - below threshold","rainfed",0.82107496,"Equivalent_cumulative_yield",NA,NA,NA,NA,NA,NA,NA,NA,NA,NA,NA,NA,NA,NA,NA,NA,NA,NA,1.342054691,NA,NA,NA,0.9625,NA,NA,NA,NA,NA,NA,NA,"Lose-Mix"
309,564,"Singh B.B., Ajeigbe H.",2007,"Improved cowpea-cereals-based cropping systems for household food security and poverty reduction in West Africa","Singh, B. B., & Ajeigbe, H. (2007). Improved Cowpea-Cereals-Based Cropping Systems for Household Food Security and Poverty Reduction in West Africa. Journal of Crop Improvement, 19(1-2), 157-172. doi:10.1300/J411v19n01_09","Plot","Experiment (research station)","Nigeria","Africa","LMIC","Synthetic - below threshold","rainfed",0.98352232,"Equivalent_cumulative_yield",NA,NA,NA,NA,NA,NA,NA,NA,NA,NA,NA,NA,NA,NA,NA,NA,NA,NA,1.652636712,NA,NA,NA,1,NA,NA,NA,NA,NA,NA,NA,"Lose-Mix"
310,564,"Singh B.B., Ajeigbe H.",2007,"Improved cowpea-cereals-based cropping systems for household food security and poverty reduction in West Africa","Singh, B. B., & Ajeigbe, H. (2007). Improved Cowpea-Cereals-Based Cropping Systems for Household Food Security and Poverty Reduction in West Africa. Journal of Crop Improvement, 19(1-2), 157-172. doi:10.1300/J411v19n01_10","Farm","Experiment (on farm)","Nigeria","Africa","LMIC","Synthetic - below threshold","rainfed",1.06546415,"Equivalent_cumulative_yield",NA,NA,NA,NA,NA,NA,NA,NA,NA,NA,NA,NA,NA,NA,NA,NA,NA,NA,1.415435044,NA,NA,NA,1.5587045,NA,NA,NA,NA,NA,NA,NA,"Win-Win"
311,564,"Singh B.B., Ajeigbe H.",2007,"Improved cowpea-cereals-based cropping systems for household food security and poverty reduction in West Africa","Singh, B. B., & Ajeigbe, H. (2007). Improved Cowpea-Cereals-Based Cropping Systems for Household Food Security and Poverty Reduction in West Africa. Journal of Crop Improvement, 19(1-2), 157-172. doi:10.1300/J411v19n01_11","Farm","Experiment (on farm)","Nigeria","Africa","LMIC","Synthetic - below threshold","rainfed",1.22393,"Equivalent_cumulative_yield",NA,NA,NA,NA,NA,NA,NA,NA,NA,NA,NA,NA,NA,NA,NA,NA,NA,NA,2.286728464,NA,NA,NA,2.605915926,NA,NA,NA,NA,NA,NA,NA,"Win-Win"
312,564,"Singh B.B., Ajeigbe H.",2007,"Improved cowpea-cereals-based cropping systems for household food security and poverty reduction in West Africa","Singh, B. B., & Ajeigbe, H. (2007). Improved Cowpea-Cereals-Based Cropping Systems for Household Food Security and Poverty Reduction in West Africa. Journal of Crop Improvement, 19(1-2), 157-172. doi:10.1300/J411v19n01_12","Farm","Experiment (on farm)","Nigeria","Africa","LMIC","Synthetic - below threshold","rainfed",3.79435364,"Equivalent_cumulative_yield",NA,NA,NA,NA,NA,NA,NA,NA,NA,NA,NA,NA,NA,NA,NA,NA,NA,NA,3.768846784,NA,NA,NA,2.3833927,NA,NA,NA,NA,NA,NA,NA,"Win-Win"
313,564,"Singh B.B., Ajeigbe H.",2007,"Improved cowpea-cereals-based cropping systems for household food security and poverty reduction in West Africa","Singh, B. B., & Ajeigbe, H. (2007). Improved Cowpea-Cereals-Based Cropping Systems for Household Food Security and Poverty Reduction in West Africa. Journal of Crop Improvement, 19(1-2), 157-172. doi:10.1300/J411v19n01_13","Farm","Experiment (on farm)","Nigeria","Africa","LMIC","Synthetic - below threshold","rainfed",2.81400084,"Equivalent_cumulative_yield",NA,NA,NA,NA,NA,NA,NA,NA,NA,NA,NA,NA,NA,NA,NA,NA,NA,NA,3.441132347,NA,NA,NA,1.8876078,NA,NA,NA,NA,NA,NA,NA,"Win-Win"
314,567,"Singh L., Singh J.K., Chand L., Hasan B.",2009,"Productivity, economics and competitive indices of lentil (Lens Culinaris)-based intercropping systems in Kashmir valley","Singh, L., Singh, J. K., Chand, L., & Hasan, B. (2009). Productivity, economics and competitive indices of lentil (Lens Culinaris)-based intercropping systems in Kashmir valley. Indian Journal of Agronomy, 54(3), 291-295.","Plot","Experiment (research station)","India","Asia","LMIC","Synthetic - below threshold","rainfed",1.155991736,"Equivalent_cumulative_yield",NA,NA,NA,NA,NA,NA,NA,NA,NA,NA,NA,NA,NA,1.09206008583691,NA,NA,NA,NA,1.23830865159782,NA,1.00136612021858,NA,1.07914572864322,NA,NA,NA,NA,NA,NA,NA,"Win-Win"
315,567,"Singh L., Singh J.K., Chand L., Hasan B.",2009,"Productivity, economics and competitive indices of lentil (Lens Culinaris)-based intercropping systems in Kashmir valley","Singh, L., Singh, J. K., Chand, L., & Hasan, B. (2009). Productivity, economics and competitive indices of lentil (Lens Culinaris)-based intercropping systems in Kashmir valley. Indian Journal of Agronomy, 54(3), 291-295.","Plot","Experiment (research station)","India","Asia","LMIC","Synthetic - below threshold","rainfed",1.3625730994152,"Equivalent_cumulative_yield",NA,NA,NA,NA,NA,NA,NA,NA,NA,NA,NA,NA,NA,0.957412615508236,NA,NA,NA,NA,1.53221757322176,NA,0.93454724409449,NA,0.995,NA,NA,NA,NA,NA,NA,NA,"Mix-Mix"
318,575,"Singh U., Singh S.R., Saad A.A., Khanday B.A., Singh J.K.",2011,"Yield advantage, reciprosity functions and energy budgeting of lentil (Lens culinaris) + oat (Avena sativa) intercropping under varying row ratio and phosphorus management",NA,"Plot","Experiment (research station)","India","Asia","LMIC","Synthetic - below threshold","rainfed",1.18390804597701,"Equivalent_cumulative_yield",NA,NA,NA,NA,NA,1.03720930232558,NA,NA,1.22477064220183,NA,NA,NA,1.26553672316384,1.18528610354223,NA,NA,NA,NA,1.24048157428344,NA,0.983590733590734,NA,1.24,NA,NA,NA,NA,NA,NA,NA,"Win-Mix"
337,727,"Suhi AA, Mia S, Khanam S, et al",2022,"How Does Maize-Cowpea Intercropping Maximize Land Use and Economic Return? A Field Trial in Bangladesh","Suhi, A. A., Mia, S., Khanam, S., Mithu, M. H., Uddin, M. K., Muktadir, M. A., . . . Jindo, K. (2022). How Does Maize-Cowpea Intercropping Maximize Land Use and Economic Return? A Field Trial in Bangladesh. Land, 11(4), 18. doi:10.3390/land11040581","Plot","Experiment (research station)","Bangladesh","Asia","LMIC","Synthetic - below threshold","irrigation",0.936846038863976,"Equivalent_cumulative_yield",NA,NA,NA,NA,NA,NA,NA,NA,NA,NA,NA,NA,NA,NA,NA,NA,NA,NA,1.19587434066641,1.05331753554502,NA,NA,1.5075,NA,NA,NA,NA,NA,NA,NA,"Lose-Win"
340,599,"Syafruddin, Suwardi",2020,"Intercropping of maize-mungbean to increase the farmer's income","Syafruddin, S. (2020). Intercropping of maize-mungbean to increase the farmer's income. Paper presented at the IOP Conf. Series: Earth and Environmental Science.","Plot","Experiment (research station)","Indonesia","Asia","LMIC","Synthetic - below threshold","rainfed",1.406928214,"Equivalent_cumulative_yield",NA,NA,NA,NA,NA,NA,NA,NA,NA,NA,NA,NA,NA,NA,NA,NA,NA,NA,1.5333469,NA,NA,NA,1.3825,NA,NA,NA,NA,NA,NA,NA,"Win-Mix"
341,609,"Telkar S.G., Singh A.K.",2018,"Productivity, profitability and soil biochemical properties in maize (Zea mays) and soybean (Glycine max) intercropping as influenced by population proportion of component crops","Telkar, S. G., & Singh, A. K. (2018). Productivity, profitability and soil biochemical properties in maize (Zea mays) and soybean (Glycine max) intercropping as influenced by population proportion of component crops. Indian Journal of Agricultural Sciences, 88(3), 458-462.","Plot","Experiment (research station)","India","Asia","LMIC","Synthetic - below threshold","rainfed",0.96955128,"Equivalent_cumulative_yield",NA,NA,NA,NA,NA,NA,NA,NA,NA,NA,NA,NA,1.153497,1.0016461,NA,NA,0.868946,"Carbon",1.19381839,NA,NA,NA,1.14,NA,NA,NA,NA,NA,NA,NA,"Mix-Mix"
343,613,"Tetarwal J.P., Rana K.S.",2006,"Impact of cropping system, fertility level and moisture-conservation practice on productivity, nutrient uptake, water use and profitability of pearlmillet (Pennisetum glaucum) under rainfed conditions","Tetarwal, J. P., & Rana, K. S. (2006). Impact of cropping system, fertility level and moisture-conservation practice on productivity, nutrient uptake, water use and profitability of pearlmillet (Pennisetum glaucum) under rainfed conditions. Indian Journal of Agronomy, 51(4), 263-266.","Plot","Experiment (research station)","India","Asia","LMIC","Synthetic - below threshold","rainfed",1.11278195488722,"Equivalent_cumulative_yield",NA,NA,NA,NA,NA,NA,NA,NA,0.992537201093698,NA,NA,NA,0.959372965936212,NA,NA,NA,NA,NA,1.1201016450448,NA,NA,NA,1.03345724907063,NA,NA,NA,NA,NA,NA,NA,"Mix-Win"
346,618,"Thomas G.A., Dalal R.C., Weston E.J., King A.J., Holmes C.J., Orange D.N., Lehane K.J.",2011,"Crop rotations for sustainable grain production on a vertisol in the semi-arid subtropics","Thomas, G. A., Dalal, R. C., Weston, E. J., King, A. J., Holmes, C. J., Orange, D. N., & Lehane, K. J. (2010). Crop Rotations for Sustainable Grain Production on a Vertisol in the Semi-Arid Subtropics. Journal of Sustainable Agriculture, 35(1), 2-26. doi:10.1080/10440046.2011.530195","Plot","Experiment (on farm)","Australia","Australia","HIC","Synthetic - below threshold","rainfed",1.16259274,"Equivalent_cumulative_yield",NA,NA,NA,NA,NA,NA,NA,NA,1,NA,NA,NA,1.111509,NA,NA,NA,NA,NA,2.376328502,NA,NA,NA,1.1608008,1.0374326,NA,NA,NA,NA,NA,NA,"Mix-Win"
353,626,"Tripathi S.C., Singh R.P.",2008,"Effect of crop diversification on productivity and profitability of rice (Oryza sativa) - Wheat (triticum aestivum) cropping system","Tripathi, S. C., & Singh, R. P. (2008). Effect of crop diversification on productivity and profitability of rice (Oryza sativa) - Wheat (triticum aestivum) cropping system. Indian Journal of Agronomy, 53(1), 27-31.","Plot","Experiment (research station)","India","Asia","LMIC","Synthetic - below threshold","irrigation",1.02849958088852,"Equivalent_cumulative_yield",NA,NA,NA,NA,NA,NA,NA,1.36470588235294,NA,NA,NA,NA,NA,NA,NA,NA,1.13125,"Carbon",1.34426229508197,NA,NA,NA,1.04325334099727,NA,NA,NA,NA,NA,NA,NA,"Win-Win"
354,626,"Tripathi S.C., Singh R.P.",2008,"Effect of crop diversification on productivity and profitability of rice (Oryza sativa) - Wheat (triticum aestivum) cropping system","Tripathi, S. C., & Singh, R. P. (2008). Effect of crop diversification on productivity and profitability of rice (Oryza sativa) - Wheat (triticum aestivum) cropping system. Indian Journal of Agronomy, 53(1), 27-31.","Plot","Experiment (research station)","India","Asia","LMIC","Synthetic - below threshold","irrigation",1.279128248114,"Equivalent_cumulative_yield",NA,NA,NA,NA,NA,NA,NA,1.68128342245989,NA,NA,NA,NA,NA,NA,NA,NA,1.359375,"Carbon",1.38934426229508,NA,NA,NA,1.38583129760023,NA,NA,NA,NA,NA,NA,NA,"Win-Win"
355,631,"ul Haq M.I., Ahmad R., Jabbar A., Khalid M.",2018,"The effect of different planting techniques on productivity and profitability of barley-lentil intercrops under semi-arid subtropical climate","ul Haq, M. I., Ahmad, R., Jabbar, A., & Khalid, M. (2018). The effect of different planting techniques on productivity and profitability of barley-lentil intercrops under semi-arid subtropical climate. International Journal of Agriculture and Biology, 20(11), 2437-2445. doi:10.17957/IJAB/15.0787","Plot","Experiment (research station)","Pakistan","Asia","LMIC","Synthetic - below threshold","irrigation",1.1389157,"Equivalent_cumulative_yield",NA,NA,NA,NA,NA,NA,NA,NA,NA,NA,NA,NA,NA,1.1835878,NA,NA,NA,NA,3.177909763,NA,NA,NA,1.4975,NA,NA,NA,NA,NA,NA,NA,"Win-Mix"
357,647,"Wade M.K., Sanchez P.A.",1984,"Productive potential of an annual intercropping scheme in the Amazon","Wade, M. K., & Sanchez, P. A. (1984). Productive potential of an annual intercropping scheme in the Amazon. Field Crops Research, 9(C), 253-263. doi:10.1016/0378-4290(84)90030-3","Plot","Experiment (on farm)","Peru","South America","UMIC","Synthetic - below threshold","rainfed",0.72972517,"Equivalent_cumulative_yield",NA,NA,NA,NA,NA,NA,NA,1.5,NA,NA,NA,NA,NA,NA,NA,NA,NA,NA,1.287509239,NA,NA,NA,1.14333333333333,NA,NA,NA,NA,NA,NA,NA,"Mix-Win"
358,647,"Wade M.K., Sanchez P.A.",1984,"Productive potential of an annual intercropping scheme in the Amazon","Wade, M. K., & Sanchez, P. A. (1984). Productive potential of an annual intercropping scheme in the Amazon. Field Crops Research, 9(C), 253-263. doi:10.1016/0378-4290(84)90030-4","Plot","Experiment (on farm)","Peru","South America","UMIC","Synthetic - below threshold","rainfed",0.69510645,"Equivalent_cumulative_yield",NA,NA,NA,NA,NA,NA,NA,1.5,NA,NA,NA,NA,NA,NA,NA,NA,NA,NA,1.78077684684685,NA,NA,NA,1.25,1.680919328,NA,NA,NA,NA,NA,NA,"Mix-Win"
360,666,"Workayehu T., Wortmann C.S.",2011,"Maize-bean intercrop weed suppression and profitability in Southern Ethiopia","Workayehu, T., & Wortmann, C. S. (2011). Maize-Bean Intercrop Weed Suppression and Profitability in Southern Ethiopia. Agronomy Journal, 103(4), 1058-1063. doi:10.2134/agronj2010.0493","Plot","Experiment (research station)","Ethiopia","Africa","LIC","Synthetic - below threshold","rainfed",1.03066717,"Equivalent_cumulative_yield",NA,NA,NA,NA,NA,NA,NA,1,NA,NA,NA,NA,NA,NA,NA,NA,NA,NA,1.104110539,NA,NA,NA,1.62,NA,NA,NA,NA,NA,NA,NA,"Mix-Win"
361,668,"Worku W., Temeche D., Gossa R., Abate B.",2021,"Agronomic management options to enhance adoption of maize–common bean–common bean sequential intercropping in southern Ethiopia","Worku, W., Temeche, D., Gossa, R., & Abate, B. (2021). Agronomic management options to enhance adoption of maize–common bean–common bean sequential intercropping in southern Ethiopia. Journal of Crop Science and Biotechnology, 24(3), 307-318. doi:10.1007/s12892-020-00078-x","Plot","Experiment (research station)","Ethiopia","Africa","LIC","Synthetic - below threshold","rainfed",1.25403226,"Equivalent_cumulative_yield",NA,NA,NA,NA,NA,NA,NA,NA,NA,NA,NA,NA,NA,NA,NA,NA,NA,NA,1.3,NA,NA,NA,1.481111,NA,NA,NA,NA,NA,NA,NA,"Win-Mix"
368,682,"Yang X., Chen Y., Pacenka S., Gao W., Ma L., Wang G., Yan P., Sui P., Steenhuis T.S.",2015,"Effect of diversified crop rotations on groundwater levels and crop water productivity in the North China Plain","Yang, X., Chen, Y., Pacenka, S., Gao, W., Ma, L., Wang, G., . . . Steenhuis, T. S. (2015). Effect of diversified crop rotations on groundwater levels and crop water productivity in the North China Plain. Journal of Hydrology, 522, 428-438. doi:10.1016/j.jhydrol.2015.01.010","Plot","Experiment (on farm)","China","Asia","UMIC","Synthetic - below threshold","irrigation",1.32219271063893,"Equivalent_cumulative_yield",NA,NA,NA,NA,NA,1.276964184475,NA,NA,1.16212534059945,NA,NA,NA,NA,1.31529560089552,NA,NA,1.05970149253731,"Carbon",1.15727733296115,NA,NA,NA,1.45454545454545,NA,NA,NA,NA,NA,NA,NA,"Win-Win"
378,699,"Zougmore R., Kambou F.N., Ouattara K., Guillobez S.",2000,"Sorghum-cowpea intercropping: An effective technique against runoff and soil erosion in the sahel (saria, burkina faso)","Zougmore, R., Kambou, F. N., Ouattara, K., & Guillobez, S. (2000). Sorghum-cowpea Intercropping: An Effective Technique Against Runoff and Soil Erosion in the Sahel (Saria, Burkina Faso). Arid Soil Research and Rehabilitation, 14(4), 329-342. doi:10.1080/08903060050136441","Plot","Experiment (on farm)","Burkina Faso","Africa","LIC","Synthetic - below threshold","rainfed",1.7,"Equivalent_cumulative_yield",NA,NA,NA,NA,NA,NA,NA,NA,1.59764581545637,NA,NA,1.82585775960009,NA,NA,NA,NA,NA,NA,NA,NA,NA,NA,1.63333333333333,NA,NA,NA,NA,NA,NA,NA,"Win-Win"
