"uniqueID","StudyID_IDALL","Authors","Year","Title","Citation","Unit_analysis","Study_design","Case_countries","Continent","Worldbank_national_income_group","Synthetic_fertiliser_category","Water_source","Prov_services_average_percent_transf","Prov_services_average","Yield","Recoded_aspect_of_yield","Freshwater","Fuelwood","Fiber","Biochemicals","Genetic_resources","Nonecon_wellbeing_average_percent_transf","Nonecon_wellbeing_average","Natural_capital","Health","Education","Social_cultural_relations","Food_security","Employment","Justice","Property_rights","Combined_ecological_social_outcome"
1,1,"Abdul Rahman N., Larbi A., Kotu B., Asante M.O., Akakpo D.B., Mellon-Bedi S., Hoeschle-Zeledon I.",2021,"Maize–legume strip cropping effect on productivity, income, and income risk of farmers in northern Ghana","Abdul Rahman, N., Larbi, A., Kotu, B., Asante, M. O., Akakpo, D. B., Mellon-Bedi, S., & Hoeschle-Zeledon, I. (2021). Maize–legume strip cropping effect on productivity, income, and income risk of farmers in northern Ghana. Agronomy Journal, 113(2), 1574-1585. doi:10.1002/agj2.20536","Community","Experiment (on farm)","Ghana","Africa","LMIC","Synthetic - below threshold","rainfed",15,1.15,1.15,"Cumulative grain yield","NA","NA","NA","NA","NA",103,2.03,"2.0299999999999998","NA","NA","NA","Positive","NA","NA","NA","Win-Win"
2,1,"Abdul Rahman N., Larbi A., Kotu B., Asante M.O., Akakpo D.B., Mellon-Bedi S., Hoeschle-Zeledon I.",2021,"Maize–legume strip cropping effect on productivity, income, and income risk of farmers in northern Ghana","Abdul Rahman, N., Larbi, A., Kotu, B., Asante, M. O., Akakpo, D. B., Mellon-Bedi, S., & Hoeschle-Zeledon, I. (2021). Maize–legume strip cropping effect on productivity, income, and income risk of farmers in northern Ghana. Agronomy Journal, 113(2), 1574-1585. doi:10.1002/agj2.20536","Community","Experiment (on farm)","Ghana","Africa","LMIC","Synthetic - below threshold","rainfed",1,1.01,1.01,"Cumulative grain yield","NA","NA","NA","NA","NA",93,1.93,"1.93","NA","NA","NA","Positive","NA","NA","NA","Win-Win"
3,2,"Abu-Bakar M., Ahmad R., Ehsanullah, Zahir Z.A.",2014,"Comparison of barley-based intercropping system for productivity and net economic return","Abu-Bakar, M., Ahmad, R., Ehsanullah, & Zahir, Z. A. (2014). Comparison of barley-based intercropping system for productivity and net economic return. International Journal of Agriculture and Biology, 16(6), 1183-1188.","Plot","Experiment (research station)","Pakistan","Asia","LMIC","Synthetic - below threshold","irrigation",4.9671,1.049671,1.049671,"Non-legume yield only","NA","NA","NA","NA","NA",75,1.75,"1.75","NA","NA","NA","NA","NA","NA","NA","Win-Win"
4,2,"Abu-Bakar M., Ahmad R., Ehsanullah, Zahir Z.A.",2014,"Comparison of barley-based intercropping system for productivity and net economic return","Abu-Bakar, M., Ahmad, R., Ehsanullah, & Zahir, Z. A. (2014). Comparison of barley-based intercropping system for productivity and net economic return. International Journal of Agriculture and Biology, 16(6), 1183-1188.","Plot","Experiment (research station)","Pakistan","Asia","LMIC","Synthetic - below threshold","irrigation",10.952641,1.10952641,1.10952641,"Non-legume yield only","NA","NA","NA","NA","NA",78,1.78,"1.78","NA","NA","NA","NA","NA","NA","NA","Win-Win"
9,12,"Agegnehu G., Ghizaw A., Sinebo W.",2006,"Yield performance and land-use efficiency of barley and faba bean mixed cropping in Ethiopian highlands","Agegnehu, G., Ghizaw, A., & Sinebo, W. (2006). Yield performance and land-use efficiency of barley and faba bean mixed cropping in Ethiopian highlands. European Journal of Agronomy, 25(3), 202-207. doi:10.1016/j.eja.2006.05.002","Plot","Experiment (research station)","Ethiopia","Africa","LIC","Synthetic - below threshold","rainfed",16.59,1.1659,1.1659,"Cumulative grain yield","NA","NA","NA","NA","NA",14.8,1.148,"1.1479999999999999","NA","NA","NA","Positive","NA","NA","NA","Win-Win"
10,785,"Agegnehu, G., Ghizaw, A., & Sinebo, W. (2006, Oct).",2006,"Crop productivity and land-use efficiency of a teff/faba bean mixed cropping system in a tropical highland environment","Agegnehu, G., Ghizaw, A., & Sinebo, W. (2006). Crop productivity and land-use efficiency of a teff/faba bean mixed cropping system in a tropical highland environment. Experimental Agriculture, 42(4), 495-504. doi:10.1017/s0014479706003863","Plot","Experiment (research station)","Ethiopia","Africa","LIC","Synthetic - below threshold","rainfed",15.9054054054054,1.15905405405405,1.15905405405405,"Equivalent yield","NA","NA","NA","NA","NA",24,1.24,"1.24","NA","NA","NA","NA","NA","NA","NA","Win-Win"
12,16,"Akinola A.A., Alene A.D., Adeyemo R., Sanogo D., Olanrewaju A.S.",2009,"Impacts of balanced nutrient management systems technologies in the northern Guinea savanna of Nigeria","Akinola, A. A., Alene, A. D., Adeyemo, R., Sanogo, D., & Olanrewaju, A. S. (2009). Impacts of balanced nutrient management systems technologies in the northern Guinea savanna of Nigeria. Journal of Food, Agriculture and Environment, 7(2), 496-504.","Village","Experiment (on farm)","Nigeria","Africa","LMIC","No synthetic","rainfed",112.261429,2.12261429,2.12261429,"other","NA","NA","NA","NA","NA",23.56,1.2356,"NA","1.2356","NA","NA","Positive","NA","NA","NA","Win-Win"
14,19,"Alemayehu A., Tamado T., Nigussie D., Yigzaw D., Kinde T., Wortmann C.S.",2017,"Maize-common bean intercropping to optimize maize-based crop production","Alemayehu, A., Tamado, T., Nigussie, D., Yigzaw, D., Kinde, T., & Wortmann, C. S. (2017). Maize-common bean intercropping to optimize maize-based crop production. Journal of Agricultural Science, 155(7), 1124-1136. doi:10.1017/S0021859617000193","Plot","Experiment (research station)","Ethiopia","Africa","LIC","Synthetic - below threshold","rainfed",6.01851900000001,1.06018519,1.06018519,"Equivalent yield","NA","NA","NA","NA","NA",18.75,1.1875,"1.1875","NA","NA","NA","NA","NA","NA","NA","Win-Win"
15,784,"Ansari, M. H., Verma, B. K., Ansari, M. A., Mishra, D., Srivastava, A. K., Khan, N., & Saquib, M. (2015, Mar).  [Article]. Indian Journal of Agricultural Sciences, 85(3), 100-104. <Go to ISI>://WOS:000351480400015",2015,"Impact of cropping pattern on growth, yield attributes and system productivity of citronella (Citronella winterianus) - pulses intercropping system in Central India","Ansari, M. H., Verma, B. K., Ansari, M. A., Mishra, D., Srivastava, A. K., Khan, N., & Saquib, M. (2015). Impact of cropping pattern on growth, yield attributes and system productivity of citronella (Citronella winterianus) - pulses intercropping system in Central India. Indian Journal of Agricultural Sciences, 85(3), 100-104.","Plot","Experiment (research station)","India","Asia","LMIC","Synthetic - below threshold","irrigation",-36.6120981265293,0.633879018734707,0.633879018734707,"Equivalent yield","NA","NA","NA","NA","NA",3.16666666666667,1.03166666666667,"1.0316666666666667","NA","NA","NA","NA","NA","NA","NA","Mix-Mix"
32,56,"Banjara T.R., Bohra J.S., Kumar S., Singh T., Shori A., Prajapat K.",2021,"Sustainable alternative crop rotations to the irrigated rice-wheat cropping system of Indo-Gangetic plains of India","Banjara, T. R., Bohra, J. S., Kumar, S., Singh, T., Shori, A., & Prajapat, K. (2021). Sustainable alternative crop rotations to the irrigated rice-wheat cropping system of Indo-Gangetic plains of India. Archives of Agronomy and Soil Science. doi:10.1080/03650340.2021.1912324","Plot","Experiment (research station)","India","Asia","LMIC","Synthetic - below threshold","irrigation",89.49825,1.8949825,1.8949825,"Equivalent yield","NA","NA","NA","NA","NA",47.26776,1.4726776,"Positive","NA","NA","NA","NA","1.4726775999999999","NA","NA","Mix-Win"
33,779,"Bastia, D. K., Behera, S. K., & Panda, M. R. (2021, Dec).",2021,"Impacts of soil fertility management on productivity and economics of rice and fodder intercropping systems under rainfed conditions in Odisha, India","Bastia, D. K., Behera, S. K., & Panda, M. R. (2021). Impacts of soil fertility management on productivity and economics of rice and fodder intercropping systems under rainfed conditions in Odisha, India. Journal of Integrative Agriculture, 20(12), 3114-3126. doi:10.1016/s2095-3119(20)63591-2","Plot","Experiment (research station)","India","Asia","LMIC","Synthetic - below threshold","rainfed",7.33715103793844,1.07337151037938,1.07337151037938,"Equivalent yield","NA","NA","NA","NA","NA",14,1.14,"1.1399999999999999","NA","NA","NA","NA","NA","NA","NA","Mix-Mix"
34,779,"Bastia, D. K., Behera, S. K., & Panda, M. R. (2021, Dec).",2021,"Impacts of soil fertility management on productivity and economics of rice and fodder intercropping systems under rainfed conditions in Odisha, India","Bastia, D. K., Behera, S. K., & Panda, M. R. (2021). Impacts of soil fertility management on productivity and economics of rice and fodder intercropping systems under rainfed conditions in Odisha, India. Journal of Integrative Agriculture, 20(12), 3114-3126. doi:10.1016/s2095-3119(20)63591-2","Plot","Experiment (research station)","India","Asia","LMIC","Synthetic - below threshold","rainfed",5.94130279169649,1.05941302791696,1.05941302791696,"Equivalent yield","NA","NA","NA","NA","NA",13,1.13,"1.1299999999999999","NA","NA","NA","NA","NA","NA","NA","Mix-Mix"
36,61,"Bedoussac L., Journet E.-P., Hauggaard-Nielsen H., Naudin C., Corre-Hellou G., Jensen E.S., Prieur L., Justes E.",2015,"Ecological principles underlying the increase of productivity achieved by cereal-grain legume intercrops in organic farming. A review","Bedoussac, L., Journet, E. P., Hauggaard-Nielsen, H., Naudin, C., Corre-Hellou, G., Jensen, E. S., . . . Justes, E. (2015). Ecological principles underlying the increase of productivity achieved by cereal-grain legume intercrops in organic farming. A review. Agronomy for Sustainable Development, 35(3), 911-935. doi:10.1007/s13593-014-0277-7","Plot","Review","Denmark, France","Europe","HIC","No synthetic","rainfed",22.222222,1.22222222,1.22222222,"Cumulative grain yield","NA","NA","NA","NA","NA",20.132655,1.20132655,"1.27","1.1326531","NA","NA","NA","NA","NA","NA","Win-Win"
37,64,"Belay D., Schulthess F., Omwega C.",2009,"The profitability of maize-haricot bean intercropping techniques to control maize stem borers under low pest densities in Ethiopia","Belay, D., Schulthess, F., & Omwega, C. (2009). The profitability of maize-haricot bean intercropping techniques to control maize stem borers under low pest densities in Ethiopia. Phytoparasitica, 37(1), 43-50. doi:10.1007/s12600-008-0002-7","Plot","Experiment (on farm)","Ethiopia","Africa","LIC","Synthetic - below threshold","rainfed",-1.025,0.98975,0.98975,"Cumulative grain yield","NA","NA","NA","NA","NA",5,1.05,"1.05","NA","NA","NA","NA","NA","NA","NA","Mix-Mix"
38,64,"Belay D., Schulthess F., Omwega C.",2009,"The profitability of maize-haricot bean intercropping techniques to control maize stem borers under low pest densities in Ethiopia","Belay, D., Schulthess, F., & Omwega, C. (2009). The profitability of maize-haricot bean intercropping techniques to control maize stem borers under low pest densities in Ethiopia. Phytoparasitica, 37(1), 43-50. doi:10.1007/s12600-008-0002-7","Plot","Experiment (on farm)","Ethiopia","Africa","LIC","Synthetic - below threshold","rainfed",15.37,1.1537,1.1537,"Cumulative grain yield","NA","NA","NA","NA","NA",22.5,1.225,"1.2250000000000001","NA","NA","NA","NA","NA","NA","NA","Win-Win"
39,64,"Belay D., Schulthess F., Omwega C.",2009,"The profitability of maize-haricot bean intercropping techniques to control maize stem borers under low pest densities in Ethiopia","Belay, D., Schulthess, F., & Omwega, C. (2009). The profitability of maize-haricot bean intercropping techniques to control maize stem borers under low pest densities in Ethiopia. Phytoparasitica, 37(1), 43-50. doi:10.1007/s12600-008-0002-7","Plot","Experiment (on farm)","Ethiopia","Africa","LIC","Synthetic - below threshold","rainfed",7.27,1.0727,1.0727,"Cumulative grain yield","NA","NA","NA","NA","NA",37.5,1.375,"1.375","NA","NA","NA","NA","NA","NA","NA","Mix-Win"
40,778,"Beres, B. L., Lupwayi, N. Z., Larney, F. J., Ellert, B., Smith, E. G., Turkington, T. K., Pageau, D., Semagn, K., & Wang, Z. (2018, Dec).",2018,"Rotational Diversity Effects in a Triticale-based Cropping System","Beres, B. L., Lupwayi, N. Z., Larney, F. J., Ellert, B., Smith, E. G., Turkington, T. K., . . . Wang, Z. (2018). Rotational Diversity Effects in a Triticale-based Cropping System. Cereal Research Communications, 46(4), 717-728. doi:10.1556/0806.46.2018.051","Plot","Experiment (research station)","Canada","North America","HIC","Unknown","irrigation",3.4782608695652,1.03478260869565,1.03478260869565,"Non-legume yield only","NA","NA","NA","NA","NA",3.03983228511531,1.03039832285115,"NA","1.0303983228511531","NA","NA","NA","NA","NA","NA","Win-Win"
41,778,"Beres, B. L., Lupwayi, N. Z., Larney, F. J., Ellert, B., Smith, E. G., Turkington, T. K., Pageau, D., Semagn, K., & Wang, Z. (2018, Dec).",2018,"Rotational Diversity Effects in a Triticale-based Cropping System","Beres, B. L., Lupwayi, N. Z., Larney, F. J., Ellert, B., Smith, E. G., Turkington, T. K., . . . Wang, Z. (2018). Rotational Diversity Effects in a Triticale-based Cropping System. Cereal Research Communications, 46(4), 717-728. doi:10.1556/0806.46.2018.052","Plot","Experiment (research station)","Canada","North America","HIC","Unknown","irrigation",0.579710144927548,1.00579710144928,1.00579710144928,"Non-legume yield only","NA","NA","NA","NA","NA",3.14465408805031,1.0314465408805,"NA","1.0314465408805031","NA","NA","NA","NA","NA","NA","Mix-Win"
45,74,"Bitew Y., Alemayehu G., Adgo E., Assefa A.",2020,"Competition, production efficiency and yield stability of finger millet and legume additive design intercropping","Bitew, Y., Alemayehu, G., Adgo, E., & Assefa, A. (2020). Competition, production efficiency and yield stability of finger millet and legume additive design intercropping. Renewable Agriculture and Food Systems. doi:10.1017/S1742170520000101","Plot","Experiment (on farm)","Ethiopia","Africa","LIC","Synthetic - below threshold","rainfed",57.4,1.574,1.574,"Cumulative grain yield","NA","NA","NA","NA","NA",21,1.21,"1.21","NA","NA","NA","Positive","NA","NA","NA","Win-Win"
46,776,"Bitew, Y., Alemayehu, G., Adego, E., & Assefa, A. (2019, Dec).",2019,"Boosting land use efficiency, profitability and productivity of finger millet by intercropping with grain legumes","Bitew, Y., Alemayehu, G., Adego, E., & Assefa, A. (2019). Boosting land use efficiency, profitability and productivity of finger millet by intercropping with grain legumes. Cogent Food & Agriculture, 5(1), 22. doi:10.1080/23311932.2019.1702826","Plot","Experiment (on farm)","Ethiopia","Affrica","LIC","Synthetic - below threshold","rainfed",10.3073646,1.103073646,1.103073646,"Cumulative grain yield","NA","NA","NA","NA","NA",53.3333333,1.533333333,"1.5333333330000001","NA","NA","NA","NA","NA","NA","NA","Win-Win"
47,776,"Bitew, Y., Alemayehu, G., Adego, E., & Assefa, A. (2019, Dec).",2019,"Boosting land use efficiency, profitability and productivity of finger millet by intercropping with grain legumes","Bitew, Y., Alemayehu, G., Adego, E., & Assefa, A. (2019). Boosting land use efficiency, profitability and productivity of finger millet by intercropping with grain legumes. Cogent Food & Agriculture, 5(1), 22. doi:10.1080/23311932.2019.1702826","Plot","Experiment (on farm)","Ethiopia","Affrica","LIC","Synthetic - below threshold","rainfed",22.8667072,1.228667072,1.228667072,"Cumulative grain yield","NA","NA","NA","NA","NA",6.16666669999999,1.061666667,"1.0616666669999999","NA","NA","NA","NA","NA","NA","NA","Win-Win"
49,97,"Chapagain T., Pudasaini R., Ghimire B., Gurung K., Choi K., Rai L., Magar S., BK B., Raizada M.N.",2018,"Intercropping of maize, millet, mustard, wheat and ginger increased land productivity and potential economic returns for smallholder terrace farmers in Nepal","Chapagain, T., Pudasaini, R., Ghimire, B., Gurung, K., Choi, K., Rai, L., . . . Raizada, M. N. (2018). Intercropping of maize, millet, mustard, wheat and ginger increased land productivity and potential economic returns for smallholder terrace farmers in Nepal. Field Crops Research, 227, 91-101. doi:10.1016/j.fcr.2018.07.016","Village","Experiment (on farm)","Nepal","Asia","LMIC","Synthetic - below threshold","rainfed",21.022727,1.21022727,1.21022727,"Cumulative grain yield","NA","NA","NA","NA","NA",58,1.58,"1.58","NA","NA","NA","NA","NA","NA","NA","Win-Win"
50,97,"Chapagain T., Pudasaini R., Ghimire B., Gurung K., Choi K., Rai L., Magar S., BK B., Raizada M.N.",2018,"Intercropping of maize, millet, mustard, wheat and ginger increased land productivity and potential economic returns for smallholder terrace farmers in Nepal","Chapagain, T., Pudasaini, R., Ghimire, B., Gurung, K., Choi, K., Rai, L., . . . Raizada, M. N. (2018). Intercropping of maize, millet, mustard, wheat and ginger increased land productivity and potential economic returns for smallholder terrace farmers in Nepal. Field Crops Research, 227, 91-101. doi:10.1016/j.fcr.2018.07.016","Village","Experiment (on farm)","Nepal","Asia","LMIC","Synthetic - below threshold","rainfed",25.568182,1.25568182,1.25568182,"Cumulative grain yield","NA","NA","NA","NA","NA",40,1.4,"1.4","NA","NA","NA","NA","NA","NA","NA","Win-Win"
51,97,"Chapagain T., Pudasaini R., Ghimire B., Gurung K., Choi K., Rai L., Magar S., BK B., Raizada M.N.",2018,"Intercropping of maize, millet, mustard, wheat and ginger increased land productivity and potential economic returns for smallholder terrace farmers in Nepal","Chapagain, T., Pudasaini, R., Ghimire, B., Gurung, K., Choi, K., Rai, L., . . . Raizada, M. N. (2018). Intercropping of maize, millet, mustard, wheat and ginger increased land productivity and potential economic returns for smallholder terrace farmers in Nepal. Field Crops Research, 227, 91-101. doi:10.1016/j.fcr.2018.07.016","Village","Experiment (on farm)","Nepal","Asia","LMIC","Synthetic - below threshold","rainfed",30.487805,1.30487805,1.30487805,"Cumulative grain yield","NA","NA","NA","NA","NA",36,1.36,"1.36","NA","NA","NA","NA","NA","NA","NA","Win-Win"
52,97,"Chapagain T., Pudasaini R., Ghimire B., Gurung K., Choi K., Rai L., Magar S., BK B., Raizada M.N.",2018,"Intercropping of maize, millet, mustard, wheat and ginger increased land productivity and potential economic returns for smallholder terrace farmers in Nepal","Chapagain, T., Pudasaini, R., Ghimire, B., Gurung, K., Choi, K., Rai, L., . . . Raizada, M. N. (2018). Intercropping of maize, millet, mustard, wheat and ginger increased land productivity and potential economic returns for smallholder terrace farmers in Nepal. Field Crops Research, 227, 91-101. doi:10.1016/j.fcr.2018.07.016","Village","Experiment (on farm)","Nepal","Asia","LMIC","Synthetic - below threshold","rainfed",16,1.16,1.16,"Cumulative grain yield","NA","NA","NA","NA","NA",31,1.31,"1.31","NA","NA","NA","NA","NA","NA","NA","Win-Win"
53,99,"Chauhan D.S., Sharma R.K., Kharub A.S., Tripathi S.C., Chhokar R.S.",2001,"Effect of crop intensification on productivity, profitability, energetics and soil fertility in rice (Oryza sativa)-wheat (Triticum aestivum) cropping system of north-western plains","Chauhan, D. S., Sharma, R. K., Kharub, A. S., Tripathi, S. C., & Chhokar, R. S. (2001). Effect of crop intensification on productivity, profitability, energetics and soil fertility in rice (Oryza sativa)-wheat (Triticum aestivum) cropping system of north-western plains. Indian Journal of Agricultural Sciences, 71(5), 299-302.","Plot","Experiment (research station)","India","Asia","LMIC","No synthetic","irrigation",41.898527,1.41898527,1.41898527,"Equivalent yield","NA","NA","NA","NA","NA",3.7741,1.037741,"1.037741","NA","NA","NA","NA","NA","NA","NA","Win-Mix"
54,99,"Chauhan D.S., Sharma R.K., Kharub A.S., Tripathi S.C., Chhokar R.S.",2001,"Effect of crop intensification on productivity, profitability, energetics and soil fertility in rice (Oryza sativa)-wheat (Triticum aestivum) cropping system of north-western plains","Chauhan, D. S., Sharma, R. K., Kharub, A. S., Tripathi, S. C., & Chhokar, R. S. (2001). Effect of crop intensification on productivity, profitability, energetics and soil fertility in rice (Oryza sativa)-wheat (Triticum aestivum) cropping system of north-western plains. Indian Journal of Agricultural Sciences, 71(5), 299-302.","Plot","Experiment (research station)","India","Asia","LMIC","No synthetic","irrigation",8.91980400000001,1.08919804,1.08919804,"Equivalent yield","NA","NA","NA","NA","NA",28.30579,1.2830579,"1.2830579","NA","NA","NA","NA","NA","NA","NA","Mix-Mix"
58,105,"Choudhary V.K., Kumar P.S.",2016,"Productivity, Water Use and Energy Profitability of Staggered Maize–Legume Intercropping in the Eastern Himalayan Region of India","Choudhary, V. K., & Kumar, P. S. (2016). Productivity, Water Use and Energy Profitability of Staggered Maize–Legume Intercropping in the Eastern Himalayan Region of India. Proceedings of the National Academy of Sciences India Section B - Biological Sciences, 86(3), 547-557. doi:10.1007/s40011-014-0476-7","Plot","Experiment (research station)","India","Asia","LMIC","Unknown","rainfed",29.221689,1.29221689,1.29221689,"Equivalent yield","NA","NA","NA","NA","NA",27.42616,1.2742616,"1.2742616","NA","NA","NA","NA","NA","NA","NA","Mix-Mix"
59,105,"Choudhary V.K., Kumar P.S.",2016,"Productivity, Water Use and Energy Profitability of Staggered Maize–Legume Intercropping in the Eastern Himalayan Region of India","Choudhary, V. K., & Kumar, P. S. (2016). Productivity, Water Use and Energy Profitability of Staggered Maize–Legume Intercropping in the Eastern Himalayan Region of India. Proceedings of the National Academy of Sciences India Section B - Biological Sciences, 86(3), 547-557. doi:10.1007/s40011-014-0476-7","Plot","Experiment (research station)","India","Asia","LMIC","Unknown","rainfed",38.057723,1.38057723,1.38057723,"Equivalent yield","NA","NA","NA","NA","NA",37.69339,1.3769339,"1.3769339","NA","NA","NA","NA","NA","NA","NA","Mix-Mix"
60,106,"Choudhary V.K., Kumar P.S.",2013,"Crop and water productivity, profitability and energy consumption pattern of a maize-based crop sequence in the North Eastern Himalayan Region, India","Choudhary, V. K., & Kumar, P. S. (2013). Crop and water productivity, profitability and energy consumption pattern of a maize-based crop sequence in the North Eastern Himalayan Region, India. Archives of Agronomy and Soil Science, 59(5), 653-669. doi:10.1080/03650340.2012.665992","Plot","Experiment (research station)","India","Asia","LMIC","Synthetic - below threshold","rainfed",36.995358,1.36995358,1.68656716,"Equivalent yield","1.0533399999999999","NA","NA","NA","NA",71.45811,1.7145811,"1.7621621999999999","NA","NA","NA","NA","1.667","NA","NA","Win-Mix"
61,106,"Choudhary V.K., Kumar P.S.",2013,"Crop and water productivity, profitability and energy consumption pattern of a maize-based crop sequence in the North Eastern Himalayan Region, India","Choudhary, V. K., & Kumar, P. S. (2013). Crop and water productivity, profitability and energy consumption pattern of a maize-based crop sequence in the North Eastern Himalayan Region, India. Archives of Agronomy and Soil Science, 59(5), 653-669. doi:10.1080/03650340.2012.665992","Plot","Experiment (research station)","India","Asia","LMIC","Synthetic - below threshold","rainfed",47.6580225,1.476580225,1.91791045,"Equivalent yield","1.03525","NA","NA","NA","NA",82.56757,1.8256757,"1.7513513999999999","NA","NA","NA","NA","1.9","NA","NA","Win-Mix"
62,106,"Choudhary V.K., Kumar P.S.",2013,"Crop and water productivity, profitability and energy consumption pattern of a maize-based crop sequence in the North Eastern Himalayan Region, India","Choudhary, V. K., & Kumar, P. S. (2013). Crop and water productivity, profitability and energy consumption pattern of a maize-based crop sequence in the North Eastern Himalayan Region, India. Archives of Agronomy and Soil Science, 59(5), 653-669. doi:10.1080/03650340.2012.665992","Plot","Experiment (research station)","India","Asia","LMIC","Synthetic - below threshold","rainfed",42.8466045,1.428466045,1.78358209,"Equivalent yield","1.07335","NA","NA","NA","NA",81.10946,1.8110946,"1.8891891999999999","NA","NA","NA","NA","1.7330000000000001","NA","NA","Win-Mix"
63,107,"Choudhary V.K., Kumar P.S., Sarkar S.K., Yadav J.S.",2013,"Production potential, economic analysis and energy auditing for maize (Zea mays)-vegetable based cropping systems in Eastern Himalayan Region, Arunachal Pradesh","Choudhary, V. K., Kumar, P. S., Sarkar, S. K., & Yadav, J. S. (2013). Production potential, economic analysis and energy auditing for maize (Zea mays)-vegetable based cropping systems in Eastern Himalayan Region, Arunachal Pradesh. Indian Journal of Agricultural Sciences, 83(1), 110-115.","Plot","Experiment (research station)","India","Asia","LMIC","Synthetic - below threshold","rainfed",329.954955,4.29954955,4.29954955,"Equivalent yield","NA","NA","NA","NA","NA",100.501285,2.00501285,"1.8100257","NA","NA","NA","NA","2.2000000000000002","NA","NA","Win-Mix"
64,107,"Choudhary V.K., Kumar P.S., Sarkar S.K., Yadav J.S.",2013,"Production potential, economic analysis and energy auditing for maize (Zea mays)-vegetable based cropping systems in Eastern Himalayan Region, Arunachal Pradesh","Choudhary, V. K., Kumar, P. S., Sarkar, S. K., & Yadav, J. S. (2013). Production potential, economic analysis and energy auditing for maize (Zea mays)-vegetable based cropping systems in Eastern Himalayan Region, Arunachal Pradesh. Indian Journal of Agricultural Sciences, 83(1), 110-115.","Plot","Experiment (research station)","India","Asia","LMIC","Synthetic - below threshold","rainfed",179.504505,2.79504505,2.79504505,"Equivalent yield","NA","NA","NA","NA","NA",94.51157,1.9451157,"1.6902314000000001","NA","NA","NA","NA","2.2000000000000002","NA","NA","Mix-Mix"
66,770,"Cox, H. W., Kelly, R. M., & Strong, W. M. (2010).",2010,"Pulse crops in rotation with cereals can be a profitable alternative to nitrogen fertiliser in central Queensland","Cox, H. W., Kelly, R. M., & Strong, W. M. (2010). Pulse crops in rotation with cereals can be a profitable alternative to nitrogen fertiliser in central Queensland. Crop & Pasture Science, 61(9), 752-762. doi:10.1071/cp09352","Plot","Experiment (research station)","Australia","Oceania","HIC","Synthetic - below threshold","rainfed",74.489183388267,1.74489183388267,1.74489183388267,"Cumulative grain yield",NA,"NA","NA","NA","NA",2.28901922450309,1.02289019224503,"NA","1.0228901922450309","NA","NA","NA","NA","NA","NA","Win-Win"
67,770,"Cox, H. W., Kelly, R. M., & Strong, W. M. (2010).",2010,"Pulse crops in rotation with cereals can be a profitable alternative to nitrogen fertiliser in central Queensland","Cox, H. W., Kelly, R. M., & Strong, W. M. (2010). Pulse crops in rotation with cereals can be a profitable alternative to nitrogen fertiliser in central Queensland. Crop & Pasture Science, 61(9), 752-762. doi:10.1071/cp09353","Plot","Experiment (research station)","Australia","Oceania","HIC","Synthetic - below threshold","rainfed",5.38303820391379,1.05383038203914,1.05383038203914,"Cumulative grain yield",NA,"NA","NA","NA","NA",3.50815752136555,1.03508157521366,"NA","1.0350815752136555","NA","NA","NA","NA","NA","NA","Win-Win"
68,770,"Cox, H. W., Kelly, R. M., & Strong, W. M. (2010).",2010,"Pulse crops in rotation with cereals can be a profitable alternative to nitrogen fertiliser in central Queensland","Cox, H. W., Kelly, R. M., & Strong, W. M. (2010). Pulse crops in rotation with cereals can be a profitable alternative to nitrogen fertiliser in central Queensland. Crop & Pasture Science, 61(9), 752-762. doi:10.1071/cp09354","Plot","Experiment (research station)","Australia","Oceania","HIC","Synthetic - below threshold","rainfed",20.1162202358136,1.20116220235814,1.20116220235814,"Cumulative grain yield",NA,"NA","NA","NA","NA",30.9981684981685,1.30998168498168,"NA","1.309981684981685","NA","NA","NA","NA","NA","NA","Win-Win"
69,770,"Cox, H. W., Kelly, R. M., & Strong, W. M. (2010).",2010,"Pulse crops in rotation with cereals can be a profitable alternative to nitrogen fertiliser in central Queensland","Cox, H. W., Kelly, R. M., & Strong, W. M. (2010). Pulse crops in rotation with cereals can be a profitable alternative to nitrogen fertiliser in central Queensland. Crop & Pasture Science, 61(9), 752-762. doi:10.1071/cp09355","Plot","Experiment (research station)","Australia","Oceania","HIC","Synthetic - below threshold","rainfed",20.5106484107879,1.20510648410788,1.20510648410788,"Cumulative grain yield",NA,"NA","NA","NA","NA",27.8388278388278,1.27838827838828,"NA","1.2783882783882783","NA","NA","NA","NA","NA","NA","Win-Win"
70,118,"da Silva J.N., Neto F.B., de Lima J.S.S., Chaves A.P., Nunes R.L.C., Rodrigues G.S.O., Lino V.A.D.S., de Sá J.M., Dos Santos E.C.",2020,"Sustainability of carrot-cowpea intercropping systems through optimization of green manuring and spatial arrangements [Sustentabilidade de sistemas consorciados de cenoura e feijão-caupi por meio da otimização da adubação verde e arranjos espaciais]","da Silva, J. N., Neto, F. B., de Lima, J. S. S., Chaves, A. P., Nunes, R. L. C., Rodrigues, G. S. O., . . . Dos Santos, E. C. (2020). Sustainability of carrot-cowpea intercropping systems through optimization of green manuring and spatial arrangements. Ciencia Rural, 51(1), 1-13. doi:10.1590/0103-8478cr20190838","Plot","Experiment (on farm)","Brazil","South America","UMIC","No synthetic","irrigation",58.5,1.585,1.585,"Cumulative grain yield","NA","NA","NA","NA","NA",71.16667,1.7116667,"1.7116667000000001","NA","NA","NA","NA","NA","NA","NA","Win-Win"
78,154,"Dwivedi A., Singh A., Tomar S.S., Bankoti P., Singh O., Kumar K.",2016,"Interaction effect of maize and mashbean intercropping on sustainable production system in subtropical Zone of India","Dwivedi, A., Singh, A., Tomar, S. S., Bankoti, P., Singh, O., & Kumar, K. (2016). Interaction effect of maize and mashbean intercropping on sustainable production system in subtropical Zone of India. Nature Environment and Pollution Technology, 15(2), 661-665.","Plot","Experiment (research station)","India","Asia","LMIC","Synthetic - below threshold","irrigation",5.39845800000001,1.05398458,1.05398458,"Non-legume yield only","NA","NA","NA","NA","NA",0,1,"NA","1","NA","NA","NA","NA","NA","NA","Mix-Mix"
81,767,"Falconnier, G. N., Descheemaeker, K., Van Mourik, T. A., & Giller, K. E. (2016, Feb).",2016,"Unravelling the causes of variability in crop yields and treatment responses for better tailoring of options for sustainable intensification in southern Mali","Falconnier, G. N., Descheemaeker, K., Van Mourik, T. A., & Giller, K. E. (2016). Unravelling the causes of variability in crop yields and treatment responses for better tailoring of options for sustainable intensification in southern Mali. Field Crops Research, 187, 113-126. doi:10.1016/j.fcr.2015.12.015","Farm","Experiment (on farm)","Mali","Africa","LIC","Synthetic - below threshold","rainfed",-19.84375,0.8015625,0.8015625,"Cumulative grain yield",NA,"NA","NA","NA","NA",4.25,1.0425,"1.0425","NA","NA","NA","NA","NA","NA","NA","Lose-Win"
82,767,"Falconnier, G. N., Descheemaeker, K., Van Mourik, T. A., & Giller, K. E. (2016, Feb).",2016,"Unravelling the causes of variability in crop yields and treatment responses for better tailoring of options for sustainable intensification in southern Mali","Falconnier, G. N., Descheemaeker, K., Van Mourik, T. A., & Giller, K. E. (2016). Unravelling the causes of variability in crop yields and treatment responses for better tailoring of options for sustainable intensification in southern Mali. Field Crops Research, 187, 113-126. doi:10.1016/j.fcr.2015.12.016","Farm","Experiment (on farm)","Mali","Africa","LIC","No synthetic","rainfed",28.7063953488372,1.28706395348837,1.28706395348837,"Cumulative grain yield",NA,"NA","NA","NA","NA",-16.55,0.8345,"0.83450000000000002","NA","NA","NA","NA","NA","NA","NA","Win-Lose"
83,768,"Falconnier, G. N., Descheemaeker, K., Van Mourik, T. A., Adam, M., Sogoba, B., & Giller, K. E. (2017, Sep).",2017,"Co-learning cycles to support the design of innovative farm systems in southern Mali","Falconnier, G. N., Descheemaeker, K., Van Mourik, T. A., Adam, M., Sogoba, B., & Giller, K. E. (2017). Co-learning cycles to support the design of innovative farm systems in southern Mali. European Journal of Agronomy, 89, 61-74. doi:10.1016/j.eja.2017.06.008","Farm","Participatory Action Research","Mali","Africa","LIC","Synthetic - below threshold","rainfed",-19.84375,0.8015625,0.8015625,"Cumulative grain yield",NA,"NA","NA","NA","NA",4.25,1.0425,"1.0425","NA","NA","NA","NA","NA","NA","NA","Lose-Mix"
84,768,"Falconnier, G. N., Descheemaeker, K., Van Mourik, T. A., Adam, M., Sogoba, B., & Giller, K. E. (2017, Sep).",2017,"Co-learning cycles to support the design of innovative farm systems in southern Mali","Falconnier, G. N., Descheemaeker, K., Van Mourik, T. A., Adam, M., Sogoba, B., & Giller, K. E. (2017). Co-learning cycles to support the design of innovative farm systems in southern Mali. European Journal of Agronomy, 89, 61-74. doi:10.1016/j.eja.2017.06.009","Farm","Participatory Action Research","Mali","Africa","LIC","No synthetic","rainfed",28.7063953488372,1.28706395348837,1.28706395348837,"Cumulative grain yield",NA,"NA","NA","NA","NA",-16.55,0.8345,"0.83450000000000002","NA","NA","NA","NA","NA","NA","NA","Win-Lose"
86,176,"Feng L., Raza M.A., Chen Y., Khalid M.H.B., Meraj T.A., Ahsan F., Fan Y., Du J., Wu X., Song C., Liu C., Bawa G., Zhang Z., Yuan S., Yang F., Yang W.",2019,"Narrow-wide row planting pattern improves the light environment and seed yields of intercrop species in relay intercropping system","Feng, L., Raza, M. A., Chen, Y., Khalid, M. H. B., Meraj, T. A., Ahsan, F., . . . Yang, W. (2019). Narrow-wide row planting pattern improves the light environment and seed yields of intercrop species in relay intercropping system. PLoS ONE, 14(2). doi:10.1371/journal.pone.0212885","Plot","Experiment (research station)","China","Asia","UMIC","Synthetic - below threshold","irrigation",9.67,1.0967,1.0967,"Cumulative grain yield","NA","NA","NA","NA","NA",50.5,1.505,"1.5049999999999999","NA","NA","NA","NA","NA","NA","NA","Mix-Mix"
90,195,"Ghosh P.K., Hazra K.K., Venkatesh M.S., Praharaj C.S., Kumar N., Nath C.P., Singh U., Singh S.S.",2020,"Grain legume inclusion in cereal-cereal rotation increased base crop productivity in the long run","Ghosh, P. K., Hazra, K. K., Venkatesh, M. S., Praharaj, C. S., Kumar, N., Nath, C. P., . . . Singh, S. S. (2020). Grain legume inclusion in cereal-cereal rotation increased base crop productivity in the long run. Experimental Agriculture, 56(1), 142-158. doi:10.1017/s0014479719000243","Plot","Experiment (research station)","India","Asia","LMIC","Synthetic - below threshold","irrigation",79,1.79,1.79,"Equivalent yield","NA","NA","NA","NA","NA",0,1,"NA","NA","NA","NA","1","NA","NA","NA","Win-Mix"
92,195,"Ghosh P.K., Hazra K.K., Venkatesh M.S., Praharaj C.S., Kumar N., Nath C.P., Singh U., Singh S.S.",2020,"Grain legume inclusion in cereal-cereal rotation increased base crop productivity in the long run","Ghosh, P. K., Hazra, K. K., Venkatesh, M. S., Praharaj, C. S., Kumar, N., Nath, C. P., . . . Singh, S. S. (2020). Grain legume inclusion in cereal-cereal rotation increased base crop productivity in the long run. Experimental Agriculture, 56(1), 142-158. doi:10.1017/s0014479719000243","Plot","Experiment (research station)","India","Asia","LMIC","Synthetic - below threshold","irrigation",12.5,1.125,1.125,"Equivalent yield","NA","NA","NA","NA","NA",0,1,"NA","NA","NA","NA","1","NA","NA","NA","Win-Mix"
96,198,"Gitari H.I., Nyawade S.O., Kamau S., Karanja N.N., Gachene C.K.K., Raza M.A., Maitra S., Schulte-Geldermann E.",2020,"Revisiting intercropping indices with respect to potato-legume intercropping systems","Gitari, H. I., Nyawade, S. O., Kamau, S., Karanja, N. N., Gachene, C. K. K., Raza, M. A., . . . Schulte-Geldermann, E. (2020). Revisiting intercropping indices with respect to potato-legume intercropping systems. Field Crops Research, 258. doi:10.1016/j.fcr.2020.107957","Plot","Experiment (research station)","Kenya","Africa","LMIC","Synthetic - below threshold","rainfed",3.23800000000001,1.03238,1.03238,"Equivalent yield","NA","NA","NA","NA","NA",28,1.28,"1.28","NA","NA","NA","NA","NA","NA","NA","Win-Win"
97,198,"Gitari H.I., Nyawade S.O., Kamau S., Karanja N.N., Gachene C.K.K., Raza M.A., Maitra S., Schulte-Geldermann E.",2020,"Revisiting intercropping indices with respect to potato-legume intercropping systems","Gitari, H. I., Nyawade, S. O., Kamau, S., Karanja, N. N., Gachene, C. K. K., Raza, M. A., . . . Schulte-Geldermann, E. (2020). Revisiting intercropping indices with respect to potato-legume intercropping systems. Field Crops Research, 258. doi:10.1016/j.fcr.2020.107957","Plot","Experiment (research station)","Kenya","Africa","LMIC","Synthetic - below threshold","rainfed",0.0969999999999915,1.00097,1.00097,"Equivalent yield","NA","NA","NA","NA","NA",25.5,1.255,"1.2549999999999999","NA","NA","NA","NA","NA","NA","NA","Win-Mix"
103,214,"Guvenc I., Yildirim E.",2006,"Increasing productivity with intercropping systems in cabbage production","Guvenc, I., & Yildirim, E. (2006). Increasing productivity with intercropping systems in cabbage production. Journal of Sustainable Agriculture, 28(4), 29-44. doi:10.1300/J064v28n04_04","Plot","Experiment (research station)","Turkey","Europe","UMIC","Synthetic - below threshold","irrigation",19.721386,1.19721386,1.19721386,"Non-legume yield only","NA","NA","NA","NA","NA",27.33333,1.2733333,"1.2733333","NA","NA","NA","NA","NA","NA","NA","Win-Win"
104,766,"Guvenc, I., & Yildirim, E. (2005, Dec).",2005,"Intercropping with eggplant for proper utilisation of interspace under greenhouse conditions","Guvenc, I., & Yildirim, E. (2005). Intercropping with eggplant for proper utilisation of interspace under greenhouse conditions. European Journal of Horticultural Science, 70(6), 300-302.","Plot","Experiment (research station)","Turkey","Asia","UMIC","Synthetic - below threshold","irrigation",-6.35276844468962,0.936472315553104,0.936472315553104,"Non-legume yield only","NA","NA","NA","NA","NA",13,1.13,"1.1299999999999999","NA","NA","NA","NA","NA","NA","NA","Lose-Win"
106,220,"Harsono A., Elisabeth D.A.A., Muzaiyanah S., Rianto S.A.",2020,"Soybean-maize intercropping feasibility under drought-prone area in East Java, Indonesia","Harsono, A., Elisabeth, D. A. A., Muzaiyanah, S., & Rianto, S. A. (2020). Soybean-maize intercropping feasibility under drought-prone area in East Java, Indonesia. Biodiversitas, 21(8), 3744-3754. doi:10.13057/biodiv/d210842","Plot","Experiment (on farm)","Indonesia","Asia","LMIC","Synthetic - above threshold","rainfed",34.505588,1.34505588,1.34505588,"Cumulative grain yield","NA","NA","NA","NA","NA",59,1.59,"1.59","NA","NA","NA","Positive","NA","NA","NA","Win-Mix"
107,220,"Harsono A., Elisabeth D.A.A., Muzaiyanah S., Rianto S.A.",2020,"Soybean-maize intercropping feasibility under drought-prone area in East Java, Indonesia","Harsono, A., Elisabeth, D. A. A., Muzaiyanah, S., & Rianto, S. A. (2020). Soybean-maize intercropping feasibility under drought-prone area in East Java, Indonesia. Biodiversitas, 21(8), 3744-3754. doi:10.13057/biodiv/d210842","Plot","Experiment (on farm)","Indonesia","Asia","LMIC","Synthetic - above threshold","irrigation",7.47249400000001,1.07472494,1.07472494,"Cumulative grain yield","NA","NA","NA","NA","NA",40,1.4,"1.4","NA","NA","NA","Positive","NA","NA","NA","Win-Mix"
108,765,"Harsono, A., & Pratiwi, H. (2017, May).",2017,"The increase of Ultisol productivity based on intercropping cassava with peanut and soybean","Harsono, A., & Pratiwi, H. (2017). The increase of Ultisol productivity based on intercropping cassava with peanut and soybean. Nusantara Bioscience, 9(2), 157-163. doi:10.13057/nusbiosci/n090209","Plot","Experiment (research station)","Indonesia","Asia","LMIC","Synthetic - above threshold","rainfed",124.255474086586,2.24255474086586,2.24255474086586,"Cumulative grain yield","NA","NA","NA","NA","NA",140.75,2.4075,"2.4074999999999998","NA","NA","NA","NA","NA","NA","NA","Win-Mix"
111,762,"Isaacs KB, Snapp SS, Chung K, Waldman KB.",2016,"Assessing the value of diverse cropping systems under a new agricultural policy environment in Rwanda.","Isaacs, K. B., Snapp, S. S., Chung, K., & Waldman, K. B. (2016). Assessing the value of diverse cropping systems under a new agricultural policy environment in Rwanda. Food Security, 8(3), 491-506. doi:10.1007/s12571-016-0582-x","Plot","Experiment (research station)","Rwanda","Africa","LIC","Synthetic - below threshold","rainfed",-1.74005681818182,0.982599431818182,0.982599431818182,"Cumulative grain yield","NA","NA","NA","NA","NA",50.9463087248322,1.50946308724832,"1.58","1.4389261744966444","NA","NA","NA","NA","NA","NA","Lose-Win"
112,762,"Isaacs KB, Snapp SS, Chung K, Waldman KB.",2016,"Assessing the value of diverse cropping systems under a new agricultural policy environment in Rwanda.","Isaacs, K. B., Snapp, S. S., Chung, K., & Waldman, K. B. (2016). Assessing the value of diverse cropping systems under a new agricultural policy environment in Rwanda. Food Security, 8(3), 491-506. doi:10.1007/s12571-016-0582-x","Plot","Experiment (research station)","Rwanda","Africa","LIC","Synthetic - below threshold","rainfed",46.25,1.4625,1.4625,"Cumulative grain yield","NA","NA","NA","NA","NA",18.9561403508772,1.18956140350877,"0.92999999999999994","1.4491228070175439","NA","NA","NA","NA","NA","NA","Win-Mix"
113,251,"Islami T., Guritno B., Utomo W.H.",2011,"Performance of cassava (Manihot esculenta Crantz) based cropping systems and associated soil quality changes in the degraded tropical uplands of East Java, Indonesia","Islami, T., Guritno, B., & Utomo, W. H. (2011). Performance of cassava (Manihot esculenta Crantz) based cropping systems and associated soil quality changes in the degraded tropical uplands of East Java, Indonesia. Journal of Tropical Agriculture, 49, 31-39.","Plot","Experiment (on farm)","Indonesia","Asia","LMIC","Synthetic - below threshold","irrigation",-8.5858585858586,0.914141414141414,0.914141414141414,"Cumulative grain yield","NA","NA","NA","NA","NA",30,1.3,"1.6","NA","NA","NA","NA","1","NA","NA","Mix-Mix"
114,251,"Islami T., Guritno B., Utomo W.H.",2011,"Performance of cassava (Manihot esculenta Crantz) based cropping systems and associated soil quality changes in the degraded tropical uplands of East Java, Indonesia","Islami, T., Guritno, B., & Utomo, W. H. (2011). Performance of cassava (Manihot esculenta Crantz) based cropping systems and associated soil quality changes in the degraded tropical uplands of East Java, Indonesia. Journal of Tropical Agriculture, 49, 31-39.","Plot","Experiment (on farm)","Indonesia","Asia","LMIC","Synthetic - below threshold","irrigation",-15.6565656565657,0.843434343434343,0.843434343434343,"Cumulative grain yield","NA","NA","NA","NA","NA",22.5,1.225,"1.45","NA","NA","NA","NA","1","NA","NA","Mix-Mix"
115,251,"Islami T., Guritno B., Utomo W.H.",2011,"Performance of cassava (Manihot esculenta Crantz) based cropping systems and associated soil quality changes in the degraded tropical uplands of East Java, Indonesia","Islami, T., Guritno, B., & Utomo, W. H. (2011). Performance of cassava (Manihot esculenta Crantz) based cropping systems and associated soil quality changes in the degraded tropical uplands of East Java, Indonesia. Journal of Tropical Agriculture, 49, 31-39.","Plot","Experiment (on farm)","Indonesia","Asia","LMIC","Synthetic - below threshold","irrigation",-15.1515151515151,0.848484848484849,0.848484848484849,"Cumulative grain yield","NA","NA","NA","NA","NA",29.5,1.295,"1.59","NA","NA","NA","NA","1","NA","NA","Mix-Mix"
116,251,"Islami T., Guritno B., Utomo W.H.",2011,"Performance of cassava (Manihot esculenta Crantz) based cropping systems and associated soil quality changes in the degraded tropical uplands of East Java, Indonesia","Islami, T., Guritno, B., & Utomo, W. H. (2011). Performance of cassava (Manihot esculenta Crantz) based cropping systems and associated soil quality changes in the degraded tropical uplands of East Java, Indonesia. Journal of Tropical Agriculture, 49, 31-39.","Plot","Experiment (on farm)","Indonesia","Asia","LMIC","Synthetic - below threshold","irrigation",-15.6565656565657,0.843434343434343,0.843434343434343,"Cumulative grain yield","NA","NA","NA","NA","NA",25,1.25,"1.5","NA","NA","NA","NA","1","NA","NA","Mix-Mix"
117,251,"Islami T., Guritno B., Utomo W.H.",2011,"Performance of cassava (Manihot esculenta Crantz) based cropping systems and associated soil quality changes in the degraded tropical uplands of East Java, Indonesia","Islami, T., Guritno, B., & Utomo, W. H. (2011). Performance of cassava (Manihot esculenta Crantz) based cropping systems and associated soil quality changes in the degraded tropical uplands of East Java, Indonesia. Journal of Tropical Agriculture, 49, 31-39.","Plot","Experiment (on farm)","Indonesia","Asia","LMIC","Synthetic - below threshold","irrigation",13.3333333333333,1.13333333333333,1.13333333333333,"Cumulative grain yield","NA","NA","NA","NA","NA",19,1.19,"1.38","NA","NA","NA","NA","1","NA","NA","Win-Mix"
118,251,"Islami T., Guritno B., Utomo W.H.",2011,"Performance of cassava (Manihot esculenta Crantz) based cropping systems and associated soil quality changes in the degraded tropical uplands of East Java, Indonesia","Islami, T., Guritno, B., & Utomo, W. H. (2011). Performance of cassava (Manihot esculenta Crantz) based cropping systems and associated soil quality changes in the degraded tropical uplands of East Java, Indonesia. Journal of Tropical Agriculture, 49, 31-39.","Plot","Experiment (on farm)","Indonesia","Asia","LMIC","Synthetic - below threshold","irrigation",9.16666666666668,1.09166666666667,1.09166666666667,"Cumulative grain yield","NA","NA","NA","NA","NA",22,1.22,"1.44","NA","NA","NA","NA","1","NA","NA","Mix-Mix"
119,251,"Islami T., Guritno B., Utomo W.H.",2011,"Performance of cassava (Manihot esculenta Crantz) based cropping systems and associated soil quality changes in the degraded tropical uplands of East Java, Indonesia","Islami, T., Guritno, B., & Utomo, W. H. (2011). Performance of cassava (Manihot esculenta Crantz) based cropping systems and associated soil quality changes in the degraded tropical uplands of East Java, Indonesia. Journal of Tropical Agriculture, 49, 31-39.","Plot","Experiment (on farm)","Indonesia","Asia","LMIC","Synthetic - below threshold","irrigation",-4.16666666666667,0.958333333333333,0.958333333333333,"Cumulative grain yield","NA","NA","NA","NA","NA",19.5,1.195,"1.39","NA","NA","NA","NA","1","NA","NA","Mix-Mix"
120,251,"Islami T., Guritno B., Utomo W.H.",2011,"Performance of cassava (Manihot esculenta Crantz) based cropping systems and associated soil quality changes in the degraded tropical uplands of East Java, Indonesia","Islami, T., Guritno, B., & Utomo, W. H. (2011). Performance of cassava (Manihot esculenta Crantz) based cropping systems and associated soil quality changes in the degraded tropical uplands of East Java, Indonesia. Journal of Tropical Agriculture, 49, 31-39.","Plot","Experiment (on farm)","Indonesia","Asia","LMIC","Synthetic - below threshold","irrigation",1.66666666666666,1.01666666666667,1.01666666666667,"Cumulative grain yield","NA","NA","NA","NA","NA",20,1.2,"1.4","NA","NA","NA","NA","1","NA","NA","Win-Mix"
121,251,"Islami T., Guritno B., Utomo W.H.",2011,"Performance of cassava (Manihot esculenta Crantz) based cropping systems and associated soil quality changes in the degraded tropical uplands of East Java, Indonesia","Islami, T., Guritno, B., & Utomo, W. H. (2011). Performance of cassava (Manihot esculenta Crantz) based cropping systems and associated soil quality changes in the degraded tropical uplands of East Java, Indonesia. Journal of Tropical Agriculture, 49, 31-39.","Plot","Experiment (on farm)","Indonesia","Asia","LMIC","Synthetic - below threshold","irrigation",22,1.22,1.22,"Cumulative grain yield","NA","NA","NA","NA","NA",30,1.3,"1.6","NA","NA","NA","NA","1","NA","NA","Win-Mix"
122,251,"Islami T., Guritno B., Utomo W.H.",2011,"Performance of cassava (Manihot esculenta Crantz) based cropping systems and associated soil quality changes in the degraded tropical uplands of East Java, Indonesia","Islami, T., Guritno, B., & Utomo, W. H. (2011). Performance of cassava (Manihot esculenta Crantz) based cropping systems and associated soil quality changes in the degraded tropical uplands of East Java, Indonesia. Journal of Tropical Agriculture, 49, 31-39.","Plot","Experiment (on farm)","Indonesia","Asia","LMIC","Synthetic - below threshold","irrigation",5.33333333333335,1.05333333333333,1.05333333333333,"Cumulative grain yield","NA","NA","NA","NA","NA",22,1.22,"1.44","NA","NA","NA","NA","1","NA","NA","Mix-Mix"
123,251,"Islami T., Guritno B., Utomo W.H.",2011,"Performance of cassava (Manihot esculenta Crantz) based cropping systems and associated soil quality changes in the degraded tropical uplands of East Java, Indonesia","Islami, T., Guritno, B., & Utomo, W. H. (2011). Performance of cassava (Manihot esculenta Crantz) based cropping systems and associated soil quality changes in the degraded tropical uplands of East Java, Indonesia. Journal of Tropical Agriculture, 49, 31-39.","Plot","Experiment (on farm)","Indonesia","Asia","LMIC","Synthetic - below threshold","irrigation",0,1,1,"Cumulative grain yield","NA","NA","NA","NA","NA",25,1.25,"1.5","NA","NA","NA","NA","1","NA","NA","Mix-Mix"
124,251,"Islami T., Guritno B., Utomo W.H.",2011,"Performance of cassava (Manihot esculenta Crantz) based cropping systems and associated soil quality changes in the degraded tropical uplands of East Java, Indonesia","Islami, T., Guritno, B., & Utomo, W. H. (2011). Performance of cassava (Manihot esculenta Crantz) based cropping systems and associated soil quality changes in the degraded tropical uplands of East Java, Indonesia. Journal of Tropical Agriculture, 49, 31-39.","Plot","Experiment (on farm)","Indonesia","Asia","LMIC","Synthetic - below threshold","irrigation",6.66666666666667,1.06666666666667,1.06666666666667,"Cumulative grain yield","NA","NA","NA","NA","NA",28,1.28,"1.56","NA","NA","NA","NA","1","NA","NA","Win-Mix"
125,258,"Jat R.D., Jat H.S., Nanwal R.K., Yadav A.K., Bana A., Choudhary K.M., Kakraliya S.K., Sutaliya J.M., Sapkota T.B., Jat M.L.",2018,"Conservation agriculture and precision nutrient management practices in maize-wheat system: Effects on crop and water productivity and economic profitability","Jat, R. D., Jat, H. S., Nanwal, R. K., Yadav, A. K., Bana, A., Choudhary, K. M., . . . Jat, M. L. (2018). Conservation agriculture and precision nutrient management practices in maize-wheat system: Effects on crop and water productivity and economic profitability. Field Crops Research, 222, 111-120. doi:10.1016/j.fcr.2018.03.025","Farm","Experiment (on farm)","India","Asia","LMIC","Synthetic - below threshold","irrigation",20.427,1.20427,1.20427,"Equivalent yield","NA","NA","NA","NA","NA",20.39,1.2039,"1.2039","NA","NA","NA","NA","NA","NA","NA","Win-Win"
134,282,"Kermah M., Franke A.C., Adjei-Nsiah S., Ahiabor B.D.K., Abaidoo R.C., Giller K.E.",2017,"Maize-grain legume intercropping for enhanced resource use efficiency and crop productivity in the Guinea savanna of northern Ghana","Kermah, M., Franke, A. C., Adjei-Nsiah, S., Ahiabor, B. D. K., Abaidoo, R. C., & Giller, K. E. (2017). Maize-grain legume intercropping for enhanced resource use efficiency and crop productivity in the Guinea savanna of northern Ghana. Field Crops Research, 213, 38-50. doi:10.1016/j.fcr.2017.07.008","Field","Experiment (on farm)","Ghana","Africa","LMIC","Synthetic - below threshold","rainfed",-8.72093,0.9127907,0.9127907,"Cumulative grain yield","NA","NA","NA","NA","NA",33,1.33,"1.33","NA","NA","NA","NA","Negative","NA","NA","Mix-Mix"
135,282,"Kermah M., Franke A.C., Adjei-Nsiah S., Ahiabor B.D.K., Abaidoo R.C., Giller K.E.",2017,"Maize-grain legume intercropping for enhanced resource use efficiency and crop productivity in the Guinea savanna of northern Ghana","Kermah, M., Franke, A. C., Adjei-Nsiah, S., Ahiabor, B. D. K., Abaidoo, R. C., & Giller, K. E. (2017). Maize-grain legume intercropping for enhanced resource use efficiency and crop productivity in the Guinea savanna of northern Ghana. Field Crops Research, 213, 38-50. doi:10.1016/j.fcr.2017.07.009","Field","Experiment (on farm)","Ghana","Africa","LMIC","Synthetic - below threshold","rainfed",8.67051999999999,1.0867052,1.0867052,"Cumulative grain yield","NA","NA","NA","NA","NA",26,1.26,"1.26","NA","NA","NA","NA","Negative","NA","NA","Win-Mix"
136,282,"Kermah M., Franke A.C., Adjei-Nsiah S., Ahiabor B.D.K., Abaidoo R.C., Giller K.E.",2017,"Maize-grain legume intercropping for enhanced resource use efficiency and crop productivity in the Guinea savanna of northern Ghana","Kermah, M., Franke, A. C., Adjei-Nsiah, S., Ahiabor, B. D. K., Abaidoo, R. C., & Giller, K. E. (2017). Maize-grain legume intercropping for enhanced resource use efficiency and crop productivity in the Guinea savanna of northern Ghana. Field Crops Research, 213, 38-50. doi:10.1016/j.fcr.2017.07.010","Field","Experiment (on farm)","Ghana","Africa","LMIC","Synthetic - below threshold","rainfed",-10.365854,0.89634146,0.89634146,"Cumulative grain yield","NA","NA","NA","NA","NA",35,1.35,"1.35","NA","NA","NA","NA","Negative","NA","NA","Mix-Mix"
137,282,"Kermah M., Franke A.C., Adjei-Nsiah S., Ahiabor B.D.K., Abaidoo R.C., Giller K.E.",2017,"Maize-grain legume intercropping for enhanced resource use efficiency and crop productivity in the Guinea savanna of northern Ghana","Kermah, M., Franke, A. C., Adjei-Nsiah, S., Ahiabor, B. D. K., Abaidoo, R. C., & Giller, K. E. (2017). Maize-grain legume intercropping for enhanced resource use efficiency and crop productivity in the Guinea savanna of northern Ghana. Field Crops Research, 213, 38-50. doi:10.1016/j.fcr.2017.07.011","Field","Experiment (on farm)","Ghana","Africa","LMIC","Synthetic - below threshold","rainfed",12.631579,1.12631579,1.12631579,"Cumulative grain yield","NA","NA","NA","NA","NA",44,1.44,"1.44","NA","NA","NA","NA","Negative","NA","NA","Win-Mix"
138,282,"Kermah M., Franke A.C., Adjei-Nsiah S., Ahiabor B.D.K., Abaidoo R.C., Giller K.E.",2017,"Maize-grain legume intercropping for enhanced resource use efficiency and crop productivity in the Guinea savanna of northern Ghana","Kermah, M., Franke, A. C., Adjei-Nsiah, S., Ahiabor, B. D. K., Abaidoo, R. C., & Giller, K. E. (2017). Maize-grain legume intercropping for enhanced resource use efficiency and crop productivity in the Guinea savanna of northern Ghana. Field Crops Research, 213, 38-50. doi:10.1016/j.fcr.2017.07.012","Field","Experiment (on farm)","Ghana","Africa","LMIC","Synthetic - below threshold","rainfed",24.444444,1.24444444,1.24444444,"Cumulative grain yield","NA","NA","NA","NA","NA",46,1.46,"1.46","NA","NA","NA","NA","Negative","NA","NA","Win-Mix"
139,282,"Kermah M., Franke A.C., Adjei-Nsiah S., Ahiabor B.D.K., Abaidoo R.C., Giller K.E.",2017,"Maize-grain legume intercropping for enhanced resource use efficiency and crop productivity in the Guinea savanna of northern Ghana","Kermah, M., Franke, A. C., Adjei-Nsiah, S., Ahiabor, B. D. K., Abaidoo, R. C., & Giller, K. E. (2017). Maize-grain legume intercropping for enhanced resource use efficiency and crop productivity in the Guinea savanna of northern Ghana. Field Crops Research, 213, 38-50. doi:10.1016/j.fcr.2017.07.013","Field","Experiment (on farm)","Ghana","Africa","LMIC","Synthetic - below threshold","rainfed",4.93827200000001,1.04938272,1.04938272,"Cumulative grain yield","NA","NA","NA","NA","NA",46,1.46,"1.46","NA","NA","NA","NA","Negative","NA","NA","Win-Mix"
148,297,"Kihara J., Vanlauwe B., Waswa B., Kimetu J.M., Chianu J., Bationo A.",2010,"Strategic phosphorus application in legume-cereal rotations increases land productivity and profitability in western Kenya","Kihara, J., Vanlauwe, B., Waswa, B., Kimetu, J. M., Chianu, J., & Bationo, A. (2010). Strategic phosphorus application in legume-cereal rotations increases land productivity and profitability in western Kenya. Experimental Agriculture, 46(1), 35-52. doi:10.1017/S0014479709990810","Plot","Experiment (on farm)","Kenya","Africa","LMIC","Synthetic - below threshold","rainfed",10.555556,1.10555556,1.10555556,"Cumulative grain yield","NA","NA","NA","NA","NA",0,1,"NA","NA","NA","NA","NA","1","NA","NA","Win-Win"
150,757,"Koskey G, Leoni F, Carlesi S, Avio L, Barberi P.",2022,"Exploiting Plant Functional Diversity in Durum Wheat-Lentil Relay Intercropping to Stabilize Crop Yields under Contrasting Climatic Conditions","Koskey, G., Leoni, F., Carlesi, S., Avio, L., & Barberi, P. (2022). Exploiting Plant Functional Diversity in Durum Wheat-Lentil Relay Intercropping to Stabilize Crop Yields under Contrasting Climatic Conditions. Agronomy-Basel, 12(1), 15. doi:10.3390/agronomy12010210","Plot","Experiment (research station)","Italy","Europe","HIC","No synthetic","rainfed",18.6730816261264,1.18673081626126,1.18673081626126,"Cumulative grain yield","NA","NA","NA","NA","NA",234.166666666667,3.34166666666667,"3.3416666666666668","NA","NA","NA","NA",NA,"NA","NA","Win-Win"
151,309,"Kumar M., Kumar R., Rangnamei K.L., Das A., Meena K.L., Rajkhowa D.J.",2019,"Crop diversification for enhancing the productivity for food and nutritional security under the Eastern Himalayas","Kumar, M., Kumar, R., Rangnamei, K. L., Das, A., Meena, K. L., & Rajkhowa, D. J. (2019). Crop diversification for enhancing the productivity for food and nutritional security under the Eastern Himalayas. Indian Journal of Agricultural Sciences, 89(7), 1157-1161.","Field","Experiment (on farm)","India","Asia","LMIC","Unknown","rainfed",489.473684210526,5.89473684210526,5.89473684210526,"Equivalent yield","NA","NA","NA","NA","NA",65.5508403903465,1.65550840390346,"1.7831050228310503","1.5279117849758788","NA","NA","Positive",NA,"NA","NA","Win-Mix"
153,320,"Kuri B.R., Yadav R.S., Kumawat A.",2012,"Evaluation of pearl millet (Pennisetum glaucum) and mothbean (Vigna acconitifolia) intercropping systems in hyper arid partially irrigated north-western plains zone","Kuri, B. R., Yadav, R. S., & Kumawat, A. (2014). Evaluation of pearl millet (Pennisetum glaucum) and mothbean (Vigna acconitifolia) intercropping systems in hyper arid partially irrigated north-western plains zone. Indian Journal of Agricultural Sciences, 82(11), 993-996.","Plot","Experiment (on farm)","India","Asia","LMIC","Synthetic - below threshold","irrigation",23.2107438016529,1.23210743801653,1.23210743801653,"Equivalent yield","NA","NA","NA","NA","NA",2.63636363636364,1.02636363636364,"1.0263636363636364","NA","NA","NA","NA","NA","NA","NA","Win-Mix"
154,321,"Kutu F.R., Asiwe J.A.N.",2010,"Assessment of maize and dry bean productivity under different intercrop systems and fertilization regimes","Kutu, F. R., & Asiwe, J. A. N. (2010). Assessment of maize and dry bean productivity under different intercrop systems and fertilization regimes. African Journal of Agricultural Research, 5(13), 1627-1631.","Plot","Experiment (on farm)","South Africa","Africa","UMIC","Synthetic - below threshold","irrigation",42.72,1.4272,1.4272,"Cumulative grain yield","NA","NA","NA","NA","NA",111.6625,2.116625,"2.116625","NA","NA","NA","Positive","NA","NA","NA","Win-Win"
161,338,"LI Y.-H., SHI D.-Y., LI G.-H., ZHAO B., ZHANG J.-W., LIU P., REN B., DONG S.-T.",2019,"Maize/peanut intercropping increases photosynthetic characteristics, 13C-photosynthate distribution, and grain yield of summer maize","Li, Y.-h., Shi, D.-y., Li, G.-h., Zhao, B., Zhang, J.-w., Liu, P., . . . Dong, S.-t. (2019). Maize/peanut intercropping increases photosynthetic characteristics, 13C-photosynthate distribution, and grain yield of summer maize. Journal of Integrative Agriculture, 18(10), 2219-2229. doi:10.1016/s2095-3119(19)62616-x","Plot","Experiment (research station)","China","Asia","UMIC","Synthetic - above threshold","rainfed",89.7305907456317,1.89730590745632,1.89730590745632,"Cumulative grain yield","NA","NA","NA","NA","NA",15.5,1.155,"1.155","NA","NA","NA","NA","NA","NA","NA","Win-Win"
162,348,"Lopez-Ridaura S., Barba-Escoto L., Reyna-Ramirez C.A., Sum C., Palacios-Rojas N., Gerard B.",2021,"Maize intercropping in the milpa system. Diversity, extent and importance for nutritional security in the Western Highlands of Guatemala","Lopez-Ridaura, S., Barba-Escoto, L., Reyna-Ramirez, C. A., Sum, C., Palacios-Rojas, N., & Gerard, B. (2021). Maize intercropping in the milpa system. Diversity, extent and importance for nutritional security in the Western Highlands of Guatemala. Sci Rep, 11(1), 3696. doi:10.1038/s41598-021-82784-2","Farm","Recall (survey)","Guatemala","South America","UMIC","Unknown","rainfed",5.09843513377082,1.05098435133771,1.05098435133771,"Cumulative grain yield","NA","NA","NA","NA","NA",35.2941176470588,1.35294117647059,"Positive","1.3529411764705883","NA","NA","Positive","NA","NA","NA","Win-Win"
163,348,"Lopez-Ridaura S., Barba-Escoto L., Reyna-Ramirez C.A., Sum C., Palacios-Rojas N., Gerard B.",2021,"Maize intercropping in the milpa system. Diversity, extent and importance for nutritional security in the Western Highlands of Guatemala","Lopez-Ridaura, S., Barba-Escoto, L., Reyna-Ramirez, C. A., Sum, C., Palacios-Rojas, N., & Gerard, B. (2021). Maize intercropping in the milpa system. Diversity, extent and importance for nutritional security in the Western Highlands of Guatemala. Sci Rep, 11(1), 3696. doi:10.1038/s41598-021-82784-3","Farm","Recall (survey)","Guatemala","South America","UMIC","Unknown","rainfed",7.21857647652702,1.07218576476527,1.07218576476527,"Cumulative grain yield","NA","NA","NA","NA","NA",52.9411764705882,1.52941176470588,"Positive","1.5294117647058822","NA","NA","Positive","NA","NA","NA","Win-Win"
164,356,"MacWilliam S., Wismer M., Kulshreshtha S.",2014,"Life cycle and economic assessment of Western Canadian pulse systems: The inclusion of pulses in crop rotations","MacWilliam, S., Wismer, M., & Kulshreshtha, S. (2014). Life cycle and economic assessment of Western Canadian pulse systems: The inclusion of pulses in crop rotations. Agricultural Systems, 123, 43-53. doi:10.1016/j.agsy.2013.08.009","Functional unit (one tonne of grain)","Simulation model (LCA)","Canada","North America","HIC","Synthetic - below threshold","rainfed",8.74831763122477,1.08748317631225,1.08748317631225,"Non-legume yield only","NA","NA","NA","NA","NA",23,1.23,"NA","1.23","NA","NA","NA","NA","NA","NA","Win-Mix"
165,356,"MacWilliam S., Wismer M., Kulshreshtha S.",2014,"Life cycle and economic assessment of Western Canadian pulse systems: The inclusion of pulses in crop rotations","MacWilliam, S., Wismer, M., & Kulshreshtha, S. (2014). Life cycle and economic assessment of Western Canadian pulse systems: The inclusion of pulses in crop rotations. Agricultural Systems, 123, 43-53. doi:10.1016/j.agsy.2013.08.009","Functional unit (one tonne of grain)","Simulation model (LCA)","Canada","North America","HIC","Synthetic - below threshold","rainfed",30.6864064602961,1.30686406460296,1.30686406460296,"Non-legume yield only","NA","NA","NA","NA","NA",19,1.19,"NA","1.19","NA","NA","NA","NA","NA","NA","Win-Mix"
168,366,"Manjunath B.L., Paramesh V., Mahajan G.R., Reddy K.V., Das B., Singh N.P.",2018,"A five years study on the selection of rice based cropping systems in Goa, for west coast region of India","Manjunath, B. L., Paramesh, V., Mahajan, G. R., Reddy, K. V., Das, B., & Singh, N. P. (2018). A five years study on the selection of rice based cropping systems in Goa, for west coast region of India. Journal of Environmental Biology, 39(3), 393-399. doi:10.22438/jeb/39/3/MRN-593","Plot","Experiment (research station)","India","Asia","LMIC","No synthetic","irrigation",78.821363,1.78821363,1.78821363,"Equivalent yield","NA","NA","NA","NA","NA",180.76923,2.8076923,"NA","NA","NA","NA","NA","2.8076922999999998","NA","NA","Mix-Mix"
169,366,"Manjunath B.L., Paramesh V., Mahajan G.R., Reddy K.V., Das B., Singh N.P.",2018,"A five years study on the selection of rice based cropping systems in Goa, for west coast region of India","Manjunath, B. L., Paramesh, V., Mahajan, G. R., Reddy, K. V., Das, B., & Singh, N. P. (2018). A five years study on the selection of rice based cropping systems in Goa, for west coast region of India. Journal of Environmental Biology, 39(3), 393-399. doi:10.22438/jeb/39/3/MRN-593","Plot","Experiment (research station)","India","Asia","LMIC","No synthetic","irrigation",65.19337,1.6519337,1.6519337,"Equivalent yield","NA","NA","NA","NA","NA",121.15385,2.2115385,"NA","NA","NA","NA","NA","2.2115385000000001","NA","NA","Mix-Mix"
170,367,"Manjunath M.G., Salakinkop S.R., Somanagouda G.",2018,"Productivity and profitability of soybean based millets intercropping systems","Manjunath, M. G., Salakinkop, S. R., & Somanagouda, G. (2018). Productivity and profitability of soybean based millets intercropping systems. Research on Crops, 19(1), 43-47. doi:10.5958/2348-7542.2018.00006.2","Plot","Experiment (research station)","India","Asia","LMIC","Unknown","rainfed",22.146239,1.22146239,1.22146239,"Equivalent yield","NA","NA","NA","NA","NA",49.5,1.495,"1.4950000000000001","NA","NA","NA","NA","NA","NA","NA","Mix-Win"
171,367,"Manjunath M.G., Salakinkop S.R., Somanagouda G.",2018,"Productivity and profitability of soybean based millets intercropping systems","Manjunath, M. G., Salakinkop, S. R., & Somanagouda, G. (2018). Productivity and profitability of soybean based millets intercropping systems. Research on Crops, 19(1), 43-47. doi:10.5958/2348-7542.2018.00006.3","Plot","Experiment (research station)","India","Asia","LMIC","Unknown","rainfed",17.34072,1.1734072,1.1734072,"Equivalent yield","NA","NA","NA","NA","NA",46,1.46,"1.46","NA","NA","NA","NA","NA","NA","NA","Mix-Win"
172,367,"Manjunath M.G., Salakinkop S.R., Somanagouda G.",2018,"Productivity and profitability of soybean based millets intercropping systems","Manjunath, M. G., Salakinkop, S. R., & Somanagouda, G. (2018). Productivity and profitability of soybean based millets intercropping systems. Research on Crops, 19(1), 43-47. doi:10.5958/2348-7542.2018.00006.4","Plot","Experiment (research station)","India","Asia","LMIC","Unknown","rainfed",28.172255,1.28172255,1.28172255,"Equivalent yield","NA","NA","NA","NA","NA",38,1.38,"1.38","NA","NA","NA","NA","NA","NA","NA","Mix-Win"
174,384,"Mhlanga B., Mwila M., Thierfelder C.",2021,"Improved nutrition and resilience will make conservation agriculture more attractive for Zambian smallholder farmers","Mhlanga, B., Mwila, M., & Thierfelder, C. (2021). Improved nutrition and resilience will make conservation agriculture more attractive for Zambian smallholder farmers. Renewable Agriculture and Food Systems, 1-14. doi:10.1017/s1742170521000028","Field","Experiment (on farm)","Zambia","Africa","LIC","Synthetic - below threshold","rainfed",3.89999999999999,1.039,1.039,"Non-legume yield only","NA","NA","NA","NA","NA",0,1,"NA","Mixed","NA","NA","1","NA","NA","NA","Win-Mix"
175,744,"Midega, C.A.O., Salifu, D., Bruce, T.J., Pittchar, J., Pickett, J.A., Khan, Z.R.,",2014,"Cumulative effects and economic benefits of intercropping maize with food legumes on Striga hermonthica infestation.","Midega, C. A. O., Salifu, D., Bruce, T. J., Pittchar, J., Pickett, J. A., & Khan, Z. R. (2014). Cumulative effects and economic benefits of intercropping maize with food legumes on Striga hermonthica infestation. Field Crops Research, 155, 144-152. doi:10.1016/j.fcr.2013.09.013","Plot","Experiment (research station)","Kenya","Africa","LMIC","Synthetic - below threshold","rainfed",51.07,1.5107,1.5107,"Non-legume yield only","NA","NA","NA","NA","NA",68,1.68,"1.68","NA","NA","NA","NA",NA,"NA","NA","Win-Mix"
176,744,"Midega, C.A.O., Salifu, D., Bruce, T.J., Pittchar, J., Pickett, J.A., Khan, Z.R.,",2014,"Cumulative effects and economic benefits of intercropping maize with food legumes on Striga hermonthica infestation.","Midega, C. A. O., Salifu, D., Bruce, T. J., Pittchar, J., Pickett, J. A., & Khan, Z. R. (2014). Cumulative effects and economic benefits of intercropping maize with food legumes on Striga hermonthica infestation. Field Crops Research, 155, 144-152. doi:10.1016/j.fcr.2013.09.014","Plot","Experiment (research station)","Kenya","Africa","LMIC","Synthetic - below threshold","rainfed",42.45,1.4245,1.4245,"Non-legume yield only","NA","NA","NA","NA","NA",59,1.59,"1.59","NA","NA","NA","NA",NA,"NA","NA","Win-Mix"
177,744,"Midega, C.A.O., Salifu, D., Bruce, T.J., Pittchar, J., Pickett, J.A., Khan, Z.R.,",2014,"Cumulative effects and economic benefits of intercropping maize with food legumes on Striga hermonthica infestation.","Midega, C. A. O., Salifu, D., Bruce, T. J., Pittchar, J., Pickett, J. A., & Khan, Z. R. (2014). Cumulative effects and economic benefits of intercropping maize with food legumes on Striga hermonthica infestation. Field Crops Research, 155, 144-152. doi:10.1016/j.fcr.2013.09.012","Plot","Experiment (research station)","Kenya","Africa","LMIC","Synthetic - below threshold","rainfed",39.79,1.3979,1.3979,"Non-legume yield only","NA","NA","NA","NA","NA",54,1.54,"1.54","NA","NA","NA","NA",NA,"NA","NA","Win-Mix"
178,744,"Midega, C.A.O., Salifu, D., Bruce, T.J., Pittchar, J., Pickett, J.A., Khan, Z.R.,",2014,"Cumulative effects and economic benefits of intercropping maize with food legumes on Striga hermonthica infestation.","Midega, C. A. O., Salifu, D., Bruce, T. J., Pittchar, J., Pickett, J. A., & Khan, Z. R. (2014). Cumulative effects and economic benefits of intercropping maize with food legumes on Striga hermonthica infestation. Field Crops Research, 155, 144-152. doi:10.1016/j.fcr.2013.09.015","Plot","Experiment (research station)","Kenya","Africa","LMIC","Synthetic - below threshold","rainfed",41.78,1.4178,1.4178,"Non-legume yield only","NA","NA","NA","NA","NA",60,1.6,"1.6","NA","NA","NA","NA",NA,"NA","NA","Win-Mix"
179,744,"Midega, C.A.O., Salifu, D., Bruce, T.J., Pittchar, J., Pickett, J.A., Khan, Z.R.,",2014,"Cumulative effects and economic benefits of intercropping maize with food legumes on Striga hermonthica infestation.","Midega, C. A. O., Salifu, D., Bruce, T. J., Pittchar, J., Pickett, J. A., & Khan, Z. R. (2014). Cumulative effects and economic benefits of intercropping maize with food legumes on Striga hermonthica infestation. Field Crops Research, 155, 144-152. doi:10.1016/j.fcr.2013.09.016","Plot","Experiment (research station)","Kenya","Africa","LMIC","Synthetic - below threshold","rainfed",38.97,1.3897,1.3897,"Non-legume yield only","NA","NA","NA","NA","NA",54,1.54,"1.54","NA","NA","NA","NA",NA,"NA","NA","Win-Mix"
180,388,"Mishra M.M., Mohanty M., Gulati J.M.L., Nanda S.S.",2013,"Evaluation of various rice (Oryza sativa) based crop sequences for enhanced productivity, profitability and energy efficiency in eastern plateau and hills zone of India","Mishra, M. M., Mohanty, M., Gulati, J. M. L., & Nanda, S. S. (2013). Evaluation of various rice (Oryza sativa) based crop sequences for enhanced productivity, profitability and energy efficiency in eastern plateau and hills zone of India. Indian Journal of Agricultural Sciences, 83(12), 1279-1284.","Plot","Experiment (on farm)","India","Asia","LMIC","Synthetic - below threshold","rainfed",23.2420429311621,1.23242042931162,1.23242042931162,"Equivalent yield","NA","NA","NA","NA","NA",25.0038022813688,1.25003802281369,"1.2500380228136883","NA","NA","NA","NA","NA","NA","NA","Win-Mix"
181,388,"Mishra M.M., Mohanty M., Gulati J.M.L., Nanda S.S.",2013,"Evaluation of various rice (Oryza sativa) based crop sequences for enhanced productivity, profitability and energy efficiency in eastern plateau and hills zone of India","Mishra, M. M., Mohanty, M., Gulati, J. M. L., & Nanda, S. S. (2013). Evaluation of various rice (Oryza sativa) based crop sequences for enhanced productivity, profitability and energy efficiency in eastern plateau and hills zone of India. Indian Journal of Agricultural Sciences, 83(12), 1279-1284.","Plot","Experiment (on farm)","India","Asia","LMIC","Synthetic - below threshold","rainfed",14.2857142857143,1.14285714285714,1.14285714285714,"Equivalent yield","NA","NA","NA","NA","NA",20,1.2,"1.2000000000000002","NA","NA","NA","NA","NA","NA","NA","Mix-Mix"
182,742,"Mohan, H.M., Chittapur, B.M., Hiremath, S.M",2013,"EVALUATION OF RICEBEAN AND FRENCHBEAN AS INTERCROPS WITH MAIZE UNDER DIFFERENT ROW PROPORTIONS IN THE PENINSULAR REGION","Mohan, H. M., Chittapur, B. M., & Hiremath, S. M. (2013). EVALUATION OF RICEBEAN AND FRENCHBEAN AS INTERCROPS WITH MAIZE UNDER DIFFERENT ROW PROPORTIONS IN THE PENINSULAR REGION. Legume Research, 36(4), 338-343.","Plot","Experiment (research station)","India","Asia","LMIC","Synthetic - below threshold","rainfed",34.3625498007968,1.34362549800797,1.34362549800797,"Equivalent yield","NA","NA","NA","NA","NA",44.3684210526316,1.44368421052632,"1.6600000000000001","1.2273684210526317","NA","NA","NA",NA,"NA","NA","Win-Win"
183,742,"Mohan, H.M., Chittapur, B.M., Hiremath, S.M",2013,"EVALUATION OF RICEBEAN AND FRENCHBEAN AS INTERCROPS WITH MAIZE UNDER DIFFERENT ROW PROPORTIONS IN THE PENINSULAR REGION","Mohan, H. M., Chittapur, B. M., & Hiremath, S. M. (2013). EVALUATION OF RICEBEAN AND FRENCHBEAN AS INTERCROPS WITH MAIZE UNDER DIFFERENT ROW PROPORTIONS IN THE PENINSULAR REGION. Legume Research, 36(4), 338-343.","Plot","Experiment (research station)","India","Asia","LMIC","Synthetic - below threshold","rainfed",68.1938911022576,1.68193891102258,1.68193891102258,"Equivalent yield","NA","NA","NA","NA","NA",47.75,1.4775,"1.6950000000000001","1.26","NA","NA","NA",NA,"NA","NA","Win-Win"
184,742,"Mohan, H.M., Chittapur, B.M., Hiremath, S.M",2013,"EVALUATION OF RICEBEAN AND FRENCHBEAN AS INTERCROPS WITH MAIZE UNDER DIFFERENT ROW PROPORTIONS IN THE PENINSULAR REGION","Mohan, H. M., Chittapur, B. M., & Hiremath, S. M. (2013). EVALUATION OF RICEBEAN AND FRENCHBEAN AS INTERCROPS WITH MAIZE UNDER DIFFERENT ROW PROPORTIONS IN THE PENINSULAR REGION. Legume Research, 36(4), 338-343.","Plot","Experiment (research station)","India","Asia","LMIC","Synthetic - below threshold","rainfed",34.7830898627711,1.34783089862771,1.34783089862771,"Equivalent yield","NA","NA","NA","NA","NA",69.75,1.6975,"1.6950000000000001","1.7","NA","NA","NA",NA,"NA","NA","Win-Win"
186,396,"Mudita I.I., Chiduza C., Richardson-Kageler S., Murungu F.S.",2008,"Evaluation of different strategies of intercropping maize (Zea mays L.) and soya bean (Glycine max (L.) Merrill) under small-holder production in sub-humid Zimbabwe","Mudita, I. I., Chiduza, C., Richardson, S., & Murungu, F. S. (2008). Evaluation of Different Strategies of Intercropping Maize (Zea mays L.) and Soya Bean (Glycine max (L.) Merrill) Under Small-Holder Production in Sub-Humid Zimbabwe. Journal of Agronomy, 7(3), 237-243. doi:10.3923/ja.2008.237.243","Plot","Experiment (on farm)","Zimbabwe","Africa","LMIC","Synthetic - below threshold","rainfed",-12.825705,0.87174295,0.87174295,"Cumulative grain yield","NA","NA","NA","NA","NA",22,1.22,"1.22","NA","NA","NA","NA","NA","NA","NA","Lose-Mix"
187,396,"Mudita I.I., Chiduza C., Richardson-Kageler S., Murungu F.S.",2008,"Evaluation of different strategies of intercropping maize (Zea mays L.) and soya bean (Glycine max (L.) Merrill) under small-holder production in sub-humid Zimbabwe","Mudita, I. I., Chiduza, C., Richardson, S., & Murungu, F. S. (2008). Evaluation of Different Strategies of Intercropping Maize (Zea mays L.) and Soya Bean (Glycine max (L.) Merrill) Under Small-Holder Production in Sub-Humid Zimbabwe. Journal of Agronomy, 7(3), 237-243. doi:10.3923/ja.2008.237.243","Plot","Experiment (on farm)","Zimbabwe","Africa","LMIC","Synthetic - below threshold","rainfed",-16.106386,0.83893614,0.83893614,"Cumulative grain yield","NA","NA","NA","NA","NA",24,1.24,"1.24","NA","NA","NA","NA","NA","NA","NA","Lose-Mix"
188,396,"Mudita I.I., Chiduza C., Richardson-Kageler S., Murungu F.S.",2008,"Evaluation of different strategies of intercropping maize (Zea mays L.) and soya bean (Glycine max (L.) Merrill) under small-holder production in sub-humid Zimbabwe","Mudita, I. I., Chiduza, C., Richardson, S., & Murungu, F. S. (2008). Evaluation of Different Strategies of Intercropping Maize (Zea mays L.) and Soya Bean (Glycine max (L.) Merrill) Under Small-Holder Production in Sub-Humid Zimbabwe. Journal of Agronomy, 7(3), 237-243. doi:10.3923/ja.2008.237.243","Plot","Experiment (on farm)","Zimbabwe","Africa","LMIC","Synthetic - below threshold","rainfed",-2.99266500000001,0.97007335,0.97007335,"Cumulative grain yield","NA","NA","NA","NA","NA",54,1.54,"1.54","NA","NA","NA","NA","NA","NA","NA","Lose-Win"
190,404,"Mwila M., Mhlanga B., Thierfelder C.",2021,"Intensifying cropping systems through doubled-up legumes in Eastern Zambia","Mwila, M., Mhlanga, B., & Thierfelder, C. (2021). Intensifying cropping systems through doubled-up legumes in Eastern Zambia. Sci Rep, 11(1), 8101. doi:10.1038/s41598-021-87594-0","Farm","Experiment (on farm)","Zambia","Africa","LIC","Synthetic - below threshold","rainfed",11.624326,1.11624326,1.11624326,"Cumulative grain yield","NA","NA","NA","NA","NA",22,1.22,"1.22","NA","NA","NA","Positive","NA","NA","NA","Win-Win"
197,409,"Namatsheve T., Chikowo R., Corbeels M., Mouquet-Rivier C., Icard-Vernière C., Cardinael R.",2021,"Maize-cowpea intercropping as an ecological intensification option for low input systems in sub-humid Zimbabwe: Productivity, biological N2-fixation and grain mineral content","Namatsheve, T., Chikowo, R., Corbeels, M., Mouquet-Rivier, C., Icard-Vernière, C., & Cardinael, R. (2021). Maize-cowpea intercropping as an ecological intensification option for low input systems in sub-humid Zimbabwe: Productivity, biological N2-fixation and grain mineral content. Field Crops Research, 263. doi:10.1016/j.fcr.2020.108052","Field","Experiment (on farm)","Zimbabwe","Africa","LMIC","Synthetic - below threshold","rainfed",128.406936,2.28406936,2.28406936,"Non-legume yield only","NA","NA","NA","NA","NA",30.5,1.305,"1.3049999999999999","Positive","NA","NA","NA",NA,"NA","NA","Win-Win"
201,412,"Narkhede W.N., Deshmukh M.S., Bhale V.M., Gill M.S., Gadade G.D., More S.S.",2011,"Diversification of cropping systems under assured irrigated conditions in central plateau zone of Maharashtra","Narkhede, W. N., Deshmukh, M. S., Bhale, V. M., Gill, M. S., Gadade, G. D., & More, S. S. (2011). Diversification of cropping systems under assured irrigated conditions in central plateau zone of Maharashtra. Indian Journal of Agronomy, 56(2), 104-108.","Plot","Experiment (research station)","India","Asia","LMIC","Synthetic - below threshold","irrigation",16,1.16,1.16,"Equivalent yield","NA","NA","NA","NA","NA",-6.42,0.9358,"0.93579999999999997","NA","NA","NA","NA",NA,"NA","NA","Win-Mix"
202,413,"Nasrallah A., Belhouchette H., Baghdadi N., Mhawej M., Darwish T., Darwich S., Faour G.",2020,"Performance of wheat-based cropping systems and economic risk of low relative productivity assessment in a sub-dry Mediterranean environment","Nasrallah, A., Belhouchette, H., Baghdadi, N., Mhawej, M., Darwish, T., Darwich, S., & Faour, G. (2020). Performance of wheat-based cropping systems and economic risk of low relative productivity assessment in a sub-dry Mediterranean environment. European Journal of Agronomy, 113. doi:10.1016/j.eja.2019.125968","Field (based on modelling)","Experiment (on farm)","Lebanon","Asia","LMIC","Synthetic - above threshold","irrigation",4.83678299999999,1.04836783,1.04836783,"Non-legume yield only","NA","NA","NA","NA","NA",-2.70114,0.9729886,"0.97298859999999998","NA","NA","NA","NA",NA,"NA","NA","Win-Mix"
203,418,"Nel A.A., Purchase J.L., Barnard A.",2003,"Productivity and stability of grain yield in wheat and maize as affected by rotational cropping systems in the eastern Free State","Nel, A. A., Purchase, J. L., & Barnard, A. (2013). Productivity and stability of grain yield in wheat and maize as affected by rotational cropping systems in the eastern Free State. South African Journal of Plant and Soil, 20(2), 81-86. doi:10.1080/02571862.2003.10634913","Field","Experiment (on farm)","South Africa","Africa","UMIC","Synthetic - below threshold","rainfed",97.9698073919833,1.97969807391983,1.97969807391983,"Cumulative grain yield","NA","NA","NA","NA","NA",17.7966101694915,1.17796610169492,"NA","1.1779661016949152","NA","NA","NA",NA,"NA","NA","Win-Win"
204,418,"Nel A.A., Purchase J.L., Barnard A.",2003,"Productivity and stability of grain yield in wheat and maize as affected by rotational cropping systems in the eastern Free State","Nel, A. A., Purchase, J. L., & Barnard, A. (2013). Productivity and stability of grain yield in wheat and maize as affected by rotational cropping systems in the eastern Free State. South African Journal of Plant and Soil, 20(2), 81-86. doi:10.1080/02571862.2003.10634913","Field","Experiment (on farm)","South Africa","Africa","UMIC","Synthetic - below threshold","rainfed",51.8638824439289,1.51863882443929,1.51863882443929,"Cumulative grain yield","NA","NA","NA","NA","NA",17.7966101694915,1.17796610169492,"NA","1.1779661016949152","NA","NA","NA",NA,"NA","NA","Mix-Mix"
205,418,"Nel A.A., Purchase J.L., Barnard A.",2003,"Productivity and stability of grain yield in wheat and maize as affected by rotational cropping systems in the eastern Free State","Nel, A. A., Purchase, J. L., & Barnard, A. (2013). Productivity and stability of grain yield in wheat and maize as affected by rotational cropping systems in the eastern Free State. South African Journal of Plant and Soil, 20(2), 81-86. doi:10.1080/02571862.2003.10634913","Field","Experiment (on farm)","South Africa","Africa","UMIC","Synthetic - below threshold","rainfed",57.2843309859155,1.57284330985915,1.57284330985915,"Cumulative grain yield","NA","NA","NA","NA","NA",7.2289156626506,1.07228915662651,"NA","1.072289156626506","NA","NA","NA",NA,"NA","NA","Win-Win"
208,421,"Ngwira A.R., Kabambe V., Simwaka P., Makoko K., Kamoyo K.",2020,"Productivity and profitability of maize-legume cropping systems under conservation agriculture among smallholder farmers in Malawi","Ngwira, A. R., Kabambe, V., Simwaka, P., Makoko, K., & Kamoyo, K. (2020). Productivity and profitability of maize-legume cropping systems under conservation agriculture among smallholder farmers in Malawi. Acta Agriculturae Scandinavica, Section B — Soil & Plant Science, 70(3), 241-251. doi:10.1080/09064710.2020.1712470","Plot","Experiment (on farm)","Malawi","Africa","LIC","Synthetic - below threshold","rainfed",37.05419,1.3705419,1.3705419,"Cumulative grain yield","NA","NA","NA","NA","NA",-5.49999999999999,0.945,"0.94500000000000006","NA","NA","NA","NA",NA,"NA","NA","Win-Mix"
210,421,"Ngwira A.R., Kabambe V., Simwaka P., Makoko K., Kamoyo K.",2020,"Productivity and profitability of maize-legume cropping systems under conservation agriculture among smallholder farmers in Malawi","Ngwira, A. R., Kabambe, V., Simwaka, P., Makoko, K., & Kamoyo, K. (2020). Productivity and profitability of maize-legume cropping systems under conservation agriculture among smallholder farmers in Malawi. Acta Agriculturae Scandinavica, Section B — Soil & Plant Science, 70(3), 241-251. doi:10.1080/09064710.2020.1712472","Plot","Experiment (on farm)","Malawi","Africa","LIC","Synthetic - below threshold","rainfed",4.201681,1.04201681,1.04201681,"Cumulative grain yield","NA","NA","NA","NA","NA",2.49999999999999,1.025,"1.0249999999999999","NA","NA","NA","NA",NA,"NA","NA","Win-Mix"
212,421,"Ngwira A.R., Kabambe V., Simwaka P., Makoko K., Kamoyo K.",2020,"Productivity and profitability of maize-legume cropping systems under conservation agriculture among smallholder farmers in Malawi","Ngwira, A. R., Kabambe, V., Simwaka, P., Makoko, K., & Kamoyo, K. (2020). Productivity and profitability of maize-legume cropping systems under conservation agriculture among smallholder farmers in Malawi. Acta Agriculturae Scandinavica, Section B — Soil & Plant Science, 70(3), 241-251. doi:10.1080/09064710.2020.1712474","Plot","Experiment (on farm)","Malawi","Africa","LIC","Synthetic - below threshold","rainfed",13.392541,1.13392541,1.13392541,"Cumulative grain yield","NA","NA","NA","NA","NA",16.5,1.165,"1.165","NA","NA","NA","NA",NA,"NA","NA","Win-Win"
217,428,"Novotny I.P., Tittonell P., Fuentes-Ponce M.H., López-Ridaura S., Rossing W.A.H.",2021,"The importance of the traditional milpa in food security and nutritional self-sufficiency in the highlands of Oaxaca, Mexico","Novotny, I. P., Tittonell, P., Fuentes-Ponce, M. H., Lopez-Ridaura, S., & Rossing, W. A. H. (2021). The importance of the traditional milpa in food security and nutritional self-sufficiency in the highlands of Oaxaca, Mexico. PLoS ONE, 16(2), e0246281. doi:10.1371/journal.pone.0246281","Household","Recall - Survey (Household survey, population censuses, agricultural censuses, and production survey)","Mexico","Central America","UMIC","Unknown","rainfed",20,1.2,1.2,"other","NA","NA","NA","NA","NA",88.9946,1.889946,"NA","NA","NA","NA","1.8899459999999999",NA,"NA","NA","Win-Mix"
218,428,"Novotny I.P., Tittonell P., Fuentes-Ponce M.H., López-Ridaura S., Rossing W.A.H.",2021,"The importance of the traditional milpa in food security and nutritional self-sufficiency in the highlands of Oaxaca, Mexico","Novotny, I. P., Tittonell, P., Fuentes-Ponce, M. H., Lopez-Ridaura, S., & Rossing, W. A. H. (2021). The importance of the traditional milpa in food security and nutritional self-sufficiency in the highlands of Oaxaca, Mexico. PLoS ONE, 16(2), e0246281. doi:10.1371/journal.pone.0246281","Household","Recall - Survey (Household survey, population censuses, agricultural censuses, and production survey)","Mexico","Central America","UMIC","Unknown","rainfed",35.714286,1.35714286,1.35714286,"other","NA","NA","NA","NA","NA",58.00778,1.5800778,"NA","NA","NA","NA","1.5800778",NA,"NA","NA","Win-Mix"
219,432,"Nwofia G.E., Jiwuba F., Okpara D.A., Mbah E.U.",2017,"Yield and Productivity of Eggplant Genotypes Intercropped with Vegetable Cowpea in the Humid Tropics","Nwofia, G. E., Jiwuba, F., Okpara, D. A., & Mbah, E. U. (2017). Yield and Productivity of Eggplant Genotypes Intercropped with Vegetable Cowpea in the Humid Tropics. International Journal of Vegetable Science, 23(5), 400-410. doi:10.1080/19315260.2017.1310779","Plot","Experiment (research station)","Nigeria","Africa","LMIC","No synthetic","rainfed",0,1,1,"other","NA","NA","NA","NA","NA",51.8333333333333,1.51833333333333,"1.5183333333333333","NA","NA","NA","NA",NA,"NA","NA","Mix-Mix"
254,477,"Pradhan A., Chan C., Roul P.K., Halbrendt J., Sipes B.",2018,"Potential of conservation agriculture (CA) for climate change adaptation and food security under rainfed uplands of India: A transdisciplinary approach","Pradhan, A., Chan, C., Roul, P. K., Halbrendt, J., & Sipes, B. (2018). Potential of conservation agriculture (CA) for climate change adaptation and food security under rainfed uplands of India: A transdisciplinary approach. Agricultural Systems, 163, 27-35. doi:10.1016/j.agsy.2017.01.002","Village","Experiment (on farm)","India","Asia","LMIC","Synthetic - below threshold","rainfed",44.9240551042035,1.44924055104203,1.44924055104203,"Equivalent yield","NA","NA","NA","NA","NA",26.6666666666667,1.26666666666667,"NA","NA","NA","NA","NA","1.2666666666666666","NA","NA","Win-Win"
265,505,"Reddy P.R.R., Mohammad S.",2009,"Evaluation of cotton (Gossypium hirsutum)-based intercropping system through different approaches under rainfed conditions","Reddy, P. R. R., & Mohammad, S. (2009). Evaluation of cotton (Gossypium hirsutum)-based intercropping system through different approaches under rainfed conditions. Indian Journal of Agricultural Sciences, 79(3), 210-214.","Plot","Experiment (research station)","India","Asia","LMIC","Synthetic - below threshold","rainfed",-3.30752990851513,0.966924700914849,0.966924700914849,"Equivalent yield","NA","NA","NA","NA","NA",16.5,1.165,"1.165","NA","NA","NA","NA",NA,"NA","NA","Lose-Win"
266,505,"Reddy P.R.R., Mohammad S.",2009,"Evaluation of cotton (Gossypium hirsutum)-based intercropping system through different approaches under rainfed conditions","Reddy, P. R. R., & Mohammad, S. (2009). Evaluation of cotton (Gossypium hirsutum)-based intercropping system through different approaches under rainfed conditions. Indian Journal of Agricultural Sciences, 79(3), 210-214.","Plot","Experiment (research station)","India","Asia","LMIC","Synthetic - below threshold","rainfed",26.5306122,1.265306122,1.265306122,"Equivalent yield","NA","NA","NA","NA","NA",41.5,1.415,"1.415","NA","NA","NA","NA",NA,"NA","NA","Win-Win"
267,505,"Reddy P.R.R., Mohammad S.",2009,"Evaluation of cotton (Gossypium hirsutum)-based intercropping system through different approaches under rainfed conditions","Reddy, P. R. R., & Mohammad, S. (2009). Evaluation of cotton (Gossypium hirsutum)-based intercropping system through different approaches under rainfed conditions. Indian Journal of Agricultural Sciences, 79(3), 210-214.","Plot","Experiment (research station)","India","Asia","LMIC","Synthetic - below threshold","rainfed",27.7973258268825,1.27797325826882,1.27797325826882,"Equivalent yield","NA","NA","NA","NA","NA",46,1.46,"1.46","NA","NA","NA","NA",NA,"NA","NA","Win-Win"
268,505,"Reddy P.R.R., Mohammad S.",2009,"Evaluation of cotton (Gossypium hirsutum)-based intercropping system through different approaches under rainfed conditions","Reddy, P. R. R., & Mohammad, S. (2009). Evaluation of cotton (Gossypium hirsutum)-based intercropping system through different approaches under rainfed conditions. Indian Journal of Agricultural Sciences, 79(3), 210-214.","Plot","Experiment (research station)","India","Asia","LMIC","Synthetic - below threshold","rainfed",25.1231527093596,1.2512315270936,1.2512315270936,"Equivalent yield","NA","NA","NA","NA","NA",50.5,1.505,"1.5049999999999999","NA","NA","NA","NA",NA,"NA","NA","Win-Win"
269,505,"Reddy P.R.R., Mohammad S.",2009,"Evaluation of cotton (Gossypium hirsutum)-based intercropping system through different approaches under rainfed conditions","Reddy, P. R. R., & Mohammad, S. (2009). Evaluation of cotton (Gossypium hirsutum)-based intercropping system through different approaches under rainfed conditions. Indian Journal of Agricultural Sciences, 79(3), 210-214.","Plot","Experiment (research station)","India","Asia","LMIC","Synthetic - below threshold","rainfed",3.87051372273046,1.0387051372273,1.0387051372273,"Equivalent yield","NA","NA","NA","NA","NA",15.5,1.155,"1.155","NA","NA","NA","NA",NA,"NA","NA","Win-Win"
276,514,"Rusinamhodzi L., Corbeels M., Nyamangara J., Giller K.E.",2012,"Maize-grain legume intercropping is an attractive option for ecological intensification that reduces climatic risk for smallholder farmers in central Mozambique","Rusinamhodzi, L., Corbeels, M., Nyamangara, J., & Giller, K. E. (2012). Maize–grain legume intercropping is an attractive option for ecological intensification that reduces climatic risk for smallholder farmers in central Mozambique. Field Crops Research, 136, 12-22. doi:10.1016/j.fcr.2012.07.014","Field","Experiment (on farm)","Mozambique","Africa","LIC","Synthetic - below threshold","rainfed",3.34448199999999,1.03344482,1.03344482,"Cumulative grain yield","NA","NA","NA","NA","NA",40,1.4,"1.4","NA","NA","NA","NA",NA,"NA","NA","Win-Mix"
277,514,"Rusinamhodzi L., Corbeels M., Nyamangara J., Giller K.E.",2012,"Maize-grain legume intercropping is an attractive option for ecological intensification that reduces climatic risk for smallholder farmers in central Mozambique","Rusinamhodzi, L., Corbeels, M., Nyamangara, J., & Giller, K. E. (2012). Maize–grain legume intercropping is an attractive option for ecological intensification that reduces climatic risk for smallholder farmers in central Mozambique. Field Crops Research, 136, 12-22. doi:10.1016/j.fcr.2012.07.015","Field","Experiment (on farm)","Mozambique","Africa","LIC","Synthetic - below threshold","rainfed",33.645833,1.33645833,1.33645833,"Cumulative grain yield","NA","NA","NA","NA","NA",92.5,1.925,"1.925","NA","NA","NA","Positive",NA,"NA","NA","Win-Win"
278,521,"Saidia P.S., Asch F., Kimaro A.A., Germer J., Kahimba F.C., Graef F., Semoka J.M.R., Rweyemamu C.L.",2019,"Soil moisture management and fertilizer micro-dosing on yield and land utilization efficiency of inter-cropping maize-pigeon-pea in sub humid Tanzania","Saidia, P. S., Asch, F., Kimaro, A. A., Germer, J., Kahimba, F. C., Graef, F., . . . Rweyemamu, C. L. (2019). Soil moisture management and fertilizer micro-dosing on yield and land utilization efficiency of inter-cropping maize-pigeon-pea in sub humid Tanzania. Agricultural Water Management, 223. doi:10.1016/j.agwat.2019.105712","Plot","Experiment (on farm)","Tanzania","Africa","LMIC","Synthetic - below threshold","rainfed",37.668902,1.37668902,1.37668902,"Cumulative grain yield","NA","NA","NA","NA","NA",94.41667,1.9441667,"1.9441667","NA","NA","NA","NA",NA,"NA","NA","Win-Win"
279,521,"Saidia P.S., Asch F., Kimaro A.A., Germer J., Kahimba F.C., Graef F., Semoka J.M.R., Rweyemamu C.L.",2019,"Soil moisture management and fertilizer micro-dosing on yield and land utilization efficiency of inter-cropping maize-pigeon-pea in sub humid Tanzania","Saidia, P. S., Asch, F., Kimaro, A. A., Germer, J., Kahimba, F. C., Graef, F., . . . Rweyemamu, C. L. (2019). Soil moisture management and fertilizer micro-dosing on yield and land utilization efficiency of inter-cropping maize-pigeon-pea in sub humid Tanzania. Agricultural Water Management, 223. doi:10.1016/j.agwat.2019.105713","Plot","Experiment (on farm)","Tanzania","Africa","LMIC","Synthetic - below threshold","rainfed",71.3,1.713,1.713,"Cumulative grain yield","NA","NA","NA","NA","NA",100.16667,2.0016667,"2.0016666999999999","NA","NA","NA","NA",NA,"NA","NA","Win-Win"
280,525,"Sanford G.R., Jackson R.D., Booth E.G., Hedtcke J.L., Picasso V.",2021,"Perenniality and diversity drive output stability and resilience in a 26-year cropping systems experiment","Sanford, G. R., Jackson, R. D., Booth, E. G., Hedtcke, J. L., & Picasso, V. (2021). Perenniality and diversity drive output stability and resilience in a 26-year cropping systems experiment. Field Crops Research, 263. doi:10.1016/j.fcr.2021.108071","Plot","Experiment (on farm)","USA","North America","HIC","Synthetic - below threshold","rainfed",-1.11111111111111,0.988888888888889,0.988888888888889,"other","NA","NA","NA","NA","NA",24.2902208201893,1.24290220820189,"NA","NA","NA","NA","1.2429022082018928",NA,"NA","NA","Lose-Win"
281,529,"Sarkar R.K., Chakraborty A.",2000,"Biological feasibility and economic viability of intercropping pulse and oilseed crops with sesame (Sesamum indicum) under different planting patterns in rice-fallow gangetic alluvial land","Sarkar, R. K., & Chakraborty, A. (2000). Biological feasibility and economic viability of intercropping pulse and oilseed crops with sesame (Sesamum indicum) under different planting patterns in rice-fallow gangetic alluvial land. Indian Journal of Agricultural Sciences, 70(4), 211-214.","Plot","Experiment (research station)","India","Asia","LMIC","Synthetic - below threshold","rainfed",79.481638,1.79481638,1.79481638,"Equivalent yield","NA","NA","NA","NA","NA",68.66667,1.6866667,"1.6866667","NA","NA","NA","NA",NA,"NA","NA","Win-Win"
282,529,"Sarkar R.K., Chakraborty A.",2000,"Biological feasibility and economic viability of intercropping pulse and oilseed crops with sesame (Sesamum indicum) under different planting patterns in rice-fallow gangetic alluvial land","Sarkar, R. K., & Chakraborty, A. (2000). Biological feasibility and economic viability of intercropping pulse and oilseed crops with sesame (Sesamum indicum) under different planting patterns in rice-fallow gangetic alluvial land. Indian Journal of Agricultural Sciences, 70(4), 211-214.","Plot","Experiment (research station)","India","Asia","LMIC","Synthetic - below threshold","rainfed",72.745847,1.72745847,1.72745847,"Equivalent yield","NA","NA","NA","NA","NA",68.66667,1.6866667,"1.6866667","NA","NA","NA","NA",NA,"NA","NA","Win-Win"
283,529,"Sarkar R.K., Chakraborty A.",2000,"Biological feasibility and economic viability of intercropping pulse and oilseed crops with sesame (Sesamum indicum) under different planting patterns in rice-fallow gangetic alluvial land","Sarkar, R. K., & Chakraborty, A. (2000). Biological feasibility and economic viability of intercropping pulse and oilseed crops with sesame (Sesamum indicum) under different planting patterns in rice-fallow gangetic alluvial land. Indian Journal of Agricultural Sciences, 70(4), 211-214.","Plot","Experiment (research station)","India","Asia","LMIC","Synthetic - below threshold","rainfed",51.869078,1.51869078,1.51869078,"Equivalent yield","NA","NA","NA","NA","NA",28.33333,1.2833333,"1.2833333","NA","NA","NA","NA",NA,"NA","NA","Win-Win"
284,530,"Sarkar R.K., Chakraborty A., Bala B.",1998,"Biological potential and economic feasibility of intercropping of sunflower (Helianthus annuus) with pulses and oilseeds under different planting patterns on rice fallow land","Sarkar, R. K., Chakraborty, A., & Bala, B. (1998). Biological potential and economic feasibility of intercropping of sunflower (Helianthus annuus) with pulses and oilseeds under different planting patterns on rice fallow land. Indian Journal of Agronomy, 43(4), 601-605.","Plot","Experiment (research station)","India","Asia","LMIC","Synthetic - below threshold","rainfed",46.98382,1.4698382,1.4698382,"Equivalent yield","NA","NA","NA","NA","NA",46,1.46,"1.46","NA","NA","NA","NA",NA,"NA","NA","Win-Win"
285,530,"Sarkar R.K., Chakraborty A., Bala B.",1998,"Biological potential and economic feasibility of intercropping of sunflower (Helianthus annuus) with pulses and oilseeds under different planting patterns on rice fallow land","Sarkar, R. K., Chakraborty, A., & Bala, B. (1998). Biological potential and economic feasibility of intercropping of sunflower (Helianthus annuus) with pulses and oilseeds under different planting patterns on rice fallow land. Indian Journal of Agronomy, 43(4), 601-605.","Plot","Experiment (research station)","India","Asia","LMIC","Synthetic - below threshold","rainfed",41.27647,1.4127647,1.4127647,"Equivalent yield","NA","NA","NA","NA","NA",45,1.45,"1.45","NA","NA","NA","NA",NA,"NA","NA","Win-Win"
286,530,"Sarkar R.K., Chakraborty A., Bala B.",1998,"Biological potential and economic feasibility of intercropping of sunflower (Helianthus annuus) with pulses and oilseeds under different planting patterns on rice fallow land","Sarkar, R. K., Chakraborty, A., & Bala, B. (1998). Biological potential and economic feasibility of intercropping of sunflower (Helianthus annuus) with pulses and oilseeds under different planting patterns on rice fallow land. Indian Journal of Agronomy, 43(4), 601-605.","Plot","Experiment (research station)","India","Asia","LMIC","Synthetic - below threshold","rainfed",115.94388,2.1594388,2.1594388,"Equivalent yield","NA","NA","NA","NA","NA",49,1.49,"1.49","NA","NA","NA","NA",NA,"NA","NA","Win-Win"
287,528,"Sarkar R.K., Sanyal S.R.",2000,"Production potential and economic feasibility of sesame (Sesamum indicum)-based intercropping system with pulse and oilseed crops on rice fallow land","Sarkar, R. K., & Sanyal, S. R. (2000). Production potential and economic feasibility of sesame (Sesamum indicum)-based intercropping system with pulse and oilseed crops on rice fallow land. Indian Journal of Agronomy, 45(3), 545-550.","Plot","Experiment (research station)","India","Asia","LMIC","Synthetic - below threshold","rainfed",9.398496,1.09398496,1.09398496,"Equivalent yield","NA","NA","NA","NA","NA",21,1.21,"1.21",NA,"NA","NA","NA",NA,"NA","NA","Win-Win"
288,528,"Sarkar R.K., Sanyal S.R.",2000,"Production potential and economic feasibility of sesame (Sesamum indicum)-based intercropping system with pulse and oilseed crops on rice fallow land","Sarkar, R. K., & Sanyal, S. R. (2000). Production potential and economic feasibility of sesame (Sesamum indicum)-based intercropping system with pulse and oilseed crops on rice fallow land. Indian Journal of Agronomy, 45(3), 545-550.","Plot","Experiment (research station)","India","Asia","LMIC","Synthetic - below threshold","rainfed",2.03007500000001,1.02030075,1.02030075,"Equivalent yield","NA","NA","NA","NA","NA",15,1.15,"1.1499999999999999",NA,"NA","NA","NA",NA,"NA","NA","Win-Mix"
289,528,"Sarkar R.K., Sanyal S.R.",2000,"Production potential and economic feasibility of sesame (Sesamum indicum)-based intercropping system with pulse and oilseed crops on rice fallow land","Sarkar, R. K., & Sanyal, S. R. (2000). Production potential and economic feasibility of sesame (Sesamum indicum)-based intercropping system with pulse and oilseed crops on rice fallow land. Indian Journal of Agronomy, 45(3), 545-550.","Plot","Experiment (research station)","India","Asia","LMIC","Synthetic - below threshold","rainfed",35.413534,1.35413534,1.35413534,"Equivalent yield","NA","NA","NA","NA","NA",24.5,1.245,"1.2450000000000001",NA,"NA","NA","NA",NA,"NA","NA","Win-Win"
292,539,"Sharma A.R., Behera U.K.",2009,"Recycling of legume residues for nitrogen economy and higher productivity in maize (Zea mays)-wheat (Triticum aestivum) cropping system","Sharma, A., Sharma, J. J., Rana, M. C., & Sood, S. (2006). Evaluation of Phaseolus vulgaris as intercrop with vegetables for enhancing productivity system and profitability under high hill dry temperate conditions of north-western Himalayas. Indian Journal of Agricultural Sciences, 76(1), 29-32.","Plot","Experiment (research station)","India","Asia","LMIC","Synthetic - below threshold","irrigation",8.24952940000001,1.082495294,1.082495294,"Equivalent yield","NA","NA","NA","NA","NA",23,1.23,"1.23","NA","NA","NA","NA",NA,"NA","NA","Mix-Mix"
293,539,"Sharma A.R., Behera U.K.",2009,"Recycling of legume residues for nitrogen economy and higher productivity in maize (Zea mays)-wheat (Triticum aestivum) cropping system","Sharma, A., Sharma, J. J., Rana, M. C., & Sood, S. (2006). Evaluation of Phaseolus vulgaris as intercrop with vegetables for enhancing productivity system and profitability under high hill dry temperate conditions of north-western Himalayas. Indian Journal of Agricultural Sciences, 76(1), 29-32.","Plot","Experiment (research station)","India","Asia","LMIC","Synthetic - below threshold","irrigation",22.9925736829891,1.22992573682989,1.22992573682989,"Equivalent yield","NA","NA","NA","NA","NA",23,1.23,"1.23","NA","NA","NA","NA",NA,"NA","NA","Win-Mix"
294,539,"Sharma A.R., Behera U.K.",2009,"Recycling of legume residues for nitrogen economy and higher productivity in maize (Zea mays)-wheat (Triticum aestivum) cropping system","Sharma, A., Sharma, J. J., Rana, M. C., & Sood, S. (2006). Evaluation of Phaseolus vulgaris as intercrop with vegetables for enhancing productivity system and profitability under high hill dry temperate conditions of north-western Himalayas. Indian Journal of Agricultural Sciences, 76(1), 29-32.","Plot","Experiment (research station)","India","Asia","LMIC","Synthetic - below threshold","irrigation",9.18426549083316,1.09184265490833,1.09184265490833,"Equivalent yield","NA","NA","NA","NA","NA",24,1.24,"1.24","NA","NA","NA","NA",NA,"NA","NA","Win-Mix"
295,539,"Sharma A.R., Behera U.K.",2009,"Recycling of legume residues for nitrogen economy and higher productivity in maize (Zea mays)-wheat (Triticum aestivum) cropping system","Sharma, A., Sharma, J. J., Rana, M. C., & Sood, S. (2006). Evaluation of Phaseolus vulgaris as intercrop with vegetables for enhancing productivity system and profitability under high hill dry temperate conditions of north-western Himalayas. Indian Journal of Agricultural Sciences, 76(1), 29-32.","Plot","Experiment (research station)","India","Asia","LMIC","Synthetic - below threshold","irrigation",15.6210515458601,1.1562105154586,1.1562105154586,"Equivalent yield","NA","NA","NA","NA","NA",8.00000000000001,1.08,"1.08","NA","NA","NA","NA",NA,"NA","NA","Win-Mix"
296,539,"Sharma A.R., Behera U.K.",2009,"Recycling of legume residues for nitrogen economy and higher productivity in maize (Zea mays)-wheat (Triticum aestivum) cropping system","Sharma, A., Sharma, J. J., Rana, M. C., & Sood, S. (2006). Evaluation of Phaseolus vulgaris as intercrop with vegetables for enhancing productivity system and profitability under high hill dry temperate conditions of north-western Himalayas. Indian Journal of Agricultural Sciences, 76(1), 29-32.","Plot","Experiment (research station)","India","Asia","LMIC","Synthetic - below threshold","irrigation",7.54170856862897,1.07541708568629,1.07541708568629,"Equivalent yield","NA","NA","NA","NA","NA",6.00000000000001,1.06,"1.06","NA","NA","NA","NA",NA,"NA","NA","Win-Mix"
297,540,"Sharma K.C.",2018,"Inter/mixed cropping of lentil (Lens culinaris) in late-sown wheat (Triticum aestivum) for higher productivity and profitability of wheat in vertisols of central india","Sharma, K. C. (2018). Inter/mixed cropping of lentil (Lens culinaris) in late-sown wheat (Triticum aestivum) for higher productivity and profitability of wheat in vertisols of central india. Indian Journal of Agronomy, 63(1), 32-38.","Plot","Experiment (research station)","India","Asia","LMIC","Synthetic - below threshold","irrigation",-1.36417599999999,0.98635824,0.98635824,"Equivalent yield","NA","NA","NA","NA","NA",2.23980500000001,1.02239805,"1.0066667","1.0381294000000001","NA","NA","NA",NA,"NA","NA","Mix-Mix"
298,540,"Sharma K.C.",2018,"Inter/mixed cropping of lentil (Lens culinaris) in late-sown wheat (Triticum aestivum) for higher productivity and profitability of wheat in vertisols of central india","Sharma, K. C. (2018). Inter/mixed cropping of lentil (Lens culinaris) in late-sown wheat (Triticum aestivum) for higher productivity and profitability of wheat in vertisols of central india. Indian Journal of Agronomy, 63(1), 32-38.","Plot","Experiment (research station)","India","Asia","LMIC","Synthetic - below threshold","irrigation",-5.560498,0.94439502,0.94439502,"Equivalent yield","NA","NA","NA","NA","NA",1.8616,1.018616,"1","1.0372319999999999","NA","NA","NA",NA,"NA","NA","Mix-Mix"
300,546,"Sharma S.K., Singh J.",2014,"Productivity and economics of castor (Ricinus communis) - based intercropping systems under rainfed conditions","Sharma, S. K., & Singh, J. (2014). Productivity and economics of castor (Ricinus communis) - based intercropping systems under rainfed conditions. Indian Journal of Agricultural Sciences, 84(3), 432-435.","Plot","Experiment (research station)","India","Asia","LMIC","Synthetic - below threshold","rainfed",25.92927,1.2592927,1.6237854,"Equivalent yield","NA","NA","NA","0.89480000000000004","NA",31,1.31,"1.31","NA","NA","NA","NA",NA,"NA","NA","Mix-Win"
301,546,"Sharma S.K., Singh J.",2014,"Productivity and economics of castor (Ricinus communis) - based intercropping systems under rainfed conditions","Sharma, S. K., & Singh, J. (2014). Productivity and economics of castor (Ricinus communis) - based intercropping systems under rainfed conditions. Indian Journal of Agricultural Sciences, 84(3), 432-435.","Plot","Experiment (research station)","India","Asia","LMIC","Synthetic - below threshold","rainfed",12.33113,1.1233113,1.3704226,"Equivalent yield","NA","NA","NA","0.87619999999999998","NA",16.5,1.165,"1.165","NA","NA","NA","NA",NA,"NA","NA","Mix-Win"
302,546,"Sharma S.K., Singh J.",2014,"Productivity and economics of castor (Ricinus communis) - based intercropping systems under rainfed conditions","Sharma, S. K., & Singh, J. (2014). Productivity and economics of castor (Ricinus communis) - based intercropping systems under rainfed conditions. Indian Journal of Agricultural Sciences, 84(3), 432-435.","Plot","Experiment (research station)","India","Asia","LMIC","Synthetic - below threshold","rainfed",6.78165499999999,1.06781655,1.3026331,"Equivalent yield","NA","NA","NA","0.83299999999999996","NA",6.00000000000001,1.06,"1.06","NA","NA","NA","NA",NA,"NA","NA","Mix-Win"
303,546,"Sharma S.K., Singh J.",2014,"Productivity and economics of castor (Ricinus communis) - based intercropping systems under rainfed conditions","Sharma, S. K., & Singh, J. (2014). Productivity and economics of castor (Ricinus communis) - based intercropping systems under rainfed conditions. Indian Journal of Agricultural Sciences, 84(3), 432-435.","Plot","Experiment (research station)","India","Asia","LMIC","Synthetic - below threshold","rainfed",4.00127000000001,1.0400127,1.3273254,"Equivalent yield","NA","NA","NA","0.75270000000000004","NA",10.5,1.105,"1.105","NA","NA","NA","NA",NA,"NA","NA","Mix-Win"
304,731,"Shivaramu HS, Shivashankar K.",1992,"PERFORMANCE OF SUNFLOWER (HELIANTHUS-ANNUUS) AND SOYBEAN (GLYCINE-MAX) IN INTERCROPPING WITH DIFFERENT PLANT-POPULATIONS AND PLANTING PATTERNS","Shivaramu, H. S., & Shivashankar, K. (1992). PERFORMANCE OF SUNFLOWER (HELIANTHUS-ANNUUS) AND SOYBEAN (GLYCINE-MAX) IN INTERCROPPING WITH DIFFERENT PLANT-POPULATIONS AND PLANTING PATTERNS. Indian Journal of Agronomy, 37(2), 231-236.","Plot","Experiment (research station)","India","Asia","LMIC","Unknown","rainfed",19.7006613296206,1.19700661329621,1.19700661329621,"Cumulative grain yield","NA","NA","NA","NA","NA",39,1.39,"1.39","NA","NA","NA","NA",NA,"NA","NA","Win-Win"
306,560,"Singh A., Tanwar S.P.S., Meghwal P.R., Saxena A., Kumar M.",2018,"Assessing productivity and profitability of a rejuvenated ber (Ziziphus mauritiana) based agri-horti system under arid rainfed conditions","Singh, A., Tanwar, S. P. S., Meghwal, P. R., Saxena, A., & Kumar, M. (2018). Assessing productivity and profitability of a rejuvenated ber (Ziziphus mauritiana) based agri-horti system under arid rainfed conditions. Indian Journal of Agricultural Sciences, 88(4), 573-578.","Plot","Experiment (research station)","India","Asia","LMIC","No synthetic","rainfed",26.29045,1.2629045,1.2629045,"Equivalent yield","NA","NA","NA","NA","NA",90,1.9,"1.9","NA","NA","NA","NA",NA,"NA","NA","Win-Win"
307,563,"Singh B., Dhaka A.K., Kumar S., Singh S., Kumar M.",2017,"Land, biological and economic evaluation of intercropping systems involving barley (Hordeum vulgare), Indian mustard (Brassica juncea) and chickpea (Cicer arietinum) under different spatial arrangements","Singh, B., Dhaka, A. K., Kumar, S., Singh, S., & Kumar, M. (2017). Land, biological and economic evaluation of intercropping systems involving barley (Hordeum vulgare), Indian mustard (Brassica juncea) and chickpea (Cicer arietinum) under different spatial arrangements. Indian Journal of Agronomy, 62(4), 443-450.","Plot","Experiment (research station)","India","Asia","LMIC","Synthetic - below threshold","irrigation",-10.3257103257103,0.896742896742897,0.896742896742897,"Cumulative grain yield","NA","NA","NA","NA","NA",7.33333333333333,1.07333333333333,"1.0733333333333333","NA","NA","NA","NA",NA,"NA","NA","Mix-Win"
308,564,"Singh B.B., Ajeigbe H.",2007,"Improved cowpea-cereals-based cropping systems for household food security and poverty reduction in West Africa","Singh, B. B., & Ajeigbe, H. (2007). Improved Cowpea-Cereals-Based Cropping Systems for Household Food Security and Poverty Reduction in West Africa. Journal of Crop Improvement, 19(1-2), 157-172. doi:10.1300/J411v19n01_08","Plot","Experiment (research station)","Nigeria","Africa","LMIC","Synthetic - below threshold","rainfed",-17.892504,0.82107496,0.82107496,"Cumulative grain yield","NA","NA","NA","NA","NA",-3.75,0.9625,"0.96250000000000002","NA","NA","NA","NA",NA,"NA","NA","Lose-Mix"
309,564,"Singh B.B., Ajeigbe H.",2007,"Improved cowpea-cereals-based cropping systems for household food security and poverty reduction in West Africa","Singh, B. B., & Ajeigbe, H. (2007). Improved Cowpea-Cereals-Based Cropping Systems for Household Food Security and Poverty Reduction in West Africa. Journal of Crop Improvement, 19(1-2), 157-172. doi:10.1300/J411v19n01_09","Plot","Experiment (research station)","Nigeria","Africa","LMIC","Synthetic - below threshold","rainfed",-1.64776800000001,0.98352232,0.98352232,"Cumulative grain yield","NA","NA","NA","NA","NA",0,1,"1","NA","NA","NA","NA",NA,"NA","NA","Lose-Mix"
310,564,"Singh B.B., Ajeigbe H.",2007,"Improved cowpea-cereals-based cropping systems for household food security and poverty reduction in West Africa","Singh, B. B., & Ajeigbe, H. (2007). Improved Cowpea-Cereals-Based Cropping Systems for Household Food Security and Poverty Reduction in West Africa. Journal of Crop Improvement, 19(1-2), 157-172. doi:10.1300/J411v19n01_10","Farm","Experiment (on farm)","Nigeria","Africa","LMIC","Synthetic - below threshold","rainfed",6.54641499999999,1.06546415,1.06546415,"Cumulative grain yield","NA","NA","NA","NA","NA",55.87045,1.5587045,"1.5587044999999999","NA","NA","NA","NA",NA,"NA","NA","Win-Win"
311,564,"Singh B.B., Ajeigbe H.",2007,"Improved cowpea-cereals-based cropping systems for household food security and poverty reduction in West Africa","Singh, B. B., & Ajeigbe, H. (2007). Improved Cowpea-Cereals-Based Cropping Systems for Household Food Security and Poverty Reduction in West Africa. Journal of Crop Improvement, 19(1-2), 157-172. doi:10.1300/J411v19n01_11","Farm","Experiment (on farm)","Nigeria","Africa","LMIC","Synthetic - below threshold","rainfed",22.393,1.22393,1.22393,"Cumulative grain yield","NA","NA","NA","NA","NA",160.5915926,2.605915926,"2.6059159260000002","NA","NA","NA","NA",NA,"NA","NA","Win-Win"
312,564,"Singh B.B., Ajeigbe H.",2007,"Improved cowpea-cereals-based cropping systems for household food security and poverty reduction in West Africa","Singh, B. B., & Ajeigbe, H. (2007). Improved Cowpea-Cereals-Based Cropping Systems for Household Food Security and Poverty Reduction in West Africa. Journal of Crop Improvement, 19(1-2), 157-172. doi:10.1300/J411v19n01_12","Farm","Experiment (on farm)","Nigeria","Africa","LMIC","Synthetic - below threshold","rainfed",279.435364,3.79435364,3.79435364,"Cumulative grain yield","NA","NA","NA","NA","NA",138.33927,2.3833927,"2.3833926999999999","Positive","Positive","Positive","Positive",NA,"Positive","Positive","Win-Win"
313,564,"Singh B.B., Ajeigbe H.",2007,"Improved cowpea-cereals-based cropping systems for household food security and poverty reduction in West Africa","Singh, B. B., & Ajeigbe, H. (2007). Improved Cowpea-Cereals-Based Cropping Systems for Household Food Security and Poverty Reduction in West Africa. Journal of Crop Improvement, 19(1-2), 157-172. doi:10.1300/J411v19n01_13","Farm","Experiment (on farm)","Nigeria","Africa","LMIC","Synthetic - below threshold","rainfed",181.400084,2.81400084,2.81400084,"Cumulative grain yield","NA","NA","NA","NA","NA",88.76078,1.8876078,"1.8876078000000001","Positive","Positive","Positive","Positive",NA,"Positive","Positive","Win-Win"
314,567,"Singh L., Singh J.K., Chand L., Hasan B.",2009,"Productivity, economics and competitive indices of lentil (Lens Culinaris)-based intercropping systems in Kashmir valley","Singh, L., Singh, J. K., Chand, L., & Hasan, B. (2009). Productivity, economics and competitive indices of lentil (Lens Culinaris)-based intercropping systems in Kashmir valley. Indian Journal of Agronomy, 54(3), 291-295.","Plot","Experiment (research station)","India","Asia","LMIC","Synthetic - below threshold","rainfed",15.599173553719,1.15599173553719,1.15599173553719,"Equivalent yield","NA","NA","NA","NA","NA",7.91457286432162,1.07914572864322,"1.0791457286432162","NA","NA","NA","NA",NA,"NA","NA","Win-Win"
315,567,"Singh L., Singh J.K., Chand L., Hasan B.",2009,"Productivity, economics and competitive indices of lentil (Lens Culinaris)-based intercropping systems in Kashmir valley","Singh, L., Singh, J. K., Chand, L., & Hasan, B. (2009). Productivity, economics and competitive indices of lentil (Lens Culinaris)-based intercropping systems in Kashmir valley. Indian Journal of Agronomy, 54(3), 291-295.","Plot","Experiment (research station)","India","Asia","LMIC","Synthetic - below threshold","rainfed",36.2573099415205,1.3625730994152,1.3625730994152,"Equivalent yield","NA","NA","NA","NA","NA",-0.499999999999989,0.995,"0.99500000000000011","NA","NA","NA","NA",NA,"NA","NA","Mix-Mix"
318,575,"Singh U., Singh S.R., Saad A.A., Khanday B.A., Singh J.K.",2011,"Yield advantage, reciprosity functions and energy budgeting of lentil (Lens culinaris) + oat (Avena sativa) intercropping under varying row ratio and phosphorus management",NA,"Plot","Experiment (research station)","India","Asia","LMIC","Synthetic - below threshold","rainfed",18.3908045977011,1.18390804597701,1.18390804597701,"Equivalent yield","NA","NA","NA","NA","NA",24,1.24,"1.24","NA","NA","NA","NA",NA,"NA","NA","Win-Mix"
320,583,"Snapp S.S., Blackie M.J., Gilbert R.A., Bezner-Kerr R., Kanyama-Phiri G.Y.",2010,"Biodiversity can support a greener revolution in Africa","Snapp, S. S., Blackie, M. J., Gilbert, R. A., Bezner-Kerr, R., & Kanyama-Phiri, G. Y. (2010). Biodiversity can support a greener revolution in Africa. Proc Natl Acad Sci U S A, 107(48), 20840-20845. doi:10.1073/pnas.1007199107","Plot","Experiment (on farm)","Malawi","Africa","LIC","Synthetic - below threshold","rainfed",-25.491541,0.74508459,0.74508459,"Cumulative grain yield","NA","NA","NA","NA","NA",-1.07143,0.9892857,"NA","1.3","NA","NA","0.67857140000000005",NA,"NA","NA","Mix-Mix"
321,583,"Snapp S.S., Blackie M.J., Gilbert R.A., Bezner-Kerr R., Kanyama-Phiri G.Y.",2010,"Biodiversity can support a greener revolution in Africa","Snapp, S. S., Blackie, M. J., Gilbert, R. A., Bezner-Kerr, R., & Kanyama-Phiri, G. Y. (2010). Biodiversity can support a greener revolution in Africa. Proc Natl Acad Sci U S A, 107(48), 20840-20845. doi:10.1073/pnas.1007199108","Plot","Experiment (on farm)","Malawi","Africa","LIC","Synthetic - below threshold","rainfed",-14.837677,0.85162323,0.85162323,"Cumulative grain yield","NA","NA","NA","NA","NA",-23.214285,0.76785715,"NA","1","NA","NA","0.53571429999999998",NA,"NA","NA","Mix-Mix"
322,583,"Snapp S.S., Blackie M.J., Gilbert R.A., Bezner-Kerr R., Kanyama-Phiri G.Y.",2010,"Biodiversity can support a greener revolution in Africa","Snapp, S. S., Blackie, M. J., Gilbert, R. A., Bezner-Kerr, R., & Kanyama-Phiri, G. Y. (2010). Biodiversity can support a greener revolution in Africa. Proc Natl Acad Sci U S A, 107(48), 20840-20845. doi:10.1073/pnas.1007199109","Plot","Experiment (on farm)","Malawi","Africa","LIC","Synthetic - below threshold","rainfed",-3.6123,0.963877,0.963877,"Cumulative grain yield","NA","NA","NA","NA","NA",43.92857,1.4392857,"NA","1.7","NA","NA","1.1785714",NA,"NA","NA","Mix-Mix"
323,583,"Snapp S.S., Blackie M.J., Gilbert R.A., Bezner-Kerr R., Kanyama-Phiri G.Y.",2010,"Biodiversity can support a greener revolution in Africa","Snapp, S. S., Blackie, M. J., Gilbert, R. A., Bezner-Kerr, R., & Kanyama-Phiri, G. Y. (2010). Biodiversity can support a greener revolution in Africa. Proc Natl Acad Sci U S A, 107(48), 20840-20845. doi:10.1073/pnas.1007199110","Plot","Experiment (on farm)","Malawi","Africa","LIC","Synthetic - below threshold","rainfed",-10.620347,0.89379653,0.89379653,"Cumulative grain yield","NA","NA","NA","NA","NA",44.166665,1.44166665,"NA","1.55","NA","NA","1.3333333000000001",NA,"NA","NA","Mix-Win"
324,583,"Snapp S.S., Blackie M.J., Gilbert R.A., Bezner-Kerr R., Kanyama-Phiri G.Y.",2010,"Biodiversity can support a greener revolution in Africa","Snapp, S. S., Blackie, M. J., Gilbert, R. A., Bezner-Kerr, R., & Kanyama-Phiri, G. Y. (2010). Biodiversity can support a greener revolution in Africa. Proc Natl Acad Sci U S A, 107(48), 20840-20845. doi:10.1073/pnas.1007199111","Plot","Experiment (on farm)","Malawi","Africa","LIC","Synthetic - below threshold","rainfed",-15.980149,0.84019851,0.84019851,"Cumulative grain yield","NA","NA","NA","NA","NA",2.77778,1.0277778,"NA","1","NA","NA","1.0555555999999999",NA,"NA","NA","Mix-Mix"
325,583,"Snapp S.S., Blackie M.J., Gilbert R.A., Bezner-Kerr R., Kanyama-Phiri G.Y.",2010,"Biodiversity can support a greener revolution in Africa","Snapp, S. S., Blackie, M. J., Gilbert, R. A., Bezner-Kerr, R., & Kanyama-Phiri, G. Y. (2010). Biodiversity can support a greener revolution in Africa. Proc Natl Acad Sci U S A, 107(48), 20840-20845. doi:10.1073/pnas.1007199112","Plot","Experiment (on farm)","Malawi","Africa","LIC","Synthetic - below threshold","rainfed",10.245265,1.10245265,1.10245265,"Cumulative grain yield","NA","NA","NA","NA","NA",42.92453,1.4292453,"NA","1.5","NA","NA","1.3584906000000001",NA,"NA","NA","Mix-Win"
326,583,"Snapp S.S., Blackie M.J., Gilbert R.A., Bezner-Kerr R., Kanyama-Phiri G.Y.",2010,"Biodiversity can support a greener revolution in Africa","Snapp, S. S., Blackie, M. J., Gilbert, R. A., Bezner-Kerr, R., & Kanyama-Phiri, G. Y. (2010). Biodiversity can support a greener revolution in Africa. Proc Natl Acad Sci U S A, 107(48), 20840-20845. doi:10.1073/pnas.1007199113","Plot","Experiment (on farm)","Malawi","Africa","LIC","Synthetic - below threshold","rainfed",4.00496699999999,1.04004967,1.04004967,"Cumulative grain yield","NA","NA","NA","NA","NA",10.61321,1.1061321,"NA","1.25","NA","NA","0.96226420000000001",NA,"NA","NA","Mix-Mix"
327,583,"Snapp S.S., Blackie M.J., Gilbert R.A., Bezner-Kerr R., Kanyama-Phiri G.Y.",2010,"Biodiversity can support a greener revolution in Africa","Snapp, S. S., Blackie, M. J., Gilbert, R. A., Bezner-Kerr, R., & Kanyama-Phiri, G. Y. (2010). Biodiversity can support a greener revolution in Africa. Proc Natl Acad Sci U S A, 107(48), 20840-20845. doi:10.1073/pnas.1007199114","Plot","Experiment (on farm)","Malawi","Africa","LIC","Synthetic - below threshold","rainfed",-6.8302,0.931698,0.931698,"Cumulative grain yield","NA","NA","NA","NA","NA",15,1.15,"NA","1.3","NA","NA","1",NA,"NA","NA","Mix-Mix"
328,582,"Snapp S.S., Grabowski P., Chikowo R., Smith A., Anders E., Sirrine D., Chimonyo V., Bekunda M.",2018,"Maize yield and profitability tradeoffs with social, human and environmental performance: Is sustainable intensification feasible?","Snapp, S. S., Grabowski, P., Chikowo, R., Smith, A., Anders, E., Sirrine, D., . . . Bekunda, M. (2018). Maize yield and profitability tradeoffs with social, human and environmental performance: Is sustainable intensification feasible? Agricultural Systems, 162, 77-88. doi:10.1016/j.agsy.2018.01.012","Plot","Experiment (on farm)","Malawi","Africa","LIC","Synthetic - below threshold","rainfed",199.312147,2.99312147,2.99312147,"Cumulative grain yield","NA","NA","NA","NA","NA",6.59115000000001,1.0659115,"NA","NA","NA","NA","1.6392857000000001",NA,"0.49253730000000001","NA","Win-Mix"
329,582,"Snapp S.S., Grabowski P., Chikowo R., Smith A., Anders E., Sirrine D., Chimonyo V., Bekunda M.",2018,"Maize yield and profitability tradeoffs with social, human and environmental performance: Is sustainable intensification feasible?","Snapp, S. S., Grabowski, P., Chikowo, R., Smith, A., Anders, E., Sirrine, D., . . . Bekunda, M. (2018). Maize yield and profitability tradeoffs with social, human and environmental performance: Is sustainable intensification feasible? Agricultural Systems, 162, 77-88. doi:10.1016/j.agsy.2018.01.013","Plot","Experiment (on farm)","Malawi","Africa","LIC","Synthetic - below threshold","rainfed",55.517902,1.55517902,1.55517902,"Cumulative grain yield","NA","NA","NA","NA","NA",28.51812,1.2851812,"NA","NA","NA","NA","1.9285714",NA,"0.641791","NA","Win-Mix"
330,582,"Snapp S.S., Grabowski P., Chikowo R., Smith A., Anders E., Sirrine D., Chimonyo V., Bekunda M.",2018,"Maize yield and profitability tradeoffs with social, human and environmental performance: Is sustainable intensification feasible?","Snapp, S. S., Grabowski, P., Chikowo, R., Smith, A., Anders, E., Sirrine, D., . . . Bekunda, M. (2018). Maize yield and profitability tradeoffs with social, human and environmental performance: Is sustainable intensification feasible? Agricultural Systems, 162, 77-88. doi:10.1016/j.agsy.2018.01.014","Plot","Experiment (on farm)","Malawi","Africa","LIC","Synthetic - below threshold","rainfed",173.558914,2.73558914,2.73558914,"Cumulative grain yield","NA","NA","NA","NA","NA",217.14015,3.1714015,"NA","NA","NA","NA","4.3125",NA,"2.030303","NA","Win-Win"
331,582,"Snapp S.S., Grabowski P., Chikowo R., Smith A., Anders E., Sirrine D., Chimonyo V., Bekunda M.",2018,"Maize yield and profitability tradeoffs with social, human and environmental performance: Is sustainable intensification feasible?","Snapp, S. S., Grabowski, P., Chikowo, R., Smith, A., Anders, E., Sirrine, D., . . . Bekunda, M. (2018). Maize yield and profitability tradeoffs with social, human and environmental performance: Is sustainable intensification feasible? Agricultural Systems, 162, 77-88. doi:10.1016/j.agsy.2018.01.015","Plot","Experiment (on farm)","Malawi","Africa","LIC","Synthetic - below threshold","rainfed",82.935376,1.82935376,1.82935376,"Cumulative grain yield","NA","NA","NA","NA","NA",210.132575,3.10132575,"NA","NA","NA","NA","4.6875",NA,"1.5151515","NA","Win-Win"
332,582,"Snapp S.S., Grabowski P., Chikowo R., Smith A., Anders E., Sirrine D., Chimonyo V., Bekunda M.",2018,"Maize yield and profitability tradeoffs with social, human and environmental performance: Is sustainable intensification feasible?","Snapp, S. S., Grabowski, P., Chikowo, R., Smith, A., Anders, E., Sirrine, D., . . . Bekunda, M. (2018). Maize yield and profitability tradeoffs with social, human and environmental performance: Is sustainable intensification feasible? Agricultural Systems, 162, 77-88. doi:10.1016/j.agsy.2018.01.016","Plot","Experiment (on farm)","Malawi","Africa","LIC","Synthetic - below threshold","rainfed",434.979461,5.34979461,5.34979461,"Cumulative grain yield","NA","NA","NA","NA","NA",300,4,"NA","NA","NA","NA","Positive",NA,"4","NA","Win-Win"
333,582,"Snapp S.S., Grabowski P., Chikowo R., Smith A., Anders E., Sirrine D., Chimonyo V., Bekunda M.",2018,"Maize yield and profitability tradeoffs with social, human and environmental performance: Is sustainable intensification feasible?","Snapp, S. S., Grabowski, P., Chikowo, R., Smith, A., Anders, E., Sirrine, D., . . . Bekunda, M. (2018). Maize yield and profitability tradeoffs with social, human and environmental performance: Is sustainable intensification feasible? Agricultural Systems, 162, 77-88. doi:10.1016/j.agsy.2018.01.017","Plot","Experiment (on farm)","Malawi","Africa","LIC","Synthetic - below threshold","rainfed",323.51908,4.2351908,4.2351908,"Cumulative grain yield","NA","NA","NA","NA","NA",150,2.5,"NA","NA","NA","NA","Positive",NA,"2.5","NA","Win-Win"
337,727,"Suhi AA, Mia S, Khanam S, et al",2022,"How Does Maize-Cowpea Intercropping Maximize Land Use and Economic Return? A Field Trial in Bangladesh","Suhi, A. A., Mia, S., Khanam, S., Mithu, M. H., Uddin, M. K., Muktadir, M. A., . . . Jindo, K. (2022). How Does Maize-Cowpea Intercropping Maximize Land Use and Economic Return? A Field Trial in Bangladesh. Land, 11(4), 18. doi:10.3390/land11040581","Plot","Experiment (research station)","Bangladesh","Asia","LMIC","Synthetic - below threshold","irrigation",-6.3153961136024,0.936846038863976,0.936846038863976,"Equivalent yield","NA","NA","NA","NA","NA",50.75,1.5075,"1.5074999999999998","NA","NA","NA","NA",NA,"NA","NA","Lose-Win"
340,599,"Syafruddin, Suwardi",2020,"Intercropping of maize-mungbean to increase the farmer's income","Syafruddin, S. (2020). Intercropping of maize-mungbean to increase the farmer's income. Paper presented at the IOP Conf. Series: Earth and Environmental Science.","Plot","Experiment (research station)","Indonesia","Asia","LMIC","Synthetic - below threshold","rainfed",40.6928214,1.406928214,1.406928214,"Equivalent yield","NA","NA","NA","NA","NA",38.25,1.3825,"1.3825000000000001","NA","NA","NA","NA",NA,"NA","NA","Win-Mix"
341,609,"Telkar S.G., Singh A.K.",2018,"Productivity, profitability and soil biochemical properties in maize (Zea mays) and soybean (Glycine max) intercropping as influenced by population proportion of component crops","Telkar, S. G., & Singh, A. K. (2018). Productivity, profitability and soil biochemical properties in maize (Zea mays) and soybean (Glycine max) intercropping as influenced by population proportion of component crops. Indian Journal of Agricultural Sciences, 88(3), 458-462.","Plot","Experiment (research station)","India","Asia","LMIC","Synthetic - below threshold","rainfed",-3.044872,0.96955128,0.96955128,"Cumulative grain yield","NA","NA","NA","NA","NA",14,1.14,"1.1399999999999999","NA","NA","NA","NA",NA,"NA","NA","Mix-Mix"
343,613,"Tetarwal J.P., Rana K.S.",2006,"Impact of cropping system, fertility level and moisture-conservation practice on productivity, nutrient uptake, water use and profitability of pearlmillet (Pennisetum glaucum) under rainfed conditions","Tetarwal, J. P., & Rana, K. S. (2006). Impact of cropping system, fertility level and moisture-conservation practice on productivity, nutrient uptake, water use and profitability of pearlmillet (Pennisetum glaucum) under rainfed conditions. Indian Journal of Agronomy, 51(4), 263-266.","Plot","Experiment (research station)","India","Asia","LMIC","Synthetic - below threshold","rainfed",11.2781954887218,1.11278195488722,1.11278195488722,"Equivalent yield","NA","NA","NA","NA","NA",3.3457249070632,1.03345724907063,"1.033457249070632","NA","NA","NA","NA",NA,"NA","NA","Mix-Win"
346,618,"Thomas G.A., Dalal R.C., Weston E.J., King A.J., Holmes C.J., Orange D.N., Lehane K.J.",2011,"Crop rotations for sustainable grain production on a vertisol in the semi-arid subtropics","Thomas, G. A., Dalal, R. C., Weston, E. J., King, A. J., Holmes, C. J., Orange, D. N., & Lehane, K. J. (2010). Crop Rotations for Sustainable Grain Production on a Vertisol in the Semi-Arid Subtropics. Journal of Sustainable Agriculture, 35(1), 2-26. doi:10.1080/10440046.2011.530195","Plot","Experiment (on farm)","Australia","Australia","HIC","Synthetic - below threshold","rainfed",16.259274,1.16259274,1.16259274,"Cumulative grain yield","NA","NA","NA","NA","NA",9.91167000000002,1.0991167,"1.1608008000000001","1.0374326","NA","NA","NA",NA,"NA","NA","Mix-Win"
353,626,"Tripathi S.C., Singh R.P.",2008,"Effect of crop diversification on productivity and profitability of rice (Oryza sativa) - Wheat (triticum aestivum) cropping system","Tripathi, S. C., & Singh, R. P. (2008). Effect of crop diversification on productivity and profitability of rice (Oryza sativa) - Wheat (triticum aestivum) cropping system. Indian Journal of Agronomy, 53(1), 27-31.","Plot","Experiment (research station)","India","Asia","LMIC","Synthetic - below threshold","irrigation",2.84995808885162,1.02849958088852,1.02849958088852,"Equivalent yield","NA","NA","NA","NA","NA",4.32533409972695,1.04325334099727,"1.0432533409972695","NA","NA","NA","NA",NA,"NA","NA","Win-Win"
354,626,"Tripathi S.C., Singh R.P.",2008,"Effect of crop diversification on productivity and profitability of rice (Oryza sativa) - Wheat (triticum aestivum) cropping system","Tripathi, S. C., & Singh, R. P. (2008). Effect of crop diversification on productivity and profitability of rice (Oryza sativa) - Wheat (triticum aestivum) cropping system. Indian Journal of Agronomy, 53(1), 27-31.","Plot","Experiment (research station)","India","Asia","LMIC","Synthetic - below threshold","irrigation",27.9128248113998,1.279128248114,1.279128248114,"Equivalent yield","NA","NA","NA","NA","NA",38.583129760023,1.38583129760023,"1.3858312976002298","NA","NA","NA","NA",NA,"NA","NA","Win-Win"
355,631,"ul Haq M.I., Ahmad R., Jabbar A., Khalid M.",2018,"The effect of different planting techniques on productivity and profitability of barley-lentil intercrops under semi-arid subtropical climate","ul Haq, M. I., Ahmad, R., Jabbar, A., & Khalid, M. (2018). The effect of different planting techniques on productivity and profitability of barley-lentil intercrops under semi-arid subtropical climate. International Journal of Agriculture and Biology, 20(11), 2437-2445. doi:10.17957/IJAB/15.0787","Plot","Experiment (research station)","Pakistan","Asia","LMIC","Synthetic - below threshold","irrigation",13.89157,1.1389157,1.1389157,"Cumulative grain yield","NA","NA","NA","NA","NA",49.75,1.4975,"1.4975000000000001","NA","NA","NA","NA",NA,"NA","NA","Win-Mix"
357,647,"Wade M.K., Sanchez P.A.",1984,"Productive potential of an annual intercropping scheme in the Amazon","Wade, M. K., & Sanchez, P. A. (1984). Productive potential of an annual intercropping scheme in the Amazon. Field Crops Research, 9(C), 253-263. doi:10.1016/0378-4290(84)90030-3","Plot","Experiment (on farm)","Peru","South America","UMIC","Synthetic - below threshold","rainfed",-27.027483,0.72972517,0.72972517,"Cumulative grain yield","NA","NA","NA","NA","NA",14.3333333333333,1.14333333333333,"1.1433333333333333","Positive","NA","NA","Positive",NA,"NA","NA","Mix-Win"
358,647,"Wade M.K., Sanchez P.A.",1984,"Productive potential of an annual intercropping scheme in the Amazon","Wade, M. K., & Sanchez, P. A. (1984). Productive potential of an annual intercropping scheme in the Amazon. Field Crops Research, 9(C), 253-263. doi:10.1016/0378-4290(84)90030-4","Plot","Experiment (on farm)","Peru","South America","UMIC","Synthetic - below threshold","rainfed",-30.489355,0.69510645,0.69510645,"Cumulative grain yield","NA","NA","NA","NA","NA",46.5459664,1.465459664,"1.25","1.6809193280000001","NA","NA","Positive",NA,"NA","NA","Mix-Win"
360,666,"Workayehu T., Wortmann C.S.",2011,"Maize-bean intercrop weed suppression and profitability in Southern Ethiopia","Workayehu, T., & Wortmann, C. S. (2011). Maize-Bean Intercrop Weed Suppression and Profitability in Southern Ethiopia. Agronomy Journal, 103(4), 1058-1063. doi:10.2134/agronj2010.0493","Plot","Experiment (research station)","Ethiopia","Africa","LIC","Synthetic - below threshold","rainfed",3.06671700000001,1.03066717,1.03066717,"Cumulative grain yield","NA","NA","NA","NA","NA",62,1.62,"1.62","NA","NA","NA","Positive",NA,"NA","NA","Mix-Win"
361,668,"Worku W., Temeche D., Gossa R., Abate B.",2021,"Agronomic management options to enhance adoption of maize–common bean–common bean sequential intercropping in southern Ethiopia","Worku, W., Temeche, D., Gossa, R., & Abate, B. (2021). Agronomic management options to enhance adoption of maize–common bean–common bean sequential intercropping in southern Ethiopia. Journal of Crop Science and Biotechnology, 24(3), 307-318. doi:10.1007/s12892-020-00078-x","Plot","Experiment (research station)","Ethiopia","Africa","LIC","Synthetic - below threshold","rainfed",25.403226,1.25403226,1.25403226,"Cumulative grain yield","NA","NA","NA","NA","NA",48.1111,1.481111,"1.4811110000000001","NA","NA","NA","NA",NA,"NA","NA","Win-Mix"
364,673,"Yadav M.R., Parihar C.M., Jat S.L., Singh A.K., Kumar R., Yadav R.K., Kuri B.R., Parihar M.D., Yadav B., Verma A.P., Jat M.L.",2017,"Long term effect of legume intensified crop rotations and tillage practices on productivity and profitability of maize vis-a-vis soil fertility in North-Western Indo-Gangetic Plains of India","Yadav, M. R., Parihar, C. M., Jat, S. L., Singh, A. K., Kumar, R., Yadav, R. K., . . . Jat, M. L. (2017). Long term effect of legume intensified crop rotations and tillage practices on productivity and profitability of maize vis-a-vis soil fertility in North-Western Indo-Gangetic Plains of India. Legume Research, 40(2), 282-290. doi:10.18805/1r.v0i0.7583","Plot","Experiment (research station)","India","Asia","LMIC","Synthetic - below threshold","irrigation",12.441717791411,1.12441717791411,1.12441717791411,"Non-legume yield only","NA","NA","NA","NA","NA",6.66666666666667,1.06666666666667,"NA","1.0666666666666667","NA","NA","NA",NA,"NA","NA","Win-Mix"
368,682,"Yang X., Chen Y., Pacenka S., Gao W., Ma L., Wang G., Yan P., Sui P., Steenhuis T.S.",2015,"Effect of diversified crop rotations on groundwater levels and crop water productivity in the North China Plain","Yang, X., Chen, Y., Pacenka, S., Gao, W., Ma, L., Wang, G., . . . Steenhuis, T. S. (2015). Effect of diversified crop rotations on groundwater levels and crop water productivity in the North China Plain. Journal of Hydrology, 522, 428-438. doi:10.1016/j.jhydrol.2015.01.010","Plot","Experiment (on farm)","China","Asia","UMIC","Synthetic - below threshold","irrigation",32.2192710638926,1.32219271063893,1.32219271063893,"Cumulative grain yield","NA","NA","NA","NA","NA",45.4545454545455,1.45454545454545,"1.4545454545454546","NA","NA","NA","NA",NA,"NA","NA","Win-Win"
369,711,"Zentner RP, Campbell CA, Selles F, et al",2007,"Economics of spring wheat production systems using conventional tillage management in the Brown soil zone - Revisited","Zentner, R. P., Wall, D. D., Nagy, C. N., Smith, E. G., Young, D. L., Miller, P. R., . . . Derksen, D. A. (2002). Economics of crop diversification and soil tillage opportunities in the Canadian prairies. Agronomy Journal, 94(2), 216-230. doi:10.2134/agronj2002.0220","Plot","Experiment (research station)","Canada","North America","HIC","Synthetic - below threshold","rainfed",61.8681318681319,1.61868131868132,1.61868131868132,"Cumulative grain yield","NA","NA","NA","NA","NA",10,1.1,"NA","1.1000000000000001","NA","NA","NA",NA,"NA","NA","Win-Mix"
378,699,"Zougmore R., Kambou F.N., Ouattara K., Guillobez S.",2000,"Sorghum-cowpea intercropping: An effective technique against runoff and soil erosion in the sahel (saria, burkina faso)","Zougmore, R., Kambou, F. N., Ouattara, K., & Guillobez, S. (2000). Sorghum-cowpea Intercropping: An Effective Technique Against Runoff and Soil Erosion in the Sahel (Saria, Burkina Faso). Arid Soil Research and Rehabilitation, 14(4), 329-342. doi:10.1080/08903060050136441","Plot","Experiment (on farm)","Burkina Faso","Africa","LIC","Synthetic - below threshold","rainfed",70,1.7,1.7,"Cumulative grain yield","NA","NA","NA","NA","NA",63.3333333333333,1.63333333333333,"1.6333333333333335","NA","NA","NA","NA",NA,"NA","NA","Win-Win"
